Запрос;Группа;Целевая страница;Тип;Частотность
"подработка в ярославле";"Города / Ярославль";"https://dodelay.ru/podrabotka/yaroslavl";"Общий";"ВЧ"
"подработка ярославль";"Города / Ярославль";"https://dodelay.ru/podrabotka/yaroslavl";"Общий";"ВЧ"
"шабашка в ярославле";"Города / Ярославль";"https://dodelay.ru/podrabotka/yaroslavl";"Общий";"ВЧ"
"шабашка ярославль";"Города / Ярославль";"https://dodelay.ru/podrabotka/yaroslavl";"Общий";"ВЧ"
"разовая работа в ярославле";"Города / Ярославль";"https://dodelay.ru/podrabotka/yaroslavl";"Общий";"ВЧ"
"разовая работа ярославль";"Города / Ярославль";"https://dodelay.ru/podrabotka/yaroslavl";"Общий";"ВЧ"
"халтура в ярославле";"Города / Ярославль";"https://dodelay.ru/podrabotka/yaroslavl";"Общий";"ВЧ"
"халтура ярославль";"Города / Ярославль";"https://dodelay.ru/podrabotka/yaroslavl";"Общий";"ВЧ"
"работа на день в ярославле";"Города / Ярославль";"https://dodelay.ru/podrabotka/yaroslavl";"Общий";"ВЧ"
"работа на день ярославль";"Города / Ярославль";"https://dodelay.ru/podrabotka/yaroslavl";"Общий";"ВЧ"
"подработка с ежедневной оплатой в ярославле";"Города / Ярославль";"https://dodelay.ru/podrabotka/yaroslavl";"Общий";"ВЧ"
"подработка с ежедневной оплатой ярославль";"Города / Ярославль";"https://dodelay.ru/podrabotka/yaroslavl";"Общий";"ВЧ"
"вакансии подработка в ярославле";"Города / Ярославль";"https://dodelay.ru/podrabotka/yaroslavl";"Общий";"ВЧ"
"вакансии подработка ярославль";"Города / Ярославль";"https://dodelay.ru/podrabotka/yaroslavl";"Общий";"ВЧ"
"найти подработку в ярославле";"Города / Ярославль";"https://dodelay.ru/podrabotka/yaroslavl";"Общий";"ВЧ"
"найти подработку ярославль";"Города / Ярославль";"https://dodelay.ru/podrabotka/yaroslavl";"Общий";"ВЧ"
"подработка для мужчин в ярославле";"Города / Ярославль";"https://dodelay.ru/podrabotka/yaroslavl";"Общий";"ВЧ"
"подработка для мужчин ярославль";"Города / Ярославль";"https://dodelay.ru/podrabotka/yaroslavl";"Общий";"ВЧ"
"подработка для женщин в ярославле";"Города / Ярославль";"https://dodelay.ru/podrabotka/yaroslavl";"Общий";"ВЧ"
"подработка для женщин ярославль";"Города / Ярославль";"https://dodelay.ru/podrabotka/yaroslavl";"Общий";"ВЧ"
"подработка для студентов в ярославле";"Города / Ярославль";"https://dodelay.ru/podrabotka/yaroslavl";"Общий";"ВЧ"
"подработка для студентов ярославль";"Города / Ярославль";"https://dodelay.ru/podrabotka/yaroslavl";"Общий";"ВЧ"
"подработка вечером в ярославле";"Города / Ярославль";"https://dodelay.ru/podrabotka/yaroslavl";"Общий";"ВЧ"
"подработка вечером ярославль";"Города / Ярославль";"https://dodelay.ru/podrabotka/yaroslavl";"Общий";"ВЧ"
"подработка на выходные в ярославле";"Города / Ярославль";"https://dodelay.ru/podrabotka/yaroslavl";"Общий";"ВЧ"
"подработка на выходные ярославль";"Города / Ярославль";"https://dodelay.ru/podrabotka/yaroslavl";"Общий";"ВЧ"
"работа без опыта в ярославле";"Города / Ярославль";"https://dodelay.ru/podrabotka/yaroslavl";"Общий";"ВЧ"
"работа без опыта ярославль";"Города / Ярославль";"https://dodelay.ru/podrabotka/yaroslavl";"Общий";"ВЧ"
"подработка на час в ярославле";"Города / Ярославль";"https://dodelay.ru/podrabotka/yaroslavl";"Общий";"ВЧ"
"подработка на час ярославль";"Города / Ярославль";"https://dodelay.ru/podrabotka/yaroslavl";"Общий";"ВЧ"
"доска объявлений работа в ярославле";"Города / Ярославль";"https://dodelay.ru/podrabotka/yaroslavl";"Общий";"СЧ"
"объявления подработка в ярославле";"Города / Ярославль";"https://dodelay.ru/podrabotka/yaroslavl";"Общий";"СЧ"
"биржа услуг в ярославле";"Города / Ярославль";"https://dodelay.ru/podrabotka/yaroslavl";"Общий";"НЧ"
"найти мастера в ярославле";"Города / Ярославль";"https://dodelay.ru/podrabotka/yaroslavl";"Коммерческий";"СЧ"
"частные мастера в ярославле";"Города / Ярославль";"https://dodelay.ru/podrabotka/yaroslavl";"Коммерческий";"СЧ"
"услуги частных мастеров в ярославле";"Города / Ярославль";"https://dodelay.ru/podrabotka/yaroslavl";"Коммерческий";"НЧ"
"подработка в рыбинске";"Города / Рыбинск";"https://dodelay.ru/podrabotka/rybinsk";"Общий";"ВЧ"
"подработка рыбинск";"Города / Рыбинск";"https://dodelay.ru/podrabotka/rybinsk";"Общий";"ВЧ"
"шабашка в рыбинске";"Города / Рыбинск";"https://dodelay.ru/podrabotka/rybinsk";"Общий";"ВЧ"
"шабашка рыбинск";"Города / Рыбинск";"https://dodelay.ru/podrabotka/rybinsk";"Общий";"ВЧ"
"разовая работа в рыбинске";"Города / Рыбинск";"https://dodelay.ru/podrabotka/rybinsk";"Общий";"ВЧ"
"разовая работа рыбинск";"Города / Рыбинск";"https://dodelay.ru/podrabotka/rybinsk";"Общий";"ВЧ"
"халтура в рыбинске";"Города / Рыбинск";"https://dodelay.ru/podrabotka/rybinsk";"Общий";"ВЧ"
"халтура рыбинск";"Города / Рыбинск";"https://dodelay.ru/podrabotka/rybinsk";"Общий";"ВЧ"
"работа на день в рыбинске";"Города / Рыбинск";"https://dodelay.ru/podrabotka/rybinsk";"Общий";"ВЧ"
"работа на день рыбинск";"Города / Рыбинск";"https://dodelay.ru/podrabotka/rybinsk";"Общий";"ВЧ"
"подработка с ежедневной оплатой в рыбинске";"Города / Рыбинск";"https://dodelay.ru/podrabotka/rybinsk";"Общий";"ВЧ"
"подработка с ежедневной оплатой рыбинск";"Города / Рыбинск";"https://dodelay.ru/podrabotka/rybinsk";"Общий";"ВЧ"
"вакансии подработка в рыбинске";"Города / Рыбинск";"https://dodelay.ru/podrabotka/rybinsk";"Общий";"ВЧ"
"вакансии подработка рыбинск";"Города / Рыбинск";"https://dodelay.ru/podrabotka/rybinsk";"Общий";"ВЧ"
"найти подработку в рыбинске";"Города / Рыбинск";"https://dodelay.ru/podrabotka/rybinsk";"Общий";"ВЧ"
"найти подработку рыбинск";"Города / Рыбинск";"https://dodelay.ru/podrabotka/rybinsk";"Общий";"ВЧ"
"подработка для мужчин в рыбинске";"Города / Рыбинск";"https://dodelay.ru/podrabotka/rybinsk";"Общий";"ВЧ"
"подработка для мужчин рыбинск";"Города / Рыбинск";"https://dodelay.ru/podrabotka/rybinsk";"Общий";"ВЧ"
"подработка для женщин в рыбинске";"Города / Рыбинск";"https://dodelay.ru/podrabotka/rybinsk";"Общий";"ВЧ"
"подработка для женщин рыбинск";"Города / Рыбинск";"https://dodelay.ru/podrabotka/rybinsk";"Общий";"ВЧ"
"подработка для студентов в рыбинске";"Города / Рыбинск";"https://dodelay.ru/podrabotka/rybinsk";"Общий";"ВЧ"
"подработка для студентов рыбинск";"Города / Рыбинск";"https://dodelay.ru/podrabotka/rybinsk";"Общий";"ВЧ"
"подработка вечером в рыбинске";"Города / Рыбинск";"https://dodelay.ru/podrabotka/rybinsk";"Общий";"ВЧ"
"подработка вечером рыбинск";"Города / Рыбинск";"https://dodelay.ru/podrabotka/rybinsk";"Общий";"ВЧ"
"подработка на выходные в рыбинске";"Города / Рыбинск";"https://dodelay.ru/podrabotka/rybinsk";"Общий";"ВЧ"
"подработка на выходные рыбинск";"Города / Рыбинск";"https://dodelay.ru/podrabotka/rybinsk";"Общий";"ВЧ"
"работа без опыта в рыбинске";"Города / Рыбинск";"https://dodelay.ru/podrabotka/rybinsk";"Общий";"ВЧ"
"работа без опыта рыбинск";"Города / Рыбинск";"https://dodelay.ru/podrabotka/rybinsk";"Общий";"ВЧ"
"подработка на час в рыбинске";"Города / Рыбинск";"https://dodelay.ru/podrabotka/rybinsk";"Общий";"ВЧ"
"подработка на час рыбинск";"Города / Рыбинск";"https://dodelay.ru/podrabotka/rybinsk";"Общий";"ВЧ"
"доска объявлений работа в рыбинске";"Города / Рыбинск";"https://dodelay.ru/podrabotka/rybinsk";"Общий";"СЧ"
"объявления подработка в рыбинске";"Города / Рыбинск";"https://dodelay.ru/podrabotka/rybinsk";"Общий";"СЧ"
"биржа услуг в рыбинске";"Города / Рыбинск";"https://dodelay.ru/podrabotka/rybinsk";"Общий";"НЧ"
"найти мастера в рыбинске";"Города / Рыбинск";"https://dodelay.ru/podrabotka/rybinsk";"Коммерческий";"СЧ"
"частные мастера в рыбинске";"Города / Рыбинск";"https://dodelay.ru/podrabotka/rybinsk";"Коммерческий";"СЧ"
"услуги частных мастеров в рыбинске";"Города / Рыбинск";"https://dodelay.ru/podrabotka/rybinsk";"Коммерческий";"НЧ"
"подработка в тутаеве";"Города / Тутаев";"https://dodelay.ru/podrabotka/tutaev";"Общий";"ВЧ"
"подработка тутаев";"Города / Тутаев";"https://dodelay.ru/podrabotka/tutaev";"Общий";"ВЧ"
"шабашка в тутаеве";"Города / Тутаев";"https://dodelay.ru/podrabotka/tutaev";"Общий";"ВЧ"
"шабашка тутаев";"Города / Тутаев";"https://dodelay.ru/podrabotka/tutaev";"Общий";"ВЧ"
"разовая работа в тутаеве";"Города / Тутаев";"https://dodelay.ru/podrabotka/tutaev";"Общий";"ВЧ"
"разовая работа тутаев";"Города / Тутаев";"https://dodelay.ru/podrabotka/tutaev";"Общий";"ВЧ"
"халтура в тутаеве";"Города / Тутаев";"https://dodelay.ru/podrabotka/tutaev";"Общий";"ВЧ"
"халтура тутаев";"Города / Тутаев";"https://dodelay.ru/podrabotka/tutaev";"Общий";"ВЧ"
"работа на день в тутаеве";"Города / Тутаев";"https://dodelay.ru/podrabotka/tutaev";"Общий";"ВЧ"
"работа на день тутаев";"Города / Тутаев";"https://dodelay.ru/podrabotka/tutaev";"Общий";"ВЧ"
"подработка с ежедневной оплатой в тутаеве";"Города / Тутаев";"https://dodelay.ru/podrabotka/tutaev";"Общий";"ВЧ"
"подработка с ежедневной оплатой тутаев";"Города / Тутаев";"https://dodelay.ru/podrabotka/tutaev";"Общий";"ВЧ"
"вакансии подработка в тутаеве";"Города / Тутаев";"https://dodelay.ru/podrabotka/tutaev";"Общий";"ВЧ"
"вакансии подработка тутаев";"Города / Тутаев";"https://dodelay.ru/podrabotka/tutaev";"Общий";"ВЧ"
"найти подработку в тутаеве";"Города / Тутаев";"https://dodelay.ru/podrabotka/tutaev";"Общий";"ВЧ"
"найти подработку тутаев";"Города / Тутаев";"https://dodelay.ru/podrabotka/tutaev";"Общий";"ВЧ"
"подработка для мужчин в тутаеве";"Города / Тутаев";"https://dodelay.ru/podrabotka/tutaev";"Общий";"ВЧ"
"подработка для мужчин тутаев";"Города / Тутаев";"https://dodelay.ru/podrabotka/tutaev";"Общий";"ВЧ"
"подработка для женщин в тутаеве";"Города / Тутаев";"https://dodelay.ru/podrabotka/tutaev";"Общий";"ВЧ"
"подработка для женщин тутаев";"Города / Тутаев";"https://dodelay.ru/podrabotka/tutaev";"Общий";"ВЧ"
"подработка для студентов в тутаеве";"Города / Тутаев";"https://dodelay.ru/podrabotka/tutaev";"Общий";"ВЧ"
"подработка для студентов тутаев";"Города / Тутаев";"https://dodelay.ru/podrabotka/tutaev";"Общий";"ВЧ"
"подработка вечером в тутаеве";"Города / Тутаев";"https://dodelay.ru/podrabotka/tutaev";"Общий";"ВЧ"
"подработка вечером тутаев";"Города / Тутаев";"https://dodelay.ru/podrabotka/tutaev";"Общий";"ВЧ"
"подработка на выходные в тутаеве";"Города / Тутаев";"https://dodelay.ru/podrabotka/tutaev";"Общий";"ВЧ"
"подработка на выходные тутаев";"Города / Тутаев";"https://dodelay.ru/podrabotka/tutaev";"Общий";"ВЧ"
"работа без опыта в тутаеве";"Города / Тутаев";"https://dodelay.ru/podrabotka/tutaev";"Общий";"ВЧ"
"работа без опыта тутаев";"Города / Тутаев";"https://dodelay.ru/podrabotka/tutaev";"Общий";"ВЧ"
"подработка на час в тутаеве";"Города / Тутаев";"https://dodelay.ru/podrabotka/tutaev";"Общий";"ВЧ"
"подработка на час тутаев";"Города / Тутаев";"https://dodelay.ru/podrabotka/tutaev";"Общий";"ВЧ"
"доска объявлений работа в тутаеве";"Города / Тутаев";"https://dodelay.ru/podrabotka/tutaev";"Общий";"СЧ"
"объявления подработка в тутаеве";"Города / Тутаев";"https://dodelay.ru/podrabotka/tutaev";"Общий";"СЧ"
"биржа услуг в тутаеве";"Города / Тутаев";"https://dodelay.ru/podrabotka/tutaev";"Общий";"НЧ"
"найти мастера в тутаеве";"Города / Тутаев";"https://dodelay.ru/podrabotka/tutaev";"Коммерческий";"СЧ"
"частные мастера в тутаеве";"Города / Тутаев";"https://dodelay.ru/podrabotka/tutaev";"Коммерческий";"СЧ"
"услуги частных мастеров в тутаеве";"Города / Тутаев";"https://dodelay.ru/podrabotka/tutaev";"Коммерческий";"НЧ"
"подработка в переславле-залесском";"Города / Переславль-Залесский";"https://dodelay.ru/podrabotka/pereslavl";"Общий";"ВЧ"
"подработка переславль-залесский";"Города / Переславль-Залесский";"https://dodelay.ru/podrabotka/pereslavl";"Общий";"ВЧ"
"шабашка в переславле-залесском";"Города / Переславль-Залесский";"https://dodelay.ru/podrabotka/pereslavl";"Общий";"ВЧ"
"шабашка переславль-залесский";"Города / Переславль-Залесский";"https://dodelay.ru/podrabotka/pereslavl";"Общий";"ВЧ"
"разовая работа в переславле-залесском";"Города / Переславль-Залесский";"https://dodelay.ru/podrabotka/pereslavl";"Общий";"ВЧ"
"разовая работа переславль-залесский";"Города / Переславль-Залесский";"https://dodelay.ru/podrabotka/pereslavl";"Общий";"ВЧ"
"халтура в переславле-залесском";"Города / Переславль-Залесский";"https://dodelay.ru/podrabotka/pereslavl";"Общий";"ВЧ"
"халтура переславль-залесский";"Города / Переславль-Залесский";"https://dodelay.ru/podrabotka/pereslavl";"Общий";"ВЧ"
"работа на день в переславле-залесском";"Города / Переславль-Залесский";"https://dodelay.ru/podrabotka/pereslavl";"Общий";"ВЧ"
"работа на день переславль-залесский";"Города / Переславль-Залесский";"https://dodelay.ru/podrabotka/pereslavl";"Общий";"ВЧ"
"подработка с ежедневной оплатой в переславле-залесском";"Города / Переславль-Залесский";"https://dodelay.ru/podrabotka/pereslavl";"Общий";"ВЧ"
"подработка с ежедневной оплатой переславль-залесский";"Города / Переславль-Залесский";"https://dodelay.ru/podrabotka/pereslavl";"Общий";"ВЧ"
"вакансии подработка в переславле-залесском";"Города / Переславль-Залесский";"https://dodelay.ru/podrabotka/pereslavl";"Общий";"ВЧ"
"вакансии подработка переславль-залесский";"Города / Переславль-Залесский";"https://dodelay.ru/podrabotka/pereslavl";"Общий";"ВЧ"
"найти подработку в переславле-залесском";"Города / Переславль-Залесский";"https://dodelay.ru/podrabotka/pereslavl";"Общий";"ВЧ"
"найти подработку переславль-залесский";"Города / Переславль-Залесский";"https://dodelay.ru/podrabotka/pereslavl";"Общий";"ВЧ"
"подработка для мужчин в переславле-залесском";"Города / Переславль-Залесский";"https://dodelay.ru/podrabotka/pereslavl";"Общий";"ВЧ"
"подработка для мужчин переславль-залесский";"Города / Переславль-Залесский";"https://dodelay.ru/podrabotka/pereslavl";"Общий";"ВЧ"
"подработка для женщин в переславле-залесском";"Города / Переславль-Залесский";"https://dodelay.ru/podrabotka/pereslavl";"Общий";"ВЧ"
"подработка для женщин переславль-залесский";"Города / Переславль-Залесский";"https://dodelay.ru/podrabotka/pereslavl";"Общий";"ВЧ"
"подработка для студентов в переславле-залесском";"Города / Переславль-Залесский";"https://dodelay.ru/podrabotka/pereslavl";"Общий";"ВЧ"
"подработка для студентов переславль-залесский";"Города / Переславль-Залесский";"https://dodelay.ru/podrabotka/pereslavl";"Общий";"ВЧ"
"подработка вечером в переславле-залесском";"Города / Переславль-Залесский";"https://dodelay.ru/podrabotka/pereslavl";"Общий";"ВЧ"
"подработка вечером переславль-залесский";"Города / Переславль-Залесский";"https://dodelay.ru/podrabotka/pereslavl";"Общий";"ВЧ"
"подработка на выходные в переславле-залесском";"Города / Переславль-Залесский";"https://dodelay.ru/podrabotka/pereslavl";"Общий";"ВЧ"
"подработка на выходные переславль-залесский";"Города / Переславль-Залесский";"https://dodelay.ru/podrabotka/pereslavl";"Общий";"ВЧ"
"работа без опыта в переславле-залесском";"Города / Переславль-Залесский";"https://dodelay.ru/podrabotka/pereslavl";"Общий";"ВЧ"
"работа без опыта переславль-залесский";"Города / Переславль-Залесский";"https://dodelay.ru/podrabotka/pereslavl";"Общий";"ВЧ"
"подработка на час в переславле-залесском";"Города / Переславль-Залесский";"https://dodelay.ru/podrabotka/pereslavl";"Общий";"ВЧ"
"подработка на час переславль-залесский";"Города / Переславль-Залесский";"https://dodelay.ru/podrabotka/pereslavl";"Общий";"ВЧ"
"доска объявлений работа в переславле-залесском";"Города / Переславль-Залесский";"https://dodelay.ru/podrabotka/pereslavl";"Общий";"СЧ"
"объявления подработка в переславле-залесском";"Города / Переславль-Залесский";"https://dodelay.ru/podrabotka/pereslavl";"Общий";"СЧ"
"биржа услуг в переславле-залесском";"Города / Переславль-Залесский";"https://dodelay.ru/podrabotka/pereslavl";"Общий";"НЧ"
"найти мастера в переславле-залесском";"Города / Переславль-Залесский";"https://dodelay.ru/podrabotka/pereslavl";"Коммерческий";"СЧ"
"частные мастера в переславле-залесском";"Города / Переславль-Залесский";"https://dodelay.ru/podrabotka/pereslavl";"Коммерческий";"СЧ"
"услуги частных мастеров в переславле-залесском";"Города / Переславль-Залесский";"https://dodelay.ru/podrabotka/pereslavl";"Коммерческий";"НЧ"
"подработка в угличе";"Города / Углич";"https://dodelay.ru/podrabotka/uglich";"Общий";"ВЧ"
"подработка углич";"Города / Углич";"https://dodelay.ru/podrabotka/uglich";"Общий";"ВЧ"
"шабашка в угличе";"Города / Углич";"https://dodelay.ru/podrabotka/uglich";"Общий";"ВЧ"
"шабашка углич";"Города / Углич";"https://dodelay.ru/podrabotka/uglich";"Общий";"ВЧ"
"разовая работа в угличе";"Города / Углич";"https://dodelay.ru/podrabotka/uglich";"Общий";"ВЧ"
"разовая работа углич";"Города / Углич";"https://dodelay.ru/podrabotka/uglich";"Общий";"ВЧ"
"халтура в угличе";"Города / Углич";"https://dodelay.ru/podrabotka/uglich";"Общий";"ВЧ"
"халтура углич";"Города / Углич";"https://dodelay.ru/podrabotka/uglich";"Общий";"ВЧ"
"работа на день в угличе";"Города / Углич";"https://dodelay.ru/podrabotka/uglich";"Общий";"ВЧ"
"работа на день углич";"Города / Углич";"https://dodelay.ru/podrabotka/uglich";"Общий";"ВЧ"
"подработка с ежедневной оплатой в угличе";"Города / Углич";"https://dodelay.ru/podrabotka/uglich";"Общий";"ВЧ"
"подработка с ежедневной оплатой углич";"Города / Углич";"https://dodelay.ru/podrabotka/uglich";"Общий";"ВЧ"
"вакансии подработка в угличе";"Города / Углич";"https://dodelay.ru/podrabotka/uglich";"Общий";"ВЧ"
"вакансии подработка углич";"Города / Углич";"https://dodelay.ru/podrabotka/uglich";"Общий";"ВЧ"
"найти подработку в угличе";"Города / Углич";"https://dodelay.ru/podrabotka/uglich";"Общий";"ВЧ"
"найти подработку углич";"Города / Углич";"https://dodelay.ru/podrabotka/uglich";"Общий";"ВЧ"
"подработка для мужчин в угличе";"Города / Углич";"https://dodelay.ru/podrabotka/uglich";"Общий";"ВЧ"
"подработка для мужчин углич";"Города / Углич";"https://dodelay.ru/podrabotka/uglich";"Общий";"ВЧ"
"подработка для женщин в угличе";"Города / Углич";"https://dodelay.ru/podrabotka/uglich";"Общий";"ВЧ"
"подработка для женщин углич";"Города / Углич";"https://dodelay.ru/podrabotka/uglich";"Общий";"ВЧ"
"подработка для студентов в угличе";"Города / Углич";"https://dodelay.ru/podrabotka/uglich";"Общий";"ВЧ"
"подработка для студентов углич";"Города / Углич";"https://dodelay.ru/podrabotka/uglich";"Общий";"ВЧ"
"подработка вечером в угличе";"Города / Углич";"https://dodelay.ru/podrabotka/uglich";"Общий";"ВЧ"
"подработка вечером углич";"Города / Углич";"https://dodelay.ru/podrabotka/uglich";"Общий";"ВЧ"
"подработка на выходные в угличе";"Города / Углич";"https://dodelay.ru/podrabotka/uglich";"Общий";"ВЧ"
"подработка на выходные углич";"Города / Углич";"https://dodelay.ru/podrabotka/uglich";"Общий";"ВЧ"
"работа без опыта в угличе";"Города / Углич";"https://dodelay.ru/podrabotka/uglich";"Общий";"ВЧ"
"работа без опыта углич";"Города / Углич";"https://dodelay.ru/podrabotka/uglich";"Общий";"ВЧ"
"подработка на час в угличе";"Города / Углич";"https://dodelay.ru/podrabotka/uglich";"Общий";"ВЧ"
"подработка на час углич";"Города / Углич";"https://dodelay.ru/podrabotka/uglich";"Общий";"ВЧ"
"доска объявлений работа в угличе";"Города / Углич";"https://dodelay.ru/podrabotka/uglich";"Общий";"СЧ"
"объявления подработка в угличе";"Города / Углич";"https://dodelay.ru/podrabotka/uglich";"Общий";"СЧ"
"биржа услуг в угличе";"Города / Углич";"https://dodelay.ru/podrabotka/uglich";"Общий";"НЧ"
"найти мастера в угличе";"Города / Углич";"https://dodelay.ru/podrabotka/uglich";"Коммерческий";"СЧ"
"частные мастера в угличе";"Города / Углич";"https://dodelay.ru/podrabotka/uglich";"Коммерческий";"СЧ"
"услуги частных мастеров в угличе";"Города / Углич";"https://dodelay.ru/podrabotka/uglich";"Коммерческий";"НЧ"
"подработка в ростове великом";"Города / Ростов Великий";"https://dodelay.ru/podrabotka/rostov";"Общий";"ВЧ"
"подработка ростов великий";"Города / Ростов Великий";"https://dodelay.ru/podrabotka/rostov";"Общий";"ВЧ"
"шабашка в ростове великом";"Города / Ростов Великий";"https://dodelay.ru/podrabotka/rostov";"Общий";"ВЧ"
"шабашка ростов великий";"Города / Ростов Великий";"https://dodelay.ru/podrabotka/rostov";"Общий";"ВЧ"
"разовая работа в ростове великом";"Города / Ростов Великий";"https://dodelay.ru/podrabotka/rostov";"Общий";"ВЧ"
"разовая работа ростов великий";"Города / Ростов Великий";"https://dodelay.ru/podrabotka/rostov";"Общий";"ВЧ"
"халтура в ростове великом";"Города / Ростов Великий";"https://dodelay.ru/podrabotka/rostov";"Общий";"ВЧ"
"халтура ростов великий";"Города / Ростов Великий";"https://dodelay.ru/podrabotka/rostov";"Общий";"ВЧ"
"работа на день в ростове великом";"Города / Ростов Великий";"https://dodelay.ru/podrabotka/rostov";"Общий";"ВЧ"
"работа на день ростов великий";"Города / Ростов Великий";"https://dodelay.ru/podrabotka/rostov";"Общий";"ВЧ"
"подработка с ежедневной оплатой в ростове великом";"Города / Ростов Великий";"https://dodelay.ru/podrabotka/rostov";"Общий";"ВЧ"
"подработка с ежедневной оплатой ростов великий";"Города / Ростов Великий";"https://dodelay.ru/podrabotka/rostov";"Общий";"ВЧ"
"вакансии подработка в ростове великом";"Города / Ростов Великий";"https://dodelay.ru/podrabotka/rostov";"Общий";"ВЧ"
"вакансии подработка ростов великий";"Города / Ростов Великий";"https://dodelay.ru/podrabotka/rostov";"Общий";"ВЧ"
"найти подработку в ростове великом";"Города / Ростов Великий";"https://dodelay.ru/podrabotka/rostov";"Общий";"ВЧ"
"найти подработку ростов великий";"Города / Ростов Великий";"https://dodelay.ru/podrabotka/rostov";"Общий";"ВЧ"
"подработка для мужчин в ростове великом";"Города / Ростов Великий";"https://dodelay.ru/podrabotka/rostov";"Общий";"ВЧ"
"подработка для мужчин ростов великий";"Города / Ростов Великий";"https://dodelay.ru/podrabotka/rostov";"Общий";"ВЧ"
"подработка для женщин в ростове великом";"Города / Ростов Великий";"https://dodelay.ru/podrabotka/rostov";"Общий";"ВЧ"
"подработка для женщин ростов великий";"Города / Ростов Великий";"https://dodelay.ru/podrabotka/rostov";"Общий";"ВЧ"
"подработка для студентов в ростове великом";"Города / Ростов Великий";"https://dodelay.ru/podrabotka/rostov";"Общий";"ВЧ"
"подработка для студентов ростов великий";"Города / Ростов Великий";"https://dodelay.ru/podrabotka/rostov";"Общий";"ВЧ"
"подработка вечером в ростове великом";"Города / Ростов Великий";"https://dodelay.ru/podrabotka/rostov";"Общий";"ВЧ"
"подработка вечером ростов великий";"Города / Ростов Великий";"https://dodelay.ru/podrabotka/rostov";"Общий";"ВЧ"
"подработка на выходные в ростове великом";"Города / Ростов Великий";"https://dodelay.ru/podrabotka/rostov";"Общий";"ВЧ"
"подработка на выходные ростов великий";"Города / Ростов Великий";"https://dodelay.ru/podrabotka/rostov";"Общий";"ВЧ"
"работа без опыта в ростове великом";"Города / Ростов Великий";"https://dodelay.ru/podrabotka/rostov";"Общий";"ВЧ"
"работа без опыта ростов великий";"Города / Ростов Великий";"https://dodelay.ru/podrabotka/rostov";"Общий";"ВЧ"
"подработка на час в ростове великом";"Города / Ростов Великий";"https://dodelay.ru/podrabotka/rostov";"Общий";"ВЧ"
"подработка на час ростов великий";"Города / Ростов Великий";"https://dodelay.ru/podrabotka/rostov";"Общий";"ВЧ"
"доска объявлений работа в ростове великом";"Города / Ростов Великий";"https://dodelay.ru/podrabotka/rostov";"Общий";"СЧ"
"объявления подработка в ростове великом";"Города / Ростов Великий";"https://dodelay.ru/podrabotka/rostov";"Общий";"СЧ"
"биржа услуг в ростове великом";"Города / Ростов Великий";"https://dodelay.ru/podrabotka/rostov";"Общий";"НЧ"
"найти мастера в ростове великом";"Города / Ростов Великий";"https://dodelay.ru/podrabotka/rostov";"Коммерческий";"СЧ"
"частные мастера в ростове великом";"Города / Ростов Великий";"https://dodelay.ru/podrabotka/rostov";"Коммерческий";"СЧ"
"услуги частных мастеров в ростове великом";"Города / Ростов Великий";"https://dodelay.ru/podrabotka/rostov";"Коммерческий";"НЧ"
"муж на час в ярославле";"Профессии / Муж на час / Ярославль";"https://dodelay.ru/podrabotka/yaroslavl/handyman";"Коммерческий";"СЧ"
"муж на час ярославль";"Профессии / Муж на час / Ярославль";"https://dodelay.ru/podrabotka/yaroslavl/handyman";"Коммерческий";"СЧ"
"мастер на час в ярославле";"Профессии / Муж на час / Ярославль";"https://dodelay.ru/podrabotka/yaroslavl/handyman";"Коммерческий";"СЧ"
"мастер на час ярославль";"Профессии / Муж на час / Ярославль";"https://dodelay.ru/podrabotka/yaroslavl/handyman";"Коммерческий";"СЧ"
"домашний мастер в ярославле";"Профессии / Муж на час / Ярославль";"https://dodelay.ru/podrabotka/yaroslavl/handyman";"Коммерческий";"СЧ"
"домашний мастер ярославль";"Профессии / Муж на час / Ярославль";"https://dodelay.ru/podrabotka/yaroslavl/handyman";"Коммерческий";"СЧ"
"мелкий ремонт в ярославле";"Профессии / Муж на час / Ярославль";"https://dodelay.ru/podrabotka/yaroslavl/handyman";"Коммерческий";"СЧ"
"мелкий ремонт ярославль";"Профессии / Муж на час / Ярославль";"https://dodelay.ru/podrabotka/yaroslavl/handyman";"Коммерческий";"СЧ"
"мастер на все руки в ярославле";"Профессии / Муж на час / Ярославль";"https://dodelay.ru/podrabotka/yaroslavl/handyman";"Коммерческий";"СЧ"
"мастер на все руки ярославль";"Профессии / Муж на час / Ярославль";"https://dodelay.ru/podrabotka/yaroslavl/handyman";"Коммерческий";"СЧ"
"муж на час в ярославле недорого";"Профессии / Муж на час / Ярославль";"https://dodelay.ru/podrabotka/yaroslavl/handyman";"Коммерческий";"НЧ"
"муж на час в ярославле цены";"Профессии / Муж на час / Ярославль";"https://dodelay.ru/podrabotka/yaroslavl/handyman";"Коммерческий";"НЧ"
"муж на час в ярославле на дом";"Профессии / Муж на час / Ярославль";"https://dodelay.ru/podrabotka/yaroslavl/handyman";"Коммерческий";"НЧ"
"вызвать мужа на час в ярославле";"Профессии / Муж на час / Ярославль";"https://dodelay.ru/podrabotka/yaroslavl/handyman";"Коммерческий";"НЧ"
"нанять мужа на час в ярославле";"Профессии / Муж на час / Ярославль";"https://dodelay.ru/podrabotka/yaroslavl/handyman";"Коммерческий";"НЧ"
"найти мужа на час в ярославле";"Профессии / Муж на час / Ярославль";"https://dodelay.ru/podrabotka/yaroslavl/handyman";"Коммерческий";"НЧ"
"услуги мужа на час в ярославле";"Профессии / Муж на час / Ярославль";"https://dodelay.ru/podrabotka/yaroslavl/handyman";"Коммерческий";"НЧ"
"муж на час частник в ярославле";"Профессии / Муж на час / Ярославль";"https://dodelay.ru/podrabotka/yaroslavl/handyman";"Коммерческий";"НЧ"
"муж на час без посредников в ярославле";"Профессии / Муж на час / Ярославль";"https://dodelay.ru/podrabotka/yaroslavl/handyman";"Коммерческий";"НЧ"
"работа муж на час в ярославле";"Профессии / Муж на час / Ярославль";"https://dodelay.ru/podrabotka/yaroslavl/handyman";"Вакансия";"СЧ"
"подработка муж на час в ярославле";"Профессии / Муж на час / Ярославль";"https://dodelay.ru/podrabotka/yaroslavl/handyman";"Вакансия";"НЧ"
"требуется муж на час в ярославле";"Профессии / Муж на час / Ярославль";"https://dodelay.ru/podrabotka/yaroslavl/handyman";"Вакансия";"НЧ"
"вакансия муж на час в ярославле";"Профессии / Муж на час / Ярославль";"https://dodelay.ru/podrabotka/yaroslavl/handyman";"Вакансия";"НЧ"
"муж на час в рыбинске";"Профессии / Муж на час / Рыбинск";"https://dodelay.ru/podrabotka/rybinsk/handyman";"Коммерческий";"СЧ"
"муж на час рыбинск";"Профессии / Муж на час / Рыбинск";"https://dodelay.ru/podrabotka/rybinsk/handyman";"Коммерческий";"СЧ"
"мастер на час в рыбинске";"Профессии / Муж на час / Рыбинск";"https://dodelay.ru/podrabotka/rybinsk/handyman";"Коммерческий";"СЧ"
"мастер на час рыбинск";"Профессии / Муж на час / Рыбинск";"https://dodelay.ru/podrabotka/rybinsk/handyman";"Коммерческий";"СЧ"
"домашний мастер в рыбинске";"Профессии / Муж на час / Рыбинск";"https://dodelay.ru/podrabotka/rybinsk/handyman";"Коммерческий";"СЧ"
"домашний мастер рыбинск";"Профессии / Муж на час / Рыбинск";"https://dodelay.ru/podrabotka/rybinsk/handyman";"Коммерческий";"СЧ"
"мелкий ремонт в рыбинске";"Профессии / Муж на час / Рыбинск";"https://dodelay.ru/podrabotka/rybinsk/handyman";"Коммерческий";"СЧ"
"мелкий ремонт рыбинск";"Профессии / Муж на час / Рыбинск";"https://dodelay.ru/podrabotka/rybinsk/handyman";"Коммерческий";"СЧ"
"мастер на все руки в рыбинске";"Профессии / Муж на час / Рыбинск";"https://dodelay.ru/podrabotka/rybinsk/handyman";"Коммерческий";"СЧ"
"мастер на все руки рыбинск";"Профессии / Муж на час / Рыбинск";"https://dodelay.ru/podrabotka/rybinsk/handyman";"Коммерческий";"СЧ"
"муж на час в рыбинске недорого";"Профессии / Муж на час / Рыбинск";"https://dodelay.ru/podrabotka/rybinsk/handyman";"Коммерческий";"НЧ"
"муж на час в рыбинске цены";"Профессии / Муж на час / Рыбинск";"https://dodelay.ru/podrabotka/rybinsk/handyman";"Коммерческий";"НЧ"
"муж на час в рыбинске на дом";"Профессии / Муж на час / Рыбинск";"https://dodelay.ru/podrabotka/rybinsk/handyman";"Коммерческий";"НЧ"
"вызвать мужа на час в рыбинске";"Профессии / Муж на час / Рыбинск";"https://dodelay.ru/podrabotka/rybinsk/handyman";"Коммерческий";"НЧ"
"нанять мужа на час в рыбинске";"Профессии / Муж на час / Рыбинск";"https://dodelay.ru/podrabotka/rybinsk/handyman";"Коммерческий";"НЧ"
"найти мужа на час в рыбинске";"Профессии / Муж на час / Рыбинск";"https://dodelay.ru/podrabotka/rybinsk/handyman";"Коммерческий";"НЧ"
"услуги мужа на час в рыбинске";"Профессии / Муж на час / Рыбинск";"https://dodelay.ru/podrabotka/rybinsk/handyman";"Коммерческий";"НЧ"
"муж на час частник в рыбинске";"Профессии / Муж на час / Рыбинск";"https://dodelay.ru/podrabotka/rybinsk/handyman";"Коммерческий";"НЧ"
"муж на час без посредников в рыбинске";"Профессии / Муж на час / Рыбинск";"https://dodelay.ru/podrabotka/rybinsk/handyman";"Коммерческий";"НЧ"
"работа муж на час в рыбинске";"Профессии / Муж на час / Рыбинск";"https://dodelay.ru/podrabotka/rybinsk/handyman";"Вакансия";"СЧ"
"подработка муж на час в рыбинске";"Профессии / Муж на час / Рыбинск";"https://dodelay.ru/podrabotka/rybinsk/handyman";"Вакансия";"НЧ"
"требуется муж на час в рыбинске";"Профессии / Муж на час / Рыбинск";"https://dodelay.ru/podrabotka/rybinsk/handyman";"Вакансия";"НЧ"
"вакансия муж на час в рыбинске";"Профессии / Муж на час / Рыбинск";"https://dodelay.ru/podrabotka/rybinsk/handyman";"Вакансия";"НЧ"
"муж на час в тутаеве";"Профессии / Муж на час / Тутаев";"https://dodelay.ru/podrabotka/tutaev/handyman";"Коммерческий";"СЧ"
"муж на час тутаев";"Профессии / Муж на час / Тутаев";"https://dodelay.ru/podrabotka/tutaev/handyman";"Коммерческий";"СЧ"
"мастер на час в тутаеве";"Профессии / Муж на час / Тутаев";"https://dodelay.ru/podrabotka/tutaev/handyman";"Коммерческий";"СЧ"
"мастер на час тутаев";"Профессии / Муж на час / Тутаев";"https://dodelay.ru/podrabotka/tutaev/handyman";"Коммерческий";"СЧ"
"домашний мастер в тутаеве";"Профессии / Муж на час / Тутаев";"https://dodelay.ru/podrabotka/tutaev/handyman";"Коммерческий";"СЧ"
"домашний мастер тутаев";"Профессии / Муж на час / Тутаев";"https://dodelay.ru/podrabotka/tutaev/handyman";"Коммерческий";"СЧ"
"мелкий ремонт в тутаеве";"Профессии / Муж на час / Тутаев";"https://dodelay.ru/podrabotka/tutaev/handyman";"Коммерческий";"СЧ"
"мелкий ремонт тутаев";"Профессии / Муж на час / Тутаев";"https://dodelay.ru/podrabotka/tutaev/handyman";"Коммерческий";"СЧ"
"мастер на все руки в тутаеве";"Профессии / Муж на час / Тутаев";"https://dodelay.ru/podrabotka/tutaev/handyman";"Коммерческий";"СЧ"
"мастер на все руки тутаев";"Профессии / Муж на час / Тутаев";"https://dodelay.ru/podrabotka/tutaev/handyman";"Коммерческий";"СЧ"
"муж на час в тутаеве недорого";"Профессии / Муж на час / Тутаев";"https://dodelay.ru/podrabotka/tutaev/handyman";"Коммерческий";"НЧ"
"муж на час в тутаеве цены";"Профессии / Муж на час / Тутаев";"https://dodelay.ru/podrabotka/tutaev/handyman";"Коммерческий";"НЧ"
"муж на час в тутаеве на дом";"Профессии / Муж на час / Тутаев";"https://dodelay.ru/podrabotka/tutaev/handyman";"Коммерческий";"НЧ"
"вызвать мужа на час в тутаеве";"Профессии / Муж на час / Тутаев";"https://dodelay.ru/podrabotka/tutaev/handyman";"Коммерческий";"НЧ"
"нанять мужа на час в тутаеве";"Профессии / Муж на час / Тутаев";"https://dodelay.ru/podrabotka/tutaev/handyman";"Коммерческий";"НЧ"
"найти мужа на час в тутаеве";"Профессии / Муж на час / Тутаев";"https://dodelay.ru/podrabotka/tutaev/handyman";"Коммерческий";"НЧ"
"услуги мужа на час в тутаеве";"Профессии / Муж на час / Тутаев";"https://dodelay.ru/podrabotka/tutaev/handyman";"Коммерческий";"НЧ"
"муж на час частник в тутаеве";"Профессии / Муж на час / Тутаев";"https://dodelay.ru/podrabotka/tutaev/handyman";"Коммерческий";"НЧ"
"муж на час без посредников в тутаеве";"Профессии / Муж на час / Тутаев";"https://dodelay.ru/podrabotka/tutaev/handyman";"Коммерческий";"НЧ"
"работа муж на час в тутаеве";"Профессии / Муж на час / Тутаев";"https://dodelay.ru/podrabotka/tutaev/handyman";"Вакансия";"СЧ"
"подработка муж на час в тутаеве";"Профессии / Муж на час / Тутаев";"https://dodelay.ru/podrabotka/tutaev/handyman";"Вакансия";"НЧ"
"требуется муж на час в тутаеве";"Профессии / Муж на час / Тутаев";"https://dodelay.ru/podrabotka/tutaev/handyman";"Вакансия";"НЧ"
"вакансия муж на час в тутаеве";"Профессии / Муж на час / Тутаев";"https://dodelay.ru/podrabotka/tutaev/handyman";"Вакансия";"НЧ"
"муж на час в переславле-залесском";"Профессии / Муж на час / Переславль-Залесский";"https://dodelay.ru/podrabotka/pereslavl/handyman";"Коммерческий";"СЧ"
"муж на час переславль-залесский";"Профессии / Муж на час / Переславль-Залесский";"https://dodelay.ru/podrabotka/pereslavl/handyman";"Коммерческий";"СЧ"
"мастер на час в переславле-залесском";"Профессии / Муж на час / Переславль-Залесский";"https://dodelay.ru/podrabotka/pereslavl/handyman";"Коммерческий";"СЧ"
"мастер на час переславль-залесский";"Профессии / Муж на час / Переславль-Залесский";"https://dodelay.ru/podrabotka/pereslavl/handyman";"Коммерческий";"СЧ"
"домашний мастер в переславле-залесском";"Профессии / Муж на час / Переславль-Залесский";"https://dodelay.ru/podrabotka/pereslavl/handyman";"Коммерческий";"СЧ"
"домашний мастер переславль-залесский";"Профессии / Муж на час / Переславль-Залесский";"https://dodelay.ru/podrabotka/pereslavl/handyman";"Коммерческий";"СЧ"
"мелкий ремонт в переславле-залесском";"Профессии / Муж на час / Переславль-Залесский";"https://dodelay.ru/podrabotka/pereslavl/handyman";"Коммерческий";"СЧ"
"мелкий ремонт переславль-залесский";"Профессии / Муж на час / Переславль-Залесский";"https://dodelay.ru/podrabotka/pereslavl/handyman";"Коммерческий";"СЧ"
"мастер на все руки в переславле-залесском";"Профессии / Муж на час / Переславль-Залесский";"https://dodelay.ru/podrabotka/pereslavl/handyman";"Коммерческий";"СЧ"
"мастер на все руки переславль-залесский";"Профессии / Муж на час / Переславль-Залесский";"https://dodelay.ru/podrabotka/pereslavl/handyman";"Коммерческий";"СЧ"
"муж на час в переславле-залесском недорого";"Профессии / Муж на час / Переславль-Залесский";"https://dodelay.ru/podrabotka/pereslavl/handyman";"Коммерческий";"НЧ"
"муж на час в переславле-залесском цены";"Профессии / Муж на час / Переславль-Залесский";"https://dodelay.ru/podrabotka/pereslavl/handyman";"Коммерческий";"НЧ"
"муж на час в переславле-залесском на дом";"Профессии / Муж на час / Переславль-Залесский";"https://dodelay.ru/podrabotka/pereslavl/handyman";"Коммерческий";"НЧ"
"вызвать мужа на час в переславле-залесском";"Профессии / Муж на час / Переславль-Залесский";"https://dodelay.ru/podrabotka/pereslavl/handyman";"Коммерческий";"НЧ"
"нанять мужа на час в переславле-залесском";"Профессии / Муж на час / Переславль-Залесский";"https://dodelay.ru/podrabotka/pereslavl/handyman";"Коммерческий";"НЧ"
"найти мужа на час в переславле-залесском";"Профессии / Муж на час / Переславль-Залесский";"https://dodelay.ru/podrabotka/pereslavl/handyman";"Коммерческий";"НЧ"
"услуги мужа на час в переславле-залесском";"Профессии / Муж на час / Переславль-Залесский";"https://dodelay.ru/podrabotka/pereslavl/handyman";"Коммерческий";"НЧ"
"муж на час частник в переславле-залесском";"Профессии / Муж на час / Переславль-Залесский";"https://dodelay.ru/podrabotka/pereslavl/handyman";"Коммерческий";"НЧ"
"муж на час без посредников в переславле-залесском";"Профессии / Муж на час / Переславль-Залесский";"https://dodelay.ru/podrabotka/pereslavl/handyman";"Коммерческий";"НЧ"
"работа муж на час в переславле-залесском";"Профессии / Муж на час / Переславль-Залесский";"https://dodelay.ru/podrabotka/pereslavl/handyman";"Вакансия";"СЧ"
"подработка муж на час в переславле-залесском";"Профессии / Муж на час / Переславль-Залесский";"https://dodelay.ru/podrabotka/pereslavl/handyman";"Вакансия";"НЧ"
"требуется муж на час в переславле-залесском";"Профессии / Муж на час / Переславль-Залесский";"https://dodelay.ru/podrabotka/pereslavl/handyman";"Вакансия";"НЧ"
"вакансия муж на час в переславле-залесском";"Профессии / Муж на час / Переславль-Залесский";"https://dodelay.ru/podrabotka/pereslavl/handyman";"Вакансия";"НЧ"
"муж на час в угличе";"Профессии / Муж на час / Углич";"https://dodelay.ru/podrabotka/uglich/handyman";"Коммерческий";"СЧ"
"муж на час углич";"Профессии / Муж на час / Углич";"https://dodelay.ru/podrabotka/uglich/handyman";"Коммерческий";"СЧ"
"мастер на час в угличе";"Профессии / Муж на час / Углич";"https://dodelay.ru/podrabotka/uglich/handyman";"Коммерческий";"СЧ"
"мастер на час углич";"Профессии / Муж на час / Углич";"https://dodelay.ru/podrabotka/uglich/handyman";"Коммерческий";"СЧ"
"домашний мастер в угличе";"Профессии / Муж на час / Углич";"https://dodelay.ru/podrabotka/uglich/handyman";"Коммерческий";"СЧ"
"домашний мастер углич";"Профессии / Муж на час / Углич";"https://dodelay.ru/podrabotka/uglich/handyman";"Коммерческий";"СЧ"
"мелкий ремонт в угличе";"Профессии / Муж на час / Углич";"https://dodelay.ru/podrabotka/uglich/handyman";"Коммерческий";"СЧ"
"мелкий ремонт углич";"Профессии / Муж на час / Углич";"https://dodelay.ru/podrabotka/uglich/handyman";"Коммерческий";"СЧ"
"мастер на все руки в угличе";"Профессии / Муж на час / Углич";"https://dodelay.ru/podrabotka/uglich/handyman";"Коммерческий";"СЧ"
"мастер на все руки углич";"Профессии / Муж на час / Углич";"https://dodelay.ru/podrabotka/uglich/handyman";"Коммерческий";"СЧ"
"муж на час в угличе недорого";"Профессии / Муж на час / Углич";"https://dodelay.ru/podrabotka/uglich/handyman";"Коммерческий";"НЧ"
"муж на час в угличе цены";"Профессии / Муж на час / Углич";"https://dodelay.ru/podrabotka/uglich/handyman";"Коммерческий";"НЧ"
"муж на час в угличе на дом";"Профессии / Муж на час / Углич";"https://dodelay.ru/podrabotka/uglich/handyman";"Коммерческий";"НЧ"
"вызвать мужа на час в угличе";"Профессии / Муж на час / Углич";"https://dodelay.ru/podrabotka/uglich/handyman";"Коммерческий";"НЧ"
"нанять мужа на час в угличе";"Профессии / Муж на час / Углич";"https://dodelay.ru/podrabotka/uglich/handyman";"Коммерческий";"НЧ"
"найти мужа на час в угличе";"Профессии / Муж на час / Углич";"https://dodelay.ru/podrabotka/uglich/handyman";"Коммерческий";"НЧ"
"услуги мужа на час в угличе";"Профессии / Муж на час / Углич";"https://dodelay.ru/podrabotka/uglich/handyman";"Коммерческий";"НЧ"
"муж на час частник в угличе";"Профессии / Муж на час / Углич";"https://dodelay.ru/podrabotka/uglich/handyman";"Коммерческий";"НЧ"
"муж на час без посредников в угличе";"Профессии / Муж на час / Углич";"https://dodelay.ru/podrabotka/uglich/handyman";"Коммерческий";"НЧ"
"работа муж на час в угличе";"Профессии / Муж на час / Углич";"https://dodelay.ru/podrabotka/uglich/handyman";"Вакансия";"СЧ"
"подработка муж на час в угличе";"Профессии / Муж на час / Углич";"https://dodelay.ru/podrabotka/uglich/handyman";"Вакансия";"НЧ"
"требуется муж на час в угличе";"Профессии / Муж на час / Углич";"https://dodelay.ru/podrabotka/uglich/handyman";"Вакансия";"НЧ"
"вакансия муж на час в угличе";"Профессии / Муж на час / Углич";"https://dodelay.ru/podrabotka/uglich/handyman";"Вакансия";"НЧ"
"муж на час в ростове великом";"Профессии / Муж на час / Ростов Великий";"https://dodelay.ru/podrabotka/rostov/handyman";"Коммерческий";"СЧ"
"муж на час ростов великий";"Профессии / Муж на час / Ростов Великий";"https://dodelay.ru/podrabotka/rostov/handyman";"Коммерческий";"СЧ"
"мастер на час в ростове великом";"Профессии / Муж на час / Ростов Великий";"https://dodelay.ru/podrabotka/rostov/handyman";"Коммерческий";"СЧ"
"мастер на час ростов великий";"Профессии / Муж на час / Ростов Великий";"https://dodelay.ru/podrabotka/rostov/handyman";"Коммерческий";"СЧ"
"домашний мастер в ростове великом";"Профессии / Муж на час / Ростов Великий";"https://dodelay.ru/podrabotka/rostov/handyman";"Коммерческий";"СЧ"
"домашний мастер ростов великий";"Профессии / Муж на час / Ростов Великий";"https://dodelay.ru/podrabotka/rostov/handyman";"Коммерческий";"СЧ"
"мелкий ремонт в ростове великом";"Профессии / Муж на час / Ростов Великий";"https://dodelay.ru/podrabotka/rostov/handyman";"Коммерческий";"СЧ"
"мелкий ремонт ростов великий";"Профессии / Муж на час / Ростов Великий";"https://dodelay.ru/podrabotka/rostov/handyman";"Коммерческий";"СЧ"
"мастер на все руки в ростове великом";"Профессии / Муж на час / Ростов Великий";"https://dodelay.ru/podrabotka/rostov/handyman";"Коммерческий";"СЧ"
"мастер на все руки ростов великий";"Профессии / Муж на час / Ростов Великий";"https://dodelay.ru/podrabotka/rostov/handyman";"Коммерческий";"СЧ"
"муж на час в ростове великом недорого";"Профессии / Муж на час / Ростов Великий";"https://dodelay.ru/podrabotka/rostov/handyman";"Коммерческий";"НЧ"
"муж на час в ростове великом цены";"Профессии / Муж на час / Ростов Великий";"https://dodelay.ru/podrabotka/rostov/handyman";"Коммерческий";"НЧ"
"муж на час в ростове великом на дом";"Профессии / Муж на час / Ростов Великий";"https://dodelay.ru/podrabotka/rostov/handyman";"Коммерческий";"НЧ"
"вызвать мужа на час в ростове великом";"Профессии / Муж на час / Ростов Великий";"https://dodelay.ru/podrabotka/rostov/handyman";"Коммерческий";"НЧ"
"нанять мужа на час в ростове великом";"Профессии / Муж на час / Ростов Великий";"https://dodelay.ru/podrabotka/rostov/handyman";"Коммерческий";"НЧ"
"найти мужа на час в ростове великом";"Профессии / Муж на час / Ростов Великий";"https://dodelay.ru/podrabotka/rostov/handyman";"Коммерческий";"НЧ"
"услуги мужа на час в ростове великом";"Профессии / Муж на час / Ростов Великий";"https://dodelay.ru/podrabotka/rostov/handyman";"Коммерческий";"НЧ"
"муж на час частник в ростове великом";"Профессии / Муж на час / Ростов Великий";"https://dodelay.ru/podrabotka/rostov/handyman";"Коммерческий";"НЧ"
"муж на час без посредников в ростове великом";"Профессии / Муж на час / Ростов Великий";"https://dodelay.ru/podrabotka/rostov/handyman";"Коммерческий";"НЧ"
"работа муж на час в ростове великом";"Профессии / Муж на час / Ростов Великий";"https://dodelay.ru/podrabotka/rostov/handyman";"Вакансия";"СЧ"
"подработка муж на час в ростове великом";"Профессии / Муж на час / Ростов Великий";"https://dodelay.ru/podrabotka/rostov/handyman";"Вакансия";"НЧ"
"требуется муж на час в ростове великом";"Профессии / Муж на час / Ростов Великий";"https://dodelay.ru/podrabotka/rostov/handyman";"Вакансия";"НЧ"
"вакансия муж на час в ростове великом";"Профессии / Муж на час / Ростов Великий";"https://dodelay.ru/podrabotka/rostov/handyman";"Вакансия";"НЧ"
"повесить полку или картину в ярославле";"Профессии / Муж на час / Задачи";"https://dodelay.ru/podrabotka/yaroslavl/handyman";"Инфо";"НЧ"
"повесить полку или картину цена";"Профессии / Муж на час / Задачи";"https://dodelay.ru/podrabotka/yaroslavl/handyman";"Инфо";"НЧ"
"сколько стоит повесить полку или картину";"Профессии / Муж на час / Задачи";"https://dodelay.ru/podrabotka/yaroslavl/handyman";"Инфо";"НЧ"
"установить карниз для штор в ярославле";"Профессии / Муж на час / Задачи";"https://dodelay.ru/podrabotka/yaroslavl/handyman";"Инфо";"НЧ"
"установить карниз для штор цена";"Профессии / Муж на час / Задачи";"https://dodelay.ru/podrabotka/yaroslavl/handyman";"Инфо";"НЧ"
"сколько стоит установить карниз для штор";"Профессии / Муж на час / Задачи";"https://dodelay.ru/podrabotka/yaroslavl/handyman";"Инфо";"НЧ"
"замена дверного замка в ярославле";"Профессии / Муж на час / Задачи";"https://dodelay.ru/podrabotka/yaroslavl/handyman";"Инфо";"НЧ"
"замена дверного замка цена";"Профессии / Муж на час / Задачи";"https://dodelay.ru/podrabotka/yaroslavl/handyman";"Инфо";"НЧ"
"сколько стоит замена дверного замка";"Профессии / Муж на час / Задачи";"https://dodelay.ru/podrabotka/yaroslavl/handyman";"Инфо";"НЧ"
"мелкий ремонт списком";"Профессии / Муж на час / Задачи";"https://dodelay.ru/podrabotka/yaroslavl/handyman";"Инфо";"НЧ"
"сколько стоит мелкий ремонт списком";"Профессии / Муж на час / Задачи";"https://dodelay.ru/podrabotka/yaroslavl/handyman";"Инфо";"НЧ"
"электрик в ярославле";"Профессии / Электрик / Ярославль";"https://dodelay.ru/podrabotka/yaroslavl/electrician";"Коммерческий";"СЧ"
"электрик ярославль";"Профессии / Электрик / Ярославль";"https://dodelay.ru/podrabotka/yaroslavl/electrician";"Коммерческий";"СЧ"
"электромонтаж в ярославле";"Профессии / Электрик / Ярославль";"https://dodelay.ru/podrabotka/yaroslavl/electrician";"Коммерческий";"СЧ"
"электромонтаж ярославль";"Профессии / Электрик / Ярославль";"https://dodelay.ru/podrabotka/yaroslavl/electrician";"Коммерческий";"СЧ"
"электрик на дом в ярославле";"Профессии / Электрик / Ярославль";"https://dodelay.ru/podrabotka/yaroslavl/electrician";"Коммерческий";"СЧ"
"электрик на дом ярославль";"Профессии / Электрик / Ярославль";"https://dodelay.ru/podrabotka/yaroslavl/electrician";"Коммерческий";"СЧ"
"электромонтажные работы в ярославле";"Профессии / Электрик / Ярославль";"https://dodelay.ru/podrabotka/yaroslavl/electrician";"Коммерческий";"СЧ"
"электромонтажные работы ярославль";"Профессии / Электрик / Ярославль";"https://dodelay.ru/podrabotka/yaroslavl/electrician";"Коммерческий";"СЧ"
"вызвать электрика в ярославле";"Профессии / Электрик / Ярославль";"https://dodelay.ru/podrabotka/yaroslavl/electrician";"Коммерческий";"СЧ"
"вызвать электрика ярославль";"Профессии / Электрик / Ярославль";"https://dodelay.ru/podrabotka/yaroslavl/electrician";"Коммерческий";"СЧ"
"электрик в ярославле недорого";"Профессии / Электрик / Ярославль";"https://dodelay.ru/podrabotka/yaroslavl/electrician";"Коммерческий";"НЧ"
"электрик в ярославле цены";"Профессии / Электрик / Ярославль";"https://dodelay.ru/podrabotka/yaroslavl/electrician";"Коммерческий";"НЧ"
"электрик в ярославле на дом";"Профессии / Электрик / Ярославль";"https://dodelay.ru/podrabotka/yaroslavl/electrician";"Коммерческий";"НЧ"
"нанять электрика в ярославле";"Профессии / Электрик / Ярославль";"https://dodelay.ru/podrabotka/yaroslavl/electrician";"Коммерческий";"НЧ"
"найти электрика в ярославле";"Профессии / Электрик / Ярославль";"https://dodelay.ru/podrabotka/yaroslavl/electrician";"Коммерческий";"НЧ"
"услуги электрика в ярославле";"Профессии / Электрик / Ярославль";"https://dodelay.ru/podrabotka/yaroslavl/electrician";"Коммерческий";"НЧ"
"электрик частник в ярославле";"Профессии / Электрик / Ярославль";"https://dodelay.ru/podrabotka/yaroslavl/electrician";"Коммерческий";"НЧ"
"электрик без посредников в ярославле";"Профессии / Электрик / Ярославль";"https://dodelay.ru/podrabotka/yaroslavl/electrician";"Коммерческий";"НЧ"
"работа электрик в ярославле";"Профессии / Электрик / Ярославль";"https://dodelay.ru/podrabotka/yaroslavl/electrician";"Вакансия";"СЧ"
"подработка электрик в ярославле";"Профессии / Электрик / Ярославль";"https://dodelay.ru/podrabotka/yaroslavl/electrician";"Вакансия";"НЧ"
"требуется электрик в ярославле";"Профессии / Электрик / Ярославль";"https://dodelay.ru/podrabotka/yaroslavl/electrician";"Вакансия";"НЧ"
"вакансия электрик в ярославле";"Профессии / Электрик / Ярославль";"https://dodelay.ru/podrabotka/yaroslavl/electrician";"Вакансия";"НЧ"
"электрик в рыбинске";"Профессии / Электрик / Рыбинск";"https://dodelay.ru/podrabotka/rybinsk/electrician";"Коммерческий";"СЧ"
"электрик рыбинск";"Профессии / Электрик / Рыбинск";"https://dodelay.ru/podrabotka/rybinsk/electrician";"Коммерческий";"СЧ"
"электромонтаж в рыбинске";"Профессии / Электрик / Рыбинск";"https://dodelay.ru/podrabotka/rybinsk/electrician";"Коммерческий";"СЧ"
"электромонтаж рыбинск";"Профессии / Электрик / Рыбинск";"https://dodelay.ru/podrabotka/rybinsk/electrician";"Коммерческий";"СЧ"
"электрик на дом в рыбинске";"Профессии / Электрик / Рыбинск";"https://dodelay.ru/podrabotka/rybinsk/electrician";"Коммерческий";"СЧ"
"электрик на дом рыбинск";"Профессии / Электрик / Рыбинск";"https://dodelay.ru/podrabotka/rybinsk/electrician";"Коммерческий";"СЧ"
"электромонтажные работы в рыбинске";"Профессии / Электрик / Рыбинск";"https://dodelay.ru/podrabotka/rybinsk/electrician";"Коммерческий";"СЧ"
"электромонтажные работы рыбинск";"Профессии / Электрик / Рыбинск";"https://dodelay.ru/podrabotka/rybinsk/electrician";"Коммерческий";"СЧ"
"вызвать электрика в рыбинске";"Профессии / Электрик / Рыбинск";"https://dodelay.ru/podrabotka/rybinsk/electrician";"Коммерческий";"СЧ"
"вызвать электрика рыбинск";"Профессии / Электрик / Рыбинск";"https://dodelay.ru/podrabotka/rybinsk/electrician";"Коммерческий";"СЧ"
"электрик в рыбинске недорого";"Профессии / Электрик / Рыбинск";"https://dodelay.ru/podrabotka/rybinsk/electrician";"Коммерческий";"НЧ"
"электрик в рыбинске цены";"Профессии / Электрик / Рыбинск";"https://dodelay.ru/podrabotka/rybinsk/electrician";"Коммерческий";"НЧ"
"электрик в рыбинске на дом";"Профессии / Электрик / Рыбинск";"https://dodelay.ru/podrabotka/rybinsk/electrician";"Коммерческий";"НЧ"
"нанять электрика в рыбинске";"Профессии / Электрик / Рыбинск";"https://dodelay.ru/podrabotka/rybinsk/electrician";"Коммерческий";"НЧ"
"найти электрика в рыбинске";"Профессии / Электрик / Рыбинск";"https://dodelay.ru/podrabotka/rybinsk/electrician";"Коммерческий";"НЧ"
"услуги электрика в рыбинске";"Профессии / Электрик / Рыбинск";"https://dodelay.ru/podrabotka/rybinsk/electrician";"Коммерческий";"НЧ"
"электрик частник в рыбинске";"Профессии / Электрик / Рыбинск";"https://dodelay.ru/podrabotka/rybinsk/electrician";"Коммерческий";"НЧ"
"электрик без посредников в рыбинске";"Профессии / Электрик / Рыбинск";"https://dodelay.ru/podrabotka/rybinsk/electrician";"Коммерческий";"НЧ"
"работа электрик в рыбинске";"Профессии / Электрик / Рыбинск";"https://dodelay.ru/podrabotka/rybinsk/electrician";"Вакансия";"СЧ"
"подработка электрик в рыбинске";"Профессии / Электрик / Рыбинск";"https://dodelay.ru/podrabotka/rybinsk/electrician";"Вакансия";"НЧ"
"требуется электрик в рыбинске";"Профессии / Электрик / Рыбинск";"https://dodelay.ru/podrabotka/rybinsk/electrician";"Вакансия";"НЧ"
"вакансия электрик в рыбинске";"Профессии / Электрик / Рыбинск";"https://dodelay.ru/podrabotka/rybinsk/electrician";"Вакансия";"НЧ"
"электрик в тутаеве";"Профессии / Электрик / Тутаев";"https://dodelay.ru/podrabotka/tutaev/electrician";"Коммерческий";"СЧ"
"электрик тутаев";"Профессии / Электрик / Тутаев";"https://dodelay.ru/podrabotka/tutaev/electrician";"Коммерческий";"СЧ"
"электромонтаж в тутаеве";"Профессии / Электрик / Тутаев";"https://dodelay.ru/podrabotka/tutaev/electrician";"Коммерческий";"СЧ"
"электромонтаж тутаев";"Профессии / Электрик / Тутаев";"https://dodelay.ru/podrabotka/tutaev/electrician";"Коммерческий";"СЧ"
"электрик на дом в тутаеве";"Профессии / Электрик / Тутаев";"https://dodelay.ru/podrabotka/tutaev/electrician";"Коммерческий";"СЧ"
"электрик на дом тутаев";"Профессии / Электрик / Тутаев";"https://dodelay.ru/podrabotka/tutaev/electrician";"Коммерческий";"СЧ"
"электромонтажные работы в тутаеве";"Профессии / Электрик / Тутаев";"https://dodelay.ru/podrabotka/tutaev/electrician";"Коммерческий";"СЧ"
"электромонтажные работы тутаев";"Профессии / Электрик / Тутаев";"https://dodelay.ru/podrabotka/tutaev/electrician";"Коммерческий";"СЧ"
"вызвать электрика в тутаеве";"Профессии / Электрик / Тутаев";"https://dodelay.ru/podrabotka/tutaev/electrician";"Коммерческий";"СЧ"
"вызвать электрика тутаев";"Профессии / Электрик / Тутаев";"https://dodelay.ru/podrabotka/tutaev/electrician";"Коммерческий";"СЧ"
"электрик в тутаеве недорого";"Профессии / Электрик / Тутаев";"https://dodelay.ru/podrabotka/tutaev/electrician";"Коммерческий";"НЧ"
"электрик в тутаеве цены";"Профессии / Электрик / Тутаев";"https://dodelay.ru/podrabotka/tutaev/electrician";"Коммерческий";"НЧ"
"электрик в тутаеве на дом";"Профессии / Электрик / Тутаев";"https://dodelay.ru/podrabotka/tutaev/electrician";"Коммерческий";"НЧ"
"нанять электрика в тутаеве";"Профессии / Электрик / Тутаев";"https://dodelay.ru/podrabotka/tutaev/electrician";"Коммерческий";"НЧ"
"найти электрика в тутаеве";"Профессии / Электрик / Тутаев";"https://dodelay.ru/podrabotka/tutaev/electrician";"Коммерческий";"НЧ"
"услуги электрика в тутаеве";"Профессии / Электрик / Тутаев";"https://dodelay.ru/podrabotka/tutaev/electrician";"Коммерческий";"НЧ"
"электрик частник в тутаеве";"Профессии / Электрик / Тутаев";"https://dodelay.ru/podrabotka/tutaev/electrician";"Коммерческий";"НЧ"
"электрик без посредников в тутаеве";"Профессии / Электрик / Тутаев";"https://dodelay.ru/podrabotka/tutaev/electrician";"Коммерческий";"НЧ"
"работа электрик в тутаеве";"Профессии / Электрик / Тутаев";"https://dodelay.ru/podrabotka/tutaev/electrician";"Вакансия";"СЧ"
"подработка электрик в тутаеве";"Профессии / Электрик / Тутаев";"https://dodelay.ru/podrabotka/tutaev/electrician";"Вакансия";"НЧ"
"требуется электрик в тутаеве";"Профессии / Электрик / Тутаев";"https://dodelay.ru/podrabotka/tutaev/electrician";"Вакансия";"НЧ"
"вакансия электрик в тутаеве";"Профессии / Электрик / Тутаев";"https://dodelay.ru/podrabotka/tutaev/electrician";"Вакансия";"НЧ"
"электрик в переславле-залесском";"Профессии / Электрик / Переславль-Залесский";"https://dodelay.ru/podrabotka/pereslavl/electrician";"Коммерческий";"СЧ"
"электрик переславль-залесский";"Профессии / Электрик / Переславль-Залесский";"https://dodelay.ru/podrabotka/pereslavl/electrician";"Коммерческий";"СЧ"
"электромонтаж в переславле-залесском";"Профессии / Электрик / Переславль-Залесский";"https://dodelay.ru/podrabotka/pereslavl/electrician";"Коммерческий";"СЧ"
"электромонтаж переславль-залесский";"Профессии / Электрик / Переславль-Залесский";"https://dodelay.ru/podrabotka/pereslavl/electrician";"Коммерческий";"СЧ"
"электрик на дом в переславле-залесском";"Профессии / Электрик / Переславль-Залесский";"https://dodelay.ru/podrabotka/pereslavl/electrician";"Коммерческий";"СЧ"
"электрик на дом переславль-залесский";"Профессии / Электрик / Переславль-Залесский";"https://dodelay.ru/podrabotka/pereslavl/electrician";"Коммерческий";"СЧ"
"электромонтажные работы в переславле-залесском";"Профессии / Электрик / Переславль-Залесский";"https://dodelay.ru/podrabotka/pereslavl/electrician";"Коммерческий";"СЧ"
"электромонтажные работы переславль-залесский";"Профессии / Электрик / Переславль-Залесский";"https://dodelay.ru/podrabotka/pereslavl/electrician";"Коммерческий";"СЧ"
"вызвать электрика в переславле-залесском";"Профессии / Электрик / Переславль-Залесский";"https://dodelay.ru/podrabotka/pereslavl/electrician";"Коммерческий";"СЧ"
"вызвать электрика переславль-залесский";"Профессии / Электрик / Переславль-Залесский";"https://dodelay.ru/podrabotka/pereslavl/electrician";"Коммерческий";"СЧ"
"электрик в переславле-залесском недорого";"Профессии / Электрик / Переславль-Залесский";"https://dodelay.ru/podrabotka/pereslavl/electrician";"Коммерческий";"НЧ"
"электрик в переславле-залесском цены";"Профессии / Электрик / Переславль-Залесский";"https://dodelay.ru/podrabotka/pereslavl/electrician";"Коммерческий";"НЧ"
"электрик в переславле-залесском на дом";"Профессии / Электрик / Переславль-Залесский";"https://dodelay.ru/podrabotka/pereslavl/electrician";"Коммерческий";"НЧ"
"нанять электрика в переславле-залесском";"Профессии / Электрик / Переславль-Залесский";"https://dodelay.ru/podrabotka/pereslavl/electrician";"Коммерческий";"НЧ"
"найти электрика в переславле-залесском";"Профессии / Электрик / Переславль-Залесский";"https://dodelay.ru/podrabotka/pereslavl/electrician";"Коммерческий";"НЧ"
"услуги электрика в переславле-залесском";"Профессии / Электрик / Переславль-Залесский";"https://dodelay.ru/podrabotka/pereslavl/electrician";"Коммерческий";"НЧ"
"электрик частник в переславле-залесском";"Профессии / Электрик / Переславль-Залесский";"https://dodelay.ru/podrabotka/pereslavl/electrician";"Коммерческий";"НЧ"
"электрик без посредников в переславле-залесском";"Профессии / Электрик / Переславль-Залесский";"https://dodelay.ru/podrabotka/pereslavl/electrician";"Коммерческий";"НЧ"
"работа электрик в переславле-залесском";"Профессии / Электрик / Переславль-Залесский";"https://dodelay.ru/podrabotka/pereslavl/electrician";"Вакансия";"СЧ"
"подработка электрик в переславле-залесском";"Профессии / Электрик / Переславль-Залесский";"https://dodelay.ru/podrabotka/pereslavl/electrician";"Вакансия";"НЧ"
"требуется электрик в переславле-залесском";"Профессии / Электрик / Переславль-Залесский";"https://dodelay.ru/podrabotka/pereslavl/electrician";"Вакансия";"НЧ"
"вакансия электрик в переславле-залесском";"Профессии / Электрик / Переславль-Залесский";"https://dodelay.ru/podrabotka/pereslavl/electrician";"Вакансия";"НЧ"
"электрик в угличе";"Профессии / Электрик / Углич";"https://dodelay.ru/podrabotka/uglich/electrician";"Коммерческий";"СЧ"
"электрик углич";"Профессии / Электрик / Углич";"https://dodelay.ru/podrabotka/uglich/electrician";"Коммерческий";"СЧ"
"электромонтаж в угличе";"Профессии / Электрик / Углич";"https://dodelay.ru/podrabotka/uglich/electrician";"Коммерческий";"СЧ"
"электромонтаж углич";"Профессии / Электрик / Углич";"https://dodelay.ru/podrabotka/uglich/electrician";"Коммерческий";"СЧ"
"электрик на дом в угличе";"Профессии / Электрик / Углич";"https://dodelay.ru/podrabotka/uglich/electrician";"Коммерческий";"СЧ"
"электрик на дом углич";"Профессии / Электрик / Углич";"https://dodelay.ru/podrabotka/uglich/electrician";"Коммерческий";"СЧ"
"электромонтажные работы в угличе";"Профессии / Электрик / Углич";"https://dodelay.ru/podrabotka/uglich/electrician";"Коммерческий";"СЧ"
"электромонтажные работы углич";"Профессии / Электрик / Углич";"https://dodelay.ru/podrabotka/uglich/electrician";"Коммерческий";"СЧ"
"вызвать электрика в угличе";"Профессии / Электрик / Углич";"https://dodelay.ru/podrabotka/uglich/electrician";"Коммерческий";"СЧ"
"вызвать электрика углич";"Профессии / Электрик / Углич";"https://dodelay.ru/podrabotka/uglich/electrician";"Коммерческий";"СЧ"
"электрик в угличе недорого";"Профессии / Электрик / Углич";"https://dodelay.ru/podrabotka/uglich/electrician";"Коммерческий";"НЧ"
"электрик в угличе цены";"Профессии / Электрик / Углич";"https://dodelay.ru/podrabotka/uglich/electrician";"Коммерческий";"НЧ"
"электрик в угличе на дом";"Профессии / Электрик / Углич";"https://dodelay.ru/podrabotka/uglich/electrician";"Коммерческий";"НЧ"
"нанять электрика в угличе";"Профессии / Электрик / Углич";"https://dodelay.ru/podrabotka/uglich/electrician";"Коммерческий";"НЧ"
"найти электрика в угличе";"Профессии / Электрик / Углич";"https://dodelay.ru/podrabotka/uglich/electrician";"Коммерческий";"НЧ"
"услуги электрика в угличе";"Профессии / Электрик / Углич";"https://dodelay.ru/podrabotka/uglich/electrician";"Коммерческий";"НЧ"
"электрик частник в угличе";"Профессии / Электрик / Углич";"https://dodelay.ru/podrabotka/uglich/electrician";"Коммерческий";"НЧ"
"электрик без посредников в угличе";"Профессии / Электрик / Углич";"https://dodelay.ru/podrabotka/uglich/electrician";"Коммерческий";"НЧ"
"работа электрик в угличе";"Профессии / Электрик / Углич";"https://dodelay.ru/podrabotka/uglich/electrician";"Вакансия";"СЧ"
"подработка электрик в угличе";"Профессии / Электрик / Углич";"https://dodelay.ru/podrabotka/uglich/electrician";"Вакансия";"НЧ"
"требуется электрик в угличе";"Профессии / Электрик / Углич";"https://dodelay.ru/podrabotka/uglich/electrician";"Вакансия";"НЧ"
"вакансия электрик в угличе";"Профессии / Электрик / Углич";"https://dodelay.ru/podrabotka/uglich/electrician";"Вакансия";"НЧ"
"электрик в ростове великом";"Профессии / Электрик / Ростов Великий";"https://dodelay.ru/podrabotka/rostov/electrician";"Коммерческий";"СЧ"
"электрик ростов великий";"Профессии / Электрик / Ростов Великий";"https://dodelay.ru/podrabotka/rostov/electrician";"Коммерческий";"СЧ"
"электромонтаж в ростове великом";"Профессии / Электрик / Ростов Великий";"https://dodelay.ru/podrabotka/rostov/electrician";"Коммерческий";"СЧ"
"электромонтаж ростов великий";"Профессии / Электрик / Ростов Великий";"https://dodelay.ru/podrabotka/rostov/electrician";"Коммерческий";"СЧ"
"электрик на дом в ростове великом";"Профессии / Электрик / Ростов Великий";"https://dodelay.ru/podrabotka/rostov/electrician";"Коммерческий";"СЧ"
"электрик на дом ростов великий";"Профессии / Электрик / Ростов Великий";"https://dodelay.ru/podrabotka/rostov/electrician";"Коммерческий";"СЧ"
"электромонтажные работы в ростове великом";"Профессии / Электрик / Ростов Великий";"https://dodelay.ru/podrabotka/rostov/electrician";"Коммерческий";"СЧ"
"электромонтажные работы ростов великий";"Профессии / Электрик / Ростов Великий";"https://dodelay.ru/podrabotka/rostov/electrician";"Коммерческий";"СЧ"
"вызвать электрика в ростове великом";"Профессии / Электрик / Ростов Великий";"https://dodelay.ru/podrabotka/rostov/electrician";"Коммерческий";"СЧ"
"вызвать электрика ростов великий";"Профессии / Электрик / Ростов Великий";"https://dodelay.ru/podrabotka/rostov/electrician";"Коммерческий";"СЧ"
"электрик в ростове великом недорого";"Профессии / Электрик / Ростов Великий";"https://dodelay.ru/podrabotka/rostov/electrician";"Коммерческий";"НЧ"
"электрик в ростове великом цены";"Профессии / Электрик / Ростов Великий";"https://dodelay.ru/podrabotka/rostov/electrician";"Коммерческий";"НЧ"
"электрик в ростове великом на дом";"Профессии / Электрик / Ростов Великий";"https://dodelay.ru/podrabotka/rostov/electrician";"Коммерческий";"НЧ"
"нанять электрика в ростове великом";"Профессии / Электрик / Ростов Великий";"https://dodelay.ru/podrabotka/rostov/electrician";"Коммерческий";"НЧ"
"найти электрика в ростове великом";"Профессии / Электрик / Ростов Великий";"https://dodelay.ru/podrabotka/rostov/electrician";"Коммерческий";"НЧ"
"услуги электрика в ростове великом";"Профессии / Электрик / Ростов Великий";"https://dodelay.ru/podrabotka/rostov/electrician";"Коммерческий";"НЧ"
"электрик частник в ростове великом";"Профессии / Электрик / Ростов Великий";"https://dodelay.ru/podrabotka/rostov/electrician";"Коммерческий";"НЧ"
"электрик без посредников в ростове великом";"Профессии / Электрик / Ростов Великий";"https://dodelay.ru/podrabotka/rostov/electrician";"Коммерческий";"НЧ"
"работа электрик в ростове великом";"Профессии / Электрик / Ростов Великий";"https://dodelay.ru/podrabotka/rostov/electrician";"Вакансия";"СЧ"
"подработка электрик в ростове великом";"Профессии / Электрик / Ростов Великий";"https://dodelay.ru/podrabotka/rostov/electrician";"Вакансия";"НЧ"
"требуется электрик в ростове великом";"Профессии / Электрик / Ростов Великий";"https://dodelay.ru/podrabotka/rostov/electrician";"Вакансия";"НЧ"
"вакансия электрик в ростове великом";"Профессии / Электрик / Ростов Великий";"https://dodelay.ru/podrabotka/rostov/electrician";"Вакансия";"НЧ"
"замена розетки или выключателя в ярославле";"Профессии / Электрик / Задачи";"https://dodelay.ru/podrabotka/yaroslavl/electrician";"Инфо";"НЧ"
"замена розетки или выключателя цена";"Профессии / Электрик / Задачи";"https://dodelay.ru/podrabotka/yaroslavl/electrician";"Инфо";"НЧ"
"сколько стоит замена розетки или выключателя";"Профессии / Электрик / Задачи";"https://dodelay.ru/podrabotka/yaroslavl/electrician";"Инфо";"НЧ"
"установка люстры в ярославле";"Профессии / Электрик / Задачи";"https://dodelay.ru/podrabotka/yaroslavl/electrician";"Инфо";"НЧ"
"установка люстры цена";"Профессии / Электрик / Задачи";"https://dodelay.ru/podrabotka/yaroslavl/electrician";"Инфо";"НЧ"
"сколько стоит установка люстры";"Профессии / Электрик / Задачи";"https://dodelay.ru/podrabotka/yaroslavl/electrician";"Инфо";"НЧ"
"замена автомата в щитке в ярославле";"Профессии / Электрик / Задачи";"https://dodelay.ru/podrabotka/yaroslavl/electrician";"Инфо";"НЧ"
"замена автомата в щитке цена";"Профессии / Электрик / Задачи";"https://dodelay.ru/podrabotka/yaroslavl/electrician";"Инфо";"НЧ"
"сколько стоит замена автомата в щитке";"Профессии / Электрик / Задачи";"https://dodelay.ru/podrabotka/yaroslavl/electrician";"Инфо";"НЧ"
"разводка проводки в квартире в ярославле";"Профессии / Электрик / Задачи";"https://dodelay.ru/podrabotka/yaroslavl/electrician";"Инфо";"НЧ"
"разводка проводки в квартире цена";"Профессии / Электрик / Задачи";"https://dodelay.ru/podrabotka/yaroslavl/electrician";"Инфо";"НЧ"
"сколько стоит разводка проводки в квартире";"Профессии / Электрик / Задачи";"https://dodelay.ru/podrabotka/yaroslavl/electrician";"Инфо";"НЧ"
"сантехник в ярославле";"Профессии / Сантехник / Ярославль";"https://dodelay.ru/podrabotka/yaroslavl/plumber";"Коммерческий";"СЧ"
"сантехник ярославль";"Профессии / Сантехник / Ярославль";"https://dodelay.ru/podrabotka/yaroslavl/plumber";"Коммерческий";"СЧ"
"сантехнические работы в ярославле";"Профессии / Сантехник / Ярославль";"https://dodelay.ru/podrabotka/yaroslavl/plumber";"Коммерческий";"СЧ"
"сантехнические работы ярославль";"Профессии / Сантехник / Ярославль";"https://dodelay.ru/podrabotka/yaroslavl/plumber";"Коммерческий";"СЧ"
"водопроводчик в ярославле";"Профессии / Сантехник / Ярославль";"https://dodelay.ru/podrabotka/yaroslavl/plumber";"Коммерческий";"СЧ"
"водопроводчик ярославль";"Профессии / Сантехник / Ярославль";"https://dodelay.ru/podrabotka/yaroslavl/plumber";"Коммерческий";"СЧ"
"сантехник на дом в ярославле";"Профессии / Сантехник / Ярославль";"https://dodelay.ru/podrabotka/yaroslavl/plumber";"Коммерческий";"СЧ"
"сантехник на дом ярославль";"Профессии / Сантехник / Ярославль";"https://dodelay.ru/podrabotka/yaroslavl/plumber";"Коммерческий";"СЧ"
"установка сантехники в ярославле";"Профессии / Сантехник / Ярославль";"https://dodelay.ru/podrabotka/yaroslavl/plumber";"Коммерческий";"СЧ"
"установка сантехники ярославль";"Профессии / Сантехник / Ярославль";"https://dodelay.ru/podrabotka/yaroslavl/plumber";"Коммерческий";"СЧ"
"сантехник в ярославле недорого";"Профессии / Сантехник / Ярославль";"https://dodelay.ru/podrabotka/yaroslavl/plumber";"Коммерческий";"НЧ"
"сантехник в ярославле цены";"Профессии / Сантехник / Ярославль";"https://dodelay.ru/podrabotka/yaroslavl/plumber";"Коммерческий";"НЧ"
"сантехник в ярославле на дом";"Профессии / Сантехник / Ярославль";"https://dodelay.ru/podrabotka/yaroslavl/plumber";"Коммерческий";"НЧ"
"вызвать сантехника в ярославле";"Профессии / Сантехник / Ярославль";"https://dodelay.ru/podrabotka/yaroslavl/plumber";"Коммерческий";"НЧ"
"нанять сантехника в ярославле";"Профессии / Сантехник / Ярославль";"https://dodelay.ru/podrabotka/yaroslavl/plumber";"Коммерческий";"НЧ"
"найти сантехника в ярославле";"Профессии / Сантехник / Ярославль";"https://dodelay.ru/podrabotka/yaroslavl/plumber";"Коммерческий";"НЧ"
"услуги сантехника в ярославле";"Профессии / Сантехник / Ярославль";"https://dodelay.ru/podrabotka/yaroslavl/plumber";"Коммерческий";"НЧ"
"сантехник частник в ярославле";"Профессии / Сантехник / Ярославль";"https://dodelay.ru/podrabotka/yaroslavl/plumber";"Коммерческий";"НЧ"
"сантехник без посредников в ярославле";"Профессии / Сантехник / Ярославль";"https://dodelay.ru/podrabotka/yaroslavl/plumber";"Коммерческий";"НЧ"
"работа сантехник в ярославле";"Профессии / Сантехник / Ярославль";"https://dodelay.ru/podrabotka/yaroslavl/plumber";"Вакансия";"СЧ"
"подработка сантехник в ярославле";"Профессии / Сантехник / Ярославль";"https://dodelay.ru/podrabotka/yaroslavl/plumber";"Вакансия";"НЧ"
"требуется сантехник в ярославле";"Профессии / Сантехник / Ярославль";"https://dodelay.ru/podrabotka/yaroslavl/plumber";"Вакансия";"НЧ"
"вакансия сантехник в ярославле";"Профессии / Сантехник / Ярославль";"https://dodelay.ru/podrabotka/yaroslavl/plumber";"Вакансия";"НЧ"
"сантехник в рыбинске";"Профессии / Сантехник / Рыбинск";"https://dodelay.ru/podrabotka/rybinsk/plumber";"Коммерческий";"СЧ"
"сантехник рыбинск";"Профессии / Сантехник / Рыбинск";"https://dodelay.ru/podrabotka/rybinsk/plumber";"Коммерческий";"СЧ"
"сантехнические работы в рыбинске";"Профессии / Сантехник / Рыбинск";"https://dodelay.ru/podrabotka/rybinsk/plumber";"Коммерческий";"СЧ"
"сантехнические работы рыбинск";"Профессии / Сантехник / Рыбинск";"https://dodelay.ru/podrabotka/rybinsk/plumber";"Коммерческий";"СЧ"
"водопроводчик в рыбинске";"Профессии / Сантехник / Рыбинск";"https://dodelay.ru/podrabotka/rybinsk/plumber";"Коммерческий";"СЧ"
"водопроводчик рыбинск";"Профессии / Сантехник / Рыбинск";"https://dodelay.ru/podrabotka/rybinsk/plumber";"Коммерческий";"СЧ"
"сантехник на дом в рыбинске";"Профессии / Сантехник / Рыбинск";"https://dodelay.ru/podrabotka/rybinsk/plumber";"Коммерческий";"СЧ"
"сантехник на дом рыбинск";"Профессии / Сантехник / Рыбинск";"https://dodelay.ru/podrabotka/rybinsk/plumber";"Коммерческий";"СЧ"
"установка сантехники в рыбинске";"Профессии / Сантехник / Рыбинск";"https://dodelay.ru/podrabotka/rybinsk/plumber";"Коммерческий";"СЧ"
"установка сантехники рыбинск";"Профессии / Сантехник / Рыбинск";"https://dodelay.ru/podrabotka/rybinsk/plumber";"Коммерческий";"СЧ"
"сантехник в рыбинске недорого";"Профессии / Сантехник / Рыбинск";"https://dodelay.ru/podrabotka/rybinsk/plumber";"Коммерческий";"НЧ"
"сантехник в рыбинске цены";"Профессии / Сантехник / Рыбинск";"https://dodelay.ru/podrabotka/rybinsk/plumber";"Коммерческий";"НЧ"
"сантехник в рыбинске на дом";"Профессии / Сантехник / Рыбинск";"https://dodelay.ru/podrabotka/rybinsk/plumber";"Коммерческий";"НЧ"
"вызвать сантехника в рыбинске";"Профессии / Сантехник / Рыбинск";"https://dodelay.ru/podrabotka/rybinsk/plumber";"Коммерческий";"НЧ"
"нанять сантехника в рыбинске";"Профессии / Сантехник / Рыбинск";"https://dodelay.ru/podrabotka/rybinsk/plumber";"Коммерческий";"НЧ"
"найти сантехника в рыбинске";"Профессии / Сантехник / Рыбинск";"https://dodelay.ru/podrabotka/rybinsk/plumber";"Коммерческий";"НЧ"
"услуги сантехника в рыбинске";"Профессии / Сантехник / Рыбинск";"https://dodelay.ru/podrabotka/rybinsk/plumber";"Коммерческий";"НЧ"
"сантехник частник в рыбинске";"Профессии / Сантехник / Рыбинск";"https://dodelay.ru/podrabotka/rybinsk/plumber";"Коммерческий";"НЧ"
"сантехник без посредников в рыбинске";"Профессии / Сантехник / Рыбинск";"https://dodelay.ru/podrabotka/rybinsk/plumber";"Коммерческий";"НЧ"
"работа сантехник в рыбинске";"Профессии / Сантехник / Рыбинск";"https://dodelay.ru/podrabotka/rybinsk/plumber";"Вакансия";"СЧ"
"подработка сантехник в рыбинске";"Профессии / Сантехник / Рыбинск";"https://dodelay.ru/podrabotka/rybinsk/plumber";"Вакансия";"НЧ"
"требуется сантехник в рыбинске";"Профессии / Сантехник / Рыбинск";"https://dodelay.ru/podrabotka/rybinsk/plumber";"Вакансия";"НЧ"
"вакансия сантехник в рыбинске";"Профессии / Сантехник / Рыбинск";"https://dodelay.ru/podrabotka/rybinsk/plumber";"Вакансия";"НЧ"
"сантехник в тутаеве";"Профессии / Сантехник / Тутаев";"https://dodelay.ru/podrabotka/tutaev/plumber";"Коммерческий";"СЧ"
"сантехник тутаев";"Профессии / Сантехник / Тутаев";"https://dodelay.ru/podrabotka/tutaev/plumber";"Коммерческий";"СЧ"
"сантехнические работы в тутаеве";"Профессии / Сантехник / Тутаев";"https://dodelay.ru/podrabotka/tutaev/plumber";"Коммерческий";"СЧ"
"сантехнические работы тутаев";"Профессии / Сантехник / Тутаев";"https://dodelay.ru/podrabotka/tutaev/plumber";"Коммерческий";"СЧ"
"водопроводчик в тутаеве";"Профессии / Сантехник / Тутаев";"https://dodelay.ru/podrabotka/tutaev/plumber";"Коммерческий";"СЧ"
"водопроводчик тутаев";"Профессии / Сантехник / Тутаев";"https://dodelay.ru/podrabotka/tutaev/plumber";"Коммерческий";"СЧ"
"сантехник на дом в тутаеве";"Профессии / Сантехник / Тутаев";"https://dodelay.ru/podrabotka/tutaev/plumber";"Коммерческий";"СЧ"
"сантехник на дом тутаев";"Профессии / Сантехник / Тутаев";"https://dodelay.ru/podrabotka/tutaev/plumber";"Коммерческий";"СЧ"
"установка сантехники в тутаеве";"Профессии / Сантехник / Тутаев";"https://dodelay.ru/podrabotka/tutaev/plumber";"Коммерческий";"СЧ"
"установка сантехники тутаев";"Профессии / Сантехник / Тутаев";"https://dodelay.ru/podrabotka/tutaev/plumber";"Коммерческий";"СЧ"
"сантехник в тутаеве недорого";"Профессии / Сантехник / Тутаев";"https://dodelay.ru/podrabotka/tutaev/plumber";"Коммерческий";"НЧ"
"сантехник в тутаеве цены";"Профессии / Сантехник / Тутаев";"https://dodelay.ru/podrabotka/tutaev/plumber";"Коммерческий";"НЧ"
"сантехник в тутаеве на дом";"Профессии / Сантехник / Тутаев";"https://dodelay.ru/podrabotka/tutaev/plumber";"Коммерческий";"НЧ"
"вызвать сантехника в тутаеве";"Профессии / Сантехник / Тутаев";"https://dodelay.ru/podrabotka/tutaev/plumber";"Коммерческий";"НЧ"
"нанять сантехника в тутаеве";"Профессии / Сантехник / Тутаев";"https://dodelay.ru/podrabotka/tutaev/plumber";"Коммерческий";"НЧ"
"найти сантехника в тутаеве";"Профессии / Сантехник / Тутаев";"https://dodelay.ru/podrabotka/tutaev/plumber";"Коммерческий";"НЧ"
"услуги сантехника в тутаеве";"Профессии / Сантехник / Тутаев";"https://dodelay.ru/podrabotka/tutaev/plumber";"Коммерческий";"НЧ"
"сантехник частник в тутаеве";"Профессии / Сантехник / Тутаев";"https://dodelay.ru/podrabotka/tutaev/plumber";"Коммерческий";"НЧ"
"сантехник без посредников в тутаеве";"Профессии / Сантехник / Тутаев";"https://dodelay.ru/podrabotka/tutaev/plumber";"Коммерческий";"НЧ"
"работа сантехник в тутаеве";"Профессии / Сантехник / Тутаев";"https://dodelay.ru/podrabotka/tutaev/plumber";"Вакансия";"СЧ"
"подработка сантехник в тутаеве";"Профессии / Сантехник / Тутаев";"https://dodelay.ru/podrabotka/tutaev/plumber";"Вакансия";"НЧ"
"требуется сантехник в тутаеве";"Профессии / Сантехник / Тутаев";"https://dodelay.ru/podrabotka/tutaev/plumber";"Вакансия";"НЧ"
"вакансия сантехник в тутаеве";"Профессии / Сантехник / Тутаев";"https://dodelay.ru/podrabotka/tutaev/plumber";"Вакансия";"НЧ"
"сантехник в переславле-залесском";"Профессии / Сантехник / Переславль-Залесский";"https://dodelay.ru/podrabotka/pereslavl/plumber";"Коммерческий";"СЧ"
"сантехник переславль-залесский";"Профессии / Сантехник / Переславль-Залесский";"https://dodelay.ru/podrabotka/pereslavl/plumber";"Коммерческий";"СЧ"
"сантехнические работы в переславле-залесском";"Профессии / Сантехник / Переславль-Залесский";"https://dodelay.ru/podrabotka/pereslavl/plumber";"Коммерческий";"СЧ"
"сантехнические работы переславль-залесский";"Профессии / Сантехник / Переславль-Залесский";"https://dodelay.ru/podrabotka/pereslavl/plumber";"Коммерческий";"СЧ"
"водопроводчик в переславле-залесском";"Профессии / Сантехник / Переславль-Залесский";"https://dodelay.ru/podrabotka/pereslavl/plumber";"Коммерческий";"СЧ"
"водопроводчик переславль-залесский";"Профессии / Сантехник / Переславль-Залесский";"https://dodelay.ru/podrabotka/pereslavl/plumber";"Коммерческий";"СЧ"
"сантехник на дом в переславле-залесском";"Профессии / Сантехник / Переславль-Залесский";"https://dodelay.ru/podrabotka/pereslavl/plumber";"Коммерческий";"СЧ"
"сантехник на дом переславль-залесский";"Профессии / Сантехник / Переславль-Залесский";"https://dodelay.ru/podrabotka/pereslavl/plumber";"Коммерческий";"СЧ"
"установка сантехники в переславле-залесском";"Профессии / Сантехник / Переславль-Залесский";"https://dodelay.ru/podrabotka/pereslavl/plumber";"Коммерческий";"СЧ"
"установка сантехники переславль-залесский";"Профессии / Сантехник / Переславль-Залесский";"https://dodelay.ru/podrabotka/pereslavl/plumber";"Коммерческий";"СЧ"
"сантехник в переславле-залесском недорого";"Профессии / Сантехник / Переславль-Залесский";"https://dodelay.ru/podrabotka/pereslavl/plumber";"Коммерческий";"НЧ"
"сантехник в переславле-залесском цены";"Профессии / Сантехник / Переславль-Залесский";"https://dodelay.ru/podrabotka/pereslavl/plumber";"Коммерческий";"НЧ"
"сантехник в переславле-залесском на дом";"Профессии / Сантехник / Переславль-Залесский";"https://dodelay.ru/podrabotka/pereslavl/plumber";"Коммерческий";"НЧ"
"вызвать сантехника в переславле-залесском";"Профессии / Сантехник / Переславль-Залесский";"https://dodelay.ru/podrabotka/pereslavl/plumber";"Коммерческий";"НЧ"
"нанять сантехника в переславле-залесском";"Профессии / Сантехник / Переславль-Залесский";"https://dodelay.ru/podrabotka/pereslavl/plumber";"Коммерческий";"НЧ"
"найти сантехника в переславле-залесском";"Профессии / Сантехник / Переславль-Залесский";"https://dodelay.ru/podrabotka/pereslavl/plumber";"Коммерческий";"НЧ"
"услуги сантехника в переславле-залесском";"Профессии / Сантехник / Переславль-Залесский";"https://dodelay.ru/podrabotka/pereslavl/plumber";"Коммерческий";"НЧ"
"сантехник частник в переславле-залесском";"Профессии / Сантехник / Переславль-Залесский";"https://dodelay.ru/podrabotka/pereslavl/plumber";"Коммерческий";"НЧ"
"сантехник без посредников в переславле-залесском";"Профессии / Сантехник / Переславль-Залесский";"https://dodelay.ru/podrabotka/pereslavl/plumber";"Коммерческий";"НЧ"
"работа сантехник в переславле-залесском";"Профессии / Сантехник / Переславль-Залесский";"https://dodelay.ru/podrabotka/pereslavl/plumber";"Вакансия";"СЧ"
"подработка сантехник в переславле-залесском";"Профессии / Сантехник / Переславль-Залесский";"https://dodelay.ru/podrabotka/pereslavl/plumber";"Вакансия";"НЧ"
"требуется сантехник в переславле-залесском";"Профессии / Сантехник / Переславль-Залесский";"https://dodelay.ru/podrabotka/pereslavl/plumber";"Вакансия";"НЧ"
"вакансия сантехник в переславле-залесском";"Профессии / Сантехник / Переславль-Залесский";"https://dodelay.ru/podrabotka/pereslavl/plumber";"Вакансия";"НЧ"
"сантехник в угличе";"Профессии / Сантехник / Углич";"https://dodelay.ru/podrabotka/uglich/plumber";"Коммерческий";"СЧ"
"сантехник углич";"Профессии / Сантехник / Углич";"https://dodelay.ru/podrabotka/uglich/plumber";"Коммерческий";"СЧ"
"сантехнические работы в угличе";"Профессии / Сантехник / Углич";"https://dodelay.ru/podrabotka/uglich/plumber";"Коммерческий";"СЧ"
"сантехнические работы углич";"Профессии / Сантехник / Углич";"https://dodelay.ru/podrabotka/uglich/plumber";"Коммерческий";"СЧ"
"водопроводчик в угличе";"Профессии / Сантехник / Углич";"https://dodelay.ru/podrabotka/uglich/plumber";"Коммерческий";"СЧ"
"водопроводчик углич";"Профессии / Сантехник / Углич";"https://dodelay.ru/podrabotka/uglich/plumber";"Коммерческий";"СЧ"
"сантехник на дом в угличе";"Профессии / Сантехник / Углич";"https://dodelay.ru/podrabotka/uglich/plumber";"Коммерческий";"СЧ"
"сантехник на дом углич";"Профессии / Сантехник / Углич";"https://dodelay.ru/podrabotka/uglich/plumber";"Коммерческий";"СЧ"
"установка сантехники в угличе";"Профессии / Сантехник / Углич";"https://dodelay.ru/podrabotka/uglich/plumber";"Коммерческий";"СЧ"
"установка сантехники углич";"Профессии / Сантехник / Углич";"https://dodelay.ru/podrabotka/uglich/plumber";"Коммерческий";"СЧ"
"сантехник в угличе недорого";"Профессии / Сантехник / Углич";"https://dodelay.ru/podrabotka/uglich/plumber";"Коммерческий";"НЧ"
"сантехник в угличе цены";"Профессии / Сантехник / Углич";"https://dodelay.ru/podrabotka/uglich/plumber";"Коммерческий";"НЧ"
"сантехник в угличе на дом";"Профессии / Сантехник / Углич";"https://dodelay.ru/podrabotka/uglich/plumber";"Коммерческий";"НЧ"
"вызвать сантехника в угличе";"Профессии / Сантехник / Углич";"https://dodelay.ru/podrabotka/uglich/plumber";"Коммерческий";"НЧ"
"нанять сантехника в угличе";"Профессии / Сантехник / Углич";"https://dodelay.ru/podrabotka/uglich/plumber";"Коммерческий";"НЧ"
"найти сантехника в угличе";"Профессии / Сантехник / Углич";"https://dodelay.ru/podrabotka/uglich/plumber";"Коммерческий";"НЧ"
"услуги сантехника в угличе";"Профессии / Сантехник / Углич";"https://dodelay.ru/podrabotka/uglich/plumber";"Коммерческий";"НЧ"
"сантехник частник в угличе";"Профессии / Сантехник / Углич";"https://dodelay.ru/podrabotka/uglich/plumber";"Коммерческий";"НЧ"
"сантехник без посредников в угличе";"Профессии / Сантехник / Углич";"https://dodelay.ru/podrabotka/uglich/plumber";"Коммерческий";"НЧ"
"работа сантехник в угличе";"Профессии / Сантехник / Углич";"https://dodelay.ru/podrabotka/uglich/plumber";"Вакансия";"СЧ"
"подработка сантехник в угличе";"Профессии / Сантехник / Углич";"https://dodelay.ru/podrabotka/uglich/plumber";"Вакансия";"НЧ"
"требуется сантехник в угличе";"Профессии / Сантехник / Углич";"https://dodelay.ru/podrabotka/uglich/plumber";"Вакансия";"НЧ"
"вакансия сантехник в угличе";"Профессии / Сантехник / Углич";"https://dodelay.ru/podrabotka/uglich/plumber";"Вакансия";"НЧ"
"сантехник в ростове великом";"Профессии / Сантехник / Ростов Великий";"https://dodelay.ru/podrabotka/rostov/plumber";"Коммерческий";"СЧ"
"сантехник ростов великий";"Профессии / Сантехник / Ростов Великий";"https://dodelay.ru/podrabotka/rostov/plumber";"Коммерческий";"СЧ"
"сантехнические работы в ростове великом";"Профессии / Сантехник / Ростов Великий";"https://dodelay.ru/podrabotka/rostov/plumber";"Коммерческий";"СЧ"
"сантехнические работы ростов великий";"Профессии / Сантехник / Ростов Великий";"https://dodelay.ru/podrabotka/rostov/plumber";"Коммерческий";"СЧ"
"водопроводчик в ростове великом";"Профессии / Сантехник / Ростов Великий";"https://dodelay.ru/podrabotka/rostov/plumber";"Коммерческий";"СЧ"
"водопроводчик ростов великий";"Профессии / Сантехник / Ростов Великий";"https://dodelay.ru/podrabotka/rostov/plumber";"Коммерческий";"СЧ"
"сантехник на дом в ростове великом";"Профессии / Сантехник / Ростов Великий";"https://dodelay.ru/podrabotka/rostov/plumber";"Коммерческий";"СЧ"
"сантехник на дом ростов великий";"Профессии / Сантехник / Ростов Великий";"https://dodelay.ru/podrabotka/rostov/plumber";"Коммерческий";"СЧ"
"установка сантехники в ростове великом";"Профессии / Сантехник / Ростов Великий";"https://dodelay.ru/podrabotka/rostov/plumber";"Коммерческий";"СЧ"
"установка сантехники ростов великий";"Профессии / Сантехник / Ростов Великий";"https://dodelay.ru/podrabotka/rostov/plumber";"Коммерческий";"СЧ"
"сантехник в ростове великом недорого";"Профессии / Сантехник / Ростов Великий";"https://dodelay.ru/podrabotka/rostov/plumber";"Коммерческий";"НЧ"
"сантехник в ростове великом цены";"Профессии / Сантехник / Ростов Великий";"https://dodelay.ru/podrabotka/rostov/plumber";"Коммерческий";"НЧ"
"сантехник в ростове великом на дом";"Профессии / Сантехник / Ростов Великий";"https://dodelay.ru/podrabotka/rostov/plumber";"Коммерческий";"НЧ"
"вызвать сантехника в ростове великом";"Профессии / Сантехник / Ростов Великий";"https://dodelay.ru/podrabotka/rostov/plumber";"Коммерческий";"НЧ"
"нанять сантехника в ростове великом";"Профессии / Сантехник / Ростов Великий";"https://dodelay.ru/podrabotka/rostov/plumber";"Коммерческий";"НЧ"
"найти сантехника в ростове великом";"Профессии / Сантехник / Ростов Великий";"https://dodelay.ru/podrabotka/rostov/plumber";"Коммерческий";"НЧ"
"услуги сантехника в ростове великом";"Профессии / Сантехник / Ростов Великий";"https://dodelay.ru/podrabotka/rostov/plumber";"Коммерческий";"НЧ"
"сантехник частник в ростове великом";"Профессии / Сантехник / Ростов Великий";"https://dodelay.ru/podrabotka/rostov/plumber";"Коммерческий";"НЧ"
"сантехник без посредников в ростове великом";"Профессии / Сантехник / Ростов Великий";"https://dodelay.ru/podrabotka/rostov/plumber";"Коммерческий";"НЧ"
"работа сантехник в ростове великом";"Профессии / Сантехник / Ростов Великий";"https://dodelay.ru/podrabotka/rostov/plumber";"Вакансия";"СЧ"
"подработка сантехник в ростове великом";"Профессии / Сантехник / Ростов Великий";"https://dodelay.ru/podrabotka/rostov/plumber";"Вакансия";"НЧ"
"требуется сантехник в ростове великом";"Профессии / Сантехник / Ростов Великий";"https://dodelay.ru/podrabotka/rostov/plumber";"Вакансия";"НЧ"
"вакансия сантехник в ростове великом";"Профессии / Сантехник / Ростов Великий";"https://dodelay.ru/podrabotka/rostov/plumber";"Вакансия";"НЧ"
"замена смесителя в ярославле";"Профессии / Сантехник / Задачи";"https://dodelay.ru/podrabotka/yaroslavl/plumber";"Инфо";"НЧ"
"замена смесителя цена";"Профессии / Сантехник / Задачи";"https://dodelay.ru/podrabotka/yaroslavl/plumber";"Инфо";"НЧ"
"сколько стоит замена смесителя";"Профессии / Сантехник / Задачи";"https://dodelay.ru/podrabotka/yaroslavl/plumber";"Инфо";"НЧ"
"устранение засора в ярославле";"Профессии / Сантехник / Задачи";"https://dodelay.ru/podrabotka/yaroslavl/plumber";"Инфо";"НЧ"
"устранение засора цена";"Профессии / Сантехник / Задачи";"https://dodelay.ru/podrabotka/yaroslavl/plumber";"Инфо";"НЧ"
"сколько стоит устранение засора";"Профессии / Сантехник / Задачи";"https://dodelay.ru/podrabotka/yaroslavl/plumber";"Инфо";"НЧ"
"установка унитаза в ярославле";"Профессии / Сантехник / Задачи";"https://dodelay.ru/podrabotka/yaroslavl/plumber";"Инфо";"НЧ"
"установка унитаза цена";"Профессии / Сантехник / Задачи";"https://dodelay.ru/podrabotka/yaroslavl/plumber";"Инфо";"НЧ"
"сколько стоит установка унитаза";"Профессии / Сантехник / Задачи";"https://dodelay.ru/podrabotka/yaroslavl/plumber";"Инфо";"НЧ"
"подключение стиральной машины в ярославле";"Профессии / Сантехник / Задачи";"https://dodelay.ru/podrabotka/yaroslavl/plumber";"Инфо";"НЧ"
"подключение стиральной машины цена";"Профессии / Сантехник / Задачи";"https://dodelay.ru/podrabotka/yaroslavl/plumber";"Инфо";"НЧ"
"сколько стоит подключение стиральной машины";"Профессии / Сантехник / Задачи";"https://dodelay.ru/podrabotka/yaroslavl/plumber";"Инфо";"НЧ"
"сборка мебели в ярославле";"Профессии / Сборка мебели / Ярославль";"https://dodelay.ru/podrabotka/yaroslavl/furniture";"Коммерческий";"СЧ"
"сборка мебели ярославль";"Профессии / Сборка мебели / Ярославль";"https://dodelay.ru/podrabotka/yaroslavl/furniture";"Коммерческий";"СЧ"
"сборщик мебели в ярославле";"Профессии / Сборка мебели / Ярославль";"https://dodelay.ru/podrabotka/yaroslavl/furniture";"Коммерческий";"СЧ"
"сборщик мебели ярославль";"Профессии / Сборка мебели / Ярославль";"https://dodelay.ru/podrabotka/yaroslavl/furniture";"Коммерческий";"СЧ"
"сборка шкафов в ярославле";"Профессии / Сборка мебели / Ярославль";"https://dodelay.ru/podrabotka/yaroslavl/furniture";"Коммерческий";"СЧ"
"сборка шкафов ярославль";"Профессии / Сборка мебели / Ярославль";"https://dodelay.ru/podrabotka/yaroslavl/furniture";"Коммерческий";"СЧ"
"сборка кухни в ярославле";"Профессии / Сборка мебели / Ярославль";"https://dodelay.ru/podrabotka/yaroslavl/furniture";"Коммерческий";"СЧ"
"сборка кухни ярославль";"Профессии / Сборка мебели / Ярославль";"https://dodelay.ru/podrabotka/yaroslavl/furniture";"Коммерческий";"СЧ"
"монтаж мебели в ярославле";"Профессии / Сборка мебели / Ярославль";"https://dodelay.ru/podrabotka/yaroslavl/furniture";"Коммерческий";"СЧ"
"монтаж мебели ярославль";"Профессии / Сборка мебели / Ярославль";"https://dodelay.ru/podrabotka/yaroslavl/furniture";"Коммерческий";"СЧ"
"сборка мебели в ярославле недорого";"Профессии / Сборка мебели / Ярославль";"https://dodelay.ru/podrabotka/yaroslavl/furniture";"Коммерческий";"НЧ"
"сборка мебели в ярославле цены";"Профессии / Сборка мебели / Ярославль";"https://dodelay.ru/podrabotka/yaroslavl/furniture";"Коммерческий";"НЧ"
"сборка мебели в ярославле на дом";"Профессии / Сборка мебели / Ярославль";"https://dodelay.ru/podrabotka/yaroslavl/furniture";"Коммерческий";"НЧ"
"вызвать сборщика мебели в ярославле";"Профессии / Сборка мебели / Ярославль";"https://dodelay.ru/podrabotka/yaroslavl/furniture";"Коммерческий";"НЧ"
"нанять сборщика мебели в ярославле";"Профессии / Сборка мебели / Ярославль";"https://dodelay.ru/podrabotka/yaroslavl/furniture";"Коммерческий";"НЧ"
"найти сборщика мебели в ярославле";"Профессии / Сборка мебели / Ярославль";"https://dodelay.ru/podrabotka/yaroslavl/furniture";"Коммерческий";"НЧ"
"услуги сборщика мебели в ярославле";"Профессии / Сборка мебели / Ярославль";"https://dodelay.ru/podrabotka/yaroslavl/furniture";"Коммерческий";"НЧ"
"сборка мебели частник в ярославле";"Профессии / Сборка мебели / Ярославль";"https://dodelay.ru/podrabotka/yaroslavl/furniture";"Коммерческий";"НЧ"
"сборка мебели без посредников в ярославле";"Профессии / Сборка мебели / Ярославль";"https://dodelay.ru/podrabotka/yaroslavl/furniture";"Коммерческий";"НЧ"
"работа сборка мебели в ярославле";"Профессии / Сборка мебели / Ярославль";"https://dodelay.ru/podrabotka/yaroslavl/furniture";"Вакансия";"СЧ"
"подработка сборка мебели в ярославле";"Профессии / Сборка мебели / Ярославль";"https://dodelay.ru/podrabotka/yaroslavl/furniture";"Вакансия";"НЧ"
"требуется сборка мебели в ярославле";"Профессии / Сборка мебели / Ярославль";"https://dodelay.ru/podrabotka/yaroslavl/furniture";"Вакансия";"НЧ"
"вакансия сборка мебели в ярославле";"Профессии / Сборка мебели / Ярославль";"https://dodelay.ru/podrabotka/yaroslavl/furniture";"Вакансия";"НЧ"
"сборка мебели в рыбинске";"Профессии / Сборка мебели / Рыбинск";"https://dodelay.ru/podrabotka/rybinsk/furniture";"Коммерческий";"СЧ"
"сборка мебели рыбинск";"Профессии / Сборка мебели / Рыбинск";"https://dodelay.ru/podrabotka/rybinsk/furniture";"Коммерческий";"СЧ"
"сборщик мебели в рыбинске";"Профессии / Сборка мебели / Рыбинск";"https://dodelay.ru/podrabotka/rybinsk/furniture";"Коммерческий";"СЧ"
"сборщик мебели рыбинск";"Профессии / Сборка мебели / Рыбинск";"https://dodelay.ru/podrabotka/rybinsk/furniture";"Коммерческий";"СЧ"
"сборка шкафов в рыбинске";"Профессии / Сборка мебели / Рыбинск";"https://dodelay.ru/podrabotka/rybinsk/furniture";"Коммерческий";"СЧ"
"сборка шкафов рыбинск";"Профессии / Сборка мебели / Рыбинск";"https://dodelay.ru/podrabotka/rybinsk/furniture";"Коммерческий";"СЧ"
"сборка кухни в рыбинске";"Профессии / Сборка мебели / Рыбинск";"https://dodelay.ru/podrabotka/rybinsk/furniture";"Коммерческий";"СЧ"
"сборка кухни рыбинск";"Профессии / Сборка мебели / Рыбинск";"https://dodelay.ru/podrabotka/rybinsk/furniture";"Коммерческий";"СЧ"
"монтаж мебели в рыбинске";"Профессии / Сборка мебели / Рыбинск";"https://dodelay.ru/podrabotka/rybinsk/furniture";"Коммерческий";"СЧ"
"монтаж мебели рыбинск";"Профессии / Сборка мебели / Рыбинск";"https://dodelay.ru/podrabotka/rybinsk/furniture";"Коммерческий";"СЧ"
"сборка мебели в рыбинске недорого";"Профессии / Сборка мебели / Рыбинск";"https://dodelay.ru/podrabotka/rybinsk/furniture";"Коммерческий";"НЧ"
"сборка мебели в рыбинске цены";"Профессии / Сборка мебели / Рыбинск";"https://dodelay.ru/podrabotka/rybinsk/furniture";"Коммерческий";"НЧ"
"сборка мебели в рыбинске на дом";"Профессии / Сборка мебели / Рыбинск";"https://dodelay.ru/podrabotka/rybinsk/furniture";"Коммерческий";"НЧ"
"вызвать сборщика мебели в рыбинске";"Профессии / Сборка мебели / Рыбинск";"https://dodelay.ru/podrabotka/rybinsk/furniture";"Коммерческий";"НЧ"
"нанять сборщика мебели в рыбинске";"Профессии / Сборка мебели / Рыбинск";"https://dodelay.ru/podrabotka/rybinsk/furniture";"Коммерческий";"НЧ"
"найти сборщика мебели в рыбинске";"Профессии / Сборка мебели / Рыбинск";"https://dodelay.ru/podrabotka/rybinsk/furniture";"Коммерческий";"НЧ"
"услуги сборщика мебели в рыбинске";"Профессии / Сборка мебели / Рыбинск";"https://dodelay.ru/podrabotka/rybinsk/furniture";"Коммерческий";"НЧ"
"сборка мебели частник в рыбинске";"Профессии / Сборка мебели / Рыбинск";"https://dodelay.ru/podrabotka/rybinsk/furniture";"Коммерческий";"НЧ"
"сборка мебели без посредников в рыбинске";"Профессии / Сборка мебели / Рыбинск";"https://dodelay.ru/podrabotka/rybinsk/furniture";"Коммерческий";"НЧ"
"работа сборка мебели в рыбинске";"Профессии / Сборка мебели / Рыбинск";"https://dodelay.ru/podrabotka/rybinsk/furniture";"Вакансия";"СЧ"
"подработка сборка мебели в рыбинске";"Профессии / Сборка мебели / Рыбинск";"https://dodelay.ru/podrabotka/rybinsk/furniture";"Вакансия";"НЧ"
"требуется сборка мебели в рыбинске";"Профессии / Сборка мебели / Рыбинск";"https://dodelay.ru/podrabotka/rybinsk/furniture";"Вакансия";"НЧ"
"вакансия сборка мебели в рыбинске";"Профессии / Сборка мебели / Рыбинск";"https://dodelay.ru/podrabotka/rybinsk/furniture";"Вакансия";"НЧ"
"сборка мебели в тутаеве";"Профессии / Сборка мебели / Тутаев";"https://dodelay.ru/podrabotka/tutaev/furniture";"Коммерческий";"СЧ"
"сборка мебели тутаев";"Профессии / Сборка мебели / Тутаев";"https://dodelay.ru/podrabotka/tutaev/furniture";"Коммерческий";"СЧ"
"сборщик мебели в тутаеве";"Профессии / Сборка мебели / Тутаев";"https://dodelay.ru/podrabotka/tutaev/furniture";"Коммерческий";"СЧ"
"сборщик мебели тутаев";"Профессии / Сборка мебели / Тутаев";"https://dodelay.ru/podrabotka/tutaev/furniture";"Коммерческий";"СЧ"
"сборка шкафов в тутаеве";"Профессии / Сборка мебели / Тутаев";"https://dodelay.ru/podrabotka/tutaev/furniture";"Коммерческий";"СЧ"
"сборка шкафов тутаев";"Профессии / Сборка мебели / Тутаев";"https://dodelay.ru/podrabotka/tutaev/furniture";"Коммерческий";"СЧ"
"сборка кухни в тутаеве";"Профессии / Сборка мебели / Тутаев";"https://dodelay.ru/podrabotka/tutaev/furniture";"Коммерческий";"СЧ"
"сборка кухни тутаев";"Профессии / Сборка мебели / Тутаев";"https://dodelay.ru/podrabotka/tutaev/furniture";"Коммерческий";"СЧ"
"монтаж мебели в тутаеве";"Профессии / Сборка мебели / Тутаев";"https://dodelay.ru/podrabotka/tutaev/furniture";"Коммерческий";"СЧ"
"монтаж мебели тутаев";"Профессии / Сборка мебели / Тутаев";"https://dodelay.ru/podrabotka/tutaev/furniture";"Коммерческий";"СЧ"
"сборка мебели в тутаеве недорого";"Профессии / Сборка мебели / Тутаев";"https://dodelay.ru/podrabotka/tutaev/furniture";"Коммерческий";"НЧ"
"сборка мебели в тутаеве цены";"Профессии / Сборка мебели / Тутаев";"https://dodelay.ru/podrabotka/tutaev/furniture";"Коммерческий";"НЧ"
"сборка мебели в тутаеве на дом";"Профессии / Сборка мебели / Тутаев";"https://dodelay.ru/podrabotka/tutaev/furniture";"Коммерческий";"НЧ"
"вызвать сборщика мебели в тутаеве";"Профессии / Сборка мебели / Тутаев";"https://dodelay.ru/podrabotka/tutaev/furniture";"Коммерческий";"НЧ"
"нанять сборщика мебели в тутаеве";"Профессии / Сборка мебели / Тутаев";"https://dodelay.ru/podrabotka/tutaev/furniture";"Коммерческий";"НЧ"
"найти сборщика мебели в тутаеве";"Профессии / Сборка мебели / Тутаев";"https://dodelay.ru/podrabotka/tutaev/furniture";"Коммерческий";"НЧ"
"услуги сборщика мебели в тутаеве";"Профессии / Сборка мебели / Тутаев";"https://dodelay.ru/podrabotka/tutaev/furniture";"Коммерческий";"НЧ"
"сборка мебели частник в тутаеве";"Профессии / Сборка мебели / Тутаев";"https://dodelay.ru/podrabotka/tutaev/furniture";"Коммерческий";"НЧ"
"сборка мебели без посредников в тутаеве";"Профессии / Сборка мебели / Тутаев";"https://dodelay.ru/podrabotka/tutaev/furniture";"Коммерческий";"НЧ"
"работа сборка мебели в тутаеве";"Профессии / Сборка мебели / Тутаев";"https://dodelay.ru/podrabotka/tutaev/furniture";"Вакансия";"СЧ"
"подработка сборка мебели в тутаеве";"Профессии / Сборка мебели / Тутаев";"https://dodelay.ru/podrabotka/tutaev/furniture";"Вакансия";"НЧ"
"требуется сборка мебели в тутаеве";"Профессии / Сборка мебели / Тутаев";"https://dodelay.ru/podrabotka/tutaev/furniture";"Вакансия";"НЧ"
"вакансия сборка мебели в тутаеве";"Профессии / Сборка мебели / Тутаев";"https://dodelay.ru/podrabotka/tutaev/furniture";"Вакансия";"НЧ"
"сборка мебели в переславле-залесском";"Профессии / Сборка мебели / Переславль-Залесский";"https://dodelay.ru/podrabotka/pereslavl/furniture";"Коммерческий";"СЧ"
"сборка мебели переславль-залесский";"Профессии / Сборка мебели / Переславль-Залесский";"https://dodelay.ru/podrabotka/pereslavl/furniture";"Коммерческий";"СЧ"
"сборщик мебели в переславле-залесском";"Профессии / Сборка мебели / Переславль-Залесский";"https://dodelay.ru/podrabotka/pereslavl/furniture";"Коммерческий";"СЧ"
"сборщик мебели переславль-залесский";"Профессии / Сборка мебели / Переславль-Залесский";"https://dodelay.ru/podrabotka/pereslavl/furniture";"Коммерческий";"СЧ"
"сборка шкафов в переславле-залесском";"Профессии / Сборка мебели / Переславль-Залесский";"https://dodelay.ru/podrabotka/pereslavl/furniture";"Коммерческий";"СЧ"
"сборка шкафов переславль-залесский";"Профессии / Сборка мебели / Переславль-Залесский";"https://dodelay.ru/podrabotka/pereslavl/furniture";"Коммерческий";"СЧ"
"сборка кухни в переславле-залесском";"Профессии / Сборка мебели / Переславль-Залесский";"https://dodelay.ru/podrabotka/pereslavl/furniture";"Коммерческий";"СЧ"
"сборка кухни переславль-залесский";"Профессии / Сборка мебели / Переславль-Залесский";"https://dodelay.ru/podrabotka/pereslavl/furniture";"Коммерческий";"СЧ"
"монтаж мебели в переславле-залесском";"Профессии / Сборка мебели / Переславль-Залесский";"https://dodelay.ru/podrabotka/pereslavl/furniture";"Коммерческий";"СЧ"
"монтаж мебели переславль-залесский";"Профессии / Сборка мебели / Переславль-Залесский";"https://dodelay.ru/podrabotka/pereslavl/furniture";"Коммерческий";"СЧ"
"сборка мебели в переславле-залесском недорого";"Профессии / Сборка мебели / Переславль-Залесский";"https://dodelay.ru/podrabotka/pereslavl/furniture";"Коммерческий";"НЧ"
"сборка мебели в переславле-залесском цены";"Профессии / Сборка мебели / Переславль-Залесский";"https://dodelay.ru/podrabotka/pereslavl/furniture";"Коммерческий";"НЧ"
"сборка мебели в переславле-залесском на дом";"Профессии / Сборка мебели / Переславль-Залесский";"https://dodelay.ru/podrabotka/pereslavl/furniture";"Коммерческий";"НЧ"
"вызвать сборщика мебели в переславле-залесском";"Профессии / Сборка мебели / Переславль-Залесский";"https://dodelay.ru/podrabotka/pereslavl/furniture";"Коммерческий";"НЧ"
"нанять сборщика мебели в переславле-залесском";"Профессии / Сборка мебели / Переславль-Залесский";"https://dodelay.ru/podrabotka/pereslavl/furniture";"Коммерческий";"НЧ"
"найти сборщика мебели в переславле-залесском";"Профессии / Сборка мебели / Переславль-Залесский";"https://dodelay.ru/podrabotka/pereslavl/furniture";"Коммерческий";"НЧ"
"услуги сборщика мебели в переславле-залесском";"Профессии / Сборка мебели / Переславль-Залесский";"https://dodelay.ru/podrabotka/pereslavl/furniture";"Коммерческий";"НЧ"
"сборка мебели частник в переславле-залесском";"Профессии / Сборка мебели / Переславль-Залесский";"https://dodelay.ru/podrabotka/pereslavl/furniture";"Коммерческий";"НЧ"
"сборка мебели без посредников в переславле-залесском";"Профессии / Сборка мебели / Переславль-Залесский";"https://dodelay.ru/podrabotka/pereslavl/furniture";"Коммерческий";"НЧ"
"работа сборка мебели в переславле-залесском";"Профессии / Сборка мебели / Переславль-Залесский";"https://dodelay.ru/podrabotka/pereslavl/furniture";"Вакансия";"СЧ"
"подработка сборка мебели в переславле-залесском";"Профессии / Сборка мебели / Переславль-Залесский";"https://dodelay.ru/podrabotka/pereslavl/furniture";"Вакансия";"НЧ"
"требуется сборка мебели в переславле-залесском";"Профессии / Сборка мебели / Переславль-Залесский";"https://dodelay.ru/podrabotka/pereslavl/furniture";"Вакансия";"НЧ"
"вакансия сборка мебели в переславле-залесском";"Профессии / Сборка мебели / Переславль-Залесский";"https://dodelay.ru/podrabotka/pereslavl/furniture";"Вакансия";"НЧ"
"сборка мебели в угличе";"Профессии / Сборка мебели / Углич";"https://dodelay.ru/podrabotka/uglich/furniture";"Коммерческий";"СЧ"
"сборка мебели углич";"Профессии / Сборка мебели / Углич";"https://dodelay.ru/podrabotka/uglich/furniture";"Коммерческий";"СЧ"
"сборщик мебели в угличе";"Профессии / Сборка мебели / Углич";"https://dodelay.ru/podrabotka/uglich/furniture";"Коммерческий";"СЧ"
"сборщик мебели углич";"Профессии / Сборка мебели / Углич";"https://dodelay.ru/podrabotka/uglich/furniture";"Коммерческий";"СЧ"
"сборка шкафов в угличе";"Профессии / Сборка мебели / Углич";"https://dodelay.ru/podrabotka/uglich/furniture";"Коммерческий";"СЧ"
"сборка шкафов углич";"Профессии / Сборка мебели / Углич";"https://dodelay.ru/podrabotka/uglich/furniture";"Коммерческий";"СЧ"
"сборка кухни в угличе";"Профессии / Сборка мебели / Углич";"https://dodelay.ru/podrabotka/uglich/furniture";"Коммерческий";"СЧ"
"сборка кухни углич";"Профессии / Сборка мебели / Углич";"https://dodelay.ru/podrabotka/uglich/furniture";"Коммерческий";"СЧ"
"монтаж мебели в угличе";"Профессии / Сборка мебели / Углич";"https://dodelay.ru/podrabotka/uglich/furniture";"Коммерческий";"СЧ"
"монтаж мебели углич";"Профессии / Сборка мебели / Углич";"https://dodelay.ru/podrabotka/uglich/furniture";"Коммерческий";"СЧ"
"сборка мебели в угличе недорого";"Профессии / Сборка мебели / Углич";"https://dodelay.ru/podrabotka/uglich/furniture";"Коммерческий";"НЧ"
"сборка мебели в угличе цены";"Профессии / Сборка мебели / Углич";"https://dodelay.ru/podrabotka/uglich/furniture";"Коммерческий";"НЧ"
"сборка мебели в угличе на дом";"Профессии / Сборка мебели / Углич";"https://dodelay.ru/podrabotka/uglich/furniture";"Коммерческий";"НЧ"
"вызвать сборщика мебели в угличе";"Профессии / Сборка мебели / Углич";"https://dodelay.ru/podrabotka/uglich/furniture";"Коммерческий";"НЧ"
"нанять сборщика мебели в угличе";"Профессии / Сборка мебели / Углич";"https://dodelay.ru/podrabotka/uglich/furniture";"Коммерческий";"НЧ"
"найти сборщика мебели в угличе";"Профессии / Сборка мебели / Углич";"https://dodelay.ru/podrabotka/uglich/furniture";"Коммерческий";"НЧ"
"услуги сборщика мебели в угличе";"Профессии / Сборка мебели / Углич";"https://dodelay.ru/podrabotka/uglich/furniture";"Коммерческий";"НЧ"
"сборка мебели частник в угличе";"Профессии / Сборка мебели / Углич";"https://dodelay.ru/podrabotka/uglich/furniture";"Коммерческий";"НЧ"
"сборка мебели без посредников в угличе";"Профессии / Сборка мебели / Углич";"https://dodelay.ru/podrabotka/uglich/furniture";"Коммерческий";"НЧ"
"работа сборка мебели в угличе";"Профессии / Сборка мебели / Углич";"https://dodelay.ru/podrabotka/uglich/furniture";"Вакансия";"СЧ"
"подработка сборка мебели в угличе";"Профессии / Сборка мебели / Углич";"https://dodelay.ru/podrabotka/uglich/furniture";"Вакансия";"НЧ"
"требуется сборка мебели в угличе";"Профессии / Сборка мебели / Углич";"https://dodelay.ru/podrabotka/uglich/furniture";"Вакансия";"НЧ"
"вакансия сборка мебели в угличе";"Профессии / Сборка мебели / Углич";"https://dodelay.ru/podrabotka/uglich/furniture";"Вакансия";"НЧ"
"сборка мебели в ростове великом";"Профессии / Сборка мебели / Ростов Великий";"https://dodelay.ru/podrabotka/rostov/furniture";"Коммерческий";"СЧ"
"сборка мебели ростов великий";"Профессии / Сборка мебели / Ростов Великий";"https://dodelay.ru/podrabotka/rostov/furniture";"Коммерческий";"СЧ"
"сборщик мебели в ростове великом";"Профессии / Сборка мебели / Ростов Великий";"https://dodelay.ru/podrabotka/rostov/furniture";"Коммерческий";"СЧ"
"сборщик мебели ростов великий";"Профессии / Сборка мебели / Ростов Великий";"https://dodelay.ru/podrabotka/rostov/furniture";"Коммерческий";"СЧ"
"сборка шкафов в ростове великом";"Профессии / Сборка мебели / Ростов Великий";"https://dodelay.ru/podrabotka/rostov/furniture";"Коммерческий";"СЧ"
"сборка шкафов ростов великий";"Профессии / Сборка мебели / Ростов Великий";"https://dodelay.ru/podrabotka/rostov/furniture";"Коммерческий";"СЧ"
"сборка кухни в ростове великом";"Профессии / Сборка мебели / Ростов Великий";"https://dodelay.ru/podrabotka/rostov/furniture";"Коммерческий";"СЧ"
"сборка кухни ростов великий";"Профессии / Сборка мебели / Ростов Великий";"https://dodelay.ru/podrabotka/rostov/furniture";"Коммерческий";"СЧ"
"монтаж мебели в ростове великом";"Профессии / Сборка мебели / Ростов Великий";"https://dodelay.ru/podrabotka/rostov/furniture";"Коммерческий";"СЧ"
"монтаж мебели ростов великий";"Профессии / Сборка мебели / Ростов Великий";"https://dodelay.ru/podrabotka/rostov/furniture";"Коммерческий";"СЧ"
"сборка мебели в ростове великом недорого";"Профессии / Сборка мебели / Ростов Великий";"https://dodelay.ru/podrabotka/rostov/furniture";"Коммерческий";"НЧ"
"сборка мебели в ростове великом цены";"Профессии / Сборка мебели / Ростов Великий";"https://dodelay.ru/podrabotka/rostov/furniture";"Коммерческий";"НЧ"
"сборка мебели в ростове великом на дом";"Профессии / Сборка мебели / Ростов Великий";"https://dodelay.ru/podrabotka/rostov/furniture";"Коммерческий";"НЧ"
"вызвать сборщика мебели в ростове великом";"Профессии / Сборка мебели / Ростов Великий";"https://dodelay.ru/podrabotka/rostov/furniture";"Коммерческий";"НЧ"
"нанять сборщика мебели в ростове великом";"Профессии / Сборка мебели / Ростов Великий";"https://dodelay.ru/podrabotka/rostov/furniture";"Коммерческий";"НЧ"
"найти сборщика мебели в ростове великом";"Профессии / Сборка мебели / Ростов Великий";"https://dodelay.ru/podrabotka/rostov/furniture";"Коммерческий";"НЧ"
"услуги сборщика мебели в ростове великом";"Профессии / Сборка мебели / Ростов Великий";"https://dodelay.ru/podrabotka/rostov/furniture";"Коммерческий";"НЧ"
"сборка мебели частник в ростове великом";"Профессии / Сборка мебели / Ростов Великий";"https://dodelay.ru/podrabotka/rostov/furniture";"Коммерческий";"НЧ"
"сборка мебели без посредников в ростове великом";"Профессии / Сборка мебели / Ростов Великий";"https://dodelay.ru/podrabotka/rostov/furniture";"Коммерческий";"НЧ"
"работа сборка мебели в ростове великом";"Профессии / Сборка мебели / Ростов Великий";"https://dodelay.ru/podrabotka/rostov/furniture";"Вакансия";"СЧ"
"подработка сборка мебели в ростове великом";"Профессии / Сборка мебели / Ростов Великий";"https://dodelay.ru/podrabotka/rostov/furniture";"Вакансия";"НЧ"
"требуется сборка мебели в ростове великом";"Профессии / Сборка мебели / Ростов Великий";"https://dodelay.ru/podrabotka/rostov/furniture";"Вакансия";"НЧ"
"вакансия сборка мебели в ростове великом";"Профессии / Сборка мебели / Ростов Великий";"https://dodelay.ru/podrabotka/rostov/furniture";"Вакансия";"НЧ"
"сборка шкафа в ярославле";"Профессии / Сборка мебели / Задачи";"https://dodelay.ru/podrabotka/yaroslavl/furniture";"Инфо";"НЧ"
"сборка шкафа цена";"Профессии / Сборка мебели / Задачи";"https://dodelay.ru/podrabotka/yaroslavl/furniture";"Инфо";"НЧ"
"сколько стоит сборка шкафа";"Профессии / Сборка мебели / Задачи";"https://dodelay.ru/podrabotka/yaroslavl/furniture";"Инфо";"НЧ"
"сборка кровати в ярославле";"Профессии / Сборка мебели / Задачи";"https://dodelay.ru/podrabotka/yaroslavl/furniture";"Инфо";"НЧ"
"сборка кровати цена";"Профессии / Сборка мебели / Задачи";"https://dodelay.ru/podrabotka/yaroslavl/furniture";"Инфо";"НЧ"
"сколько стоит сборка кровати";"Профессии / Сборка мебели / Задачи";"https://dodelay.ru/podrabotka/yaroslavl/furniture";"Инфо";"НЧ"
"сборка кухонного гарнитура в ярославле";"Профессии / Сборка мебели / Задачи";"https://dodelay.ru/podrabotka/yaroslavl/furniture";"Инфо";"НЧ"
"сборка кухонного гарнитура цена";"Профессии / Сборка мебели / Задачи";"https://dodelay.ru/podrabotka/yaroslavl/furniture";"Инфо";"НЧ"
"сколько стоит сборка кухонного гарнитура";"Профессии / Сборка мебели / Задачи";"https://dodelay.ru/podrabotka/yaroslavl/furniture";"Инфо";"НЧ"
"разборка мебели перед переездом в ярославле";"Профессии / Сборка мебели / Задачи";"https://dodelay.ru/podrabotka/yaroslavl/furniture";"Инфо";"НЧ"
"разборка мебели перед переездом цена";"Профессии / Сборка мебели / Задачи";"https://dodelay.ru/podrabotka/yaroslavl/furniture";"Инфо";"НЧ"
"сколько стоит разборка мебели перед переездом";"Профессии / Сборка мебели / Задачи";"https://dodelay.ru/podrabotka/yaroslavl/furniture";"Инфо";"НЧ"
"грузчик в ярославле";"Профессии / Грузчик / Ярославль";"https://dodelay.ru/podrabotka/yaroslavl/mover";"Коммерческий";"СЧ"
"грузчик ярославль";"Профессии / Грузчик / Ярославль";"https://dodelay.ru/podrabotka/yaroslavl/mover";"Коммерческий";"СЧ"
"грузчики в ярославле";"Профессии / Грузчик / Ярославль";"https://dodelay.ru/podrabotka/yaroslavl/mover";"Коммерческий";"СЧ"
"грузчики ярославль";"Профессии / Грузчик / Ярославль";"https://dodelay.ru/podrabotka/yaroslavl/mover";"Коммерческий";"СЧ"
"такелажник в ярославле";"Профессии / Грузчик / Ярославль";"https://dodelay.ru/podrabotka/yaroslavl/mover";"Коммерческий";"СЧ"
"такелажник ярославль";"Профессии / Грузчик / Ярославль";"https://dodelay.ru/podrabotka/yaroslavl/mover";"Коммерческий";"СЧ"
"разнорабочий на погрузку в ярославле";"Профессии / Грузчик / Ярославль";"https://dodelay.ru/podrabotka/yaroslavl/mover";"Коммерческий";"СЧ"
"разнорабочий на погрузку ярославль";"Профессии / Грузчик / Ярославль";"https://dodelay.ru/podrabotka/yaroslavl/mover";"Коммерческий";"СЧ"
"подсобник в ярославле";"Профессии / Грузчик / Ярославль";"https://dodelay.ru/podrabotka/yaroslavl/mover";"Коммерческий";"СЧ"
"подсобник ярославль";"Профессии / Грузчик / Ярославль";"https://dodelay.ru/podrabotka/yaroslavl/mover";"Коммерческий";"СЧ"
"помощь при переезде в ярославле";"Профессии / Грузчик / Ярославль";"https://dodelay.ru/podrabotka/yaroslavl/mover";"Коммерческий";"СЧ"
"помощь при переезде ярославль";"Профессии / Грузчик / Ярославль";"https://dodelay.ru/podrabotka/yaroslavl/mover";"Коммерческий";"СЧ"
"грузчик на час в ярославле";"Профессии / Грузчик / Ярославль";"https://dodelay.ru/podrabotka/yaroslavl/mover";"Коммерческий";"СЧ"
"грузчик на час ярославль";"Профессии / Грузчик / Ярославль";"https://dodelay.ru/podrabotka/yaroslavl/mover";"Коммерческий";"СЧ"
"грузчик в ярославле недорого";"Профессии / Грузчик / Ярославль";"https://dodelay.ru/podrabotka/yaroslavl/mover";"Коммерческий";"НЧ"
"грузчик в ярославле цены";"Профессии / Грузчик / Ярославль";"https://dodelay.ru/podrabotka/yaroslavl/mover";"Коммерческий";"НЧ"
"грузчик в ярославле на дом";"Профессии / Грузчик / Ярославль";"https://dodelay.ru/podrabotka/yaroslavl/mover";"Коммерческий";"НЧ"
"вызвать грузчика в ярославле";"Профессии / Грузчик / Ярославль";"https://dodelay.ru/podrabotka/yaroslavl/mover";"Коммерческий";"НЧ"
"нанять грузчика в ярославле";"Профессии / Грузчик / Ярославль";"https://dodelay.ru/podrabotka/yaroslavl/mover";"Коммерческий";"НЧ"
"найти грузчика в ярославле";"Профессии / Грузчик / Ярославль";"https://dodelay.ru/podrabotka/yaroslavl/mover";"Коммерческий";"НЧ"
"услуги грузчика в ярославле";"Профессии / Грузчик / Ярославль";"https://dodelay.ru/podrabotka/yaroslavl/mover";"Коммерческий";"НЧ"
"грузчик частник в ярославле";"Профессии / Грузчик / Ярославль";"https://dodelay.ru/podrabotka/yaroslavl/mover";"Коммерческий";"НЧ"
"грузчик без посредников в ярославле";"Профессии / Грузчик / Ярославль";"https://dodelay.ru/podrabotka/yaroslavl/mover";"Коммерческий";"НЧ"
"работа грузчик в ярославле";"Профессии / Грузчик / Ярославль";"https://dodelay.ru/podrabotka/yaroslavl/mover";"Вакансия";"СЧ"
"подработка грузчик в ярославле";"Профессии / Грузчик / Ярославль";"https://dodelay.ru/podrabotka/yaroslavl/mover";"Вакансия";"НЧ"
"требуется грузчик в ярославле";"Профессии / Грузчик / Ярославль";"https://dodelay.ru/podrabotka/yaroslavl/mover";"Вакансия";"НЧ"
"вакансия грузчик в ярославле";"Профессии / Грузчик / Ярославль";"https://dodelay.ru/podrabotka/yaroslavl/mover";"Вакансия";"НЧ"
"грузчик в рыбинске";"Профессии / Грузчик / Рыбинск";"https://dodelay.ru/podrabotka/rybinsk/mover";"Коммерческий";"СЧ"
"грузчик рыбинск";"Профессии / Грузчик / Рыбинск";"https://dodelay.ru/podrabotka/rybinsk/mover";"Коммерческий";"СЧ"
"грузчики в рыбинске";"Профессии / Грузчик / Рыбинск";"https://dodelay.ru/podrabotka/rybinsk/mover";"Коммерческий";"СЧ"
"грузчики рыбинск";"Профессии / Грузчик / Рыбинск";"https://dodelay.ru/podrabotka/rybinsk/mover";"Коммерческий";"СЧ"
"такелажник в рыбинске";"Профессии / Грузчик / Рыбинск";"https://dodelay.ru/podrabotka/rybinsk/mover";"Коммерческий";"СЧ"
"такелажник рыбинск";"Профессии / Грузчик / Рыбинск";"https://dodelay.ru/podrabotka/rybinsk/mover";"Коммерческий";"СЧ"
"разнорабочий на погрузку в рыбинске";"Профессии / Грузчик / Рыбинск";"https://dodelay.ru/podrabotka/rybinsk/mover";"Коммерческий";"СЧ"
"разнорабочий на погрузку рыбинск";"Профессии / Грузчик / Рыбинск";"https://dodelay.ru/podrabotka/rybinsk/mover";"Коммерческий";"СЧ"
"подсобник в рыбинске";"Профессии / Грузчик / Рыбинск";"https://dodelay.ru/podrabotka/rybinsk/mover";"Коммерческий";"СЧ"
"подсобник рыбинск";"Профессии / Грузчик / Рыбинск";"https://dodelay.ru/podrabotka/rybinsk/mover";"Коммерческий";"СЧ"
"помощь при переезде в рыбинске";"Профессии / Грузчик / Рыбинск";"https://dodelay.ru/podrabotka/rybinsk/mover";"Коммерческий";"СЧ"
"помощь при переезде рыбинск";"Профессии / Грузчик / Рыбинск";"https://dodelay.ru/podrabotka/rybinsk/mover";"Коммерческий";"СЧ"
"грузчик на час в рыбинске";"Профессии / Грузчик / Рыбинск";"https://dodelay.ru/podrabotka/rybinsk/mover";"Коммерческий";"СЧ"
"грузчик на час рыбинск";"Профессии / Грузчик / Рыбинск";"https://dodelay.ru/podrabotka/rybinsk/mover";"Коммерческий";"СЧ"
"грузчик в рыбинске недорого";"Профессии / Грузчик / Рыбинск";"https://dodelay.ru/podrabotka/rybinsk/mover";"Коммерческий";"НЧ"
"грузчик в рыбинске цены";"Профессии / Грузчик / Рыбинск";"https://dodelay.ru/podrabotka/rybinsk/mover";"Коммерческий";"НЧ"
"грузчик в рыбинске на дом";"Профессии / Грузчик / Рыбинск";"https://dodelay.ru/podrabotka/rybinsk/mover";"Коммерческий";"НЧ"
"вызвать грузчика в рыбинске";"Профессии / Грузчик / Рыбинск";"https://dodelay.ru/podrabotka/rybinsk/mover";"Коммерческий";"НЧ"
"нанять грузчика в рыбинске";"Профессии / Грузчик / Рыбинск";"https://dodelay.ru/podrabotka/rybinsk/mover";"Коммерческий";"НЧ"
"найти грузчика в рыбинске";"Профессии / Грузчик / Рыбинск";"https://dodelay.ru/podrabotka/rybinsk/mover";"Коммерческий";"НЧ"
"услуги грузчика в рыбинске";"Профессии / Грузчик / Рыбинск";"https://dodelay.ru/podrabotka/rybinsk/mover";"Коммерческий";"НЧ"
"грузчик частник в рыбинске";"Профессии / Грузчик / Рыбинск";"https://dodelay.ru/podrabotka/rybinsk/mover";"Коммерческий";"НЧ"
"грузчик без посредников в рыбинске";"Профессии / Грузчик / Рыбинск";"https://dodelay.ru/podrabotka/rybinsk/mover";"Коммерческий";"НЧ"
"работа грузчик в рыбинске";"Профессии / Грузчик / Рыбинск";"https://dodelay.ru/podrabotka/rybinsk/mover";"Вакансия";"СЧ"
"подработка грузчик в рыбинске";"Профессии / Грузчик / Рыбинск";"https://dodelay.ru/podrabotka/rybinsk/mover";"Вакансия";"НЧ"
"требуется грузчик в рыбинске";"Профессии / Грузчик / Рыбинск";"https://dodelay.ru/podrabotka/rybinsk/mover";"Вакансия";"НЧ"
"вакансия грузчик в рыбинске";"Профессии / Грузчик / Рыбинск";"https://dodelay.ru/podrabotka/rybinsk/mover";"Вакансия";"НЧ"
"грузчик в тутаеве";"Профессии / Грузчик / Тутаев";"https://dodelay.ru/podrabotka/tutaev/mover";"Коммерческий";"СЧ"
"грузчик тутаев";"Профессии / Грузчик / Тутаев";"https://dodelay.ru/podrabotka/tutaev/mover";"Коммерческий";"СЧ"
"грузчики в тутаеве";"Профессии / Грузчик / Тутаев";"https://dodelay.ru/podrabotka/tutaev/mover";"Коммерческий";"СЧ"
"грузчики тутаев";"Профессии / Грузчик / Тутаев";"https://dodelay.ru/podrabotka/tutaev/mover";"Коммерческий";"СЧ"
"такелажник в тутаеве";"Профессии / Грузчик / Тутаев";"https://dodelay.ru/podrabotka/tutaev/mover";"Коммерческий";"СЧ"
"такелажник тутаев";"Профессии / Грузчик / Тутаев";"https://dodelay.ru/podrabotka/tutaev/mover";"Коммерческий";"СЧ"
"разнорабочий на погрузку в тутаеве";"Профессии / Грузчик / Тутаев";"https://dodelay.ru/podrabotka/tutaev/mover";"Коммерческий";"СЧ"
"разнорабочий на погрузку тутаев";"Профессии / Грузчик / Тутаев";"https://dodelay.ru/podrabotka/tutaev/mover";"Коммерческий";"СЧ"
"подсобник в тутаеве";"Профессии / Грузчик / Тутаев";"https://dodelay.ru/podrabotka/tutaev/mover";"Коммерческий";"СЧ"
"подсобник тутаев";"Профессии / Грузчик / Тутаев";"https://dodelay.ru/podrabotka/tutaev/mover";"Коммерческий";"СЧ"
"помощь при переезде в тутаеве";"Профессии / Грузчик / Тутаев";"https://dodelay.ru/podrabotka/tutaev/mover";"Коммерческий";"СЧ"
"помощь при переезде тутаев";"Профессии / Грузчик / Тутаев";"https://dodelay.ru/podrabotka/tutaev/mover";"Коммерческий";"СЧ"
"грузчик на час в тутаеве";"Профессии / Грузчик / Тутаев";"https://dodelay.ru/podrabotka/tutaev/mover";"Коммерческий";"СЧ"
"грузчик на час тутаев";"Профессии / Грузчик / Тутаев";"https://dodelay.ru/podrabotka/tutaev/mover";"Коммерческий";"СЧ"
"грузчик в тутаеве недорого";"Профессии / Грузчик / Тутаев";"https://dodelay.ru/podrabotka/tutaev/mover";"Коммерческий";"НЧ"
"грузчик в тутаеве цены";"Профессии / Грузчик / Тутаев";"https://dodelay.ru/podrabotka/tutaev/mover";"Коммерческий";"НЧ"
"грузчик в тутаеве на дом";"Профессии / Грузчик / Тутаев";"https://dodelay.ru/podrabotka/tutaev/mover";"Коммерческий";"НЧ"
"вызвать грузчика в тутаеве";"Профессии / Грузчик / Тутаев";"https://dodelay.ru/podrabotka/tutaev/mover";"Коммерческий";"НЧ"
"нанять грузчика в тутаеве";"Профессии / Грузчик / Тутаев";"https://dodelay.ru/podrabotka/tutaev/mover";"Коммерческий";"НЧ"
"найти грузчика в тутаеве";"Профессии / Грузчик / Тутаев";"https://dodelay.ru/podrabotka/tutaev/mover";"Коммерческий";"НЧ"
"услуги грузчика в тутаеве";"Профессии / Грузчик / Тутаев";"https://dodelay.ru/podrabotka/tutaev/mover";"Коммерческий";"НЧ"
"грузчик частник в тутаеве";"Профессии / Грузчик / Тутаев";"https://dodelay.ru/podrabotka/tutaev/mover";"Коммерческий";"НЧ"
"грузчик без посредников в тутаеве";"Профессии / Грузчик / Тутаев";"https://dodelay.ru/podrabotka/tutaev/mover";"Коммерческий";"НЧ"
"работа грузчик в тутаеве";"Профессии / Грузчик / Тутаев";"https://dodelay.ru/podrabotka/tutaev/mover";"Вакансия";"СЧ"
"подработка грузчик в тутаеве";"Профессии / Грузчик / Тутаев";"https://dodelay.ru/podrabotka/tutaev/mover";"Вакансия";"НЧ"
"требуется грузчик в тутаеве";"Профессии / Грузчик / Тутаев";"https://dodelay.ru/podrabotka/tutaev/mover";"Вакансия";"НЧ"
"вакансия грузчик в тутаеве";"Профессии / Грузчик / Тутаев";"https://dodelay.ru/podrabotka/tutaev/mover";"Вакансия";"НЧ"
"грузчик в переславле-залесском";"Профессии / Грузчик / Переславль-Залесский";"https://dodelay.ru/podrabotka/pereslavl/mover";"Коммерческий";"СЧ"
"грузчик переславль-залесский";"Профессии / Грузчик / Переславль-Залесский";"https://dodelay.ru/podrabotka/pereslavl/mover";"Коммерческий";"СЧ"
"грузчики в переславле-залесском";"Профессии / Грузчик / Переславль-Залесский";"https://dodelay.ru/podrabotka/pereslavl/mover";"Коммерческий";"СЧ"
"грузчики переславль-залесский";"Профессии / Грузчик / Переславль-Залесский";"https://dodelay.ru/podrabotka/pereslavl/mover";"Коммерческий";"СЧ"
"такелажник в переславле-залесском";"Профессии / Грузчик / Переславль-Залесский";"https://dodelay.ru/podrabotka/pereslavl/mover";"Коммерческий";"СЧ"
"такелажник переславль-залесский";"Профессии / Грузчик / Переславль-Залесский";"https://dodelay.ru/podrabotka/pereslavl/mover";"Коммерческий";"СЧ"
"разнорабочий на погрузку в переславле-залесском";"Профессии / Грузчик / Переславль-Залесский";"https://dodelay.ru/podrabotka/pereslavl/mover";"Коммерческий";"СЧ"
"разнорабочий на погрузку переславль-залесский";"Профессии / Грузчик / Переславль-Залесский";"https://dodelay.ru/podrabotka/pereslavl/mover";"Коммерческий";"СЧ"
"подсобник в переславле-залесском";"Профессии / Грузчик / Переславль-Залесский";"https://dodelay.ru/podrabotka/pereslavl/mover";"Коммерческий";"СЧ"
"подсобник переславль-залесский";"Профессии / Грузчик / Переславль-Залесский";"https://dodelay.ru/podrabotka/pereslavl/mover";"Коммерческий";"СЧ"
"помощь при переезде в переславле-залесском";"Профессии / Грузчик / Переславль-Залесский";"https://dodelay.ru/podrabotka/pereslavl/mover";"Коммерческий";"СЧ"
"помощь при переезде переславль-залесский";"Профессии / Грузчик / Переславль-Залесский";"https://dodelay.ru/podrabotka/pereslavl/mover";"Коммерческий";"СЧ"
"грузчик на час в переславле-залесском";"Профессии / Грузчик / Переславль-Залесский";"https://dodelay.ru/podrabotka/pereslavl/mover";"Коммерческий";"СЧ"
"грузчик на час переславль-залесский";"Профессии / Грузчик / Переславль-Залесский";"https://dodelay.ru/podrabotka/pereslavl/mover";"Коммерческий";"СЧ"
"грузчик в переславле-залесском недорого";"Профессии / Грузчик / Переславль-Залесский";"https://dodelay.ru/podrabotka/pereslavl/mover";"Коммерческий";"НЧ"
"грузчик в переславле-залесском цены";"Профессии / Грузчик / Переславль-Залесский";"https://dodelay.ru/podrabotka/pereslavl/mover";"Коммерческий";"НЧ"
"грузчик в переславле-залесском на дом";"Профессии / Грузчик / Переславль-Залесский";"https://dodelay.ru/podrabotka/pereslavl/mover";"Коммерческий";"НЧ"
"вызвать грузчика в переславле-залесском";"Профессии / Грузчик / Переславль-Залесский";"https://dodelay.ru/podrabotka/pereslavl/mover";"Коммерческий";"НЧ"
"нанять грузчика в переславле-залесском";"Профессии / Грузчик / Переславль-Залесский";"https://dodelay.ru/podrabotka/pereslavl/mover";"Коммерческий";"НЧ"
"найти грузчика в переславле-залесском";"Профессии / Грузчик / Переславль-Залесский";"https://dodelay.ru/podrabotka/pereslavl/mover";"Коммерческий";"НЧ"
"услуги грузчика в переславле-залесском";"Профессии / Грузчик / Переславль-Залесский";"https://dodelay.ru/podrabotka/pereslavl/mover";"Коммерческий";"НЧ"
"грузчик частник в переславле-залесском";"Профессии / Грузчик / Переславль-Залесский";"https://dodelay.ru/podrabotka/pereslavl/mover";"Коммерческий";"НЧ"
"грузчик без посредников в переславле-залесском";"Профессии / Грузчик / Переславль-Залесский";"https://dodelay.ru/podrabotka/pereslavl/mover";"Коммерческий";"НЧ"
"работа грузчик в переславле-залесском";"Профессии / Грузчик / Переславль-Залесский";"https://dodelay.ru/podrabotka/pereslavl/mover";"Вакансия";"СЧ"
"подработка грузчик в переславле-залесском";"Профессии / Грузчик / Переславль-Залесский";"https://dodelay.ru/podrabotka/pereslavl/mover";"Вакансия";"НЧ"
"требуется грузчик в переславле-залесском";"Профессии / Грузчик / Переславль-Залесский";"https://dodelay.ru/podrabotka/pereslavl/mover";"Вакансия";"НЧ"
"вакансия грузчик в переславле-залесском";"Профессии / Грузчик / Переславль-Залесский";"https://dodelay.ru/podrabotka/pereslavl/mover";"Вакансия";"НЧ"
"грузчик в угличе";"Профессии / Грузчик / Углич";"https://dodelay.ru/podrabotka/uglich/mover";"Коммерческий";"СЧ"
"грузчик углич";"Профессии / Грузчик / Углич";"https://dodelay.ru/podrabotka/uglich/mover";"Коммерческий";"СЧ"
"грузчики в угличе";"Профессии / Грузчик / Углич";"https://dodelay.ru/podrabotka/uglich/mover";"Коммерческий";"СЧ"
"грузчики углич";"Профессии / Грузчик / Углич";"https://dodelay.ru/podrabotka/uglich/mover";"Коммерческий";"СЧ"
"такелажник в угличе";"Профессии / Грузчик / Углич";"https://dodelay.ru/podrabotka/uglich/mover";"Коммерческий";"СЧ"
"такелажник углич";"Профессии / Грузчик / Углич";"https://dodelay.ru/podrabotka/uglich/mover";"Коммерческий";"СЧ"
"разнорабочий на погрузку в угличе";"Профессии / Грузчик / Углич";"https://dodelay.ru/podrabotka/uglich/mover";"Коммерческий";"СЧ"
"разнорабочий на погрузку углич";"Профессии / Грузчик / Углич";"https://dodelay.ru/podrabotka/uglich/mover";"Коммерческий";"СЧ"
"подсобник в угличе";"Профессии / Грузчик / Углич";"https://dodelay.ru/podrabotka/uglich/mover";"Коммерческий";"СЧ"
"подсобник углич";"Профессии / Грузчик / Углич";"https://dodelay.ru/podrabotka/uglich/mover";"Коммерческий";"СЧ"
"помощь при переезде в угличе";"Профессии / Грузчик / Углич";"https://dodelay.ru/podrabotka/uglich/mover";"Коммерческий";"СЧ"
"помощь при переезде углич";"Профессии / Грузчик / Углич";"https://dodelay.ru/podrabotka/uglich/mover";"Коммерческий";"СЧ"
"грузчик на час в угличе";"Профессии / Грузчик / Углич";"https://dodelay.ru/podrabotka/uglich/mover";"Коммерческий";"СЧ"
"грузчик на час углич";"Профессии / Грузчик / Углич";"https://dodelay.ru/podrabotka/uglich/mover";"Коммерческий";"СЧ"
"грузчик в угличе недорого";"Профессии / Грузчик / Углич";"https://dodelay.ru/podrabotka/uglich/mover";"Коммерческий";"НЧ"
"грузчик в угличе цены";"Профессии / Грузчик / Углич";"https://dodelay.ru/podrabotka/uglich/mover";"Коммерческий";"НЧ"
"грузчик в угличе на дом";"Профессии / Грузчик / Углич";"https://dodelay.ru/podrabotka/uglich/mover";"Коммерческий";"НЧ"
"вызвать грузчика в угличе";"Профессии / Грузчик / Углич";"https://dodelay.ru/podrabotka/uglich/mover";"Коммерческий";"НЧ"
"нанять грузчика в угличе";"Профессии / Грузчик / Углич";"https://dodelay.ru/podrabotka/uglich/mover";"Коммерческий";"НЧ"
"найти грузчика в угличе";"Профессии / Грузчик / Углич";"https://dodelay.ru/podrabotka/uglich/mover";"Коммерческий";"НЧ"
"услуги грузчика в угличе";"Профессии / Грузчик / Углич";"https://dodelay.ru/podrabotka/uglich/mover";"Коммерческий";"НЧ"
"грузчик частник в угличе";"Профессии / Грузчик / Углич";"https://dodelay.ru/podrabotka/uglich/mover";"Коммерческий";"НЧ"
"грузчик без посредников в угличе";"Профессии / Грузчик / Углич";"https://dodelay.ru/podrabotka/uglich/mover";"Коммерческий";"НЧ"
"работа грузчик в угличе";"Профессии / Грузчик / Углич";"https://dodelay.ru/podrabotka/uglich/mover";"Вакансия";"СЧ"
"подработка грузчик в угличе";"Профессии / Грузчик / Углич";"https://dodelay.ru/podrabotka/uglich/mover";"Вакансия";"НЧ"
"требуется грузчик в угличе";"Профессии / Грузчик / Углич";"https://dodelay.ru/podrabotka/uglich/mover";"Вакансия";"НЧ"
"вакансия грузчик в угличе";"Профессии / Грузчик / Углич";"https://dodelay.ru/podrabotka/uglich/mover";"Вакансия";"НЧ"
"грузчик в ростове великом";"Профессии / Грузчик / Ростов Великий";"https://dodelay.ru/podrabotka/rostov/mover";"Коммерческий";"СЧ"
"грузчик ростов великий";"Профессии / Грузчик / Ростов Великий";"https://dodelay.ru/podrabotka/rostov/mover";"Коммерческий";"СЧ"
"грузчики в ростове великом";"Профессии / Грузчик / Ростов Великий";"https://dodelay.ru/podrabotka/rostov/mover";"Коммерческий";"СЧ"
"грузчики ростов великий";"Профессии / Грузчик / Ростов Великий";"https://dodelay.ru/podrabotka/rostov/mover";"Коммерческий";"СЧ"
"такелажник в ростове великом";"Профессии / Грузчик / Ростов Великий";"https://dodelay.ru/podrabotka/rostov/mover";"Коммерческий";"СЧ"
"такелажник ростов великий";"Профессии / Грузчик / Ростов Великий";"https://dodelay.ru/podrabotka/rostov/mover";"Коммерческий";"СЧ"
"разнорабочий на погрузку в ростове великом";"Профессии / Грузчик / Ростов Великий";"https://dodelay.ru/podrabotka/rostov/mover";"Коммерческий";"СЧ"
"разнорабочий на погрузку ростов великий";"Профессии / Грузчик / Ростов Великий";"https://dodelay.ru/podrabotka/rostov/mover";"Коммерческий";"СЧ"
"подсобник в ростове великом";"Профессии / Грузчик / Ростов Великий";"https://dodelay.ru/podrabotka/rostov/mover";"Коммерческий";"СЧ"
"подсобник ростов великий";"Профессии / Грузчик / Ростов Великий";"https://dodelay.ru/podrabotka/rostov/mover";"Коммерческий";"СЧ"
"помощь при переезде в ростове великом";"Профессии / Грузчик / Ростов Великий";"https://dodelay.ru/podrabotka/rostov/mover";"Коммерческий";"СЧ"
"помощь при переезде ростов великий";"Профессии / Грузчик / Ростов Великий";"https://dodelay.ru/podrabotka/rostov/mover";"Коммерческий";"СЧ"
"грузчик на час в ростове великом";"Профессии / Грузчик / Ростов Великий";"https://dodelay.ru/podrabotka/rostov/mover";"Коммерческий";"СЧ"
"грузчик на час ростов великий";"Профессии / Грузчик / Ростов Великий";"https://dodelay.ru/podrabotka/rostov/mover";"Коммерческий";"СЧ"
"грузчик в ростове великом недорого";"Профессии / Грузчик / Ростов Великий";"https://dodelay.ru/podrabotka/rostov/mover";"Коммерческий";"НЧ"
"грузчик в ростове великом цены";"Профессии / Грузчик / Ростов Великий";"https://dodelay.ru/podrabotka/rostov/mover";"Коммерческий";"НЧ"
"грузчик в ростове великом на дом";"Профессии / Грузчик / Ростов Великий";"https://dodelay.ru/podrabotka/rostov/mover";"Коммерческий";"НЧ"
"вызвать грузчика в ростове великом";"Профессии / Грузчик / Ростов Великий";"https://dodelay.ru/podrabotka/rostov/mover";"Коммерческий";"НЧ"
"нанять грузчика в ростове великом";"Профессии / Грузчик / Ростов Великий";"https://dodelay.ru/podrabotka/rostov/mover";"Коммерческий";"НЧ"
"найти грузчика в ростове великом";"Профессии / Грузчик / Ростов Великий";"https://dodelay.ru/podrabotka/rostov/mover";"Коммерческий";"НЧ"
"услуги грузчика в ростове великом";"Профессии / Грузчик / Ростов Великий";"https://dodelay.ru/podrabotka/rostov/mover";"Коммерческий";"НЧ"
"грузчик частник в ростове великом";"Профессии / Грузчик / Ростов Великий";"https://dodelay.ru/podrabotka/rostov/mover";"Коммерческий";"НЧ"
"грузчик без посредников в ростове великом";"Профессии / Грузчик / Ростов Великий";"https://dodelay.ru/podrabotka/rostov/mover";"Коммерческий";"НЧ"
"работа грузчик в ростове великом";"Профессии / Грузчик / Ростов Великий";"https://dodelay.ru/podrabotka/rostov/mover";"Вакансия";"СЧ"
"подработка грузчик в ростове великом";"Профессии / Грузчик / Ростов Великий";"https://dodelay.ru/podrabotka/rostov/mover";"Вакансия";"НЧ"
"требуется грузчик в ростове великом";"Профессии / Грузчик / Ростов Великий";"https://dodelay.ru/podrabotka/rostov/mover";"Вакансия";"НЧ"
"вакансия грузчик в ростове великом";"Профессии / Грузчик / Ростов Великий";"https://dodelay.ru/podrabotka/rostov/mover";"Вакансия";"НЧ"
"погрузка-разгрузка";"Профессии / Грузчик / Задачи";"https://dodelay.ru/podrabotka/yaroslavl/mover";"Инфо";"НЧ"
"сколько стоит погрузка-разгрузка";"Профессии / Грузчик / Задачи";"https://dodelay.ru/podrabotka/yaroslavl/mover";"Инфо";"НЧ"
"подъём на этаж без лифта в ярославле";"Профессии / Грузчик / Задачи";"https://dodelay.ru/podrabotka/yaroslavl/mover";"Инфо";"НЧ"
"подъём на этаж без лифта цена";"Профессии / Грузчик / Задачи";"https://dodelay.ru/podrabotka/yaroslavl/mover";"Инфо";"НЧ"
"сколько стоит подъём на этаж без лифта";"Профессии / Грузчик / Задачи";"https://dodelay.ru/podrabotka/yaroslavl/mover";"Инфо";"НЧ"
"квартирный переезд";"Профессии / Грузчик / Задачи";"https://dodelay.ru/podrabotka/yaroslavl/mover";"Инфо";"НЧ"
"сколько стоит квартирный переезд";"Профессии / Грузчик / Задачи";"https://dodelay.ru/podrabotka/yaroslavl/mover";"Инфо";"НЧ"
"вынос старой мебели в ярославле";"Профессии / Грузчик / Задачи";"https://dodelay.ru/podrabotka/yaroslavl/mover";"Инфо";"НЧ"
"вынос старой мебели цена";"Профессии / Грузчик / Задачи";"https://dodelay.ru/podrabotka/yaroslavl/mover";"Инфо";"НЧ"
"сколько стоит вынос старой мебели";"Профессии / Грузчик / Задачи";"https://dodelay.ru/podrabotka/yaroslavl/mover";"Инфо";"НЧ"
"сварщик в ярославле";"Профессии / Сварщик / Ярославль";"https://dodelay.ru/podrabotka/yaroslavl/welder";"Коммерческий";"СЧ"
"сварщик ярославль";"Профессии / Сварщик / Ярославль";"https://dodelay.ru/podrabotka/yaroslavl/welder";"Коммерческий";"СЧ"
"сварщик в ярославле недорого";"Профессии / Сварщик / Ярославль";"https://dodelay.ru/podrabotka/yaroslavl/welder";"Коммерческий";"НЧ"
"сварщик в ярославле цены";"Профессии / Сварщик / Ярославль";"https://dodelay.ru/podrabotka/yaroslavl/welder";"Коммерческий";"НЧ"
"сварщик в ярославле на дом";"Профессии / Сварщик / Ярославль";"https://dodelay.ru/podrabotka/yaroslavl/welder";"Коммерческий";"НЧ"
"вызвать сварщика в ярославле";"Профессии / Сварщик / Ярославль";"https://dodelay.ru/podrabotka/yaroslavl/welder";"Коммерческий";"НЧ"
"нанять сварщика в ярославле";"Профессии / Сварщик / Ярославль";"https://dodelay.ru/podrabotka/yaroslavl/welder";"Коммерческий";"НЧ"
"найти сварщика в ярославле";"Профессии / Сварщик / Ярославль";"https://dodelay.ru/podrabotka/yaroslavl/welder";"Коммерческий";"НЧ"
"услуги сварщика в ярославле";"Профессии / Сварщик / Ярославль";"https://dodelay.ru/podrabotka/yaroslavl/welder";"Коммерческий";"НЧ"
"сварщик частник в ярославле";"Профессии / Сварщик / Ярославль";"https://dodelay.ru/podrabotka/yaroslavl/welder";"Коммерческий";"НЧ"
"сварщик без посредников в ярославле";"Профессии / Сварщик / Ярославль";"https://dodelay.ru/podrabotka/yaroslavl/welder";"Коммерческий";"НЧ"
"работа сварщик в ярославле";"Профессии / Сварщик / Ярославль";"https://dodelay.ru/podrabotka/yaroslavl/welder";"Вакансия";"СЧ"
"подработка сварщик в ярославле";"Профессии / Сварщик / Ярославль";"https://dodelay.ru/podrabotka/yaroslavl/welder";"Вакансия";"НЧ"
"требуется сварщик в ярославле";"Профессии / Сварщик / Ярославль";"https://dodelay.ru/podrabotka/yaroslavl/welder";"Вакансия";"НЧ"
"вакансия сварщик в ярославле";"Профессии / Сварщик / Ярославль";"https://dodelay.ru/podrabotka/yaroslavl/welder";"Вакансия";"НЧ"
"сварщик в рыбинске";"Профессии / Сварщик / Рыбинск";"https://dodelay.ru/podrabotka/rybinsk/welder";"Коммерческий";"СЧ"
"сварщик рыбинск";"Профессии / Сварщик / Рыбинск";"https://dodelay.ru/podrabotka/rybinsk/welder";"Коммерческий";"СЧ"
"сварщик в рыбинске недорого";"Профессии / Сварщик / Рыбинск";"https://dodelay.ru/podrabotka/rybinsk/welder";"Коммерческий";"НЧ"
"сварщик в рыбинске цены";"Профессии / Сварщик / Рыбинск";"https://dodelay.ru/podrabotka/rybinsk/welder";"Коммерческий";"НЧ"
"сварщик в рыбинске на дом";"Профессии / Сварщик / Рыбинск";"https://dodelay.ru/podrabotka/rybinsk/welder";"Коммерческий";"НЧ"
"вызвать сварщика в рыбинске";"Профессии / Сварщик / Рыбинск";"https://dodelay.ru/podrabotka/rybinsk/welder";"Коммерческий";"НЧ"
"нанять сварщика в рыбинске";"Профессии / Сварщик / Рыбинск";"https://dodelay.ru/podrabotka/rybinsk/welder";"Коммерческий";"НЧ"
"найти сварщика в рыбинске";"Профессии / Сварщик / Рыбинск";"https://dodelay.ru/podrabotka/rybinsk/welder";"Коммерческий";"НЧ"
"услуги сварщика в рыбинске";"Профессии / Сварщик / Рыбинск";"https://dodelay.ru/podrabotka/rybinsk/welder";"Коммерческий";"НЧ"
"сварщик частник в рыбинске";"Профессии / Сварщик / Рыбинск";"https://dodelay.ru/podrabotka/rybinsk/welder";"Коммерческий";"НЧ"
"сварщик без посредников в рыбинске";"Профессии / Сварщик / Рыбинск";"https://dodelay.ru/podrabotka/rybinsk/welder";"Коммерческий";"НЧ"
"работа сварщик в рыбинске";"Профессии / Сварщик / Рыбинск";"https://dodelay.ru/podrabotka/rybinsk/welder";"Вакансия";"СЧ"
"подработка сварщик в рыбинске";"Профессии / Сварщик / Рыбинск";"https://dodelay.ru/podrabotka/rybinsk/welder";"Вакансия";"НЧ"
"требуется сварщик в рыбинске";"Профессии / Сварщик / Рыбинск";"https://dodelay.ru/podrabotka/rybinsk/welder";"Вакансия";"НЧ"
"вакансия сварщик в рыбинске";"Профессии / Сварщик / Рыбинск";"https://dodelay.ru/podrabotka/rybinsk/welder";"Вакансия";"НЧ"
"сварщик в тутаеве";"Профессии / Сварщик / Тутаев";"https://dodelay.ru/podrabotka/tutaev/welder";"Коммерческий";"СЧ"
"сварщик тутаев";"Профессии / Сварщик / Тутаев";"https://dodelay.ru/podrabotka/tutaev/welder";"Коммерческий";"СЧ"
"сварщик в тутаеве недорого";"Профессии / Сварщик / Тутаев";"https://dodelay.ru/podrabotka/tutaev/welder";"Коммерческий";"НЧ"
"сварщик в тутаеве цены";"Профессии / Сварщик / Тутаев";"https://dodelay.ru/podrabotka/tutaev/welder";"Коммерческий";"НЧ"
"сварщик в тутаеве на дом";"Профессии / Сварщик / Тутаев";"https://dodelay.ru/podrabotka/tutaev/welder";"Коммерческий";"НЧ"
"вызвать сварщика в тутаеве";"Профессии / Сварщик / Тутаев";"https://dodelay.ru/podrabotka/tutaev/welder";"Коммерческий";"НЧ"
"нанять сварщика в тутаеве";"Профессии / Сварщик / Тутаев";"https://dodelay.ru/podrabotka/tutaev/welder";"Коммерческий";"НЧ"
"найти сварщика в тутаеве";"Профессии / Сварщик / Тутаев";"https://dodelay.ru/podrabotka/tutaev/welder";"Коммерческий";"НЧ"
"услуги сварщика в тутаеве";"Профессии / Сварщик / Тутаев";"https://dodelay.ru/podrabotka/tutaev/welder";"Коммерческий";"НЧ"
"сварщик частник в тутаеве";"Профессии / Сварщик / Тутаев";"https://dodelay.ru/podrabotka/tutaev/welder";"Коммерческий";"НЧ"
"сварщик без посредников в тутаеве";"Профессии / Сварщик / Тутаев";"https://dodelay.ru/podrabotka/tutaev/welder";"Коммерческий";"НЧ"
"работа сварщик в тутаеве";"Профессии / Сварщик / Тутаев";"https://dodelay.ru/podrabotka/tutaev/welder";"Вакансия";"СЧ"
"подработка сварщик в тутаеве";"Профессии / Сварщик / Тутаев";"https://dodelay.ru/podrabotka/tutaev/welder";"Вакансия";"НЧ"
"требуется сварщик в тутаеве";"Профессии / Сварщик / Тутаев";"https://dodelay.ru/podrabotka/tutaev/welder";"Вакансия";"НЧ"
"вакансия сварщик в тутаеве";"Профессии / Сварщик / Тутаев";"https://dodelay.ru/podrabotka/tutaev/welder";"Вакансия";"НЧ"
"сварщик в переславле-залесском";"Профессии / Сварщик / Переславль-Залесский";"https://dodelay.ru/podrabotka/pereslavl/welder";"Коммерческий";"СЧ"
"сварщик переславль-залесский";"Профессии / Сварщик / Переславль-Залесский";"https://dodelay.ru/podrabotka/pereslavl/welder";"Коммерческий";"СЧ"
"сварщик в переславле-залесском недорого";"Профессии / Сварщик / Переславль-Залесский";"https://dodelay.ru/podrabotka/pereslavl/welder";"Коммерческий";"НЧ"
"сварщик в переславле-залесском цены";"Профессии / Сварщик / Переславль-Залесский";"https://dodelay.ru/podrabotka/pereslavl/welder";"Коммерческий";"НЧ"
"сварщик в переславле-залесском на дом";"Профессии / Сварщик / Переславль-Залесский";"https://dodelay.ru/podrabotka/pereslavl/welder";"Коммерческий";"НЧ"
"вызвать сварщика в переславле-залесском";"Профессии / Сварщик / Переславль-Залесский";"https://dodelay.ru/podrabotka/pereslavl/welder";"Коммерческий";"НЧ"
"нанять сварщика в переславле-залесском";"Профессии / Сварщик / Переславль-Залесский";"https://dodelay.ru/podrabotka/pereslavl/welder";"Коммерческий";"НЧ"
"найти сварщика в переславле-залесском";"Профессии / Сварщик / Переславль-Залесский";"https://dodelay.ru/podrabotka/pereslavl/welder";"Коммерческий";"НЧ"
"услуги сварщика в переславле-залесском";"Профессии / Сварщик / Переславль-Залесский";"https://dodelay.ru/podrabotka/pereslavl/welder";"Коммерческий";"НЧ"
"сварщик частник в переславле-залесском";"Профессии / Сварщик / Переславль-Залесский";"https://dodelay.ru/podrabotka/pereslavl/welder";"Коммерческий";"НЧ"
"сварщик без посредников в переславле-залесском";"Профессии / Сварщик / Переславль-Залесский";"https://dodelay.ru/podrabotka/pereslavl/welder";"Коммерческий";"НЧ"
"работа сварщик в переславле-залесском";"Профессии / Сварщик / Переславль-Залесский";"https://dodelay.ru/podrabotka/pereslavl/welder";"Вакансия";"СЧ"
"подработка сварщик в переславле-залесском";"Профессии / Сварщик / Переславль-Залесский";"https://dodelay.ru/podrabotka/pereslavl/welder";"Вакансия";"НЧ"
"требуется сварщик в переславле-залесском";"Профессии / Сварщик / Переславль-Залесский";"https://dodelay.ru/podrabotka/pereslavl/welder";"Вакансия";"НЧ"
"вакансия сварщик в переславле-залесском";"Профессии / Сварщик / Переславль-Залесский";"https://dodelay.ru/podrabotka/pereslavl/welder";"Вакансия";"НЧ"
"сварщик в угличе";"Профессии / Сварщик / Углич";"https://dodelay.ru/podrabotka/uglich/welder";"Коммерческий";"СЧ"
"сварщик углич";"Профессии / Сварщик / Углич";"https://dodelay.ru/podrabotka/uglich/welder";"Коммерческий";"СЧ"
"сварщик в угличе недорого";"Профессии / Сварщик / Углич";"https://dodelay.ru/podrabotka/uglich/welder";"Коммерческий";"НЧ"
"сварщик в угличе цены";"Профессии / Сварщик / Углич";"https://dodelay.ru/podrabotka/uglich/welder";"Коммерческий";"НЧ"
"сварщик в угличе на дом";"Профессии / Сварщик / Углич";"https://dodelay.ru/podrabotka/uglich/welder";"Коммерческий";"НЧ"
"вызвать сварщика в угличе";"Профессии / Сварщик / Углич";"https://dodelay.ru/podrabotka/uglich/welder";"Коммерческий";"НЧ"
"нанять сварщика в угличе";"Профессии / Сварщик / Углич";"https://dodelay.ru/podrabotka/uglich/welder";"Коммерческий";"НЧ"
"найти сварщика в угличе";"Профессии / Сварщик / Углич";"https://dodelay.ru/podrabotka/uglich/welder";"Коммерческий";"НЧ"
"услуги сварщика в угличе";"Профессии / Сварщик / Углич";"https://dodelay.ru/podrabotka/uglich/welder";"Коммерческий";"НЧ"
"сварщик частник в угличе";"Профессии / Сварщик / Углич";"https://dodelay.ru/podrabotka/uglich/welder";"Коммерческий";"НЧ"
"сварщик без посредников в угличе";"Профессии / Сварщик / Углич";"https://dodelay.ru/podrabotka/uglich/welder";"Коммерческий";"НЧ"
"работа сварщик в угличе";"Профессии / Сварщик / Углич";"https://dodelay.ru/podrabotka/uglich/welder";"Вакансия";"СЧ"
"подработка сварщик в угличе";"Профессии / Сварщик / Углич";"https://dodelay.ru/podrabotka/uglich/welder";"Вакансия";"НЧ"
"требуется сварщик в угличе";"Профессии / Сварщик / Углич";"https://dodelay.ru/podrabotka/uglich/welder";"Вакансия";"НЧ"
"вакансия сварщик в угличе";"Профессии / Сварщик / Углич";"https://dodelay.ru/podrabotka/uglich/welder";"Вакансия";"НЧ"
"сварщик в ростове великом";"Профессии / Сварщик / Ростов Великий";"https://dodelay.ru/podrabotka/rostov/welder";"Коммерческий";"СЧ"
"сварщик ростов великий";"Профессии / Сварщик / Ростов Великий";"https://dodelay.ru/podrabotka/rostov/welder";"Коммерческий";"СЧ"
"сварщик в ростове великом недорого";"Профессии / Сварщик / Ростов Великий";"https://dodelay.ru/podrabotka/rostov/welder";"Коммерческий";"НЧ"
"сварщик в ростове великом цены";"Профессии / Сварщик / Ростов Великий";"https://dodelay.ru/podrabotka/rostov/welder";"Коммерческий";"НЧ"
"сварщик в ростове великом на дом";"Профессии / Сварщик / Ростов Великий";"https://dodelay.ru/podrabotka/rostov/welder";"Коммерческий";"НЧ"
"вызвать сварщика в ростове великом";"Профессии / Сварщик / Ростов Великий";"https://dodelay.ru/podrabotka/rostov/welder";"Коммерческий";"НЧ"
"нанять сварщика в ростове великом";"Профессии / Сварщик / Ростов Великий";"https://dodelay.ru/podrabotka/rostov/welder";"Коммерческий";"НЧ"
"найти сварщика в ростове великом";"Профессии / Сварщик / Ростов Великий";"https://dodelay.ru/podrabotka/rostov/welder";"Коммерческий";"НЧ"
"услуги сварщика в ростове великом";"Профессии / Сварщик / Ростов Великий";"https://dodelay.ru/podrabotka/rostov/welder";"Коммерческий";"НЧ"
"сварщик частник в ростове великом";"Профессии / Сварщик / Ростов Великий";"https://dodelay.ru/podrabotka/rostov/welder";"Коммерческий";"НЧ"
"сварщик без посредников в ростове великом";"Профессии / Сварщик / Ростов Великий";"https://dodelay.ru/podrabotka/rostov/welder";"Коммерческий";"НЧ"
"работа сварщик в ростове великом";"Профессии / Сварщик / Ростов Великий";"https://dodelay.ru/podrabotka/rostov/welder";"Вакансия";"СЧ"
"подработка сварщик в ростове великом";"Профессии / Сварщик / Ростов Великий";"https://dodelay.ru/podrabotka/rostov/welder";"Вакансия";"НЧ"
"требуется сварщик в ростове великом";"Профессии / Сварщик / Ростов Великий";"https://dodelay.ru/podrabotka/rostov/welder";"Вакансия";"НЧ"
"вакансия сварщик в ростове великом";"Профессии / Сварщик / Ростов Великий";"https://dodelay.ru/podrabotka/rostov/welder";"Вакансия";"НЧ"
"сварочный шов";"Профессии / Сварщик / Задачи";"https://dodelay.ru/podrabotka/yaroslavl/welder";"Инфо";"НЧ"
"сколько стоит сварочный шов";"Профессии / Сварщик / Задачи";"https://dodelay.ru/podrabotka/yaroslavl/welder";"Инфо";"НЧ"
"ремонт ворот или калитки в ярославле";"Профессии / Сварщик / Задачи";"https://dodelay.ru/podrabotka/yaroslavl/welder";"Инфо";"НЧ"
"ремонт ворот или калитки цена";"Профессии / Сварщик / Задачи";"https://dodelay.ru/podrabotka/yaroslavl/welder";"Инфо";"НЧ"
"сколько стоит ремонт ворот или калитки";"Профессии / Сварщик / Задачи";"https://dodelay.ru/podrabotka/yaroslavl/welder";"Инфо";"НЧ"
"изготовление навеса в ярославле";"Профессии / Сварщик / Задачи";"https://dodelay.ru/podrabotka/yaroslavl/welder";"Инфо";"НЧ"
"изготовление навеса цена";"Профессии / Сварщик / Задачи";"https://dodelay.ru/podrabotka/yaroslavl/welder";"Инфо";"НЧ"
"сколько стоит изготовление навеса";"Профессии / Сварщик / Задачи";"https://dodelay.ru/podrabotka/yaroslavl/welder";"Инфо";"НЧ"
"металлокаркас под лестницу в ярославле";"Профессии / Сварщик / Задачи";"https://dodelay.ru/podrabotka/yaroslavl/welder";"Инфо";"НЧ"
"металлокаркас под лестницу цена";"Профессии / Сварщик / Задачи";"https://dodelay.ru/podrabotka/yaroslavl/welder";"Инфо";"НЧ"
"сколько стоит металлокаркас под лестницу";"Профессии / Сварщик / Задачи";"https://dodelay.ru/podrabotka/yaroslavl/welder";"Инфо";"НЧ"
"плиточник в ярославле";"Профессии / Плиточник / Ярославль";"https://dodelay.ru/podrabotka/yaroslavl/tiler";"Коммерческий";"СЧ"
"плиточник ярославль";"Профессии / Плиточник / Ярославль";"https://dodelay.ru/podrabotka/yaroslavl/tiler";"Коммерческий";"СЧ"
"плиточник в ярославле недорого";"Профессии / Плиточник / Ярославль";"https://dodelay.ru/podrabotka/yaroslavl/tiler";"Коммерческий";"НЧ"
"плиточник в ярославле цены";"Профессии / Плиточник / Ярославль";"https://dodelay.ru/podrabotka/yaroslavl/tiler";"Коммерческий";"НЧ"
"плиточник в ярославле на дом";"Профессии / Плиточник / Ярославль";"https://dodelay.ru/podrabotka/yaroslavl/tiler";"Коммерческий";"НЧ"
"вызвать плиточника в ярославле";"Профессии / Плиточник / Ярославль";"https://dodelay.ru/podrabotka/yaroslavl/tiler";"Коммерческий";"НЧ"
"нанять плиточника в ярославле";"Профессии / Плиточник / Ярославль";"https://dodelay.ru/podrabotka/yaroslavl/tiler";"Коммерческий";"НЧ"
"найти плиточника в ярославле";"Профессии / Плиточник / Ярославль";"https://dodelay.ru/podrabotka/yaroslavl/tiler";"Коммерческий";"НЧ"
"услуги плиточника в ярославле";"Профессии / Плиточник / Ярославль";"https://dodelay.ru/podrabotka/yaroslavl/tiler";"Коммерческий";"НЧ"
"плиточник частник в ярославле";"Профессии / Плиточник / Ярославль";"https://dodelay.ru/podrabotka/yaroslavl/tiler";"Коммерческий";"НЧ"
"плиточник без посредников в ярославле";"Профессии / Плиточник / Ярославль";"https://dodelay.ru/podrabotka/yaroslavl/tiler";"Коммерческий";"НЧ"
"работа плиточник в ярославле";"Профессии / Плиточник / Ярославль";"https://dodelay.ru/podrabotka/yaroslavl/tiler";"Вакансия";"СЧ"
"подработка плиточник в ярославле";"Профессии / Плиточник / Ярославль";"https://dodelay.ru/podrabotka/yaroslavl/tiler";"Вакансия";"НЧ"
"требуется плиточник в ярославле";"Профессии / Плиточник / Ярославль";"https://dodelay.ru/podrabotka/yaroslavl/tiler";"Вакансия";"НЧ"
"вакансия плиточник в ярославле";"Профессии / Плиточник / Ярославль";"https://dodelay.ru/podrabotka/yaroslavl/tiler";"Вакансия";"НЧ"
"плиточник в рыбинске";"Профессии / Плиточник / Рыбинск";"https://dodelay.ru/podrabotka/rybinsk/tiler";"Коммерческий";"СЧ"
"плиточник рыбинск";"Профессии / Плиточник / Рыбинск";"https://dodelay.ru/podrabotka/rybinsk/tiler";"Коммерческий";"СЧ"
"плиточник в рыбинске недорого";"Профессии / Плиточник / Рыбинск";"https://dodelay.ru/podrabotka/rybinsk/tiler";"Коммерческий";"НЧ"
"плиточник в рыбинске цены";"Профессии / Плиточник / Рыбинск";"https://dodelay.ru/podrabotka/rybinsk/tiler";"Коммерческий";"НЧ"
"плиточник в рыбинске на дом";"Профессии / Плиточник / Рыбинск";"https://dodelay.ru/podrabotka/rybinsk/tiler";"Коммерческий";"НЧ"
"вызвать плиточника в рыбинске";"Профессии / Плиточник / Рыбинск";"https://dodelay.ru/podrabotka/rybinsk/tiler";"Коммерческий";"НЧ"
"нанять плиточника в рыбинске";"Профессии / Плиточник / Рыбинск";"https://dodelay.ru/podrabotka/rybinsk/tiler";"Коммерческий";"НЧ"
"найти плиточника в рыбинске";"Профессии / Плиточник / Рыбинск";"https://dodelay.ru/podrabotka/rybinsk/tiler";"Коммерческий";"НЧ"
"услуги плиточника в рыбинске";"Профессии / Плиточник / Рыбинск";"https://dodelay.ru/podrabotka/rybinsk/tiler";"Коммерческий";"НЧ"
"плиточник частник в рыбинске";"Профессии / Плиточник / Рыбинск";"https://dodelay.ru/podrabotka/rybinsk/tiler";"Коммерческий";"НЧ"
"плиточник без посредников в рыбинске";"Профессии / Плиточник / Рыбинск";"https://dodelay.ru/podrabotka/rybinsk/tiler";"Коммерческий";"НЧ"
"работа плиточник в рыбинске";"Профессии / Плиточник / Рыбинск";"https://dodelay.ru/podrabotka/rybinsk/tiler";"Вакансия";"СЧ"
"подработка плиточник в рыбинске";"Профессии / Плиточник / Рыбинск";"https://dodelay.ru/podrabotka/rybinsk/tiler";"Вакансия";"НЧ"
"требуется плиточник в рыбинске";"Профессии / Плиточник / Рыбинск";"https://dodelay.ru/podrabotka/rybinsk/tiler";"Вакансия";"НЧ"
"вакансия плиточник в рыбинске";"Профессии / Плиточник / Рыбинск";"https://dodelay.ru/podrabotka/rybinsk/tiler";"Вакансия";"НЧ"
"плиточник в тутаеве";"Профессии / Плиточник / Тутаев";"https://dodelay.ru/podrabotka/tutaev/tiler";"Коммерческий";"СЧ"
"плиточник тутаев";"Профессии / Плиточник / Тутаев";"https://dodelay.ru/podrabotka/tutaev/tiler";"Коммерческий";"СЧ"
"плиточник в тутаеве недорого";"Профессии / Плиточник / Тутаев";"https://dodelay.ru/podrabotka/tutaev/tiler";"Коммерческий";"НЧ"
"плиточник в тутаеве цены";"Профессии / Плиточник / Тутаев";"https://dodelay.ru/podrabotka/tutaev/tiler";"Коммерческий";"НЧ"
"плиточник в тутаеве на дом";"Профессии / Плиточник / Тутаев";"https://dodelay.ru/podrabotka/tutaev/tiler";"Коммерческий";"НЧ"
"вызвать плиточника в тутаеве";"Профессии / Плиточник / Тутаев";"https://dodelay.ru/podrabotka/tutaev/tiler";"Коммерческий";"НЧ"
"нанять плиточника в тутаеве";"Профессии / Плиточник / Тутаев";"https://dodelay.ru/podrabotka/tutaev/tiler";"Коммерческий";"НЧ"
"найти плиточника в тутаеве";"Профессии / Плиточник / Тутаев";"https://dodelay.ru/podrabotka/tutaev/tiler";"Коммерческий";"НЧ"
"услуги плиточника в тутаеве";"Профессии / Плиточник / Тутаев";"https://dodelay.ru/podrabotka/tutaev/tiler";"Коммерческий";"НЧ"
"плиточник частник в тутаеве";"Профессии / Плиточник / Тутаев";"https://dodelay.ru/podrabotka/tutaev/tiler";"Коммерческий";"НЧ"
"плиточник без посредников в тутаеве";"Профессии / Плиточник / Тутаев";"https://dodelay.ru/podrabotka/tutaev/tiler";"Коммерческий";"НЧ"
"работа плиточник в тутаеве";"Профессии / Плиточник / Тутаев";"https://dodelay.ru/podrabotka/tutaev/tiler";"Вакансия";"СЧ"
"подработка плиточник в тутаеве";"Профессии / Плиточник / Тутаев";"https://dodelay.ru/podrabotka/tutaev/tiler";"Вакансия";"НЧ"
"требуется плиточник в тутаеве";"Профессии / Плиточник / Тутаев";"https://dodelay.ru/podrabotka/tutaev/tiler";"Вакансия";"НЧ"
"вакансия плиточник в тутаеве";"Профессии / Плиточник / Тутаев";"https://dodelay.ru/podrabotka/tutaev/tiler";"Вакансия";"НЧ"
"плиточник в переславле-залесском";"Профессии / Плиточник / Переславль-Залесский";"https://dodelay.ru/podrabotka/pereslavl/tiler";"Коммерческий";"СЧ"
"плиточник переславль-залесский";"Профессии / Плиточник / Переславль-Залесский";"https://dodelay.ru/podrabotka/pereslavl/tiler";"Коммерческий";"СЧ"
"плиточник в переславле-залесском недорого";"Профессии / Плиточник / Переславль-Залесский";"https://dodelay.ru/podrabotka/pereslavl/tiler";"Коммерческий";"НЧ"
"плиточник в переславле-залесском цены";"Профессии / Плиточник / Переславль-Залесский";"https://dodelay.ru/podrabotka/pereslavl/tiler";"Коммерческий";"НЧ"
"плиточник в переславле-залесском на дом";"Профессии / Плиточник / Переславль-Залесский";"https://dodelay.ru/podrabotka/pereslavl/tiler";"Коммерческий";"НЧ"
"вызвать плиточника в переславле-залесском";"Профессии / Плиточник / Переславль-Залесский";"https://dodelay.ru/podrabotka/pereslavl/tiler";"Коммерческий";"НЧ"
"нанять плиточника в переславле-залесском";"Профессии / Плиточник / Переславль-Залесский";"https://dodelay.ru/podrabotka/pereslavl/tiler";"Коммерческий";"НЧ"
"найти плиточника в переславле-залесском";"Профессии / Плиточник / Переславль-Залесский";"https://dodelay.ru/podrabotka/pereslavl/tiler";"Коммерческий";"НЧ"
"услуги плиточника в переславле-залесском";"Профессии / Плиточник / Переславль-Залесский";"https://dodelay.ru/podrabotka/pereslavl/tiler";"Коммерческий";"НЧ"
"плиточник частник в переславле-залесском";"Профессии / Плиточник / Переславль-Залесский";"https://dodelay.ru/podrabotka/pereslavl/tiler";"Коммерческий";"НЧ"
"плиточник без посредников в переславле-залесском";"Профессии / Плиточник / Переславль-Залесский";"https://dodelay.ru/podrabotka/pereslavl/tiler";"Коммерческий";"НЧ"
"работа плиточник в переславле-залесском";"Профессии / Плиточник / Переславль-Залесский";"https://dodelay.ru/podrabotka/pereslavl/tiler";"Вакансия";"СЧ"
"подработка плиточник в переславле-залесском";"Профессии / Плиточник / Переславль-Залесский";"https://dodelay.ru/podrabotka/pereslavl/tiler";"Вакансия";"НЧ"
"требуется плиточник в переславле-залесском";"Профессии / Плиточник / Переславль-Залесский";"https://dodelay.ru/podrabotka/pereslavl/tiler";"Вакансия";"НЧ"
"вакансия плиточник в переславле-залесском";"Профессии / Плиточник / Переславль-Залесский";"https://dodelay.ru/podrabotka/pereslavl/tiler";"Вакансия";"НЧ"
"плиточник в угличе";"Профессии / Плиточник / Углич";"https://dodelay.ru/podrabotka/uglich/tiler";"Коммерческий";"СЧ"
"плиточник углич";"Профессии / Плиточник / Углич";"https://dodelay.ru/podrabotka/uglich/tiler";"Коммерческий";"СЧ"
"плиточник в угличе недорого";"Профессии / Плиточник / Углич";"https://dodelay.ru/podrabotka/uglich/tiler";"Коммерческий";"НЧ"
"плиточник в угличе цены";"Профессии / Плиточник / Углич";"https://dodelay.ru/podrabotka/uglich/tiler";"Коммерческий";"НЧ"
"плиточник в угличе на дом";"Профессии / Плиточник / Углич";"https://dodelay.ru/podrabotka/uglich/tiler";"Коммерческий";"НЧ"
"вызвать плиточника в угличе";"Профессии / Плиточник / Углич";"https://dodelay.ru/podrabotka/uglich/tiler";"Коммерческий";"НЧ"
"нанять плиточника в угличе";"Профессии / Плиточник / Углич";"https://dodelay.ru/podrabotka/uglich/tiler";"Коммерческий";"НЧ"
"найти плиточника в угличе";"Профессии / Плиточник / Углич";"https://dodelay.ru/podrabotka/uglich/tiler";"Коммерческий";"НЧ"
"услуги плиточника в угличе";"Профессии / Плиточник / Углич";"https://dodelay.ru/podrabotka/uglich/tiler";"Коммерческий";"НЧ"
"плиточник частник в угличе";"Профессии / Плиточник / Углич";"https://dodelay.ru/podrabotka/uglich/tiler";"Коммерческий";"НЧ"
"плиточник без посредников в угличе";"Профессии / Плиточник / Углич";"https://dodelay.ru/podrabotka/uglich/tiler";"Коммерческий";"НЧ"
"работа плиточник в угличе";"Профессии / Плиточник / Углич";"https://dodelay.ru/podrabotka/uglich/tiler";"Вакансия";"СЧ"
"подработка плиточник в угличе";"Профессии / Плиточник / Углич";"https://dodelay.ru/podrabotka/uglich/tiler";"Вакансия";"НЧ"
"требуется плиточник в угличе";"Профессии / Плиточник / Углич";"https://dodelay.ru/podrabotka/uglich/tiler";"Вакансия";"НЧ"
"вакансия плиточник в угличе";"Профессии / Плиточник / Углич";"https://dodelay.ru/podrabotka/uglich/tiler";"Вакансия";"НЧ"
"плиточник в ростове великом";"Профессии / Плиточник / Ростов Великий";"https://dodelay.ru/podrabotka/rostov/tiler";"Коммерческий";"СЧ"
"плиточник ростов великий";"Профессии / Плиточник / Ростов Великий";"https://dodelay.ru/podrabotka/rostov/tiler";"Коммерческий";"СЧ"
"плиточник в ростове великом недорого";"Профессии / Плиточник / Ростов Великий";"https://dodelay.ru/podrabotka/rostov/tiler";"Коммерческий";"НЧ"
"плиточник в ростове великом цены";"Профессии / Плиточник / Ростов Великий";"https://dodelay.ru/podrabotka/rostov/tiler";"Коммерческий";"НЧ"
"плиточник в ростове великом на дом";"Профессии / Плиточник / Ростов Великий";"https://dodelay.ru/podrabotka/rostov/tiler";"Коммерческий";"НЧ"
"вызвать плиточника в ростове великом";"Профессии / Плиточник / Ростов Великий";"https://dodelay.ru/podrabotka/rostov/tiler";"Коммерческий";"НЧ"
"нанять плиточника в ростове великом";"Профессии / Плиточник / Ростов Великий";"https://dodelay.ru/podrabotka/rostov/tiler";"Коммерческий";"НЧ"
"найти плиточника в ростове великом";"Профессии / Плиточник / Ростов Великий";"https://dodelay.ru/podrabotka/rostov/tiler";"Коммерческий";"НЧ"
"услуги плиточника в ростове великом";"Профессии / Плиточник / Ростов Великий";"https://dodelay.ru/podrabotka/rostov/tiler";"Коммерческий";"НЧ"
"плиточник частник в ростове великом";"Профессии / Плиточник / Ростов Великий";"https://dodelay.ru/podrabotka/rostov/tiler";"Коммерческий";"НЧ"
"плиточник без посредников в ростове великом";"Профессии / Плиточник / Ростов Великий";"https://dodelay.ru/podrabotka/rostov/tiler";"Коммерческий";"НЧ"
"работа плиточник в ростове великом";"Профессии / Плиточник / Ростов Великий";"https://dodelay.ru/podrabotka/rostov/tiler";"Вакансия";"СЧ"
"подработка плиточник в ростове великом";"Профессии / Плиточник / Ростов Великий";"https://dodelay.ru/podrabotka/rostov/tiler";"Вакансия";"НЧ"
"требуется плиточник в ростове великом";"Профессии / Плиточник / Ростов Великий";"https://dodelay.ru/podrabotka/rostov/tiler";"Вакансия";"НЧ"
"вакансия плиточник в ростове великом";"Профессии / Плиточник / Ростов Великий";"https://dodelay.ru/podrabotka/rostov/tiler";"Вакансия";"НЧ"
"укладка плитки на стену";"Профессии / Плиточник / Задачи";"https://dodelay.ru/podrabotka/yaroslavl/tiler";"Инфо";"НЧ"
"сколько стоит укладка плитки на стену";"Профессии / Плиточник / Задачи";"https://dodelay.ru/podrabotka/yaroslavl/tiler";"Инфо";"НЧ"
"укладка плитки на пол";"Профессии / Плиточник / Задачи";"https://dodelay.ru/podrabotka/yaroslavl/tiler";"Инфо";"НЧ"
"сколько стоит укладка плитки на пол";"Профессии / Плиточник / Задачи";"https://dodelay.ru/podrabotka/yaroslavl/tiler";"Инфо";"НЧ"
"кухонный фартук под ключ в ярославле";"Профессии / Плиточник / Задачи";"https://dodelay.ru/podrabotka/yaroslavl/tiler";"Инфо";"НЧ"
"кухонный фартук под ключ цена";"Профессии / Плиточник / Задачи";"https://dodelay.ru/podrabotka/yaroslavl/tiler";"Инфо";"НЧ"
"сколько стоит кухонный фартук под ключ";"Профессии / Плиточник / Задачи";"https://dodelay.ru/podrabotka/yaroslavl/tiler";"Инфо";"НЧ"
"санузел под ключ в ярославле";"Профессии / Плиточник / Задачи";"https://dodelay.ru/podrabotka/yaroslavl/tiler";"Инфо";"НЧ"
"санузел под ключ цена";"Профессии / Плиточник / Задачи";"https://dodelay.ru/podrabotka/yaroslavl/tiler";"Инфо";"НЧ"
"сколько стоит санузел под ключ";"Профессии / Плиточник / Задачи";"https://dodelay.ru/podrabotka/yaroslavl/tiler";"Инфо";"НЧ"
"маляр в ярославле";"Профессии / Маляр / Ярославль";"https://dodelay.ru/podrabotka/yaroslavl/painter";"Коммерческий";"СЧ"
"маляр ярославль";"Профессии / Маляр / Ярославль";"https://dodelay.ru/podrabotka/yaroslavl/painter";"Коммерческий";"СЧ"
"маляр в ярославле недорого";"Профессии / Маляр / Ярославль";"https://dodelay.ru/podrabotka/yaroslavl/painter";"Коммерческий";"НЧ"
"маляр в ярославле цены";"Профессии / Маляр / Ярославль";"https://dodelay.ru/podrabotka/yaroslavl/painter";"Коммерческий";"НЧ"
"маляр в ярославле на дом";"Профессии / Маляр / Ярославль";"https://dodelay.ru/podrabotka/yaroslavl/painter";"Коммерческий";"НЧ"
"вызвать маляра в ярославле";"Профессии / Маляр / Ярославль";"https://dodelay.ru/podrabotka/yaroslavl/painter";"Коммерческий";"НЧ"
"нанять маляра в ярославле";"Профессии / Маляр / Ярославль";"https://dodelay.ru/podrabotka/yaroslavl/painter";"Коммерческий";"НЧ"
"найти маляра в ярославле";"Профессии / Маляр / Ярославль";"https://dodelay.ru/podrabotka/yaroslavl/painter";"Коммерческий";"НЧ"
"услуги маляра в ярославле";"Профессии / Маляр / Ярославль";"https://dodelay.ru/podrabotka/yaroslavl/painter";"Коммерческий";"НЧ"
"маляр частник в ярославле";"Профессии / Маляр / Ярославль";"https://dodelay.ru/podrabotka/yaroslavl/painter";"Коммерческий";"НЧ"
"маляр без посредников в ярославле";"Профессии / Маляр / Ярославль";"https://dodelay.ru/podrabotka/yaroslavl/painter";"Коммерческий";"НЧ"
"работа маляр в ярославле";"Профессии / Маляр / Ярославль";"https://dodelay.ru/podrabotka/yaroslavl/painter";"Вакансия";"СЧ"
"подработка маляр в ярославле";"Профессии / Маляр / Ярославль";"https://dodelay.ru/podrabotka/yaroslavl/painter";"Вакансия";"НЧ"
"требуется маляр в ярославле";"Профессии / Маляр / Ярославль";"https://dodelay.ru/podrabotka/yaroslavl/painter";"Вакансия";"НЧ"
"вакансия маляр в ярославле";"Профессии / Маляр / Ярославль";"https://dodelay.ru/podrabotka/yaroslavl/painter";"Вакансия";"НЧ"
"маляр в рыбинске";"Профессии / Маляр / Рыбинск";"https://dodelay.ru/podrabotka/rybinsk/painter";"Коммерческий";"СЧ"
"маляр рыбинск";"Профессии / Маляр / Рыбинск";"https://dodelay.ru/podrabotka/rybinsk/painter";"Коммерческий";"СЧ"
"маляр в рыбинске недорого";"Профессии / Маляр / Рыбинск";"https://dodelay.ru/podrabotka/rybinsk/painter";"Коммерческий";"НЧ"
"маляр в рыбинске цены";"Профессии / Маляр / Рыбинск";"https://dodelay.ru/podrabotka/rybinsk/painter";"Коммерческий";"НЧ"
"маляр в рыбинске на дом";"Профессии / Маляр / Рыбинск";"https://dodelay.ru/podrabotka/rybinsk/painter";"Коммерческий";"НЧ"
"вызвать маляра в рыбинске";"Профессии / Маляр / Рыбинск";"https://dodelay.ru/podrabotka/rybinsk/painter";"Коммерческий";"НЧ"
"нанять маляра в рыбинске";"Профессии / Маляр / Рыбинск";"https://dodelay.ru/podrabotka/rybinsk/painter";"Коммерческий";"НЧ"
"найти маляра в рыбинске";"Профессии / Маляр / Рыбинск";"https://dodelay.ru/podrabotka/rybinsk/painter";"Коммерческий";"НЧ"
"услуги маляра в рыбинске";"Профессии / Маляр / Рыбинск";"https://dodelay.ru/podrabotka/rybinsk/painter";"Коммерческий";"НЧ"
"маляр частник в рыбинске";"Профессии / Маляр / Рыбинск";"https://dodelay.ru/podrabotka/rybinsk/painter";"Коммерческий";"НЧ"
"маляр без посредников в рыбинске";"Профессии / Маляр / Рыбинск";"https://dodelay.ru/podrabotka/rybinsk/painter";"Коммерческий";"НЧ"
"работа маляр в рыбинске";"Профессии / Маляр / Рыбинск";"https://dodelay.ru/podrabotka/rybinsk/painter";"Вакансия";"СЧ"
"подработка маляр в рыбинске";"Профессии / Маляр / Рыбинск";"https://dodelay.ru/podrabotka/rybinsk/painter";"Вакансия";"НЧ"
"требуется маляр в рыбинске";"Профессии / Маляр / Рыбинск";"https://dodelay.ru/podrabotka/rybinsk/painter";"Вакансия";"НЧ"
"вакансия маляр в рыбинске";"Профессии / Маляр / Рыбинск";"https://dodelay.ru/podrabotka/rybinsk/painter";"Вакансия";"НЧ"
"маляр в тутаеве";"Профессии / Маляр / Тутаев";"https://dodelay.ru/podrabotka/tutaev/painter";"Коммерческий";"СЧ"
"маляр тутаев";"Профессии / Маляр / Тутаев";"https://dodelay.ru/podrabotka/tutaev/painter";"Коммерческий";"СЧ"
"маляр в тутаеве недорого";"Профессии / Маляр / Тутаев";"https://dodelay.ru/podrabotka/tutaev/painter";"Коммерческий";"НЧ"
"маляр в тутаеве цены";"Профессии / Маляр / Тутаев";"https://dodelay.ru/podrabotka/tutaev/painter";"Коммерческий";"НЧ"
"маляр в тутаеве на дом";"Профессии / Маляр / Тутаев";"https://dodelay.ru/podrabotka/tutaev/painter";"Коммерческий";"НЧ"
"вызвать маляра в тутаеве";"Профессии / Маляр / Тутаев";"https://dodelay.ru/podrabotka/tutaev/painter";"Коммерческий";"НЧ"
"нанять маляра в тутаеве";"Профессии / Маляр / Тутаев";"https://dodelay.ru/podrabotka/tutaev/painter";"Коммерческий";"НЧ"
"найти маляра в тутаеве";"Профессии / Маляр / Тутаев";"https://dodelay.ru/podrabotka/tutaev/painter";"Коммерческий";"НЧ"
"услуги маляра в тутаеве";"Профессии / Маляр / Тутаев";"https://dodelay.ru/podrabotka/tutaev/painter";"Коммерческий";"НЧ"
"маляр частник в тутаеве";"Профессии / Маляр / Тутаев";"https://dodelay.ru/podrabotka/tutaev/painter";"Коммерческий";"НЧ"
"маляр без посредников в тутаеве";"Профессии / Маляр / Тутаев";"https://dodelay.ru/podrabotka/tutaev/painter";"Коммерческий";"НЧ"
"работа маляр в тутаеве";"Профессии / Маляр / Тутаев";"https://dodelay.ru/podrabotka/tutaev/painter";"Вакансия";"СЧ"
"подработка маляр в тутаеве";"Профессии / Маляр / Тутаев";"https://dodelay.ru/podrabotka/tutaev/painter";"Вакансия";"НЧ"
"требуется маляр в тутаеве";"Профессии / Маляр / Тутаев";"https://dodelay.ru/podrabotka/tutaev/painter";"Вакансия";"НЧ"
"вакансия маляр в тутаеве";"Профессии / Маляр / Тутаев";"https://dodelay.ru/podrabotka/tutaev/painter";"Вакансия";"НЧ"
"маляр в переславле-залесском";"Профессии / Маляр / Переславль-Залесский";"https://dodelay.ru/podrabotka/pereslavl/painter";"Коммерческий";"СЧ"
"маляр переславль-залесский";"Профессии / Маляр / Переславль-Залесский";"https://dodelay.ru/podrabotka/pereslavl/painter";"Коммерческий";"СЧ"
"маляр в переславле-залесском недорого";"Профессии / Маляр / Переславль-Залесский";"https://dodelay.ru/podrabotka/pereslavl/painter";"Коммерческий";"НЧ"
"маляр в переславле-залесском цены";"Профессии / Маляр / Переславль-Залесский";"https://dodelay.ru/podrabotka/pereslavl/painter";"Коммерческий";"НЧ"
"маляр в переславле-залесском на дом";"Профессии / Маляр / Переславль-Залесский";"https://dodelay.ru/podrabotka/pereslavl/painter";"Коммерческий";"НЧ"
"вызвать маляра в переславле-залесском";"Профессии / Маляр / Переславль-Залесский";"https://dodelay.ru/podrabotka/pereslavl/painter";"Коммерческий";"НЧ"
"нанять маляра в переславле-залесском";"Профессии / Маляр / Переславль-Залесский";"https://dodelay.ru/podrabotka/pereslavl/painter";"Коммерческий";"НЧ"
"найти маляра в переславле-залесском";"Профессии / Маляр / Переславль-Залесский";"https://dodelay.ru/podrabotka/pereslavl/painter";"Коммерческий";"НЧ"
"услуги маляра в переславле-залесском";"Профессии / Маляр / Переславль-Залесский";"https://dodelay.ru/podrabotka/pereslavl/painter";"Коммерческий";"НЧ"
"маляр частник в переславле-залесском";"Профессии / Маляр / Переславль-Залесский";"https://dodelay.ru/podrabotka/pereslavl/painter";"Коммерческий";"НЧ"
"маляр без посредников в переславле-залесском";"Профессии / Маляр / Переславль-Залесский";"https://dodelay.ru/podrabotka/pereslavl/painter";"Коммерческий";"НЧ"
"работа маляр в переславле-залесском";"Профессии / Маляр / Переславль-Залесский";"https://dodelay.ru/podrabotka/pereslavl/painter";"Вакансия";"СЧ"
"подработка маляр в переславле-залесском";"Профессии / Маляр / Переславль-Залесский";"https://dodelay.ru/podrabotka/pereslavl/painter";"Вакансия";"НЧ"
"требуется маляр в переславле-залесском";"Профессии / Маляр / Переславль-Залесский";"https://dodelay.ru/podrabotka/pereslavl/painter";"Вакансия";"НЧ"
"вакансия маляр в переславле-залесском";"Профессии / Маляр / Переславль-Залесский";"https://dodelay.ru/podrabotka/pereslavl/painter";"Вакансия";"НЧ"
"маляр в угличе";"Профессии / Маляр / Углич";"https://dodelay.ru/podrabotka/uglich/painter";"Коммерческий";"СЧ"
"маляр углич";"Профессии / Маляр / Углич";"https://dodelay.ru/podrabotka/uglich/painter";"Коммерческий";"СЧ"
"маляр в угличе недорого";"Профессии / Маляр / Углич";"https://dodelay.ru/podrabotka/uglich/painter";"Коммерческий";"НЧ"
"маляр в угличе цены";"Профессии / Маляр / Углич";"https://dodelay.ru/podrabotka/uglich/painter";"Коммерческий";"НЧ"
"маляр в угличе на дом";"Профессии / Маляр / Углич";"https://dodelay.ru/podrabotka/uglich/painter";"Коммерческий";"НЧ"
"вызвать маляра в угличе";"Профессии / Маляр / Углич";"https://dodelay.ru/podrabotka/uglich/painter";"Коммерческий";"НЧ"
"нанять маляра в угличе";"Профессии / Маляр / Углич";"https://dodelay.ru/podrabotka/uglich/painter";"Коммерческий";"НЧ"
"найти маляра в угличе";"Профессии / Маляр / Углич";"https://dodelay.ru/podrabotka/uglich/painter";"Коммерческий";"НЧ"
"услуги маляра в угличе";"Профессии / Маляр / Углич";"https://dodelay.ru/podrabotka/uglich/painter";"Коммерческий";"НЧ"
"маляр частник в угличе";"Профессии / Маляр / Углич";"https://dodelay.ru/podrabotka/uglich/painter";"Коммерческий";"НЧ"
"маляр без посредников в угличе";"Профессии / Маляр / Углич";"https://dodelay.ru/podrabotka/uglich/painter";"Коммерческий";"НЧ"
"работа маляр в угличе";"Профессии / Маляр / Углич";"https://dodelay.ru/podrabotka/uglich/painter";"Вакансия";"СЧ"
"подработка маляр в угличе";"Профессии / Маляр / Углич";"https://dodelay.ru/podrabotka/uglich/painter";"Вакансия";"НЧ"
"требуется маляр в угличе";"Профессии / Маляр / Углич";"https://dodelay.ru/podrabotka/uglich/painter";"Вакансия";"НЧ"
"вакансия маляр в угличе";"Профессии / Маляр / Углич";"https://dodelay.ru/podrabotka/uglich/painter";"Вакансия";"НЧ"
"маляр в ростове великом";"Профессии / Маляр / Ростов Великий";"https://dodelay.ru/podrabotka/rostov/painter";"Коммерческий";"СЧ"
"маляр ростов великий";"Профессии / Маляр / Ростов Великий";"https://dodelay.ru/podrabotka/rostov/painter";"Коммерческий";"СЧ"
"маляр в ростове великом недорого";"Профессии / Маляр / Ростов Великий";"https://dodelay.ru/podrabotka/rostov/painter";"Коммерческий";"НЧ"
"маляр в ростове великом цены";"Профессии / Маляр / Ростов Великий";"https://dodelay.ru/podrabotka/rostov/painter";"Коммерческий";"НЧ"
"маляр в ростове великом на дом";"Профессии / Маляр / Ростов Великий";"https://dodelay.ru/podrabotka/rostov/painter";"Коммерческий";"НЧ"
"вызвать маляра в ростове великом";"Профессии / Маляр / Ростов Великий";"https://dodelay.ru/podrabotka/rostov/painter";"Коммерческий";"НЧ"
"нанять маляра в ростове великом";"Профессии / Маляр / Ростов Великий";"https://dodelay.ru/podrabotka/rostov/painter";"Коммерческий";"НЧ"
"найти маляра в ростове великом";"Профессии / Маляр / Ростов Великий";"https://dodelay.ru/podrabotka/rostov/painter";"Коммерческий";"НЧ"
"услуги маляра в ростове великом";"Профессии / Маляр / Ростов Великий";"https://dodelay.ru/podrabotka/rostov/painter";"Коммерческий";"НЧ"
"маляр частник в ростове великом";"Профессии / Маляр / Ростов Великий";"https://dodelay.ru/podrabotka/rostov/painter";"Коммерческий";"НЧ"
"маляр без посредников в ростове великом";"Профессии / Маляр / Ростов Великий";"https://dodelay.ru/podrabotka/rostov/painter";"Коммерческий";"НЧ"
"работа маляр в ростове великом";"Профессии / Маляр / Ростов Великий";"https://dodelay.ru/podrabotka/rostov/painter";"Вакансия";"СЧ"
"подработка маляр в ростове великом";"Профессии / Маляр / Ростов Великий";"https://dodelay.ru/podrabotka/rostov/painter";"Вакансия";"НЧ"
"требуется маляр в ростове великом";"Профессии / Маляр / Ростов Великий";"https://dodelay.ru/podrabotka/rostov/painter";"Вакансия";"НЧ"
"вакансия маляр в ростове великом";"Профессии / Маляр / Ростов Великий";"https://dodelay.ru/podrabotka/rostov/painter";"Вакансия";"НЧ"
"покраска стен";"Профессии / Маляр / Задачи";"https://dodelay.ru/podrabotka/yaroslavl/painter";"Инфо";"НЧ"
"сколько стоит покраска стен";"Профессии / Маляр / Задачи";"https://dodelay.ru/podrabotka/yaroslavl/painter";"Инфо";"НЧ"
"покраска потолка";"Профессии / Маляр / Задачи";"https://dodelay.ru/podrabotka/yaroslavl/painter";"Инфо";"НЧ"
"сколько стоит покраска потолка";"Профессии / Маляр / Задачи";"https://dodelay.ru/podrabotka/yaroslavl/painter";"Инфо";"НЧ"
"покраска батареи в ярославле";"Профессии / Маляр / Задачи";"https://dodelay.ru/podrabotka/yaroslavl/painter";"Инфо";"НЧ"
"покраска батареи цена";"Профессии / Маляр / Задачи";"https://dodelay.ru/podrabotka/yaroslavl/painter";"Инфо";"НЧ"
"сколько стоит покраска батареи";"Профессии / Маляр / Задачи";"https://dodelay.ru/podrabotka/yaroslavl/painter";"Инфо";"НЧ"
"покраска забора";"Профессии / Маляр / Задачи";"https://dodelay.ru/podrabotka/yaroslavl/painter";"Инфо";"НЧ"
"сколько стоит покраска забора";"Профессии / Маляр / Задачи";"https://dodelay.ru/podrabotka/yaroslavl/painter";"Инфо";"НЧ"
"отделочник в ярославле";"Профессии / Отделочник / Ярославль";"https://dodelay.ru/podrabotka/yaroslavl/finisher";"Коммерческий";"СЧ"
"отделочник ярославль";"Профессии / Отделочник / Ярославль";"https://dodelay.ru/podrabotka/yaroslavl/finisher";"Коммерческий";"СЧ"
"отделочные работы в ярославле";"Профессии / Отделочник / Ярославль";"https://dodelay.ru/podrabotka/yaroslavl/finisher";"Коммерческий";"СЧ"
"отделочные работы ярославль";"Профессии / Отделочник / Ярославль";"https://dodelay.ru/podrabotka/yaroslavl/finisher";"Коммерческий";"СЧ"
"ремонт квартир в ярославле";"Профессии / Отделочник / Ярославль";"https://dodelay.ru/podrabotka/yaroslavl/finisher";"Коммерческий";"СЧ"
"ремонт квартир ярославль";"Профессии / Отделочник / Ярославль";"https://dodelay.ru/podrabotka/yaroslavl/finisher";"Коммерческий";"СЧ"
"отделка под ключ в ярославле";"Профессии / Отделочник / Ярославль";"https://dodelay.ru/podrabotka/yaroslavl/finisher";"Коммерческий";"СЧ"
"отделка под ключ ярославль";"Профессии / Отделочник / Ярославль";"https://dodelay.ru/podrabotka/yaroslavl/finisher";"Коммерческий";"СЧ"
"ремонт под ключ в ярославле";"Профессии / Отделочник / Ярославль";"https://dodelay.ru/podrabotka/yaroslavl/finisher";"Коммерческий";"СЧ"
"ремонт под ключ ярославль";"Профессии / Отделочник / Ярославль";"https://dodelay.ru/podrabotka/yaroslavl/finisher";"Коммерческий";"СЧ"
"чистовая отделка в ярославле";"Профессии / Отделочник / Ярославль";"https://dodelay.ru/podrabotka/yaroslavl/finisher";"Коммерческий";"СЧ"
"чистовая отделка ярославль";"Профессии / Отделочник / Ярославль";"https://dodelay.ru/podrabotka/yaroslavl/finisher";"Коммерческий";"СЧ"
"отделочник в ярославле недорого";"Профессии / Отделочник / Ярославль";"https://dodelay.ru/podrabotka/yaroslavl/finisher";"Коммерческий";"НЧ"
"отделочник в ярославле цены";"Профессии / Отделочник / Ярославль";"https://dodelay.ru/podrabotka/yaroslavl/finisher";"Коммерческий";"НЧ"
"отделочник в ярославле на дом";"Профессии / Отделочник / Ярославль";"https://dodelay.ru/podrabotka/yaroslavl/finisher";"Коммерческий";"НЧ"
"вызвать отделочника в ярославле";"Профессии / Отделочник / Ярославль";"https://dodelay.ru/podrabotka/yaroslavl/finisher";"Коммерческий";"НЧ"
"нанять отделочника в ярославле";"Профессии / Отделочник / Ярославль";"https://dodelay.ru/podrabotka/yaroslavl/finisher";"Коммерческий";"НЧ"
"найти отделочника в ярославле";"Профессии / Отделочник / Ярославль";"https://dodelay.ru/podrabotka/yaroslavl/finisher";"Коммерческий";"НЧ"
"услуги отделочника в ярославле";"Профессии / Отделочник / Ярославль";"https://dodelay.ru/podrabotka/yaroslavl/finisher";"Коммерческий";"НЧ"
"отделочник частник в ярославле";"Профессии / Отделочник / Ярославль";"https://dodelay.ru/podrabotka/yaroslavl/finisher";"Коммерческий";"НЧ"
"отделочник без посредников в ярославле";"Профессии / Отделочник / Ярославль";"https://dodelay.ru/podrabotka/yaroslavl/finisher";"Коммерческий";"НЧ"
"работа отделочник в ярославле";"Профессии / Отделочник / Ярославль";"https://dodelay.ru/podrabotka/yaroslavl/finisher";"Вакансия";"СЧ"
"подработка отделочник в ярославле";"Профессии / Отделочник / Ярославль";"https://dodelay.ru/podrabotka/yaroslavl/finisher";"Вакансия";"НЧ"
"требуется отделочник в ярославле";"Профессии / Отделочник / Ярославль";"https://dodelay.ru/podrabotka/yaroslavl/finisher";"Вакансия";"НЧ"
"вакансия отделочник в ярославле";"Профессии / Отделочник / Ярославль";"https://dodelay.ru/podrabotka/yaroslavl/finisher";"Вакансия";"НЧ"
"отделочник в рыбинске";"Профессии / Отделочник / Рыбинск";"https://dodelay.ru/podrabotka/rybinsk/finisher";"Коммерческий";"СЧ"
"отделочник рыбинск";"Профессии / Отделочник / Рыбинск";"https://dodelay.ru/podrabotka/rybinsk/finisher";"Коммерческий";"СЧ"
"отделочные работы в рыбинске";"Профессии / Отделочник / Рыбинск";"https://dodelay.ru/podrabotka/rybinsk/finisher";"Коммерческий";"СЧ"
"отделочные работы рыбинск";"Профессии / Отделочник / Рыбинск";"https://dodelay.ru/podrabotka/rybinsk/finisher";"Коммерческий";"СЧ"
"ремонт квартир в рыбинске";"Профессии / Отделочник / Рыбинск";"https://dodelay.ru/podrabotka/rybinsk/finisher";"Коммерческий";"СЧ"
"ремонт квартир рыбинск";"Профессии / Отделочник / Рыбинск";"https://dodelay.ru/podrabotka/rybinsk/finisher";"Коммерческий";"СЧ"
"отделка под ключ в рыбинске";"Профессии / Отделочник / Рыбинск";"https://dodelay.ru/podrabotka/rybinsk/finisher";"Коммерческий";"СЧ"
"отделка под ключ рыбинск";"Профессии / Отделочник / Рыбинск";"https://dodelay.ru/podrabotka/rybinsk/finisher";"Коммерческий";"СЧ"
"ремонт под ключ в рыбинске";"Профессии / Отделочник / Рыбинск";"https://dodelay.ru/podrabotka/rybinsk/finisher";"Коммерческий";"СЧ"
"ремонт под ключ рыбинск";"Профессии / Отделочник / Рыбинск";"https://dodelay.ru/podrabotka/rybinsk/finisher";"Коммерческий";"СЧ"
"чистовая отделка в рыбинске";"Профессии / Отделочник / Рыбинск";"https://dodelay.ru/podrabotka/rybinsk/finisher";"Коммерческий";"СЧ"
"чистовая отделка рыбинск";"Профессии / Отделочник / Рыбинск";"https://dodelay.ru/podrabotka/rybinsk/finisher";"Коммерческий";"СЧ"
"отделочник в рыбинске недорого";"Профессии / Отделочник / Рыбинск";"https://dodelay.ru/podrabotka/rybinsk/finisher";"Коммерческий";"НЧ"
"отделочник в рыбинске цены";"Профессии / Отделочник / Рыбинск";"https://dodelay.ru/podrabotka/rybinsk/finisher";"Коммерческий";"НЧ"
"отделочник в рыбинске на дом";"Профессии / Отделочник / Рыбинск";"https://dodelay.ru/podrabotka/rybinsk/finisher";"Коммерческий";"НЧ"
"вызвать отделочника в рыбинске";"Профессии / Отделочник / Рыбинск";"https://dodelay.ru/podrabotka/rybinsk/finisher";"Коммерческий";"НЧ"
"нанять отделочника в рыбинске";"Профессии / Отделочник / Рыбинск";"https://dodelay.ru/podrabotka/rybinsk/finisher";"Коммерческий";"НЧ"
"найти отделочника в рыбинске";"Профессии / Отделочник / Рыбинск";"https://dodelay.ru/podrabotka/rybinsk/finisher";"Коммерческий";"НЧ"
"услуги отделочника в рыбинске";"Профессии / Отделочник / Рыбинск";"https://dodelay.ru/podrabotka/rybinsk/finisher";"Коммерческий";"НЧ"
"отделочник частник в рыбинске";"Профессии / Отделочник / Рыбинск";"https://dodelay.ru/podrabotka/rybinsk/finisher";"Коммерческий";"НЧ"
"отделочник без посредников в рыбинске";"Профессии / Отделочник / Рыбинск";"https://dodelay.ru/podrabotka/rybinsk/finisher";"Коммерческий";"НЧ"
"работа отделочник в рыбинске";"Профессии / Отделочник / Рыбинск";"https://dodelay.ru/podrabotka/rybinsk/finisher";"Вакансия";"СЧ"
"подработка отделочник в рыбинске";"Профессии / Отделочник / Рыбинск";"https://dodelay.ru/podrabotka/rybinsk/finisher";"Вакансия";"НЧ"
"требуется отделочник в рыбинске";"Профессии / Отделочник / Рыбинск";"https://dodelay.ru/podrabotka/rybinsk/finisher";"Вакансия";"НЧ"
"вакансия отделочник в рыбинске";"Профессии / Отделочник / Рыбинск";"https://dodelay.ru/podrabotka/rybinsk/finisher";"Вакансия";"НЧ"
"отделочник в тутаеве";"Профессии / Отделочник / Тутаев";"https://dodelay.ru/podrabotka/tutaev/finisher";"Коммерческий";"СЧ"
"отделочник тутаев";"Профессии / Отделочник / Тутаев";"https://dodelay.ru/podrabotka/tutaev/finisher";"Коммерческий";"СЧ"
"отделочные работы в тутаеве";"Профессии / Отделочник / Тутаев";"https://dodelay.ru/podrabotka/tutaev/finisher";"Коммерческий";"СЧ"
"отделочные работы тутаев";"Профессии / Отделочник / Тутаев";"https://dodelay.ru/podrabotka/tutaev/finisher";"Коммерческий";"СЧ"
"ремонт квартир в тутаеве";"Профессии / Отделочник / Тутаев";"https://dodelay.ru/podrabotka/tutaev/finisher";"Коммерческий";"СЧ"
"ремонт квартир тутаев";"Профессии / Отделочник / Тутаев";"https://dodelay.ru/podrabotka/tutaev/finisher";"Коммерческий";"СЧ"
"отделка под ключ в тутаеве";"Профессии / Отделочник / Тутаев";"https://dodelay.ru/podrabotka/tutaev/finisher";"Коммерческий";"СЧ"
"отделка под ключ тутаев";"Профессии / Отделочник / Тутаев";"https://dodelay.ru/podrabotka/tutaev/finisher";"Коммерческий";"СЧ"
"ремонт под ключ в тутаеве";"Профессии / Отделочник / Тутаев";"https://dodelay.ru/podrabotka/tutaev/finisher";"Коммерческий";"СЧ"
"ремонт под ключ тутаев";"Профессии / Отделочник / Тутаев";"https://dodelay.ru/podrabotka/tutaev/finisher";"Коммерческий";"СЧ"
"чистовая отделка в тутаеве";"Профессии / Отделочник / Тутаев";"https://dodelay.ru/podrabotka/tutaev/finisher";"Коммерческий";"СЧ"
"чистовая отделка тутаев";"Профессии / Отделочник / Тутаев";"https://dodelay.ru/podrabotka/tutaev/finisher";"Коммерческий";"СЧ"
"отделочник в тутаеве недорого";"Профессии / Отделочник / Тутаев";"https://dodelay.ru/podrabotka/tutaev/finisher";"Коммерческий";"НЧ"
"отделочник в тутаеве цены";"Профессии / Отделочник / Тутаев";"https://dodelay.ru/podrabotka/tutaev/finisher";"Коммерческий";"НЧ"
"отделочник в тутаеве на дом";"Профессии / Отделочник / Тутаев";"https://dodelay.ru/podrabotka/tutaev/finisher";"Коммерческий";"НЧ"
"вызвать отделочника в тутаеве";"Профессии / Отделочник / Тутаев";"https://dodelay.ru/podrabotka/tutaev/finisher";"Коммерческий";"НЧ"
"нанять отделочника в тутаеве";"Профессии / Отделочник / Тутаев";"https://dodelay.ru/podrabotka/tutaev/finisher";"Коммерческий";"НЧ"
"найти отделочника в тутаеве";"Профессии / Отделочник / Тутаев";"https://dodelay.ru/podrabotka/tutaev/finisher";"Коммерческий";"НЧ"
"услуги отделочника в тутаеве";"Профессии / Отделочник / Тутаев";"https://dodelay.ru/podrabotka/tutaev/finisher";"Коммерческий";"НЧ"
"отделочник частник в тутаеве";"Профессии / Отделочник / Тутаев";"https://dodelay.ru/podrabotka/tutaev/finisher";"Коммерческий";"НЧ"
"отделочник без посредников в тутаеве";"Профессии / Отделочник / Тутаев";"https://dodelay.ru/podrabotka/tutaev/finisher";"Коммерческий";"НЧ"
"работа отделочник в тутаеве";"Профессии / Отделочник / Тутаев";"https://dodelay.ru/podrabotka/tutaev/finisher";"Вакансия";"СЧ"
"подработка отделочник в тутаеве";"Профессии / Отделочник / Тутаев";"https://dodelay.ru/podrabotka/tutaev/finisher";"Вакансия";"НЧ"
"требуется отделочник в тутаеве";"Профессии / Отделочник / Тутаев";"https://dodelay.ru/podrabotka/tutaev/finisher";"Вакансия";"НЧ"
"вакансия отделочник в тутаеве";"Профессии / Отделочник / Тутаев";"https://dodelay.ru/podrabotka/tutaev/finisher";"Вакансия";"НЧ"
"отделочник в переславле-залесском";"Профессии / Отделочник / Переславль-Залесский";"https://dodelay.ru/podrabotka/pereslavl/finisher";"Коммерческий";"СЧ"
"отделочник переславль-залесский";"Профессии / Отделочник / Переславль-Залесский";"https://dodelay.ru/podrabotka/pereslavl/finisher";"Коммерческий";"СЧ"
"отделочные работы в переславле-залесском";"Профессии / Отделочник / Переславль-Залесский";"https://dodelay.ru/podrabotka/pereslavl/finisher";"Коммерческий";"СЧ"
"отделочные работы переславль-залесский";"Профессии / Отделочник / Переславль-Залесский";"https://dodelay.ru/podrabotka/pereslavl/finisher";"Коммерческий";"СЧ"
"ремонт квартир в переславле-залесском";"Профессии / Отделочник / Переславль-Залесский";"https://dodelay.ru/podrabotka/pereslavl/finisher";"Коммерческий";"СЧ"
"ремонт квартир переславль-залесский";"Профессии / Отделочник / Переславль-Залесский";"https://dodelay.ru/podrabotka/pereslavl/finisher";"Коммерческий";"СЧ"
"отделка под ключ в переславле-залесском";"Профессии / Отделочник / Переславль-Залесский";"https://dodelay.ru/podrabotka/pereslavl/finisher";"Коммерческий";"СЧ"
"отделка под ключ переславль-залесский";"Профессии / Отделочник / Переславль-Залесский";"https://dodelay.ru/podrabotka/pereslavl/finisher";"Коммерческий";"СЧ"
"ремонт под ключ в переславле-залесском";"Профессии / Отделочник / Переславль-Залесский";"https://dodelay.ru/podrabotka/pereslavl/finisher";"Коммерческий";"СЧ"
"ремонт под ключ переславль-залесский";"Профессии / Отделочник / Переславль-Залесский";"https://dodelay.ru/podrabotka/pereslavl/finisher";"Коммерческий";"СЧ"
"чистовая отделка в переславле-залесском";"Профессии / Отделочник / Переславль-Залесский";"https://dodelay.ru/podrabotka/pereslavl/finisher";"Коммерческий";"СЧ"
"чистовая отделка переславль-залесский";"Профессии / Отделочник / Переславль-Залесский";"https://dodelay.ru/podrabotka/pereslavl/finisher";"Коммерческий";"СЧ"
"отделочник в переславле-залесском недорого";"Профессии / Отделочник / Переславль-Залесский";"https://dodelay.ru/podrabotka/pereslavl/finisher";"Коммерческий";"НЧ"
"отделочник в переславле-залесском цены";"Профессии / Отделочник / Переславль-Залесский";"https://dodelay.ru/podrabotka/pereslavl/finisher";"Коммерческий";"НЧ"
"отделочник в переславле-залесском на дом";"Профессии / Отделочник / Переславль-Залесский";"https://dodelay.ru/podrabotka/pereslavl/finisher";"Коммерческий";"НЧ"
"вызвать отделочника в переславле-залесском";"Профессии / Отделочник / Переславль-Залесский";"https://dodelay.ru/podrabotka/pereslavl/finisher";"Коммерческий";"НЧ"
"нанять отделочника в переславле-залесском";"Профессии / Отделочник / Переславль-Залесский";"https://dodelay.ru/podrabotka/pereslavl/finisher";"Коммерческий";"НЧ"
"найти отделочника в переславле-залесском";"Профессии / Отделочник / Переславль-Залесский";"https://dodelay.ru/podrabotka/pereslavl/finisher";"Коммерческий";"НЧ"
"услуги отделочника в переславле-залесском";"Профессии / Отделочник / Переславль-Залесский";"https://dodelay.ru/podrabotka/pereslavl/finisher";"Коммерческий";"НЧ"
"отделочник частник в переславле-залесском";"Профессии / Отделочник / Переславль-Залесский";"https://dodelay.ru/podrabotka/pereslavl/finisher";"Коммерческий";"НЧ"
"отделочник без посредников в переславле-залесском";"Профессии / Отделочник / Переславль-Залесский";"https://dodelay.ru/podrabotka/pereslavl/finisher";"Коммерческий";"НЧ"
"работа отделочник в переславле-залесском";"Профессии / Отделочник / Переславль-Залесский";"https://dodelay.ru/podrabotka/pereslavl/finisher";"Вакансия";"СЧ"
"подработка отделочник в переславле-залесском";"Профессии / Отделочник / Переславль-Залесский";"https://dodelay.ru/podrabotka/pereslavl/finisher";"Вакансия";"НЧ"
"требуется отделочник в переславле-залесском";"Профессии / Отделочник / Переславль-Залесский";"https://dodelay.ru/podrabotka/pereslavl/finisher";"Вакансия";"НЧ"
"вакансия отделочник в переславле-залесском";"Профессии / Отделочник / Переславль-Залесский";"https://dodelay.ru/podrabotka/pereslavl/finisher";"Вакансия";"НЧ"
"отделочник в угличе";"Профессии / Отделочник / Углич";"https://dodelay.ru/podrabotka/uglich/finisher";"Коммерческий";"СЧ"
"отделочник углич";"Профессии / Отделочник / Углич";"https://dodelay.ru/podrabotka/uglich/finisher";"Коммерческий";"СЧ"
"отделочные работы в угличе";"Профессии / Отделочник / Углич";"https://dodelay.ru/podrabotka/uglich/finisher";"Коммерческий";"СЧ"
"отделочные работы углич";"Профессии / Отделочник / Углич";"https://dodelay.ru/podrabotka/uglich/finisher";"Коммерческий";"СЧ"
"ремонт квартир в угличе";"Профессии / Отделочник / Углич";"https://dodelay.ru/podrabotka/uglich/finisher";"Коммерческий";"СЧ"
"ремонт квартир углич";"Профессии / Отделочник / Углич";"https://dodelay.ru/podrabotka/uglich/finisher";"Коммерческий";"СЧ"
"отделка под ключ в угличе";"Профессии / Отделочник / Углич";"https://dodelay.ru/podrabotka/uglich/finisher";"Коммерческий";"СЧ"
"отделка под ключ углич";"Профессии / Отделочник / Углич";"https://dodelay.ru/podrabotka/uglich/finisher";"Коммерческий";"СЧ"
"ремонт под ключ в угличе";"Профессии / Отделочник / Углич";"https://dodelay.ru/podrabotka/uglich/finisher";"Коммерческий";"СЧ"
"ремонт под ключ углич";"Профессии / Отделочник / Углич";"https://dodelay.ru/podrabotka/uglich/finisher";"Коммерческий";"СЧ"
"чистовая отделка в угличе";"Профессии / Отделочник / Углич";"https://dodelay.ru/podrabotka/uglich/finisher";"Коммерческий";"СЧ"
"чистовая отделка углич";"Профессии / Отделочник / Углич";"https://dodelay.ru/podrabotka/uglich/finisher";"Коммерческий";"СЧ"
"отделочник в угличе недорого";"Профессии / Отделочник / Углич";"https://dodelay.ru/podrabotka/uglich/finisher";"Коммерческий";"НЧ"
"отделочник в угличе цены";"Профессии / Отделочник / Углич";"https://dodelay.ru/podrabotka/uglich/finisher";"Коммерческий";"НЧ"
"отделочник в угличе на дом";"Профессии / Отделочник / Углич";"https://dodelay.ru/podrabotka/uglich/finisher";"Коммерческий";"НЧ"
"вызвать отделочника в угличе";"Профессии / Отделочник / Углич";"https://dodelay.ru/podrabotka/uglich/finisher";"Коммерческий";"НЧ"
"нанять отделочника в угличе";"Профессии / Отделочник / Углич";"https://dodelay.ru/podrabotka/uglich/finisher";"Коммерческий";"НЧ"
"найти отделочника в угличе";"Профессии / Отделочник / Углич";"https://dodelay.ru/podrabotka/uglich/finisher";"Коммерческий";"НЧ"
"услуги отделочника в угличе";"Профессии / Отделочник / Углич";"https://dodelay.ru/podrabotka/uglich/finisher";"Коммерческий";"НЧ"
"отделочник частник в угличе";"Профессии / Отделочник / Углич";"https://dodelay.ru/podrabotka/uglich/finisher";"Коммерческий";"НЧ"
"отделочник без посредников в угличе";"Профессии / Отделочник / Углич";"https://dodelay.ru/podrabotka/uglich/finisher";"Коммерческий";"НЧ"
"работа отделочник в угличе";"Профессии / Отделочник / Углич";"https://dodelay.ru/podrabotka/uglich/finisher";"Вакансия";"СЧ"
"подработка отделочник в угличе";"Профессии / Отделочник / Углич";"https://dodelay.ru/podrabotka/uglich/finisher";"Вакансия";"НЧ"
"требуется отделочник в угличе";"Профессии / Отделочник / Углич";"https://dodelay.ru/podrabotka/uglich/finisher";"Вакансия";"НЧ"
"вакансия отделочник в угличе";"Профессии / Отделочник / Углич";"https://dodelay.ru/podrabotka/uglich/finisher";"Вакансия";"НЧ"
"отделочник в ростове великом";"Профессии / Отделочник / Ростов Великий";"https://dodelay.ru/podrabotka/rostov/finisher";"Коммерческий";"СЧ"
"отделочник ростов великий";"Профессии / Отделочник / Ростов Великий";"https://dodelay.ru/podrabotka/rostov/finisher";"Коммерческий";"СЧ"
"отделочные работы в ростове великом";"Профессии / Отделочник / Ростов Великий";"https://dodelay.ru/podrabotka/rostov/finisher";"Коммерческий";"СЧ"
"отделочные работы ростов великий";"Профессии / Отделочник / Ростов Великий";"https://dodelay.ru/podrabotka/rostov/finisher";"Коммерческий";"СЧ"
"ремонт квартир в ростове великом";"Профессии / Отделочник / Ростов Великий";"https://dodelay.ru/podrabotka/rostov/finisher";"Коммерческий";"СЧ"
"ремонт квартир ростов великий";"Профессии / Отделочник / Ростов Великий";"https://dodelay.ru/podrabotka/rostov/finisher";"Коммерческий";"СЧ"
"отделка под ключ в ростове великом";"Профессии / Отделочник / Ростов Великий";"https://dodelay.ru/podrabotka/rostov/finisher";"Коммерческий";"СЧ"
"отделка под ключ ростов великий";"Профессии / Отделочник / Ростов Великий";"https://dodelay.ru/podrabotka/rostov/finisher";"Коммерческий";"СЧ"
"ремонт под ключ в ростове великом";"Профессии / Отделочник / Ростов Великий";"https://dodelay.ru/podrabotka/rostov/finisher";"Коммерческий";"СЧ"
"ремонт под ключ ростов великий";"Профессии / Отделочник / Ростов Великий";"https://dodelay.ru/podrabotka/rostov/finisher";"Коммерческий";"СЧ"
"чистовая отделка в ростове великом";"Профессии / Отделочник / Ростов Великий";"https://dodelay.ru/podrabotka/rostov/finisher";"Коммерческий";"СЧ"
"чистовая отделка ростов великий";"Профессии / Отделочник / Ростов Великий";"https://dodelay.ru/podrabotka/rostov/finisher";"Коммерческий";"СЧ"
"отделочник в ростове великом недорого";"Профессии / Отделочник / Ростов Великий";"https://dodelay.ru/podrabotka/rostov/finisher";"Коммерческий";"НЧ"
"отделочник в ростове великом цены";"Профессии / Отделочник / Ростов Великий";"https://dodelay.ru/podrabotka/rostov/finisher";"Коммерческий";"НЧ"
"отделочник в ростове великом на дом";"Профессии / Отделочник / Ростов Великий";"https://dodelay.ru/podrabotka/rostov/finisher";"Коммерческий";"НЧ"
"вызвать отделочника в ростове великом";"Профессии / Отделочник / Ростов Великий";"https://dodelay.ru/podrabotka/rostov/finisher";"Коммерческий";"НЧ"
"нанять отделочника в ростове великом";"Профессии / Отделочник / Ростов Великий";"https://dodelay.ru/podrabotka/rostov/finisher";"Коммерческий";"НЧ"
"найти отделочника в ростове великом";"Профессии / Отделочник / Ростов Великий";"https://dodelay.ru/podrabotka/rostov/finisher";"Коммерческий";"НЧ"
"услуги отделочника в ростове великом";"Профессии / Отделочник / Ростов Великий";"https://dodelay.ru/podrabotka/rostov/finisher";"Коммерческий";"НЧ"
"отделочник частник в ростове великом";"Профессии / Отделочник / Ростов Великий";"https://dodelay.ru/podrabotka/rostov/finisher";"Коммерческий";"НЧ"
"отделочник без посредников в ростове великом";"Профессии / Отделочник / Ростов Великий";"https://dodelay.ru/podrabotka/rostov/finisher";"Коммерческий";"НЧ"
"работа отделочник в ростове великом";"Профессии / Отделочник / Ростов Великий";"https://dodelay.ru/podrabotka/rostov/finisher";"Вакансия";"СЧ"
"подработка отделочник в ростове великом";"Профессии / Отделочник / Ростов Великий";"https://dodelay.ru/podrabotka/rostov/finisher";"Вакансия";"НЧ"
"требуется отделочник в ростове великом";"Профессии / Отделочник / Ростов Великий";"https://dodelay.ru/podrabotka/rostov/finisher";"Вакансия";"НЧ"
"вакансия отделочник в ростове великом";"Профессии / Отделочник / Ростов Великий";"https://dodelay.ru/podrabotka/rostov/finisher";"Вакансия";"НЧ"
"ремонт комнаты под ключ";"Профессии / Отделочник / Задачи";"https://dodelay.ru/podrabotka/yaroslavl/finisher";"Инфо";"НЧ"
"сколько стоит ремонт комнаты под ключ";"Профессии / Отделочник / Задачи";"https://dodelay.ru/podrabotka/yaroslavl/finisher";"Инфо";"НЧ"
"выравнивание стен";"Профессии / Отделочник / Задачи";"https://dodelay.ru/podrabotka/yaroslavl/finisher";"Инфо";"НЧ"
"сколько стоит выравнивание стен";"Профессии / Отделочник / Задачи";"https://dodelay.ru/podrabotka/yaroslavl/finisher";"Инфо";"НЧ"
"монтаж плинтуса";"Профессии / Отделочник / Задачи";"https://dodelay.ru/podrabotka/yaroslavl/finisher";"Инфо";"НЧ"
"сколько стоит монтаж плинтуса";"Профессии / Отделочник / Задачи";"https://dodelay.ru/podrabotka/yaroslavl/finisher";"Инфо";"НЧ"
"косметический ремонт комнаты в ярославле";"Профессии / Отделочник / Задачи";"https://dodelay.ru/podrabotka/yaroslavl/finisher";"Инфо";"НЧ"
"косметический ремонт комнаты цена";"Профессии / Отделочник / Задачи";"https://dodelay.ru/podrabotka/yaroslavl/finisher";"Инфо";"НЧ"
"сколько стоит косметический ремонт комнаты";"Профессии / Отделочник / Задачи";"https://dodelay.ru/podrabotka/yaroslavl/finisher";"Инфо";"НЧ"
"плотник";"Профессии / Плотник, столяр / Ярославль";"https://dodelay.ru/podrabotka/yaroslavl/carpenter";"Коммерческий";"СЧ"
"вызвать плотника в ярославле";"Профессии / Плотник, столяр / Ярославль";"https://dodelay.ru/podrabotka/yaroslavl/carpenter";"Коммерческий";"НЧ"
"нанять плотника в ярославле";"Профессии / Плотник, столяр / Ярославль";"https://dodelay.ru/podrabotka/yaroslavl/carpenter";"Коммерческий";"НЧ"
"найти плотника в ярославле";"Профессии / Плотник, столяр / Ярославль";"https://dodelay.ru/podrabotka/yaroslavl/carpenter";"Коммерческий";"НЧ"
"услуги плотника в ярославле";"Профессии / Плотник, столяр / Ярославль";"https://dodelay.ru/podrabotka/yaroslavl/carpenter";"Коммерческий";"НЧ"
"работа плотник";"Профессии / Плотник, столяр / Ярославль";"https://dodelay.ru/podrabotka/yaroslavl/carpenter";"Вакансия";"СЧ"
"подработка плотник";"Профессии / Плотник, столяр / Ярославль";"https://dodelay.ru/podrabotka/yaroslavl/carpenter";"Вакансия";"НЧ"
"требуется плотник";"Профессии / Плотник, столяр / Ярославль";"https://dodelay.ru/podrabotka/yaroslavl/carpenter";"Вакансия";"НЧ"
"вакансия плотник";"Профессии / Плотник, столяр / Ярославль";"https://dodelay.ru/podrabotka/yaroslavl/carpenter";"Вакансия";"НЧ"
"вызвать плотника в рыбинске";"Профессии / Плотник, столяр / Рыбинск";"https://dodelay.ru/podrabotka/rybinsk/carpenter";"Коммерческий";"НЧ"
"нанять плотника в рыбинске";"Профессии / Плотник, столяр / Рыбинск";"https://dodelay.ru/podrabotka/rybinsk/carpenter";"Коммерческий";"НЧ"
"найти плотника в рыбинске";"Профессии / Плотник, столяр / Рыбинск";"https://dodelay.ru/podrabotka/rybinsk/carpenter";"Коммерческий";"НЧ"
"услуги плотника в рыбинске";"Профессии / Плотник, столяр / Рыбинск";"https://dodelay.ru/podrabotka/rybinsk/carpenter";"Коммерческий";"НЧ"
"вызвать плотника в тутаеве";"Профессии / Плотник, столяр / Тутаев";"https://dodelay.ru/podrabotka/tutaev/carpenter";"Коммерческий";"НЧ"
"нанять плотника в тутаеве";"Профессии / Плотник, столяр / Тутаев";"https://dodelay.ru/podrabotka/tutaev/carpenter";"Коммерческий";"НЧ"
"найти плотника в тутаеве";"Профессии / Плотник, столяр / Тутаев";"https://dodelay.ru/podrabotka/tutaev/carpenter";"Коммерческий";"НЧ"
"услуги плотника в тутаеве";"Профессии / Плотник, столяр / Тутаев";"https://dodelay.ru/podrabotka/tutaev/carpenter";"Коммерческий";"НЧ"
"вызвать плотника в переславле-залесском";"Профессии / Плотник, столяр / Переславль-Залесский";"https://dodelay.ru/podrabotka/pereslavl/carpenter";"Коммерческий";"НЧ"
"нанять плотника в переславле-залесском";"Профессии / Плотник, столяр / Переславль-Залесский";"https://dodelay.ru/podrabotka/pereslavl/carpenter";"Коммерческий";"НЧ"
"найти плотника в переславле-залесском";"Профессии / Плотник, столяр / Переславль-Залесский";"https://dodelay.ru/podrabotka/pereslavl/carpenter";"Коммерческий";"НЧ"
"услуги плотника в переславле-залесском";"Профессии / Плотник, столяр / Переславль-Залесский";"https://dodelay.ru/podrabotka/pereslavl/carpenter";"Коммерческий";"НЧ"
"вызвать плотника в угличе";"Профессии / Плотник, столяр / Углич";"https://dodelay.ru/podrabotka/uglich/carpenter";"Коммерческий";"НЧ"
"нанять плотника в угличе";"Профессии / Плотник, столяр / Углич";"https://dodelay.ru/podrabotka/uglich/carpenter";"Коммерческий";"НЧ"
"найти плотника в угличе";"Профессии / Плотник, столяр / Углич";"https://dodelay.ru/podrabotka/uglich/carpenter";"Коммерческий";"НЧ"
"услуги плотника в угличе";"Профессии / Плотник, столяр / Углич";"https://dodelay.ru/podrabotka/uglich/carpenter";"Коммерческий";"НЧ"
"вызвать плотника в ростове великом";"Профессии / Плотник, столяр / Ростов Великий";"https://dodelay.ru/podrabotka/rostov/carpenter";"Коммерческий";"НЧ"
"нанять плотника в ростове великом";"Профессии / Плотник, столяр / Ростов Великий";"https://dodelay.ru/podrabotka/rostov/carpenter";"Коммерческий";"НЧ"
"найти плотника в ростове великом";"Профессии / Плотник, столяр / Ростов Великий";"https://dodelay.ru/podrabotka/rostov/carpenter";"Коммерческий";"НЧ"
"услуги плотника в ростове великом";"Профессии / Плотник, столяр / Ростов Великий";"https://dodelay.ru/podrabotka/rostov/carpenter";"Коммерческий";"НЧ"
"настил половой доски";"Профессии / Плотник, столяр / Задачи";"https://dodelay.ru/podrabotka/yaroslavl/carpenter";"Инфо";"НЧ"
"сколько стоит настил половой доски";"Профессии / Плотник, столяр / Задачи";"https://dodelay.ru/podrabotka/yaroslavl/carpenter";"Инфо";"НЧ"
"ремонт крыльца в ярославле";"Профессии / Плотник, столяр / Задачи";"https://dodelay.ru/podrabotka/yaroslavl/carpenter";"Инфо";"НЧ"
"ремонт крыльца цена";"Профессии / Плотник, столяр / Задачи";"https://dodelay.ru/podrabotka/yaroslavl/carpenter";"Инфо";"НЧ"
"сколько стоит ремонт крыльца";"Профессии / Плотник, столяр / Задачи";"https://dodelay.ru/podrabotka/yaroslavl/carpenter";"Инфо";"НЧ"
"изготовление стеллажа в ярославле";"Профессии / Плотник, столяр / Задачи";"https://dodelay.ru/podrabotka/yaroslavl/carpenter";"Инфо";"НЧ"
"изготовление стеллажа цена";"Профессии / Плотник, столяр / Задачи";"https://dodelay.ru/podrabotka/yaroslavl/carpenter";"Инфо";"НЧ"
"сколько стоит изготовление стеллажа";"Профессии / Плотник, столяр / Задачи";"https://dodelay.ru/podrabotka/yaroslavl/carpenter";"Инфо";"НЧ"
"деревянная лестница в ярославле";"Профессии / Плотник, столяр / Задачи";"https://dodelay.ru/podrabotka/yaroslavl/carpenter";"Инфо";"НЧ"
"деревянная лестница цена";"Профессии / Плотник, столяр / Задачи";"https://dodelay.ru/podrabotka/yaroslavl/carpenter";"Инфо";"НЧ"
"сколько стоит деревянная лестница";"Профессии / Плотник, столяр / Задачи";"https://dodelay.ru/podrabotka/yaroslavl/carpenter";"Инфо";"НЧ"
"каменщик в ярославле";"Профессии / Каменщик / Ярославль";"https://dodelay.ru/podrabotka/yaroslavl/mason";"Коммерческий";"СЧ"
"каменщик ярославль";"Профессии / Каменщик / Ярославль";"https://dodelay.ru/podrabotka/yaroslavl/mason";"Коммерческий";"СЧ"
"каменщик в ярославле недорого";"Профессии / Каменщик / Ярославль";"https://dodelay.ru/podrabotka/yaroslavl/mason";"Коммерческий";"НЧ"
"каменщик в ярославле цены";"Профессии / Каменщик / Ярославль";"https://dodelay.ru/podrabotka/yaroslavl/mason";"Коммерческий";"НЧ"
"каменщик в ярославле на дом";"Профессии / Каменщик / Ярославль";"https://dodelay.ru/podrabotka/yaroslavl/mason";"Коммерческий";"НЧ"
"вызвать каменщика в ярославле";"Профессии / Каменщик / Ярославль";"https://dodelay.ru/podrabotka/yaroslavl/mason";"Коммерческий";"НЧ"
"нанять каменщика в ярославле";"Профессии / Каменщик / Ярославль";"https://dodelay.ru/podrabotka/yaroslavl/mason";"Коммерческий";"НЧ"
"найти каменщика в ярославле";"Профессии / Каменщик / Ярославль";"https://dodelay.ru/podrabotka/yaroslavl/mason";"Коммерческий";"НЧ"
"услуги каменщика в ярославле";"Профессии / Каменщик / Ярославль";"https://dodelay.ru/podrabotka/yaroslavl/mason";"Коммерческий";"НЧ"
"каменщик частник в ярославле";"Профессии / Каменщик / Ярославль";"https://dodelay.ru/podrabotka/yaroslavl/mason";"Коммерческий";"НЧ"
"каменщик без посредников в ярославле";"Профессии / Каменщик / Ярославль";"https://dodelay.ru/podrabotka/yaroslavl/mason";"Коммерческий";"НЧ"
"работа каменщик в ярославле";"Профессии / Каменщик / Ярославль";"https://dodelay.ru/podrabotka/yaroslavl/mason";"Вакансия";"СЧ"
"подработка каменщик в ярославле";"Профессии / Каменщик / Ярославль";"https://dodelay.ru/podrabotka/yaroslavl/mason";"Вакансия";"НЧ"
"требуется каменщик в ярославле";"Профессии / Каменщик / Ярославль";"https://dodelay.ru/podrabotka/yaroslavl/mason";"Вакансия";"НЧ"
"вакансия каменщик в ярославле";"Профессии / Каменщик / Ярославль";"https://dodelay.ru/podrabotka/yaroslavl/mason";"Вакансия";"НЧ"
"каменщик в рыбинске";"Профессии / Каменщик / Рыбинск";"https://dodelay.ru/podrabotka/rybinsk/mason";"Коммерческий";"СЧ"
"каменщик рыбинск";"Профессии / Каменщик / Рыбинск";"https://dodelay.ru/podrabotka/rybinsk/mason";"Коммерческий";"СЧ"
"каменщик в рыбинске недорого";"Профессии / Каменщик / Рыбинск";"https://dodelay.ru/podrabotka/rybinsk/mason";"Коммерческий";"НЧ"
"каменщик в рыбинске цены";"Профессии / Каменщик / Рыбинск";"https://dodelay.ru/podrabotka/rybinsk/mason";"Коммерческий";"НЧ"
"каменщик в рыбинске на дом";"Профессии / Каменщик / Рыбинск";"https://dodelay.ru/podrabotka/rybinsk/mason";"Коммерческий";"НЧ"
"вызвать каменщика в рыбинске";"Профессии / Каменщик / Рыбинск";"https://dodelay.ru/podrabotka/rybinsk/mason";"Коммерческий";"НЧ"
"нанять каменщика в рыбинске";"Профессии / Каменщик / Рыбинск";"https://dodelay.ru/podrabotka/rybinsk/mason";"Коммерческий";"НЧ"
"найти каменщика в рыбинске";"Профессии / Каменщик / Рыбинск";"https://dodelay.ru/podrabotka/rybinsk/mason";"Коммерческий";"НЧ"
"услуги каменщика в рыбинске";"Профессии / Каменщик / Рыбинск";"https://dodelay.ru/podrabotka/rybinsk/mason";"Коммерческий";"НЧ"
"каменщик частник в рыбинске";"Профессии / Каменщик / Рыбинск";"https://dodelay.ru/podrabotka/rybinsk/mason";"Коммерческий";"НЧ"
"каменщик без посредников в рыбинске";"Профессии / Каменщик / Рыбинск";"https://dodelay.ru/podrabotka/rybinsk/mason";"Коммерческий";"НЧ"
"работа каменщик в рыбинске";"Профессии / Каменщик / Рыбинск";"https://dodelay.ru/podrabotka/rybinsk/mason";"Вакансия";"СЧ"
"подработка каменщик в рыбинске";"Профессии / Каменщик / Рыбинск";"https://dodelay.ru/podrabotka/rybinsk/mason";"Вакансия";"НЧ"
"требуется каменщик в рыбинске";"Профессии / Каменщик / Рыбинск";"https://dodelay.ru/podrabotka/rybinsk/mason";"Вакансия";"НЧ"
"вакансия каменщик в рыбинске";"Профессии / Каменщик / Рыбинск";"https://dodelay.ru/podrabotka/rybinsk/mason";"Вакансия";"НЧ"
"каменщик в тутаеве";"Профессии / Каменщик / Тутаев";"https://dodelay.ru/podrabotka/tutaev/mason";"Коммерческий";"СЧ"
"каменщик тутаев";"Профессии / Каменщик / Тутаев";"https://dodelay.ru/podrabotka/tutaev/mason";"Коммерческий";"СЧ"
"каменщик в тутаеве недорого";"Профессии / Каменщик / Тутаев";"https://dodelay.ru/podrabotka/tutaev/mason";"Коммерческий";"НЧ"
"каменщик в тутаеве цены";"Профессии / Каменщик / Тутаев";"https://dodelay.ru/podrabotka/tutaev/mason";"Коммерческий";"НЧ"
"каменщик в тутаеве на дом";"Профессии / Каменщик / Тутаев";"https://dodelay.ru/podrabotka/tutaev/mason";"Коммерческий";"НЧ"
"вызвать каменщика в тутаеве";"Профессии / Каменщик / Тутаев";"https://dodelay.ru/podrabotka/tutaev/mason";"Коммерческий";"НЧ"
"нанять каменщика в тутаеве";"Профессии / Каменщик / Тутаев";"https://dodelay.ru/podrabotka/tutaev/mason";"Коммерческий";"НЧ"
"найти каменщика в тутаеве";"Профессии / Каменщик / Тутаев";"https://dodelay.ru/podrabotka/tutaev/mason";"Коммерческий";"НЧ"
"услуги каменщика в тутаеве";"Профессии / Каменщик / Тутаев";"https://dodelay.ru/podrabotka/tutaev/mason";"Коммерческий";"НЧ"
"каменщик частник в тутаеве";"Профессии / Каменщик / Тутаев";"https://dodelay.ru/podrabotka/tutaev/mason";"Коммерческий";"НЧ"
"каменщик без посредников в тутаеве";"Профессии / Каменщик / Тутаев";"https://dodelay.ru/podrabotka/tutaev/mason";"Коммерческий";"НЧ"
"работа каменщик в тутаеве";"Профессии / Каменщик / Тутаев";"https://dodelay.ru/podrabotka/tutaev/mason";"Вакансия";"СЧ"
"подработка каменщик в тутаеве";"Профессии / Каменщик / Тутаев";"https://dodelay.ru/podrabotka/tutaev/mason";"Вакансия";"НЧ"
"требуется каменщик в тутаеве";"Профессии / Каменщик / Тутаев";"https://dodelay.ru/podrabotka/tutaev/mason";"Вакансия";"НЧ"
"вакансия каменщик в тутаеве";"Профессии / Каменщик / Тутаев";"https://dodelay.ru/podrabotka/tutaev/mason";"Вакансия";"НЧ"
"каменщик в переславле-залесском";"Профессии / Каменщик / Переславль-Залесский";"https://dodelay.ru/podrabotka/pereslavl/mason";"Коммерческий";"СЧ"
"каменщик переславль-залесский";"Профессии / Каменщик / Переславль-Залесский";"https://dodelay.ru/podrabotka/pereslavl/mason";"Коммерческий";"СЧ"
"каменщик в переславле-залесском недорого";"Профессии / Каменщик / Переславль-Залесский";"https://dodelay.ru/podrabotka/pereslavl/mason";"Коммерческий";"НЧ"
"каменщик в переславле-залесском цены";"Профессии / Каменщик / Переславль-Залесский";"https://dodelay.ru/podrabotka/pereslavl/mason";"Коммерческий";"НЧ"
"каменщик в переславле-залесском на дом";"Профессии / Каменщик / Переславль-Залесский";"https://dodelay.ru/podrabotka/pereslavl/mason";"Коммерческий";"НЧ"
"вызвать каменщика в переславле-залесском";"Профессии / Каменщик / Переславль-Залесский";"https://dodelay.ru/podrabotka/pereslavl/mason";"Коммерческий";"НЧ"
"нанять каменщика в переславле-залесском";"Профессии / Каменщик / Переславль-Залесский";"https://dodelay.ru/podrabotka/pereslavl/mason";"Коммерческий";"НЧ"
"найти каменщика в переславле-залесском";"Профессии / Каменщик / Переславль-Залесский";"https://dodelay.ru/podrabotka/pereslavl/mason";"Коммерческий";"НЧ"
"услуги каменщика в переславле-залесском";"Профессии / Каменщик / Переславль-Залесский";"https://dodelay.ru/podrabotka/pereslavl/mason";"Коммерческий";"НЧ"
"каменщик частник в переславле-залесском";"Профессии / Каменщик / Переславль-Залесский";"https://dodelay.ru/podrabotka/pereslavl/mason";"Коммерческий";"НЧ"
"каменщик без посредников в переславле-залесском";"Профессии / Каменщик / Переславль-Залесский";"https://dodelay.ru/podrabotka/pereslavl/mason";"Коммерческий";"НЧ"
"работа каменщик в переславле-залесском";"Профессии / Каменщик / Переславль-Залесский";"https://dodelay.ru/podrabotka/pereslavl/mason";"Вакансия";"СЧ"
"подработка каменщик в переславле-залесском";"Профессии / Каменщик / Переславль-Залесский";"https://dodelay.ru/podrabotka/pereslavl/mason";"Вакансия";"НЧ"
"требуется каменщик в переславле-залесском";"Профессии / Каменщик / Переславль-Залесский";"https://dodelay.ru/podrabotka/pereslavl/mason";"Вакансия";"НЧ"
"вакансия каменщик в переславле-залесском";"Профессии / Каменщик / Переславль-Залесский";"https://dodelay.ru/podrabotka/pereslavl/mason";"Вакансия";"НЧ"
"каменщик в угличе";"Профессии / Каменщик / Углич";"https://dodelay.ru/podrabotka/uglich/mason";"Коммерческий";"СЧ"
"каменщик углич";"Профессии / Каменщик / Углич";"https://dodelay.ru/podrabotka/uglich/mason";"Коммерческий";"СЧ"
"каменщик в угличе недорого";"Профессии / Каменщик / Углич";"https://dodelay.ru/podrabotka/uglich/mason";"Коммерческий";"НЧ"
"каменщик в угличе цены";"Профессии / Каменщик / Углич";"https://dodelay.ru/podrabotka/uglich/mason";"Коммерческий";"НЧ"
"каменщик в угличе на дом";"Профессии / Каменщик / Углич";"https://dodelay.ru/podrabotka/uglich/mason";"Коммерческий";"НЧ"
"вызвать каменщика в угличе";"Профессии / Каменщик / Углич";"https://dodelay.ru/podrabotka/uglich/mason";"Коммерческий";"НЧ"
"нанять каменщика в угличе";"Профессии / Каменщик / Углич";"https://dodelay.ru/podrabotka/uglich/mason";"Коммерческий";"НЧ"
"найти каменщика в угличе";"Профессии / Каменщик / Углич";"https://dodelay.ru/podrabotka/uglich/mason";"Коммерческий";"НЧ"
"услуги каменщика в угличе";"Профессии / Каменщик / Углич";"https://dodelay.ru/podrabotka/uglich/mason";"Коммерческий";"НЧ"
"каменщик частник в угличе";"Профессии / Каменщик / Углич";"https://dodelay.ru/podrabotka/uglich/mason";"Коммерческий";"НЧ"
"каменщик без посредников в угличе";"Профессии / Каменщик / Углич";"https://dodelay.ru/podrabotka/uglich/mason";"Коммерческий";"НЧ"
"работа каменщик в угличе";"Профессии / Каменщик / Углич";"https://dodelay.ru/podrabotka/uglich/mason";"Вакансия";"СЧ"
"подработка каменщик в угличе";"Профессии / Каменщик / Углич";"https://dodelay.ru/podrabotka/uglich/mason";"Вакансия";"НЧ"
"требуется каменщик в угличе";"Профессии / Каменщик / Углич";"https://dodelay.ru/podrabotka/uglich/mason";"Вакансия";"НЧ"
"вакансия каменщик в угличе";"Профессии / Каменщик / Углич";"https://dodelay.ru/podrabotka/uglich/mason";"Вакансия";"НЧ"
"каменщик в ростове великом";"Профессии / Каменщик / Ростов Великий";"https://dodelay.ru/podrabotka/rostov/mason";"Коммерческий";"СЧ"
"каменщик ростов великий";"Профессии / Каменщик / Ростов Великий";"https://dodelay.ru/podrabotka/rostov/mason";"Коммерческий";"СЧ"
"каменщик в ростове великом недорого";"Профессии / Каменщик / Ростов Великий";"https://dodelay.ru/podrabotka/rostov/mason";"Коммерческий";"НЧ"
"каменщик в ростове великом цены";"Профессии / Каменщик / Ростов Великий";"https://dodelay.ru/podrabotka/rostov/mason";"Коммерческий";"НЧ"
"каменщик в ростове великом на дом";"Профессии / Каменщик / Ростов Великий";"https://dodelay.ru/podrabotka/rostov/mason";"Коммерческий";"НЧ"
"вызвать каменщика в ростове великом";"Профессии / Каменщик / Ростов Великий";"https://dodelay.ru/podrabotka/rostov/mason";"Коммерческий";"НЧ"
"нанять каменщика в ростове великом";"Профессии / Каменщик / Ростов Великий";"https://dodelay.ru/podrabotka/rostov/mason";"Коммерческий";"НЧ"
"найти каменщика в ростове великом";"Профессии / Каменщик / Ростов Великий";"https://dodelay.ru/podrabotka/rostov/mason";"Коммерческий";"НЧ"
"услуги каменщика в ростове великом";"Профессии / Каменщик / Ростов Великий";"https://dodelay.ru/podrabotka/rostov/mason";"Коммерческий";"НЧ"
"каменщик частник в ростове великом";"Профессии / Каменщик / Ростов Великий";"https://dodelay.ru/podrabotka/rostov/mason";"Коммерческий";"НЧ"
"каменщик без посредников в ростове великом";"Профессии / Каменщик / Ростов Великий";"https://dodelay.ru/podrabotka/rostov/mason";"Коммерческий";"НЧ"
"работа каменщик в ростове великом";"Профессии / Каменщик / Ростов Великий";"https://dodelay.ru/podrabotka/rostov/mason";"Вакансия";"СЧ"
"подработка каменщик в ростове великом";"Профессии / Каменщик / Ростов Великий";"https://dodelay.ru/podrabotka/rostov/mason";"Вакансия";"НЧ"
"требуется каменщик в ростове великом";"Профессии / Каменщик / Ростов Великий";"https://dodelay.ru/podrabotka/rostov/mason";"Вакансия";"НЧ"
"вакансия каменщик в ростове великом";"Профессии / Каменщик / Ростов Великий";"https://dodelay.ru/podrabotka/rostov/mason";"Вакансия";"НЧ"
"кладка кирпича";"Профессии / Каменщик / Задачи";"https://dodelay.ru/podrabotka/yaroslavl/mason";"Инфо";"НЧ"
"сколько стоит кладка кирпича";"Профессии / Каменщик / Задачи";"https://dodelay.ru/podrabotka/yaroslavl/mason";"Инфо";"НЧ"
"кладка газоблока";"Профессии / Каменщик / Задачи";"https://dodelay.ru/podrabotka/yaroslavl/mason";"Инфо";"НЧ"
"сколько стоит кладка газоблока";"Профессии / Каменщик / Задачи";"https://dodelay.ru/podrabotka/yaroslavl/mason";"Инфо";"НЧ"
"кирпичный мангал в ярославле";"Профессии / Каменщик / Задачи";"https://dodelay.ru/podrabotka/yaroslavl/mason";"Инфо";"НЧ"
"кирпичный мангал цена";"Профессии / Каменщик / Задачи";"https://dodelay.ru/podrabotka/yaroslavl/mason";"Инфо";"НЧ"
"сколько стоит кирпичный мангал";"Профессии / Каменщик / Задачи";"https://dodelay.ru/podrabotka/yaroslavl/mason";"Инфо";"НЧ"
"ленточный фундамент";"Профессии / Каменщик / Задачи";"https://dodelay.ru/podrabotka/yaroslavl/mason";"Инфо";"НЧ"
"сколько стоит ленточный фундамент";"Профессии / Каменщик / Задачи";"https://dodelay.ru/podrabotka/yaroslavl/mason";"Инфо";"НЧ"
"штукатур в ярославле";"Профессии / Штукатур / Ярославль";"https://dodelay.ru/podrabotka/yaroslavl/plasterer";"Коммерческий";"СЧ"
"штукатур ярославль";"Профессии / Штукатур / Ярославль";"https://dodelay.ru/podrabotka/yaroslavl/plasterer";"Коммерческий";"СЧ"
"штукатур в ярославле недорого";"Профессии / Штукатур / Ярославль";"https://dodelay.ru/podrabotka/yaroslavl/plasterer";"Коммерческий";"НЧ"
"штукатур в ярославле цены";"Профессии / Штукатур / Ярославль";"https://dodelay.ru/podrabotka/yaroslavl/plasterer";"Коммерческий";"НЧ"
"штукатур в ярославле на дом";"Профессии / Штукатур / Ярославль";"https://dodelay.ru/podrabotka/yaroslavl/plasterer";"Коммерческий";"НЧ"
"вызвать штукатура в ярославле";"Профессии / Штукатур / Ярославль";"https://dodelay.ru/podrabotka/yaroslavl/plasterer";"Коммерческий";"НЧ"
"нанять штукатура в ярославле";"Профессии / Штукатур / Ярославль";"https://dodelay.ru/podrabotka/yaroslavl/plasterer";"Коммерческий";"НЧ"
"найти штукатура в ярославле";"Профессии / Штукатур / Ярославль";"https://dodelay.ru/podrabotka/yaroslavl/plasterer";"Коммерческий";"НЧ"
"услуги штукатура в ярославле";"Профессии / Штукатур / Ярославль";"https://dodelay.ru/podrabotka/yaroslavl/plasterer";"Коммерческий";"НЧ"
"штукатур частник в ярославле";"Профессии / Штукатур / Ярославль";"https://dodelay.ru/podrabotka/yaroslavl/plasterer";"Коммерческий";"НЧ"
"штукатур без посредников в ярославле";"Профессии / Штукатур / Ярославль";"https://dodelay.ru/podrabotka/yaroslavl/plasterer";"Коммерческий";"НЧ"
"работа штукатур в ярославле";"Профессии / Штукатур / Ярославль";"https://dodelay.ru/podrabotka/yaroslavl/plasterer";"Вакансия";"СЧ"
"подработка штукатур в ярославле";"Профессии / Штукатур / Ярославль";"https://dodelay.ru/podrabotka/yaroslavl/plasterer";"Вакансия";"НЧ"
"требуется штукатур в ярославле";"Профессии / Штукатур / Ярославль";"https://dodelay.ru/podrabotka/yaroslavl/plasterer";"Вакансия";"НЧ"
"вакансия штукатур в ярославле";"Профессии / Штукатур / Ярославль";"https://dodelay.ru/podrabotka/yaroslavl/plasterer";"Вакансия";"НЧ"
"штукатур в рыбинске";"Профессии / Штукатур / Рыбинск";"https://dodelay.ru/podrabotka/rybinsk/plasterer";"Коммерческий";"СЧ"
"штукатур рыбинск";"Профессии / Штукатур / Рыбинск";"https://dodelay.ru/podrabotka/rybinsk/plasterer";"Коммерческий";"СЧ"
"штукатур в рыбинске недорого";"Профессии / Штукатур / Рыбинск";"https://dodelay.ru/podrabotka/rybinsk/plasterer";"Коммерческий";"НЧ"
"штукатур в рыбинске цены";"Профессии / Штукатур / Рыбинск";"https://dodelay.ru/podrabotka/rybinsk/plasterer";"Коммерческий";"НЧ"
"штукатур в рыбинске на дом";"Профессии / Штукатур / Рыбинск";"https://dodelay.ru/podrabotka/rybinsk/plasterer";"Коммерческий";"НЧ"
"вызвать штукатура в рыбинске";"Профессии / Штукатур / Рыбинск";"https://dodelay.ru/podrabotka/rybinsk/plasterer";"Коммерческий";"НЧ"
"нанять штукатура в рыбинске";"Профессии / Штукатур / Рыбинск";"https://dodelay.ru/podrabotka/rybinsk/plasterer";"Коммерческий";"НЧ"
"найти штукатура в рыбинске";"Профессии / Штукатур / Рыбинск";"https://dodelay.ru/podrabotka/rybinsk/plasterer";"Коммерческий";"НЧ"
"услуги штукатура в рыбинске";"Профессии / Штукатур / Рыбинск";"https://dodelay.ru/podrabotka/rybinsk/plasterer";"Коммерческий";"НЧ"
"штукатур частник в рыбинске";"Профессии / Штукатур / Рыбинск";"https://dodelay.ru/podrabotka/rybinsk/plasterer";"Коммерческий";"НЧ"
"штукатур без посредников в рыбинске";"Профессии / Штукатур / Рыбинск";"https://dodelay.ru/podrabotka/rybinsk/plasterer";"Коммерческий";"НЧ"
"работа штукатур в рыбинске";"Профессии / Штукатур / Рыбинск";"https://dodelay.ru/podrabotka/rybinsk/plasterer";"Вакансия";"СЧ"
"подработка штукатур в рыбинске";"Профессии / Штукатур / Рыбинск";"https://dodelay.ru/podrabotka/rybinsk/plasterer";"Вакансия";"НЧ"
"требуется штукатур в рыбинске";"Профессии / Штукатур / Рыбинск";"https://dodelay.ru/podrabotka/rybinsk/plasterer";"Вакансия";"НЧ"
"вакансия штукатур в рыбинске";"Профессии / Штукатур / Рыбинск";"https://dodelay.ru/podrabotka/rybinsk/plasterer";"Вакансия";"НЧ"
"штукатур в тутаеве";"Профессии / Штукатур / Тутаев";"https://dodelay.ru/podrabotka/tutaev/plasterer";"Коммерческий";"СЧ"
"штукатур тутаев";"Профессии / Штукатур / Тутаев";"https://dodelay.ru/podrabotka/tutaev/plasterer";"Коммерческий";"СЧ"
"штукатур в тутаеве недорого";"Профессии / Штукатур / Тутаев";"https://dodelay.ru/podrabotka/tutaev/plasterer";"Коммерческий";"НЧ"
"штукатур в тутаеве цены";"Профессии / Штукатур / Тутаев";"https://dodelay.ru/podrabotka/tutaev/plasterer";"Коммерческий";"НЧ"
"штукатур в тутаеве на дом";"Профессии / Штукатур / Тутаев";"https://dodelay.ru/podrabotka/tutaev/plasterer";"Коммерческий";"НЧ"
"вызвать штукатура в тутаеве";"Профессии / Штукатур / Тутаев";"https://dodelay.ru/podrabotka/tutaev/plasterer";"Коммерческий";"НЧ"
"нанять штукатура в тутаеве";"Профессии / Штукатур / Тутаев";"https://dodelay.ru/podrabotka/tutaev/plasterer";"Коммерческий";"НЧ"
"найти штукатура в тутаеве";"Профессии / Штукатур / Тутаев";"https://dodelay.ru/podrabotka/tutaev/plasterer";"Коммерческий";"НЧ"
"услуги штукатура в тутаеве";"Профессии / Штукатур / Тутаев";"https://dodelay.ru/podrabotka/tutaev/plasterer";"Коммерческий";"НЧ"
"штукатур частник в тутаеве";"Профессии / Штукатур / Тутаев";"https://dodelay.ru/podrabotka/tutaev/plasterer";"Коммерческий";"НЧ"
"штукатур без посредников в тутаеве";"Профессии / Штукатур / Тутаев";"https://dodelay.ru/podrabotka/tutaev/plasterer";"Коммерческий";"НЧ"
"работа штукатур в тутаеве";"Профессии / Штукатур / Тутаев";"https://dodelay.ru/podrabotka/tutaev/plasterer";"Вакансия";"СЧ"
"подработка штукатур в тутаеве";"Профессии / Штукатур / Тутаев";"https://dodelay.ru/podrabotka/tutaev/plasterer";"Вакансия";"НЧ"
"требуется штукатур в тутаеве";"Профессии / Штукатур / Тутаев";"https://dodelay.ru/podrabotka/tutaev/plasterer";"Вакансия";"НЧ"
"вакансия штукатур в тутаеве";"Профессии / Штукатур / Тутаев";"https://dodelay.ru/podrabotka/tutaev/plasterer";"Вакансия";"НЧ"
"штукатур в переславле-залесском";"Профессии / Штукатур / Переславль-Залесский";"https://dodelay.ru/podrabotka/pereslavl/plasterer";"Коммерческий";"СЧ"
"штукатур переславль-залесский";"Профессии / Штукатур / Переславль-Залесский";"https://dodelay.ru/podrabotka/pereslavl/plasterer";"Коммерческий";"СЧ"
"штукатур в переславле-залесском недорого";"Профессии / Штукатур / Переславль-Залесский";"https://dodelay.ru/podrabotka/pereslavl/plasterer";"Коммерческий";"НЧ"
"штукатур в переславле-залесском цены";"Профессии / Штукатур / Переславль-Залесский";"https://dodelay.ru/podrabotka/pereslavl/plasterer";"Коммерческий";"НЧ"
"штукатур в переславле-залесском на дом";"Профессии / Штукатур / Переславль-Залесский";"https://dodelay.ru/podrabotka/pereslavl/plasterer";"Коммерческий";"НЧ"
"вызвать штукатура в переславле-залесском";"Профессии / Штукатур / Переславль-Залесский";"https://dodelay.ru/podrabotka/pereslavl/plasterer";"Коммерческий";"НЧ"
"нанять штукатура в переславле-залесском";"Профессии / Штукатур / Переславль-Залесский";"https://dodelay.ru/podrabotka/pereslavl/plasterer";"Коммерческий";"НЧ"
"найти штукатура в переславле-залесском";"Профессии / Штукатур / Переславль-Залесский";"https://dodelay.ru/podrabotka/pereslavl/plasterer";"Коммерческий";"НЧ"
"услуги штукатура в переславле-залесском";"Профессии / Штукатур / Переславль-Залесский";"https://dodelay.ru/podrabotka/pereslavl/plasterer";"Коммерческий";"НЧ"
"штукатур частник в переславле-залесском";"Профессии / Штукатур / Переславль-Залесский";"https://dodelay.ru/podrabotka/pereslavl/plasterer";"Коммерческий";"НЧ"
"штукатур без посредников в переславле-залесском";"Профессии / Штукатур / Переславль-Залесский";"https://dodelay.ru/podrabotka/pereslavl/plasterer";"Коммерческий";"НЧ"
"работа штукатур в переславле-залесском";"Профессии / Штукатур / Переславль-Залесский";"https://dodelay.ru/podrabotka/pereslavl/plasterer";"Вакансия";"СЧ"
"подработка штукатур в переславле-залесском";"Профессии / Штукатур / Переславль-Залесский";"https://dodelay.ru/podrabotka/pereslavl/plasterer";"Вакансия";"НЧ"
"требуется штукатур в переславле-залесском";"Профессии / Штукатур / Переславль-Залесский";"https://dodelay.ru/podrabotka/pereslavl/plasterer";"Вакансия";"НЧ"
"вакансия штукатур в переславле-залесском";"Профессии / Штукатур / Переславль-Залесский";"https://dodelay.ru/podrabotka/pereslavl/plasterer";"Вакансия";"НЧ"
"штукатур в угличе";"Профессии / Штукатур / Углич";"https://dodelay.ru/podrabotka/uglich/plasterer";"Коммерческий";"СЧ"
"штукатур углич";"Профессии / Штукатур / Углич";"https://dodelay.ru/podrabotka/uglich/plasterer";"Коммерческий";"СЧ"
"штукатур в угличе недорого";"Профессии / Штукатур / Углич";"https://dodelay.ru/podrabotka/uglich/plasterer";"Коммерческий";"НЧ"
"штукатур в угличе цены";"Профессии / Штукатур / Углич";"https://dodelay.ru/podrabotka/uglich/plasterer";"Коммерческий";"НЧ"
"штукатур в угличе на дом";"Профессии / Штукатур / Углич";"https://dodelay.ru/podrabotka/uglich/plasterer";"Коммерческий";"НЧ"
"вызвать штукатура в угличе";"Профессии / Штукатур / Углич";"https://dodelay.ru/podrabotka/uglich/plasterer";"Коммерческий";"НЧ"
"нанять штукатура в угличе";"Профессии / Штукатур / Углич";"https://dodelay.ru/podrabotka/uglich/plasterer";"Коммерческий";"НЧ"
"найти штукатура в угличе";"Профессии / Штукатур / Углич";"https://dodelay.ru/podrabotka/uglich/plasterer";"Коммерческий";"НЧ"
"услуги штукатура в угличе";"Профессии / Штукатур / Углич";"https://dodelay.ru/podrabotka/uglich/plasterer";"Коммерческий";"НЧ"
"штукатур частник в угличе";"Профессии / Штукатур / Углич";"https://dodelay.ru/podrabotka/uglich/plasterer";"Коммерческий";"НЧ"
"штукатур без посредников в угличе";"Профессии / Штукатур / Углич";"https://dodelay.ru/podrabotka/uglich/plasterer";"Коммерческий";"НЧ"
"работа штукатур в угличе";"Профессии / Штукатур / Углич";"https://dodelay.ru/podrabotka/uglich/plasterer";"Вакансия";"СЧ"
"подработка штукатур в угличе";"Профессии / Штукатур / Углич";"https://dodelay.ru/podrabotka/uglich/plasterer";"Вакансия";"НЧ"
"требуется штукатур в угличе";"Профессии / Штукатур / Углич";"https://dodelay.ru/podrabotka/uglich/plasterer";"Вакансия";"НЧ"
"вакансия штукатур в угличе";"Профессии / Штукатур / Углич";"https://dodelay.ru/podrabotka/uglich/plasterer";"Вакансия";"НЧ"
"штукатур в ростове великом";"Профессии / Штукатур / Ростов Великий";"https://dodelay.ru/podrabotka/rostov/plasterer";"Коммерческий";"СЧ"
"штукатур ростов великий";"Профессии / Штукатур / Ростов Великий";"https://dodelay.ru/podrabotka/rostov/plasterer";"Коммерческий";"СЧ"
"штукатур в ростове великом недорого";"Профессии / Штукатур / Ростов Великий";"https://dodelay.ru/podrabotka/rostov/plasterer";"Коммерческий";"НЧ"
"штукатур в ростове великом цены";"Профессии / Штукатур / Ростов Великий";"https://dodelay.ru/podrabotka/rostov/plasterer";"Коммерческий";"НЧ"
"штукатур в ростове великом на дом";"Профессии / Штукатур / Ростов Великий";"https://dodelay.ru/podrabotka/rostov/plasterer";"Коммерческий";"НЧ"
"вызвать штукатура в ростове великом";"Профессии / Штукатур / Ростов Великий";"https://dodelay.ru/podrabotka/rostov/plasterer";"Коммерческий";"НЧ"
"нанять штукатура в ростове великом";"Профессии / Штукатур / Ростов Великий";"https://dodelay.ru/podrabotka/rostov/plasterer";"Коммерческий";"НЧ"
"найти штукатура в ростове великом";"Профессии / Штукатур / Ростов Великий";"https://dodelay.ru/podrabotka/rostov/plasterer";"Коммерческий";"НЧ"
"услуги штукатура в ростове великом";"Профессии / Штукатур / Ростов Великий";"https://dodelay.ru/podrabotka/rostov/plasterer";"Коммерческий";"НЧ"
"штукатур частник в ростове великом";"Профессии / Штукатур / Ростов Великий";"https://dodelay.ru/podrabotka/rostov/plasterer";"Коммерческий";"НЧ"
"штукатур без посредников в ростове великом";"Профессии / Штукатур / Ростов Великий";"https://dodelay.ru/podrabotka/rostov/plasterer";"Коммерческий";"НЧ"
"работа штукатур в ростове великом";"Профессии / Штукатур / Ростов Великий";"https://dodelay.ru/podrabotka/rostov/plasterer";"Вакансия";"СЧ"
"подработка штукатур в ростове великом";"Профессии / Штукатур / Ростов Великий";"https://dodelay.ru/podrabotka/rostov/plasterer";"Вакансия";"НЧ"
"требуется штукатур в ростове великом";"Профессии / Штукатур / Ростов Великий";"https://dodelay.ru/podrabotka/rostov/plasterer";"Вакансия";"НЧ"
"вакансия штукатур в ростове великом";"Профессии / Штукатур / Ростов Великий";"https://dodelay.ru/podrabotka/rostov/plasterer";"Вакансия";"НЧ"
"штукатурка стен по маякам";"Профессии / Штукатур / Задачи";"https://dodelay.ru/podrabotka/yaroslavl/plasterer";"Инфо";"НЧ"
"сколько стоит штукатурка стен по маякам";"Профессии / Штукатур / Задачи";"https://dodelay.ru/podrabotka/yaroslavl/plasterer";"Инфо";"НЧ"
"шпаклёвка под покраску";"Профессии / Штукатур / Задачи";"https://dodelay.ru/podrabotka/yaroslavl/plasterer";"Инфо";"НЧ"
"сколько стоит шпаклёвка под покраску";"Профессии / Штукатур / Задачи";"https://dodelay.ru/podrabotka/yaroslavl/plasterer";"Инфо";"НЧ"
"штукатурка откосов";"Профессии / Штукатур / Задачи";"https://dodelay.ru/podrabotka/yaroslavl/plasterer";"Инфо";"НЧ"
"сколько стоит штукатурка откосов";"Профессии / Штукатур / Задачи";"https://dodelay.ru/podrabotka/yaroslavl/plasterer";"Инфо";"НЧ"
"машинная штукатурка";"Профессии / Штукатур / Задачи";"https://dodelay.ru/podrabotka/yaroslavl/plasterer";"Инфо";"НЧ"
"сколько стоит машинная штукатурка";"Профессии / Штукатур / Задачи";"https://dodelay.ru/podrabotka/yaroslavl/plasterer";"Инфо";"НЧ"
"обойщик в ярославле";"Профессии / Обойщик / Ярославль";"https://dodelay.ru/podrabotka/yaroslavl/wallpaper";"Коммерческий";"СЧ"
"обойщик ярославль";"Профессии / Обойщик / Ярославль";"https://dodelay.ru/podrabotka/yaroslavl/wallpaper";"Коммерческий";"СЧ"
"обойщик в ярославле недорого";"Профессии / Обойщик / Ярославль";"https://dodelay.ru/podrabotka/yaroslavl/wallpaper";"Коммерческий";"НЧ"
"обойщик в ярославле цены";"Профессии / Обойщик / Ярославль";"https://dodelay.ru/podrabotka/yaroslavl/wallpaper";"Коммерческий";"НЧ"
"обойщик в ярославле на дом";"Профессии / Обойщик / Ярославль";"https://dodelay.ru/podrabotka/yaroslavl/wallpaper";"Коммерческий";"НЧ"
"вызвать мастера по обоям в ярославле";"Профессии / Обойщик / Ярославль";"https://dodelay.ru/podrabotka/yaroslavl/wallpaper";"Коммерческий";"НЧ"
"нанять мастера по обоям в ярославле";"Профессии / Обойщик / Ярославль";"https://dodelay.ru/podrabotka/yaroslavl/wallpaper";"Коммерческий";"НЧ"
"найти мастера по обоям в ярославле";"Профессии / Обойщик / Ярославль";"https://dodelay.ru/podrabotka/yaroslavl/wallpaper";"Коммерческий";"НЧ"
"услуги мастера по обоям в ярославле";"Профессии / Обойщик / Ярославль";"https://dodelay.ru/podrabotka/yaroslavl/wallpaper";"Коммерческий";"НЧ"
"обойщик частник в ярославле";"Профессии / Обойщик / Ярославль";"https://dodelay.ru/podrabotka/yaroslavl/wallpaper";"Коммерческий";"НЧ"
"обойщик без посредников в ярославле";"Профессии / Обойщик / Ярославль";"https://dodelay.ru/podrabotka/yaroslavl/wallpaper";"Коммерческий";"НЧ"
"работа обойщик в ярославле";"Профессии / Обойщик / Ярославль";"https://dodelay.ru/podrabotka/yaroslavl/wallpaper";"Вакансия";"СЧ"
"подработка обойщик в ярославле";"Профессии / Обойщик / Ярославль";"https://dodelay.ru/podrabotka/yaroslavl/wallpaper";"Вакансия";"НЧ"
"требуется обойщик в ярославле";"Профессии / Обойщик / Ярославль";"https://dodelay.ru/podrabotka/yaroslavl/wallpaper";"Вакансия";"НЧ"
"вакансия обойщик в ярославле";"Профессии / Обойщик / Ярославль";"https://dodelay.ru/podrabotka/yaroslavl/wallpaper";"Вакансия";"НЧ"
"обойщик в рыбинске";"Профессии / Обойщик / Рыбинск";"https://dodelay.ru/podrabotka/rybinsk/wallpaper";"Коммерческий";"СЧ"
"обойщик рыбинск";"Профессии / Обойщик / Рыбинск";"https://dodelay.ru/podrabotka/rybinsk/wallpaper";"Коммерческий";"СЧ"
"обойщик в рыбинске недорого";"Профессии / Обойщик / Рыбинск";"https://dodelay.ru/podrabotka/rybinsk/wallpaper";"Коммерческий";"НЧ"
"обойщик в рыбинске цены";"Профессии / Обойщик / Рыбинск";"https://dodelay.ru/podrabotka/rybinsk/wallpaper";"Коммерческий";"НЧ"
"обойщик в рыбинске на дом";"Профессии / Обойщик / Рыбинск";"https://dodelay.ru/podrabotka/rybinsk/wallpaper";"Коммерческий";"НЧ"
"вызвать мастера по обоям в рыбинске";"Профессии / Обойщик / Рыбинск";"https://dodelay.ru/podrabotka/rybinsk/wallpaper";"Коммерческий";"НЧ"
"нанять мастера по обоям в рыбинске";"Профессии / Обойщик / Рыбинск";"https://dodelay.ru/podrabotka/rybinsk/wallpaper";"Коммерческий";"НЧ"
"найти мастера по обоям в рыбинске";"Профессии / Обойщик / Рыбинск";"https://dodelay.ru/podrabotka/rybinsk/wallpaper";"Коммерческий";"НЧ"
"услуги мастера по обоям в рыбинске";"Профессии / Обойщик / Рыбинск";"https://dodelay.ru/podrabotka/rybinsk/wallpaper";"Коммерческий";"НЧ"
"обойщик частник в рыбинске";"Профессии / Обойщик / Рыбинск";"https://dodelay.ru/podrabotka/rybinsk/wallpaper";"Коммерческий";"НЧ"
"обойщик без посредников в рыбинске";"Профессии / Обойщик / Рыбинск";"https://dodelay.ru/podrabotka/rybinsk/wallpaper";"Коммерческий";"НЧ"
"работа обойщик в рыбинске";"Профессии / Обойщик / Рыбинск";"https://dodelay.ru/podrabotka/rybinsk/wallpaper";"Вакансия";"СЧ"
"подработка обойщик в рыбинске";"Профессии / Обойщик / Рыбинск";"https://dodelay.ru/podrabotka/rybinsk/wallpaper";"Вакансия";"НЧ"
"требуется обойщик в рыбинске";"Профессии / Обойщик / Рыбинск";"https://dodelay.ru/podrabotka/rybinsk/wallpaper";"Вакансия";"НЧ"
"вакансия обойщик в рыбинске";"Профессии / Обойщик / Рыбинск";"https://dodelay.ru/podrabotka/rybinsk/wallpaper";"Вакансия";"НЧ"
"обойщик в тутаеве";"Профессии / Обойщик / Тутаев";"https://dodelay.ru/podrabotka/tutaev/wallpaper";"Коммерческий";"СЧ"
"обойщик тутаев";"Профессии / Обойщик / Тутаев";"https://dodelay.ru/podrabotka/tutaev/wallpaper";"Коммерческий";"СЧ"
"обойщик в тутаеве недорого";"Профессии / Обойщик / Тутаев";"https://dodelay.ru/podrabotka/tutaev/wallpaper";"Коммерческий";"НЧ"
"обойщик в тутаеве цены";"Профессии / Обойщик / Тутаев";"https://dodelay.ru/podrabotka/tutaev/wallpaper";"Коммерческий";"НЧ"
"обойщик в тутаеве на дом";"Профессии / Обойщик / Тутаев";"https://dodelay.ru/podrabotka/tutaev/wallpaper";"Коммерческий";"НЧ"
"вызвать мастера по обоям в тутаеве";"Профессии / Обойщик / Тутаев";"https://dodelay.ru/podrabotka/tutaev/wallpaper";"Коммерческий";"НЧ"
"нанять мастера по обоям в тутаеве";"Профессии / Обойщик / Тутаев";"https://dodelay.ru/podrabotka/tutaev/wallpaper";"Коммерческий";"НЧ"
"найти мастера по обоям в тутаеве";"Профессии / Обойщик / Тутаев";"https://dodelay.ru/podrabotka/tutaev/wallpaper";"Коммерческий";"НЧ"
"услуги мастера по обоям в тутаеве";"Профессии / Обойщик / Тутаев";"https://dodelay.ru/podrabotka/tutaev/wallpaper";"Коммерческий";"НЧ"
"обойщик частник в тутаеве";"Профессии / Обойщик / Тутаев";"https://dodelay.ru/podrabotka/tutaev/wallpaper";"Коммерческий";"НЧ"
"обойщик без посредников в тутаеве";"Профессии / Обойщик / Тутаев";"https://dodelay.ru/podrabotka/tutaev/wallpaper";"Коммерческий";"НЧ"
"работа обойщик в тутаеве";"Профессии / Обойщик / Тутаев";"https://dodelay.ru/podrabotka/tutaev/wallpaper";"Вакансия";"СЧ"
"подработка обойщик в тутаеве";"Профессии / Обойщик / Тутаев";"https://dodelay.ru/podrabotka/tutaev/wallpaper";"Вакансия";"НЧ"
"требуется обойщик в тутаеве";"Профессии / Обойщик / Тутаев";"https://dodelay.ru/podrabotka/tutaev/wallpaper";"Вакансия";"НЧ"
"вакансия обойщик в тутаеве";"Профессии / Обойщик / Тутаев";"https://dodelay.ru/podrabotka/tutaev/wallpaper";"Вакансия";"НЧ"
"обойщик в переславле-залесском";"Профессии / Обойщик / Переславль-Залесский";"https://dodelay.ru/podrabotka/pereslavl/wallpaper";"Коммерческий";"СЧ"
"обойщик переславль-залесский";"Профессии / Обойщик / Переславль-Залесский";"https://dodelay.ru/podrabotka/pereslavl/wallpaper";"Коммерческий";"СЧ"
"обойщик в переславле-залесском недорого";"Профессии / Обойщик / Переславль-Залесский";"https://dodelay.ru/podrabotka/pereslavl/wallpaper";"Коммерческий";"НЧ"
"обойщик в переславле-залесском цены";"Профессии / Обойщик / Переславль-Залесский";"https://dodelay.ru/podrabotka/pereslavl/wallpaper";"Коммерческий";"НЧ"
"обойщик в переславле-залесском на дом";"Профессии / Обойщик / Переславль-Залесский";"https://dodelay.ru/podrabotka/pereslavl/wallpaper";"Коммерческий";"НЧ"
"вызвать мастера по обоям в переславле-залесском";"Профессии / Обойщик / Переславль-Залесский";"https://dodelay.ru/podrabotka/pereslavl/wallpaper";"Коммерческий";"НЧ"
"нанять мастера по обоям в переславле-залесском";"Профессии / Обойщик / Переславль-Залесский";"https://dodelay.ru/podrabotka/pereslavl/wallpaper";"Коммерческий";"НЧ"
"найти мастера по обоям в переславле-залесском";"Профессии / Обойщик / Переславль-Залесский";"https://dodelay.ru/podrabotka/pereslavl/wallpaper";"Коммерческий";"НЧ"
"услуги мастера по обоям в переславле-залесском";"Профессии / Обойщик / Переславль-Залесский";"https://dodelay.ru/podrabotka/pereslavl/wallpaper";"Коммерческий";"НЧ"
"обойщик частник в переславле-залесском";"Профессии / Обойщик / Переславль-Залесский";"https://dodelay.ru/podrabotka/pereslavl/wallpaper";"Коммерческий";"НЧ"
"обойщик без посредников в переславле-залесском";"Профессии / Обойщик / Переславль-Залесский";"https://dodelay.ru/podrabotka/pereslavl/wallpaper";"Коммерческий";"НЧ"
"работа обойщик в переславле-залесском";"Профессии / Обойщик / Переславль-Залесский";"https://dodelay.ru/podrabotka/pereslavl/wallpaper";"Вакансия";"СЧ"
"подработка обойщик в переславле-залесском";"Профессии / Обойщик / Переславль-Залесский";"https://dodelay.ru/podrabotka/pereslavl/wallpaper";"Вакансия";"НЧ"
"требуется обойщик в переславле-залесском";"Профессии / Обойщик / Переславль-Залесский";"https://dodelay.ru/podrabotka/pereslavl/wallpaper";"Вакансия";"НЧ"
"вакансия обойщик в переславле-залесском";"Профессии / Обойщик / Переславль-Залесский";"https://dodelay.ru/podrabotka/pereslavl/wallpaper";"Вакансия";"НЧ"
"обойщик в угличе";"Профессии / Обойщик / Углич";"https://dodelay.ru/podrabotka/uglich/wallpaper";"Коммерческий";"СЧ"
"обойщик углич";"Профессии / Обойщик / Углич";"https://dodelay.ru/podrabotka/uglich/wallpaper";"Коммерческий";"СЧ"
"обойщик в угличе недорого";"Профессии / Обойщик / Углич";"https://dodelay.ru/podrabotka/uglich/wallpaper";"Коммерческий";"НЧ"
"обойщик в угличе цены";"Профессии / Обойщик / Углич";"https://dodelay.ru/podrabotka/uglich/wallpaper";"Коммерческий";"НЧ"
"обойщик в угличе на дом";"Профессии / Обойщик / Углич";"https://dodelay.ru/podrabotka/uglich/wallpaper";"Коммерческий";"НЧ"
"вызвать мастера по обоям в угличе";"Профессии / Обойщик / Углич";"https://dodelay.ru/podrabotka/uglich/wallpaper";"Коммерческий";"НЧ"
"нанять мастера по обоям в угличе";"Профессии / Обойщик / Углич";"https://dodelay.ru/podrabotka/uglich/wallpaper";"Коммерческий";"НЧ"
"найти мастера по обоям в угличе";"Профессии / Обойщик / Углич";"https://dodelay.ru/podrabotka/uglich/wallpaper";"Коммерческий";"НЧ"
"услуги мастера по обоям в угличе";"Профессии / Обойщик / Углич";"https://dodelay.ru/podrabotka/uglich/wallpaper";"Коммерческий";"НЧ"
"обойщик частник в угличе";"Профессии / Обойщик / Углич";"https://dodelay.ru/podrabotka/uglich/wallpaper";"Коммерческий";"НЧ"
"обойщик без посредников в угличе";"Профессии / Обойщик / Углич";"https://dodelay.ru/podrabotka/uglich/wallpaper";"Коммерческий";"НЧ"
"работа обойщик в угличе";"Профессии / Обойщик / Углич";"https://dodelay.ru/podrabotka/uglich/wallpaper";"Вакансия";"СЧ"
"подработка обойщик в угличе";"Профессии / Обойщик / Углич";"https://dodelay.ru/podrabotka/uglich/wallpaper";"Вакансия";"НЧ"
"требуется обойщик в угличе";"Профессии / Обойщик / Углич";"https://dodelay.ru/podrabotka/uglich/wallpaper";"Вакансия";"НЧ"
"вакансия обойщик в угличе";"Профессии / Обойщик / Углич";"https://dodelay.ru/podrabotka/uglich/wallpaper";"Вакансия";"НЧ"
"обойщик в ростове великом";"Профессии / Обойщик / Ростов Великий";"https://dodelay.ru/podrabotka/rostov/wallpaper";"Коммерческий";"СЧ"
"обойщик ростов великий";"Профессии / Обойщик / Ростов Великий";"https://dodelay.ru/podrabotka/rostov/wallpaper";"Коммерческий";"СЧ"
"обойщик в ростове великом недорого";"Профессии / Обойщик / Ростов Великий";"https://dodelay.ru/podrabotka/rostov/wallpaper";"Коммерческий";"НЧ"
"обойщик в ростове великом цены";"Профессии / Обойщик / Ростов Великий";"https://dodelay.ru/podrabotka/rostov/wallpaper";"Коммерческий";"НЧ"
"обойщик в ростове великом на дом";"Профессии / Обойщик / Ростов Великий";"https://dodelay.ru/podrabotka/rostov/wallpaper";"Коммерческий";"НЧ"
"вызвать мастера по обоям в ростове великом";"Профессии / Обойщик / Ростов Великий";"https://dodelay.ru/podrabotka/rostov/wallpaper";"Коммерческий";"НЧ"
"нанять мастера по обоям в ростове великом";"Профессии / Обойщик / Ростов Великий";"https://dodelay.ru/podrabotka/rostov/wallpaper";"Коммерческий";"НЧ"
"найти мастера по обоям в ростове великом";"Профессии / Обойщик / Ростов Великий";"https://dodelay.ru/podrabotka/rostov/wallpaper";"Коммерческий";"НЧ"
"услуги мастера по обоям в ростове великом";"Профессии / Обойщик / Ростов Великий";"https://dodelay.ru/podrabotka/rostov/wallpaper";"Коммерческий";"НЧ"
"обойщик частник в ростове великом";"Профессии / Обойщик / Ростов Великий";"https://dodelay.ru/podrabotka/rostov/wallpaper";"Коммерческий";"НЧ"
"обойщик без посредников в ростове великом";"Профессии / Обойщик / Ростов Великий";"https://dodelay.ru/podrabotka/rostov/wallpaper";"Коммерческий";"НЧ"
"работа обойщик в ростове великом";"Профессии / Обойщик / Ростов Великий";"https://dodelay.ru/podrabotka/rostov/wallpaper";"Вакансия";"СЧ"
"подработка обойщик в ростове великом";"Профессии / Обойщик / Ростов Великий";"https://dodelay.ru/podrabotka/rostov/wallpaper";"Вакансия";"НЧ"
"требуется обойщик в ростове великом";"Профессии / Обойщик / Ростов Великий";"https://dodelay.ru/podrabotka/rostov/wallpaper";"Вакансия";"НЧ"
"вакансия обойщик в ростове великом";"Профессии / Обойщик / Ростов Великий";"https://dodelay.ru/podrabotka/rostov/wallpaper";"Вакансия";"НЧ"
"поклейка обоев";"Профессии / Обойщик / Задачи";"https://dodelay.ru/podrabotka/yaroslavl/wallpaper";"Инфо";"НЧ"
"сколько стоит поклейка обоев";"Профессии / Обойщик / Задачи";"https://dodelay.ru/podrabotka/yaroslavl/wallpaper";"Инфо";"НЧ"
"снятие старых обоев";"Профессии / Обойщик / Задачи";"https://dodelay.ru/podrabotka/yaroslavl/wallpaper";"Инфо";"НЧ"
"сколько стоит снятие старых обоев";"Профессии / Обойщик / Задачи";"https://dodelay.ru/podrabotka/yaroslavl/wallpaper";"Инфо";"НЧ"
"поклейка флизелина под покраску";"Профессии / Обойщик / Задачи";"https://dodelay.ru/podrabotka/yaroslavl/wallpaper";"Инфо";"НЧ"
"сколько стоит поклейка флизелина под покраску";"Профессии / Обойщик / Задачи";"https://dodelay.ru/podrabotka/yaroslavl/wallpaper";"Инфо";"НЧ"
"укладка полов в ярославле";"Профессии / Укладка полов / Ярославль";"https://dodelay.ru/podrabotka/yaroslavl/flooring";"Коммерческий";"СЧ"
"укладка полов ярославль";"Профессии / Укладка полов / Ярославль";"https://dodelay.ru/podrabotka/yaroslavl/flooring";"Коммерческий";"СЧ"
"укладка полов в ярославле недорого";"Профессии / Укладка полов / Ярославль";"https://dodelay.ru/podrabotka/yaroslavl/flooring";"Коммерческий";"НЧ"
"укладка полов в ярославле цены";"Профессии / Укладка полов / Ярославль";"https://dodelay.ru/podrabotka/yaroslavl/flooring";"Коммерческий";"НЧ"
"укладка полов в ярославле на дом";"Профессии / Укладка полов / Ярославль";"https://dodelay.ru/podrabotka/yaroslavl/flooring";"Коммерческий";"НЧ"
"вызвать мастера по полам в ярославле";"Профессии / Укладка полов / Ярославль";"https://dodelay.ru/podrabotka/yaroslavl/flooring";"Коммерческий";"НЧ"
"нанять мастера по полам в ярославле";"Профессии / Укладка полов / Ярославль";"https://dodelay.ru/podrabotka/yaroslavl/flooring";"Коммерческий";"НЧ"
"найти мастера по полам в ярославле";"Профессии / Укладка полов / Ярославль";"https://dodelay.ru/podrabotka/yaroslavl/flooring";"Коммерческий";"НЧ"
"услуги мастера по полам в ярославле";"Профессии / Укладка полов / Ярославль";"https://dodelay.ru/podrabotka/yaroslavl/flooring";"Коммерческий";"НЧ"
"укладка полов частник в ярославле";"Профессии / Укладка полов / Ярославль";"https://dodelay.ru/podrabotka/yaroslavl/flooring";"Коммерческий";"НЧ"
"укладка полов без посредников в ярославле";"Профессии / Укладка полов / Ярославль";"https://dodelay.ru/podrabotka/yaroslavl/flooring";"Коммерческий";"НЧ"
"работа укладка полов в ярославле";"Профессии / Укладка полов / Ярославль";"https://dodelay.ru/podrabotka/yaroslavl/flooring";"Вакансия";"СЧ"
"подработка укладка полов в ярославле";"Профессии / Укладка полов / Ярославль";"https://dodelay.ru/podrabotka/yaroslavl/flooring";"Вакансия";"НЧ"
"требуется укладка полов в ярославле";"Профессии / Укладка полов / Ярославль";"https://dodelay.ru/podrabotka/yaroslavl/flooring";"Вакансия";"НЧ"
"вакансия укладка полов в ярославле";"Профессии / Укладка полов / Ярославль";"https://dodelay.ru/podrabotka/yaroslavl/flooring";"Вакансия";"НЧ"
"укладка полов в рыбинске";"Профессии / Укладка полов / Рыбинск";"https://dodelay.ru/podrabotka/rybinsk/flooring";"Коммерческий";"СЧ"
"укладка полов рыбинск";"Профессии / Укладка полов / Рыбинск";"https://dodelay.ru/podrabotka/rybinsk/flooring";"Коммерческий";"СЧ"
"укладка полов в рыбинске недорого";"Профессии / Укладка полов / Рыбинск";"https://dodelay.ru/podrabotka/rybinsk/flooring";"Коммерческий";"НЧ"
"укладка полов в рыбинске цены";"Профессии / Укладка полов / Рыбинск";"https://dodelay.ru/podrabotka/rybinsk/flooring";"Коммерческий";"НЧ"
"укладка полов в рыбинске на дом";"Профессии / Укладка полов / Рыбинск";"https://dodelay.ru/podrabotka/rybinsk/flooring";"Коммерческий";"НЧ"
"вызвать мастера по полам в рыбинске";"Профессии / Укладка полов / Рыбинск";"https://dodelay.ru/podrabotka/rybinsk/flooring";"Коммерческий";"НЧ"
"нанять мастера по полам в рыбинске";"Профессии / Укладка полов / Рыбинск";"https://dodelay.ru/podrabotka/rybinsk/flooring";"Коммерческий";"НЧ"
"найти мастера по полам в рыбинске";"Профессии / Укладка полов / Рыбинск";"https://dodelay.ru/podrabotka/rybinsk/flooring";"Коммерческий";"НЧ"
"услуги мастера по полам в рыбинске";"Профессии / Укладка полов / Рыбинск";"https://dodelay.ru/podrabotka/rybinsk/flooring";"Коммерческий";"НЧ"
"укладка полов частник в рыбинске";"Профессии / Укладка полов / Рыбинск";"https://dodelay.ru/podrabotka/rybinsk/flooring";"Коммерческий";"НЧ"
"укладка полов без посредников в рыбинске";"Профессии / Укладка полов / Рыбинск";"https://dodelay.ru/podrabotka/rybinsk/flooring";"Коммерческий";"НЧ"
"работа укладка полов в рыбинске";"Профессии / Укладка полов / Рыбинск";"https://dodelay.ru/podrabotka/rybinsk/flooring";"Вакансия";"СЧ"
"подработка укладка полов в рыбинске";"Профессии / Укладка полов / Рыбинск";"https://dodelay.ru/podrabotka/rybinsk/flooring";"Вакансия";"НЧ"
"требуется укладка полов в рыбинске";"Профессии / Укладка полов / Рыбинск";"https://dodelay.ru/podrabotka/rybinsk/flooring";"Вакансия";"НЧ"
"вакансия укладка полов в рыбинске";"Профессии / Укладка полов / Рыбинск";"https://dodelay.ru/podrabotka/rybinsk/flooring";"Вакансия";"НЧ"
"укладка полов в тутаеве";"Профессии / Укладка полов / Тутаев";"https://dodelay.ru/podrabotka/tutaev/flooring";"Коммерческий";"СЧ"
"укладка полов тутаев";"Профессии / Укладка полов / Тутаев";"https://dodelay.ru/podrabotka/tutaev/flooring";"Коммерческий";"СЧ"
"укладка полов в тутаеве недорого";"Профессии / Укладка полов / Тутаев";"https://dodelay.ru/podrabotka/tutaev/flooring";"Коммерческий";"НЧ"
"укладка полов в тутаеве цены";"Профессии / Укладка полов / Тутаев";"https://dodelay.ru/podrabotka/tutaev/flooring";"Коммерческий";"НЧ"
"укладка полов в тутаеве на дом";"Профессии / Укладка полов / Тутаев";"https://dodelay.ru/podrabotka/tutaev/flooring";"Коммерческий";"НЧ"
"вызвать мастера по полам в тутаеве";"Профессии / Укладка полов / Тутаев";"https://dodelay.ru/podrabotka/tutaev/flooring";"Коммерческий";"НЧ"
"нанять мастера по полам в тутаеве";"Профессии / Укладка полов / Тутаев";"https://dodelay.ru/podrabotka/tutaev/flooring";"Коммерческий";"НЧ"
"найти мастера по полам в тутаеве";"Профессии / Укладка полов / Тутаев";"https://dodelay.ru/podrabotka/tutaev/flooring";"Коммерческий";"НЧ"
"услуги мастера по полам в тутаеве";"Профессии / Укладка полов / Тутаев";"https://dodelay.ru/podrabotka/tutaev/flooring";"Коммерческий";"НЧ"
"укладка полов частник в тутаеве";"Профессии / Укладка полов / Тутаев";"https://dodelay.ru/podrabotka/tutaev/flooring";"Коммерческий";"НЧ"
"укладка полов без посредников в тутаеве";"Профессии / Укладка полов / Тутаев";"https://dodelay.ru/podrabotka/tutaev/flooring";"Коммерческий";"НЧ"
"работа укладка полов в тутаеве";"Профессии / Укладка полов / Тутаев";"https://dodelay.ru/podrabotka/tutaev/flooring";"Вакансия";"СЧ"
"подработка укладка полов в тутаеве";"Профессии / Укладка полов / Тутаев";"https://dodelay.ru/podrabotka/tutaev/flooring";"Вакансия";"НЧ"
"требуется укладка полов в тутаеве";"Профессии / Укладка полов / Тутаев";"https://dodelay.ru/podrabotka/tutaev/flooring";"Вакансия";"НЧ"
"вакансия укладка полов в тутаеве";"Профессии / Укладка полов / Тутаев";"https://dodelay.ru/podrabotka/tutaev/flooring";"Вакансия";"НЧ"
"укладка полов в переславле-залесском";"Профессии / Укладка полов / Переславль-Залесский";"https://dodelay.ru/podrabotka/pereslavl/flooring";"Коммерческий";"СЧ"
"укладка полов переславль-залесский";"Профессии / Укладка полов / Переславль-Залесский";"https://dodelay.ru/podrabotka/pereslavl/flooring";"Коммерческий";"СЧ"
"укладка полов в переславле-залесском недорого";"Профессии / Укладка полов / Переславль-Залесский";"https://dodelay.ru/podrabotka/pereslavl/flooring";"Коммерческий";"НЧ"
"укладка полов в переславле-залесском цены";"Профессии / Укладка полов / Переславль-Залесский";"https://dodelay.ru/podrabotka/pereslavl/flooring";"Коммерческий";"НЧ"
"укладка полов в переславле-залесском на дом";"Профессии / Укладка полов / Переславль-Залесский";"https://dodelay.ru/podrabotka/pereslavl/flooring";"Коммерческий";"НЧ"
"вызвать мастера по полам в переславле-залесском";"Профессии / Укладка полов / Переславль-Залесский";"https://dodelay.ru/podrabotka/pereslavl/flooring";"Коммерческий";"НЧ"
"нанять мастера по полам в переславле-залесском";"Профессии / Укладка полов / Переславль-Залесский";"https://dodelay.ru/podrabotka/pereslavl/flooring";"Коммерческий";"НЧ"
"найти мастера по полам в переславле-залесском";"Профессии / Укладка полов / Переславль-Залесский";"https://dodelay.ru/podrabotka/pereslavl/flooring";"Коммерческий";"НЧ"
"услуги мастера по полам в переславле-залесском";"Профессии / Укладка полов / Переславль-Залесский";"https://dodelay.ru/podrabotka/pereslavl/flooring";"Коммерческий";"НЧ"
"укладка полов частник в переславле-залесском";"Профессии / Укладка полов / Переславль-Залесский";"https://dodelay.ru/podrabotka/pereslavl/flooring";"Коммерческий";"НЧ"
"укладка полов без посредников в переславле-залесском";"Профессии / Укладка полов / Переславль-Залесский";"https://dodelay.ru/podrabotka/pereslavl/flooring";"Коммерческий";"НЧ"
"работа укладка полов в переславле-залесском";"Профессии / Укладка полов / Переславль-Залесский";"https://dodelay.ru/podrabotka/pereslavl/flooring";"Вакансия";"СЧ"
"подработка укладка полов в переславле-залесском";"Профессии / Укладка полов / Переславль-Залесский";"https://dodelay.ru/podrabotka/pereslavl/flooring";"Вакансия";"НЧ"
"требуется укладка полов в переславле-залесском";"Профессии / Укладка полов / Переславль-Залесский";"https://dodelay.ru/podrabotka/pereslavl/flooring";"Вакансия";"НЧ"
"вакансия укладка полов в переславле-залесском";"Профессии / Укладка полов / Переславль-Залесский";"https://dodelay.ru/podrabotka/pereslavl/flooring";"Вакансия";"НЧ"
"укладка полов в угличе";"Профессии / Укладка полов / Углич";"https://dodelay.ru/podrabotka/uglich/flooring";"Коммерческий";"СЧ"
"укладка полов углич";"Профессии / Укладка полов / Углич";"https://dodelay.ru/podrabotka/uglich/flooring";"Коммерческий";"СЧ"
"укладка полов в угличе недорого";"Профессии / Укладка полов / Углич";"https://dodelay.ru/podrabotka/uglich/flooring";"Коммерческий";"НЧ"
"укладка полов в угличе цены";"Профессии / Укладка полов / Углич";"https://dodelay.ru/podrabotka/uglich/flooring";"Коммерческий";"НЧ"
"укладка полов в угличе на дом";"Профессии / Укладка полов / Углич";"https://dodelay.ru/podrabotka/uglich/flooring";"Коммерческий";"НЧ"
"вызвать мастера по полам в угличе";"Профессии / Укладка полов / Углич";"https://dodelay.ru/podrabotka/uglich/flooring";"Коммерческий";"НЧ"
"нанять мастера по полам в угличе";"Профессии / Укладка полов / Углич";"https://dodelay.ru/podrabotka/uglich/flooring";"Коммерческий";"НЧ"
"найти мастера по полам в угличе";"Профессии / Укладка полов / Углич";"https://dodelay.ru/podrabotka/uglich/flooring";"Коммерческий";"НЧ"
"услуги мастера по полам в угличе";"Профессии / Укладка полов / Углич";"https://dodelay.ru/podrabotka/uglich/flooring";"Коммерческий";"НЧ"
"укладка полов частник в угличе";"Профессии / Укладка полов / Углич";"https://dodelay.ru/podrabotka/uglich/flooring";"Коммерческий";"НЧ"
"укладка полов без посредников в угличе";"Профессии / Укладка полов / Углич";"https://dodelay.ru/podrabotka/uglich/flooring";"Коммерческий";"НЧ"
"работа укладка полов в угличе";"Профессии / Укладка полов / Углич";"https://dodelay.ru/podrabotka/uglich/flooring";"Вакансия";"СЧ"
"подработка укладка полов в угличе";"Профессии / Укладка полов / Углич";"https://dodelay.ru/podrabotka/uglich/flooring";"Вакансия";"НЧ"
"требуется укладка полов в угличе";"Профессии / Укладка полов / Углич";"https://dodelay.ru/podrabotka/uglich/flooring";"Вакансия";"НЧ"
"вакансия укладка полов в угличе";"Профессии / Укладка полов / Углич";"https://dodelay.ru/podrabotka/uglich/flooring";"Вакансия";"НЧ"
"укладка полов в ростове великом";"Профессии / Укладка полов / Ростов Великий";"https://dodelay.ru/podrabotka/rostov/flooring";"Коммерческий";"СЧ"
"укладка полов ростов великий";"Профессии / Укладка полов / Ростов Великий";"https://dodelay.ru/podrabotka/rostov/flooring";"Коммерческий";"СЧ"
"укладка полов в ростове великом недорого";"Профессии / Укладка полов / Ростов Великий";"https://dodelay.ru/podrabotka/rostov/flooring";"Коммерческий";"НЧ"
"укладка полов в ростове великом цены";"Профессии / Укладка полов / Ростов Великий";"https://dodelay.ru/podrabotka/rostov/flooring";"Коммерческий";"НЧ"
"укладка полов в ростове великом на дом";"Профессии / Укладка полов / Ростов Великий";"https://dodelay.ru/podrabotka/rostov/flooring";"Коммерческий";"НЧ"
"вызвать мастера по полам в ростове великом";"Профессии / Укладка полов / Ростов Великий";"https://dodelay.ru/podrabotka/rostov/flooring";"Коммерческий";"НЧ"
"нанять мастера по полам в ростове великом";"Профессии / Укладка полов / Ростов Великий";"https://dodelay.ru/podrabotka/rostov/flooring";"Коммерческий";"НЧ"
"найти мастера по полам в ростове великом";"Профессии / Укладка полов / Ростов Великий";"https://dodelay.ru/podrabotka/rostov/flooring";"Коммерческий";"НЧ"
"услуги мастера по полам в ростове великом";"Профессии / Укладка полов / Ростов Великий";"https://dodelay.ru/podrabotka/rostov/flooring";"Коммерческий";"НЧ"
"укладка полов частник в ростове великом";"Профессии / Укладка полов / Ростов Великий";"https://dodelay.ru/podrabotka/rostov/flooring";"Коммерческий";"НЧ"
"укладка полов без посредников в ростове великом";"Профессии / Укладка полов / Ростов Великий";"https://dodelay.ru/podrabotka/rostov/flooring";"Коммерческий";"НЧ"
"работа укладка полов в ростове великом";"Профессии / Укладка полов / Ростов Великий";"https://dodelay.ru/podrabotka/rostov/flooring";"Вакансия";"СЧ"
"подработка укладка полов в ростове великом";"Профессии / Укладка полов / Ростов Великий";"https://dodelay.ru/podrabotka/rostov/flooring";"Вакансия";"НЧ"
"требуется укладка полов в ростове великом";"Профессии / Укладка полов / Ростов Великий";"https://dodelay.ru/podrabotka/rostov/flooring";"Вакансия";"НЧ"
"вакансия укладка полов в ростове великом";"Профессии / Укладка полов / Ростов Великий";"https://dodelay.ru/podrabotka/rostov/flooring";"Вакансия";"НЧ"
"укладка ламината";"Профессии / Укладка полов / Задачи";"https://dodelay.ru/podrabotka/yaroslavl/flooring";"Инфо";"НЧ"
"сколько стоит укладка ламината";"Профессии / Укладка полов / Задачи";"https://dodelay.ru/podrabotka/yaroslavl/flooring";"Инфо";"НЧ"
"укладка линолеума";"Профессии / Укладка полов / Задачи";"https://dodelay.ru/podrabotka/yaroslavl/flooring";"Инфо";"НЧ"
"сколько стоит укладка линолеума";"Профессии / Укладка полов / Задачи";"https://dodelay.ru/podrabotka/yaroslavl/flooring";"Инфо";"НЧ"
"стяжка пола";"Профессии / Укладка полов / Задачи";"https://dodelay.ru/podrabotka/yaroslavl/flooring";"Инфо";"НЧ"
"сколько стоит стяжка пола";"Профессии / Укладка полов / Задачи";"https://dodelay.ru/podrabotka/yaroslavl/flooring";"Инфо";"НЧ"
"гипсокартон в ярославле";"Профессии / Гипсокартон / Ярославль";"https://dodelay.ru/podrabotka/yaroslavl/drywall";"Коммерческий";"СЧ"
"гипсокартон ярославль";"Профессии / Гипсокартон / Ярославль";"https://dodelay.ru/podrabotka/yaroslavl/drywall";"Коммерческий";"СЧ"
"гипсокартон в ярославле недорого";"Профессии / Гипсокартон / Ярославль";"https://dodelay.ru/podrabotka/yaroslavl/drywall";"Коммерческий";"НЧ"
"гипсокартон в ярославле цены";"Профессии / Гипсокартон / Ярославль";"https://dodelay.ru/podrabotka/yaroslavl/drywall";"Коммерческий";"НЧ"
"гипсокартон в ярославле на дом";"Профессии / Гипсокартон / Ярославль";"https://dodelay.ru/podrabotka/yaroslavl/drywall";"Коммерческий";"НЧ"
"вызвать мастера по гипсокартону в ярославле";"Профессии / Гипсокартон / Ярославль";"https://dodelay.ru/podrabotka/yaroslavl/drywall";"Коммерческий";"НЧ"
"нанять мастера по гипсокартону в ярославле";"Профессии / Гипсокартон / Ярославль";"https://dodelay.ru/podrabotka/yaroslavl/drywall";"Коммерческий";"НЧ"
"найти мастера по гипсокартону в ярославле";"Профессии / Гипсокартон / Ярославль";"https://dodelay.ru/podrabotka/yaroslavl/drywall";"Коммерческий";"НЧ"
"услуги мастера по гипсокартону в ярославле";"Профессии / Гипсокартон / Ярославль";"https://dodelay.ru/podrabotka/yaroslavl/drywall";"Коммерческий";"НЧ"
"гипсокартон частник в ярославле";"Профессии / Гипсокартон / Ярославль";"https://dodelay.ru/podrabotka/yaroslavl/drywall";"Коммерческий";"НЧ"
"гипсокартон без посредников в ярославле";"Профессии / Гипсокартон / Ярославль";"https://dodelay.ru/podrabotka/yaroslavl/drywall";"Коммерческий";"НЧ"
"работа гипсокартон в ярославле";"Профессии / Гипсокартон / Ярославль";"https://dodelay.ru/podrabotka/yaroslavl/drywall";"Вакансия";"СЧ"
"подработка гипсокартон в ярославле";"Профессии / Гипсокартон / Ярославль";"https://dodelay.ru/podrabotka/yaroslavl/drywall";"Вакансия";"НЧ"
"требуется гипсокартон в ярославле";"Профессии / Гипсокартон / Ярославль";"https://dodelay.ru/podrabotka/yaroslavl/drywall";"Вакансия";"НЧ"
"вакансия гипсокартон в ярославле";"Профессии / Гипсокартон / Ярославль";"https://dodelay.ru/podrabotka/yaroslavl/drywall";"Вакансия";"НЧ"
"гипсокартон в рыбинске";"Профессии / Гипсокартон / Рыбинск";"https://dodelay.ru/podrabotka/rybinsk/drywall";"Коммерческий";"СЧ"
"гипсокартон рыбинск";"Профессии / Гипсокартон / Рыбинск";"https://dodelay.ru/podrabotka/rybinsk/drywall";"Коммерческий";"СЧ"
"гипсокартон в рыбинске недорого";"Профессии / Гипсокартон / Рыбинск";"https://dodelay.ru/podrabotka/rybinsk/drywall";"Коммерческий";"НЧ"
"гипсокартон в рыбинске цены";"Профессии / Гипсокартон / Рыбинск";"https://dodelay.ru/podrabotka/rybinsk/drywall";"Коммерческий";"НЧ"
"гипсокартон в рыбинске на дом";"Профессии / Гипсокартон / Рыбинск";"https://dodelay.ru/podrabotka/rybinsk/drywall";"Коммерческий";"НЧ"
"вызвать мастера по гипсокартону в рыбинске";"Профессии / Гипсокартон / Рыбинск";"https://dodelay.ru/podrabotka/rybinsk/drywall";"Коммерческий";"НЧ"
"нанять мастера по гипсокартону в рыбинске";"Профессии / Гипсокартон / Рыбинск";"https://dodelay.ru/podrabotka/rybinsk/drywall";"Коммерческий";"НЧ"
"найти мастера по гипсокартону в рыбинске";"Профессии / Гипсокартон / Рыбинск";"https://dodelay.ru/podrabotka/rybinsk/drywall";"Коммерческий";"НЧ"
"услуги мастера по гипсокартону в рыбинске";"Профессии / Гипсокартон / Рыбинск";"https://dodelay.ru/podrabotka/rybinsk/drywall";"Коммерческий";"НЧ"
"гипсокартон частник в рыбинске";"Профессии / Гипсокартон / Рыбинск";"https://dodelay.ru/podrabotka/rybinsk/drywall";"Коммерческий";"НЧ"
"гипсокартон без посредников в рыбинске";"Профессии / Гипсокартон / Рыбинск";"https://dodelay.ru/podrabotka/rybinsk/drywall";"Коммерческий";"НЧ"
"работа гипсокартон в рыбинске";"Профессии / Гипсокартон / Рыбинск";"https://dodelay.ru/podrabotka/rybinsk/drywall";"Вакансия";"СЧ"
"подработка гипсокартон в рыбинске";"Профессии / Гипсокартон / Рыбинск";"https://dodelay.ru/podrabotka/rybinsk/drywall";"Вакансия";"НЧ"
"требуется гипсокартон в рыбинске";"Профессии / Гипсокартон / Рыбинск";"https://dodelay.ru/podrabotka/rybinsk/drywall";"Вакансия";"НЧ"
"вакансия гипсокартон в рыбинске";"Профессии / Гипсокартон / Рыбинск";"https://dodelay.ru/podrabotka/rybinsk/drywall";"Вакансия";"НЧ"
"гипсокартон в тутаеве";"Профессии / Гипсокартон / Тутаев";"https://dodelay.ru/podrabotka/tutaev/drywall";"Коммерческий";"СЧ"
"гипсокартон тутаев";"Профессии / Гипсокартон / Тутаев";"https://dodelay.ru/podrabotka/tutaev/drywall";"Коммерческий";"СЧ"
"гипсокартон в тутаеве недорого";"Профессии / Гипсокартон / Тутаев";"https://dodelay.ru/podrabotka/tutaev/drywall";"Коммерческий";"НЧ"
"гипсокартон в тутаеве цены";"Профессии / Гипсокартон / Тутаев";"https://dodelay.ru/podrabotka/tutaev/drywall";"Коммерческий";"НЧ"
"гипсокартон в тутаеве на дом";"Профессии / Гипсокартон / Тутаев";"https://dodelay.ru/podrabotka/tutaev/drywall";"Коммерческий";"НЧ"
"вызвать мастера по гипсокартону в тутаеве";"Профессии / Гипсокартон / Тутаев";"https://dodelay.ru/podrabotka/tutaev/drywall";"Коммерческий";"НЧ"
"нанять мастера по гипсокартону в тутаеве";"Профессии / Гипсокартон / Тутаев";"https://dodelay.ru/podrabotka/tutaev/drywall";"Коммерческий";"НЧ"
"найти мастера по гипсокартону в тутаеве";"Профессии / Гипсокартон / Тутаев";"https://dodelay.ru/podrabotka/tutaev/drywall";"Коммерческий";"НЧ"
"услуги мастера по гипсокартону в тутаеве";"Профессии / Гипсокартон / Тутаев";"https://dodelay.ru/podrabotka/tutaev/drywall";"Коммерческий";"НЧ"
"гипсокартон частник в тутаеве";"Профессии / Гипсокартон / Тутаев";"https://dodelay.ru/podrabotka/tutaev/drywall";"Коммерческий";"НЧ"
"гипсокартон без посредников в тутаеве";"Профессии / Гипсокартон / Тутаев";"https://dodelay.ru/podrabotka/tutaev/drywall";"Коммерческий";"НЧ"
"работа гипсокартон в тутаеве";"Профессии / Гипсокартон / Тутаев";"https://dodelay.ru/podrabotka/tutaev/drywall";"Вакансия";"СЧ"
"подработка гипсокартон в тутаеве";"Профессии / Гипсокартон / Тутаев";"https://dodelay.ru/podrabotka/tutaev/drywall";"Вакансия";"НЧ"
"требуется гипсокартон в тутаеве";"Профессии / Гипсокартон / Тутаев";"https://dodelay.ru/podrabotka/tutaev/drywall";"Вакансия";"НЧ"
"вакансия гипсокартон в тутаеве";"Профессии / Гипсокартон / Тутаев";"https://dodelay.ru/podrabotka/tutaev/drywall";"Вакансия";"НЧ"
"гипсокартон в переславле-залесском";"Профессии / Гипсокартон / Переславль-Залесский";"https://dodelay.ru/podrabotka/pereslavl/drywall";"Коммерческий";"СЧ"
"гипсокартон переславль-залесский";"Профессии / Гипсокартон / Переславль-Залесский";"https://dodelay.ru/podrabotka/pereslavl/drywall";"Коммерческий";"СЧ"
"гипсокартон в переславле-залесском недорого";"Профессии / Гипсокартон / Переславль-Залесский";"https://dodelay.ru/podrabotka/pereslavl/drywall";"Коммерческий";"НЧ"
"гипсокартон в переславле-залесском цены";"Профессии / Гипсокартон / Переславль-Залесский";"https://dodelay.ru/podrabotka/pereslavl/drywall";"Коммерческий";"НЧ"
"гипсокартон в переславле-залесском на дом";"Профессии / Гипсокартон / Переславль-Залесский";"https://dodelay.ru/podrabotka/pereslavl/drywall";"Коммерческий";"НЧ"
"вызвать мастера по гипсокартону в переславле-залесском";"Профессии / Гипсокартон / Переславль-Залесский";"https://dodelay.ru/podrabotka/pereslavl/drywall";"Коммерческий";"НЧ"
"нанять мастера по гипсокартону в переславле-залесском";"Профессии / Гипсокартон / Переславль-Залесский";"https://dodelay.ru/podrabotka/pereslavl/drywall";"Коммерческий";"НЧ"
"найти мастера по гипсокартону в переславле-залесском";"Профессии / Гипсокартон / Переславль-Залесский";"https://dodelay.ru/podrabotka/pereslavl/drywall";"Коммерческий";"НЧ"
"услуги мастера по гипсокартону в переславле-залесском";"Профессии / Гипсокартон / Переславль-Залесский";"https://dodelay.ru/podrabotka/pereslavl/drywall";"Коммерческий";"НЧ"
"гипсокартон частник в переславле-залесском";"Профессии / Гипсокартон / Переславль-Залесский";"https://dodelay.ru/podrabotka/pereslavl/drywall";"Коммерческий";"НЧ"
"гипсокартон без посредников в переславле-залесском";"Профессии / Гипсокартон / Переславль-Залесский";"https://dodelay.ru/podrabotka/pereslavl/drywall";"Коммерческий";"НЧ"
"работа гипсокартон в переславле-залесском";"Профессии / Гипсокартон / Переславль-Залесский";"https://dodelay.ru/podrabotka/pereslavl/drywall";"Вакансия";"СЧ"
"подработка гипсокартон в переславле-залесском";"Профессии / Гипсокартон / Переславль-Залесский";"https://dodelay.ru/podrabotka/pereslavl/drywall";"Вакансия";"НЧ"
"требуется гипсокартон в переславле-залесском";"Профессии / Гипсокартон / Переславль-Залесский";"https://dodelay.ru/podrabotka/pereslavl/drywall";"Вакансия";"НЧ"
"вакансия гипсокартон в переславле-залесском";"Профессии / Гипсокартон / Переславль-Залесский";"https://dodelay.ru/podrabotka/pereslavl/drywall";"Вакансия";"НЧ"
"гипсокартон в угличе";"Профессии / Гипсокартон / Углич";"https://dodelay.ru/podrabotka/uglich/drywall";"Коммерческий";"СЧ"
"гипсокартон углич";"Профессии / Гипсокартон / Углич";"https://dodelay.ru/podrabotka/uglich/drywall";"Коммерческий";"СЧ"
"гипсокартон в угличе недорого";"Профессии / Гипсокартон / Углич";"https://dodelay.ru/podrabotka/uglich/drywall";"Коммерческий";"НЧ"
"гипсокартон в угличе цены";"Профессии / Гипсокартон / Углич";"https://dodelay.ru/podrabotka/uglich/drywall";"Коммерческий";"НЧ"
"гипсокартон в угличе на дом";"Профессии / Гипсокартон / Углич";"https://dodelay.ru/podrabotka/uglich/drywall";"Коммерческий";"НЧ"
"вызвать мастера по гипсокартону в угличе";"Профессии / Гипсокартон / Углич";"https://dodelay.ru/podrabotka/uglich/drywall";"Коммерческий";"НЧ"
"нанять мастера по гипсокартону в угличе";"Профессии / Гипсокартон / Углич";"https://dodelay.ru/podrabotka/uglich/drywall";"Коммерческий";"НЧ"
"найти мастера по гипсокартону в угличе";"Профессии / Гипсокартон / Углич";"https://dodelay.ru/podrabotka/uglich/drywall";"Коммерческий";"НЧ"
"услуги мастера по гипсокартону в угличе";"Профессии / Гипсокартон / Углич";"https://dodelay.ru/podrabotka/uglich/drywall";"Коммерческий";"НЧ"
"гипсокартон частник в угличе";"Профессии / Гипсокартон / Углич";"https://dodelay.ru/podrabotka/uglich/drywall";"Коммерческий";"НЧ"
"гипсокартон без посредников в угличе";"Профессии / Гипсокартон / Углич";"https://dodelay.ru/podrabotka/uglich/drywall";"Коммерческий";"НЧ"
"работа гипсокартон в угличе";"Профессии / Гипсокартон / Углич";"https://dodelay.ru/podrabotka/uglich/drywall";"Вакансия";"СЧ"
"подработка гипсокартон в угличе";"Профессии / Гипсокартон / Углич";"https://dodelay.ru/podrabotka/uglich/drywall";"Вакансия";"НЧ"
"требуется гипсокартон в угличе";"Профессии / Гипсокартон / Углич";"https://dodelay.ru/podrabotka/uglich/drywall";"Вакансия";"НЧ"
"вакансия гипсокартон в угличе";"Профессии / Гипсокартон / Углич";"https://dodelay.ru/podrabotka/uglich/drywall";"Вакансия";"НЧ"
"гипсокартон в ростове великом";"Профессии / Гипсокартон / Ростов Великий";"https://dodelay.ru/podrabotka/rostov/drywall";"Коммерческий";"СЧ"
"гипсокартон ростов великий";"Профессии / Гипсокартон / Ростов Великий";"https://dodelay.ru/podrabotka/rostov/drywall";"Коммерческий";"СЧ"
"гипсокартон в ростове великом недорого";"Профессии / Гипсокартон / Ростов Великий";"https://dodelay.ru/podrabotka/rostov/drywall";"Коммерческий";"НЧ"
"гипсокартон в ростове великом цены";"Профессии / Гипсокартон / Ростов Великий";"https://dodelay.ru/podrabotka/rostov/drywall";"Коммерческий";"НЧ"
"гипсокартон в ростове великом на дом";"Профессии / Гипсокартон / Ростов Великий";"https://dodelay.ru/podrabotka/rostov/drywall";"Коммерческий";"НЧ"
"вызвать мастера по гипсокартону в ростове великом";"Профессии / Гипсокартон / Ростов Великий";"https://dodelay.ru/podrabotka/rostov/drywall";"Коммерческий";"НЧ"
"нанять мастера по гипсокартону в ростове великом";"Профессии / Гипсокартон / Ростов Великий";"https://dodelay.ru/podrabotka/rostov/drywall";"Коммерческий";"НЧ"
"найти мастера по гипсокартону в ростове великом";"Профессии / Гипсокартон / Ростов Великий";"https://dodelay.ru/podrabotka/rostov/drywall";"Коммерческий";"НЧ"
"услуги мастера по гипсокартону в ростове великом";"Профессии / Гипсокартон / Ростов Великий";"https://dodelay.ru/podrabotka/rostov/drywall";"Коммерческий";"НЧ"
"гипсокартон частник в ростове великом";"Профессии / Гипсокартон / Ростов Великий";"https://dodelay.ru/podrabotka/rostov/drywall";"Коммерческий";"НЧ"
"гипсокартон без посредников в ростове великом";"Профессии / Гипсокартон / Ростов Великий";"https://dodelay.ru/podrabotka/rostov/drywall";"Коммерческий";"НЧ"
"работа гипсокартон в ростове великом";"Профессии / Гипсокартон / Ростов Великий";"https://dodelay.ru/podrabotka/rostov/drywall";"Вакансия";"СЧ"
"подработка гипсокартон в ростове великом";"Профессии / Гипсокартон / Ростов Великий";"https://dodelay.ru/podrabotka/rostov/drywall";"Вакансия";"НЧ"
"требуется гипсокартон в ростове великом";"Профессии / Гипсокартон / Ростов Великий";"https://dodelay.ru/podrabotka/rostov/drywall";"Вакансия";"НЧ"
"вакансия гипсокартон в ростове великом";"Профессии / Гипсокартон / Ростов Великий";"https://dodelay.ru/podrabotka/rostov/drywall";"Вакансия";"НЧ"
"перегородка из гипсокартона";"Профессии / Гипсокартон / Задачи";"https://dodelay.ru/podrabotka/yaroslavl/drywall";"Инфо";"НЧ"
"сколько стоит перегородка из гипсокартона";"Профессии / Гипсокартон / Задачи";"https://dodelay.ru/podrabotka/yaroslavl/drywall";"Инфо";"НЧ"
"потолок из гипсокартона";"Профессии / Гипсокартон / Задачи";"https://dodelay.ru/podrabotka/yaroslavl/drywall";"Инфо";"НЧ"
"сколько стоит потолок из гипсокартона";"Профессии / Гипсокартон / Задачи";"https://dodelay.ru/podrabotka/yaroslavl/drywall";"Инфо";"НЧ"
"короб для труб";"Профессии / Гипсокартон / Задачи";"https://dodelay.ru/podrabotka/yaroslavl/drywall";"Инфо";"НЧ"
"сколько стоит короб для труб";"Профессии / Гипсокартон / Задачи";"https://dodelay.ru/podrabotka/yaroslavl/drywall";"Инфо";"НЧ"
"ниша под телевизор в ярославле";"Профессии / Гипсокартон / Задачи";"https://dodelay.ru/podrabotka/yaroslavl/drywall";"Инфо";"НЧ"
"ниша под телевизор цена";"Профессии / Гипсокартон / Задачи";"https://dodelay.ru/podrabotka/yaroslavl/drywall";"Инфо";"НЧ"
"сколько стоит ниша под телевизор";"Профессии / Гипсокартон / Задачи";"https://dodelay.ru/podrabotka/yaroslavl/drywall";"Инфо";"НЧ"
"установка дверей в ярославле";"Профессии / Установка дверей / Ярославль";"https://dodelay.ru/podrabotka/yaroslavl/doors";"Коммерческий";"СЧ"
"установка дверей ярославль";"Профессии / Установка дверей / Ярославль";"https://dodelay.ru/podrabotka/yaroslavl/doors";"Коммерческий";"СЧ"
"установка дверей в ярославле недорого";"Профессии / Установка дверей / Ярославль";"https://dodelay.ru/podrabotka/yaroslavl/doors";"Коммерческий";"НЧ"
"установка дверей в ярославле цены";"Профессии / Установка дверей / Ярославль";"https://dodelay.ru/podrabotka/yaroslavl/doors";"Коммерческий";"НЧ"
"установка дверей в ярославле на дом";"Профессии / Установка дверей / Ярославль";"https://dodelay.ru/podrabotka/yaroslavl/doors";"Коммерческий";"НЧ"
"вызвать мастера по дверям в ярославле";"Профессии / Установка дверей / Ярославль";"https://dodelay.ru/podrabotka/yaroslavl/doors";"Коммерческий";"НЧ"
"нанять мастера по дверям в ярославле";"Профессии / Установка дверей / Ярославль";"https://dodelay.ru/podrabotka/yaroslavl/doors";"Коммерческий";"НЧ"
"найти мастера по дверям в ярославле";"Профессии / Установка дверей / Ярославль";"https://dodelay.ru/podrabotka/yaroslavl/doors";"Коммерческий";"НЧ"
"услуги мастера по дверям в ярославле";"Профессии / Установка дверей / Ярославль";"https://dodelay.ru/podrabotka/yaroslavl/doors";"Коммерческий";"НЧ"
"установка дверей частник в ярославле";"Профессии / Установка дверей / Ярославль";"https://dodelay.ru/podrabotka/yaroslavl/doors";"Коммерческий";"НЧ"
"установка дверей без посредников в ярославле";"Профессии / Установка дверей / Ярославль";"https://dodelay.ru/podrabotka/yaroslavl/doors";"Коммерческий";"НЧ"
"работа установка дверей в ярославле";"Профессии / Установка дверей / Ярославль";"https://dodelay.ru/podrabotka/yaroslavl/doors";"Вакансия";"СЧ"
"подработка установка дверей в ярославле";"Профессии / Установка дверей / Ярославль";"https://dodelay.ru/podrabotka/yaroslavl/doors";"Вакансия";"НЧ"
"требуется установка дверей в ярославле";"Профессии / Установка дверей / Ярославль";"https://dodelay.ru/podrabotka/yaroslavl/doors";"Вакансия";"НЧ"
"вакансия установка дверей в ярославле";"Профессии / Установка дверей / Ярославль";"https://dodelay.ru/podrabotka/yaroslavl/doors";"Вакансия";"НЧ"
"установка дверей в рыбинске";"Профессии / Установка дверей / Рыбинск";"https://dodelay.ru/podrabotka/rybinsk/doors";"Коммерческий";"СЧ"
"установка дверей рыбинск";"Профессии / Установка дверей / Рыбинск";"https://dodelay.ru/podrabotka/rybinsk/doors";"Коммерческий";"СЧ"
"установка дверей в рыбинске недорого";"Профессии / Установка дверей / Рыбинск";"https://dodelay.ru/podrabotka/rybinsk/doors";"Коммерческий";"НЧ"
"установка дверей в рыбинске цены";"Профессии / Установка дверей / Рыбинск";"https://dodelay.ru/podrabotka/rybinsk/doors";"Коммерческий";"НЧ"
"установка дверей в рыбинске на дом";"Профессии / Установка дверей / Рыбинск";"https://dodelay.ru/podrabotka/rybinsk/doors";"Коммерческий";"НЧ"
"вызвать мастера по дверям в рыбинске";"Профессии / Установка дверей / Рыбинск";"https://dodelay.ru/podrabotka/rybinsk/doors";"Коммерческий";"НЧ"
"нанять мастера по дверям в рыбинске";"Профессии / Установка дверей / Рыбинск";"https://dodelay.ru/podrabotka/rybinsk/doors";"Коммерческий";"НЧ"
"найти мастера по дверям в рыбинске";"Профессии / Установка дверей / Рыбинск";"https://dodelay.ru/podrabotka/rybinsk/doors";"Коммерческий";"НЧ"
"услуги мастера по дверям в рыбинске";"Профессии / Установка дверей / Рыбинск";"https://dodelay.ru/podrabotka/rybinsk/doors";"Коммерческий";"НЧ"
"установка дверей частник в рыбинске";"Профессии / Установка дверей / Рыбинск";"https://dodelay.ru/podrabotka/rybinsk/doors";"Коммерческий";"НЧ"
"установка дверей без посредников в рыбинске";"Профессии / Установка дверей / Рыбинск";"https://dodelay.ru/podrabotka/rybinsk/doors";"Коммерческий";"НЧ"
"работа установка дверей в рыбинске";"Профессии / Установка дверей / Рыбинск";"https://dodelay.ru/podrabotka/rybinsk/doors";"Вакансия";"СЧ"
"подработка установка дверей в рыбинске";"Профессии / Установка дверей / Рыбинск";"https://dodelay.ru/podrabotka/rybinsk/doors";"Вакансия";"НЧ"
"требуется установка дверей в рыбинске";"Профессии / Установка дверей / Рыбинск";"https://dodelay.ru/podrabotka/rybinsk/doors";"Вакансия";"НЧ"
"вакансия установка дверей в рыбинске";"Профессии / Установка дверей / Рыбинск";"https://dodelay.ru/podrabotka/rybinsk/doors";"Вакансия";"НЧ"
"установка дверей в тутаеве";"Профессии / Установка дверей / Тутаев";"https://dodelay.ru/podrabotka/tutaev/doors";"Коммерческий";"СЧ"
"установка дверей тутаев";"Профессии / Установка дверей / Тутаев";"https://dodelay.ru/podrabotka/tutaev/doors";"Коммерческий";"СЧ"
"установка дверей в тутаеве недорого";"Профессии / Установка дверей / Тутаев";"https://dodelay.ru/podrabotka/tutaev/doors";"Коммерческий";"НЧ"
"установка дверей в тутаеве цены";"Профессии / Установка дверей / Тутаев";"https://dodelay.ru/podrabotka/tutaev/doors";"Коммерческий";"НЧ"
"установка дверей в тутаеве на дом";"Профессии / Установка дверей / Тутаев";"https://dodelay.ru/podrabotka/tutaev/doors";"Коммерческий";"НЧ"
"вызвать мастера по дверям в тутаеве";"Профессии / Установка дверей / Тутаев";"https://dodelay.ru/podrabotka/tutaev/doors";"Коммерческий";"НЧ"
"нанять мастера по дверям в тутаеве";"Профессии / Установка дверей / Тутаев";"https://dodelay.ru/podrabotka/tutaev/doors";"Коммерческий";"НЧ"
"найти мастера по дверям в тутаеве";"Профессии / Установка дверей / Тутаев";"https://dodelay.ru/podrabotka/tutaev/doors";"Коммерческий";"НЧ"
"услуги мастера по дверям в тутаеве";"Профессии / Установка дверей / Тутаев";"https://dodelay.ru/podrabotka/tutaev/doors";"Коммерческий";"НЧ"
"установка дверей частник в тутаеве";"Профессии / Установка дверей / Тутаев";"https://dodelay.ru/podrabotka/tutaev/doors";"Коммерческий";"НЧ"
"установка дверей без посредников в тутаеве";"Профессии / Установка дверей / Тутаев";"https://dodelay.ru/podrabotka/tutaev/doors";"Коммерческий";"НЧ"
"работа установка дверей в тутаеве";"Профессии / Установка дверей / Тутаев";"https://dodelay.ru/podrabotka/tutaev/doors";"Вакансия";"СЧ"
"подработка установка дверей в тутаеве";"Профессии / Установка дверей / Тутаев";"https://dodelay.ru/podrabotka/tutaev/doors";"Вакансия";"НЧ"
"требуется установка дверей в тутаеве";"Профессии / Установка дверей / Тутаев";"https://dodelay.ru/podrabotka/tutaev/doors";"Вакансия";"НЧ"
"вакансия установка дверей в тутаеве";"Профессии / Установка дверей / Тутаев";"https://dodelay.ru/podrabotka/tutaev/doors";"Вакансия";"НЧ"
"установка дверей в переславле-залесском";"Профессии / Установка дверей / Переславль-Залесский";"https://dodelay.ru/podrabotka/pereslavl/doors";"Коммерческий";"СЧ"
"установка дверей переславль-залесский";"Профессии / Установка дверей / Переславль-Залесский";"https://dodelay.ru/podrabotka/pereslavl/doors";"Коммерческий";"СЧ"
"установка дверей в переславле-залесском недорого";"Профессии / Установка дверей / Переславль-Залесский";"https://dodelay.ru/podrabotka/pereslavl/doors";"Коммерческий";"НЧ"
"установка дверей в переславле-залесском цены";"Профессии / Установка дверей / Переславль-Залесский";"https://dodelay.ru/podrabotka/pereslavl/doors";"Коммерческий";"НЧ"
"установка дверей в переславле-залесском на дом";"Профессии / Установка дверей / Переславль-Залесский";"https://dodelay.ru/podrabotka/pereslavl/doors";"Коммерческий";"НЧ"
"вызвать мастера по дверям в переславле-залесском";"Профессии / Установка дверей / Переславль-Залесский";"https://dodelay.ru/podrabotka/pereslavl/doors";"Коммерческий";"НЧ"
"нанять мастера по дверям в переславле-залесском";"Профессии / Установка дверей / Переславль-Залесский";"https://dodelay.ru/podrabotka/pereslavl/doors";"Коммерческий";"НЧ"
"найти мастера по дверям в переславле-залесском";"Профессии / Установка дверей / Переславль-Залесский";"https://dodelay.ru/podrabotka/pereslavl/doors";"Коммерческий";"НЧ"
"услуги мастера по дверям в переславле-залесском";"Профессии / Установка дверей / Переславль-Залесский";"https://dodelay.ru/podrabotka/pereslavl/doors";"Коммерческий";"НЧ"
"установка дверей частник в переславле-залесском";"Профессии / Установка дверей / Переславль-Залесский";"https://dodelay.ru/podrabotka/pereslavl/doors";"Коммерческий";"НЧ"
"установка дверей без посредников в переславле-залесском";"Профессии / Установка дверей / Переславль-Залесский";"https://dodelay.ru/podrabotka/pereslavl/doors";"Коммерческий";"НЧ"
"работа установка дверей в переславле-залесском";"Профессии / Установка дверей / Переславль-Залесский";"https://dodelay.ru/podrabotka/pereslavl/doors";"Вакансия";"СЧ"
"подработка установка дверей в переславле-залесском";"Профессии / Установка дверей / Переславль-Залесский";"https://dodelay.ru/podrabotka/pereslavl/doors";"Вакансия";"НЧ"
"требуется установка дверей в переславле-залесском";"Профессии / Установка дверей / Переславль-Залесский";"https://dodelay.ru/podrabotka/pereslavl/doors";"Вакансия";"НЧ"
"вакансия установка дверей в переславле-залесском";"Профессии / Установка дверей / Переславль-Залесский";"https://dodelay.ru/podrabotka/pereslavl/doors";"Вакансия";"НЧ"
"установка дверей в угличе";"Профессии / Установка дверей / Углич";"https://dodelay.ru/podrabotka/uglich/doors";"Коммерческий";"СЧ"
"установка дверей углич";"Профессии / Установка дверей / Углич";"https://dodelay.ru/podrabotka/uglich/doors";"Коммерческий";"СЧ"
"установка дверей в угличе недорого";"Профессии / Установка дверей / Углич";"https://dodelay.ru/podrabotka/uglich/doors";"Коммерческий";"НЧ"
"установка дверей в угличе цены";"Профессии / Установка дверей / Углич";"https://dodelay.ru/podrabotka/uglich/doors";"Коммерческий";"НЧ"
"установка дверей в угличе на дом";"Профессии / Установка дверей / Углич";"https://dodelay.ru/podrabotka/uglich/doors";"Коммерческий";"НЧ"
"вызвать мастера по дверям в угличе";"Профессии / Установка дверей / Углич";"https://dodelay.ru/podrabotka/uglich/doors";"Коммерческий";"НЧ"
"нанять мастера по дверям в угличе";"Профессии / Установка дверей / Углич";"https://dodelay.ru/podrabotka/uglich/doors";"Коммерческий";"НЧ"
"найти мастера по дверям в угличе";"Профессии / Установка дверей / Углич";"https://dodelay.ru/podrabotka/uglich/doors";"Коммерческий";"НЧ"
"услуги мастера по дверям в угличе";"Профессии / Установка дверей / Углич";"https://dodelay.ru/podrabotka/uglich/doors";"Коммерческий";"НЧ"
"установка дверей частник в угличе";"Профессии / Установка дверей / Углич";"https://dodelay.ru/podrabotka/uglich/doors";"Коммерческий";"НЧ"
"установка дверей без посредников в угличе";"Профессии / Установка дверей / Углич";"https://dodelay.ru/podrabotka/uglich/doors";"Коммерческий";"НЧ"
"работа установка дверей в угличе";"Профессии / Установка дверей / Углич";"https://dodelay.ru/podrabotka/uglich/doors";"Вакансия";"СЧ"
"подработка установка дверей в угличе";"Профессии / Установка дверей / Углич";"https://dodelay.ru/podrabotka/uglich/doors";"Вакансия";"НЧ"
"требуется установка дверей в угличе";"Профессии / Установка дверей / Углич";"https://dodelay.ru/podrabotka/uglich/doors";"Вакансия";"НЧ"
"вакансия установка дверей в угличе";"Профессии / Установка дверей / Углич";"https://dodelay.ru/podrabotka/uglich/doors";"Вакансия";"НЧ"
"установка дверей в ростове великом";"Профессии / Установка дверей / Ростов Великий";"https://dodelay.ru/podrabotka/rostov/doors";"Коммерческий";"СЧ"
"установка дверей ростов великий";"Профессии / Установка дверей / Ростов Великий";"https://dodelay.ru/podrabotka/rostov/doors";"Коммерческий";"СЧ"
"установка дверей в ростове великом недорого";"Профессии / Установка дверей / Ростов Великий";"https://dodelay.ru/podrabotka/rostov/doors";"Коммерческий";"НЧ"
"установка дверей в ростове великом цены";"Профессии / Установка дверей / Ростов Великий";"https://dodelay.ru/podrabotka/rostov/doors";"Коммерческий";"НЧ"
"установка дверей в ростове великом на дом";"Профессии / Установка дверей / Ростов Великий";"https://dodelay.ru/podrabotka/rostov/doors";"Коммерческий";"НЧ"
"вызвать мастера по дверям в ростове великом";"Профессии / Установка дверей / Ростов Великий";"https://dodelay.ru/podrabotka/rostov/doors";"Коммерческий";"НЧ"
"нанять мастера по дверям в ростове великом";"Профессии / Установка дверей / Ростов Великий";"https://dodelay.ru/podrabotka/rostov/doors";"Коммерческий";"НЧ"
"найти мастера по дверям в ростове великом";"Профессии / Установка дверей / Ростов Великий";"https://dodelay.ru/podrabotka/rostov/doors";"Коммерческий";"НЧ"
"услуги мастера по дверям в ростове великом";"Профессии / Установка дверей / Ростов Великий";"https://dodelay.ru/podrabotka/rostov/doors";"Коммерческий";"НЧ"
"установка дверей частник в ростове великом";"Профессии / Установка дверей / Ростов Великий";"https://dodelay.ru/podrabotka/rostov/doors";"Коммерческий";"НЧ"
"установка дверей без посредников в ростове великом";"Профессии / Установка дверей / Ростов Великий";"https://dodelay.ru/podrabotka/rostov/doors";"Коммерческий";"НЧ"
"работа установка дверей в ростове великом";"Профессии / Установка дверей / Ростов Великий";"https://dodelay.ru/podrabotka/rostov/doors";"Вакансия";"СЧ"
"подработка установка дверей в ростове великом";"Профессии / Установка дверей / Ростов Великий";"https://dodelay.ru/podrabotka/rostov/doors";"Вакансия";"НЧ"
"требуется установка дверей в ростове великом";"Профессии / Установка дверей / Ростов Великий";"https://dodelay.ru/podrabotka/rostov/doors";"Вакансия";"НЧ"
"вакансия установка дверей в ростове великом";"Профессии / Установка дверей / Ростов Великий";"https://dodelay.ru/podrabotka/rostov/doors";"Вакансия";"НЧ"
"установка межкомнатной двери в ярославле";"Профессии / Установка дверей / Задачи";"https://dodelay.ru/podrabotka/yaroslavl/doors";"Инфо";"НЧ"
"установка межкомнатной двери цена";"Профессии / Установка дверей / Задачи";"https://dodelay.ru/podrabotka/yaroslavl/doors";"Инфо";"НЧ"
"сколько стоит установка межкомнатной двери";"Профессии / Установка дверей / Задачи";"https://dodelay.ru/podrabotka/yaroslavl/doors";"Инфо";"НЧ"
"установка входной двери в ярославле";"Профессии / Установка дверей / Задачи";"https://dodelay.ru/podrabotka/yaroslavl/doors";"Инфо";"НЧ"
"установка входной двери цена";"Профессии / Установка дверей / Задачи";"https://dodelay.ru/podrabotka/yaroslavl/doors";"Инфо";"НЧ"
"сколько стоит установка входной двери";"Профессии / Установка дверей / Задачи";"https://dodelay.ru/podrabotka/yaroslavl/doors";"Инфо";"НЧ"
"демонтаж старой двери в ярославле";"Профессии / Установка дверей / Задачи";"https://dodelay.ru/podrabotka/yaroslavl/doors";"Инфо";"НЧ"
"демонтаж старой двери цена";"Профессии / Установка дверей / Задачи";"https://dodelay.ru/podrabotka/yaroslavl/doors";"Инфо";"НЧ"
"сколько стоит демонтаж старой двери";"Профессии / Установка дверей / Задачи";"https://dodelay.ru/podrabotka/yaroslavl/doors";"Инфо";"НЧ"
"установка доборов и наличников в ярославле";"Профессии / Установка дверей / Задачи";"https://dodelay.ru/podrabotka/yaroslavl/doors";"Инфо";"НЧ"
"установка доборов и наличников цена";"Профессии / Установка дверей / Задачи";"https://dodelay.ru/podrabotka/yaroslavl/doors";"Инфо";"НЧ"
"сколько стоит установка доборов и наличников";"Профессии / Установка дверей / Задачи";"https://dodelay.ru/podrabotka/yaroslavl/doors";"Инфо";"НЧ"
"установка окон в ярославле";"Профессии / Установка окон / Ярославль";"https://dodelay.ru/podrabotka/yaroslavl/windows";"Коммерческий";"СЧ"
"установка окон ярославль";"Профессии / Установка окон / Ярославль";"https://dodelay.ru/podrabotka/yaroslavl/windows";"Коммерческий";"СЧ"
"установка окон в ярославле недорого";"Профессии / Установка окон / Ярославль";"https://dodelay.ru/podrabotka/yaroslavl/windows";"Коммерческий";"НЧ"
"установка окон в ярославле цены";"Профессии / Установка окон / Ярославль";"https://dodelay.ru/podrabotka/yaroslavl/windows";"Коммерческий";"НЧ"
"установка окон в ярославле на дом";"Профессии / Установка окон / Ярославль";"https://dodelay.ru/podrabotka/yaroslavl/windows";"Коммерческий";"НЧ"
"вызвать мастера по окнам в ярославле";"Профессии / Установка окон / Ярославль";"https://dodelay.ru/podrabotka/yaroslavl/windows";"Коммерческий";"НЧ"
"нанять мастера по окнам в ярославле";"Профессии / Установка окон / Ярославль";"https://dodelay.ru/podrabotka/yaroslavl/windows";"Коммерческий";"НЧ"
"найти мастера по окнам в ярославле";"Профессии / Установка окон / Ярославль";"https://dodelay.ru/podrabotka/yaroslavl/windows";"Коммерческий";"НЧ"
"услуги мастера по окнам в ярославле";"Профессии / Установка окон / Ярославль";"https://dodelay.ru/podrabotka/yaroslavl/windows";"Коммерческий";"НЧ"
"установка окон частник в ярославле";"Профессии / Установка окон / Ярославль";"https://dodelay.ru/podrabotka/yaroslavl/windows";"Коммерческий";"НЧ"
"установка окон без посредников в ярославле";"Профессии / Установка окон / Ярославль";"https://dodelay.ru/podrabotka/yaroslavl/windows";"Коммерческий";"НЧ"
"работа установка окон в ярославле";"Профессии / Установка окон / Ярославль";"https://dodelay.ru/podrabotka/yaroslavl/windows";"Вакансия";"СЧ"
"подработка установка окон в ярославле";"Профессии / Установка окон / Ярославль";"https://dodelay.ru/podrabotka/yaroslavl/windows";"Вакансия";"НЧ"
"требуется установка окон в ярославле";"Профессии / Установка окон / Ярославль";"https://dodelay.ru/podrabotka/yaroslavl/windows";"Вакансия";"НЧ"
"вакансия установка окон в ярославле";"Профессии / Установка окон / Ярославль";"https://dodelay.ru/podrabotka/yaroslavl/windows";"Вакансия";"НЧ"
"установка окон в рыбинске";"Профессии / Установка окон / Рыбинск";"https://dodelay.ru/podrabotka/rybinsk/windows";"Коммерческий";"СЧ"
"установка окон рыбинск";"Профессии / Установка окон / Рыбинск";"https://dodelay.ru/podrabotka/rybinsk/windows";"Коммерческий";"СЧ"
"установка окон в рыбинске недорого";"Профессии / Установка окон / Рыбинск";"https://dodelay.ru/podrabotka/rybinsk/windows";"Коммерческий";"НЧ"
"установка окон в рыбинске цены";"Профессии / Установка окон / Рыбинск";"https://dodelay.ru/podrabotka/rybinsk/windows";"Коммерческий";"НЧ"
"установка окон в рыбинске на дом";"Профессии / Установка окон / Рыбинск";"https://dodelay.ru/podrabotka/rybinsk/windows";"Коммерческий";"НЧ"
"вызвать мастера по окнам в рыбинске";"Профессии / Установка окон / Рыбинск";"https://dodelay.ru/podrabotka/rybinsk/windows";"Коммерческий";"НЧ"
"нанять мастера по окнам в рыбинске";"Профессии / Установка окон / Рыбинск";"https://dodelay.ru/podrabotka/rybinsk/windows";"Коммерческий";"НЧ"
"найти мастера по окнам в рыбинске";"Профессии / Установка окон / Рыбинск";"https://dodelay.ru/podrabotka/rybinsk/windows";"Коммерческий";"НЧ"
"услуги мастера по окнам в рыбинске";"Профессии / Установка окон / Рыбинск";"https://dodelay.ru/podrabotka/rybinsk/windows";"Коммерческий";"НЧ"
"установка окон частник в рыбинске";"Профессии / Установка окон / Рыбинск";"https://dodelay.ru/podrabotka/rybinsk/windows";"Коммерческий";"НЧ"
"установка окон без посредников в рыбинске";"Профессии / Установка окон / Рыбинск";"https://dodelay.ru/podrabotka/rybinsk/windows";"Коммерческий";"НЧ"
"работа установка окон в рыбинске";"Профессии / Установка окон / Рыбинск";"https://dodelay.ru/podrabotka/rybinsk/windows";"Вакансия";"СЧ"
"подработка установка окон в рыбинске";"Профессии / Установка окон / Рыбинск";"https://dodelay.ru/podrabotka/rybinsk/windows";"Вакансия";"НЧ"
"требуется установка окон в рыбинске";"Профессии / Установка окон / Рыбинск";"https://dodelay.ru/podrabotka/rybinsk/windows";"Вакансия";"НЧ"
"вакансия установка окон в рыбинске";"Профессии / Установка окон / Рыбинск";"https://dodelay.ru/podrabotka/rybinsk/windows";"Вакансия";"НЧ"
"установка окон в тутаеве";"Профессии / Установка окон / Тутаев";"https://dodelay.ru/podrabotka/tutaev/windows";"Коммерческий";"СЧ"
"установка окон тутаев";"Профессии / Установка окон / Тутаев";"https://dodelay.ru/podrabotka/tutaev/windows";"Коммерческий";"СЧ"
"установка окон в тутаеве недорого";"Профессии / Установка окон / Тутаев";"https://dodelay.ru/podrabotka/tutaev/windows";"Коммерческий";"НЧ"
"установка окон в тутаеве цены";"Профессии / Установка окон / Тутаев";"https://dodelay.ru/podrabotka/tutaev/windows";"Коммерческий";"НЧ"
"установка окон в тутаеве на дом";"Профессии / Установка окон / Тутаев";"https://dodelay.ru/podrabotka/tutaev/windows";"Коммерческий";"НЧ"
"вызвать мастера по окнам в тутаеве";"Профессии / Установка окон / Тутаев";"https://dodelay.ru/podrabotka/tutaev/windows";"Коммерческий";"НЧ"
"нанять мастера по окнам в тутаеве";"Профессии / Установка окон / Тутаев";"https://dodelay.ru/podrabotka/tutaev/windows";"Коммерческий";"НЧ"
"найти мастера по окнам в тутаеве";"Профессии / Установка окон / Тутаев";"https://dodelay.ru/podrabotka/tutaev/windows";"Коммерческий";"НЧ"
"услуги мастера по окнам в тутаеве";"Профессии / Установка окон / Тутаев";"https://dodelay.ru/podrabotka/tutaev/windows";"Коммерческий";"НЧ"
"установка окон частник в тутаеве";"Профессии / Установка окон / Тутаев";"https://dodelay.ru/podrabotka/tutaev/windows";"Коммерческий";"НЧ"
"установка окон без посредников в тутаеве";"Профессии / Установка окон / Тутаев";"https://dodelay.ru/podrabotka/tutaev/windows";"Коммерческий";"НЧ"
"работа установка окон в тутаеве";"Профессии / Установка окон / Тутаев";"https://dodelay.ru/podrabotka/tutaev/windows";"Вакансия";"СЧ"
"подработка установка окон в тутаеве";"Профессии / Установка окон / Тутаев";"https://dodelay.ru/podrabotka/tutaev/windows";"Вакансия";"НЧ"
"требуется установка окон в тутаеве";"Профессии / Установка окон / Тутаев";"https://dodelay.ru/podrabotka/tutaev/windows";"Вакансия";"НЧ"
"вакансия установка окон в тутаеве";"Профессии / Установка окон / Тутаев";"https://dodelay.ru/podrabotka/tutaev/windows";"Вакансия";"НЧ"
"установка окон в переславле-залесском";"Профессии / Установка окон / Переславль-Залесский";"https://dodelay.ru/podrabotka/pereslavl/windows";"Коммерческий";"СЧ"
"установка окон переславль-залесский";"Профессии / Установка окон / Переславль-Залесский";"https://dodelay.ru/podrabotka/pereslavl/windows";"Коммерческий";"СЧ"
"установка окон в переславле-залесском недорого";"Профессии / Установка окон / Переславль-Залесский";"https://dodelay.ru/podrabotka/pereslavl/windows";"Коммерческий";"НЧ"
"установка окон в переславле-залесском цены";"Профессии / Установка окон / Переславль-Залесский";"https://dodelay.ru/podrabotka/pereslavl/windows";"Коммерческий";"НЧ"
"установка окон в переславле-залесском на дом";"Профессии / Установка окон / Переславль-Залесский";"https://dodelay.ru/podrabotka/pereslavl/windows";"Коммерческий";"НЧ"
"вызвать мастера по окнам в переславле-залесском";"Профессии / Установка окон / Переславль-Залесский";"https://dodelay.ru/podrabotka/pereslavl/windows";"Коммерческий";"НЧ"
"нанять мастера по окнам в переславле-залесском";"Профессии / Установка окон / Переславль-Залесский";"https://dodelay.ru/podrabotka/pereslavl/windows";"Коммерческий";"НЧ"
"найти мастера по окнам в переславле-залесском";"Профессии / Установка окон / Переславль-Залесский";"https://dodelay.ru/podrabotka/pereslavl/windows";"Коммерческий";"НЧ"
"услуги мастера по окнам в переславле-залесском";"Профессии / Установка окон / Переславль-Залесский";"https://dodelay.ru/podrabotka/pereslavl/windows";"Коммерческий";"НЧ"
"установка окон частник в переславле-залесском";"Профессии / Установка окон / Переславль-Залесский";"https://dodelay.ru/podrabotka/pereslavl/windows";"Коммерческий";"НЧ"
"установка окон без посредников в переславле-залесском";"Профессии / Установка окон / Переславль-Залесский";"https://dodelay.ru/podrabotka/pereslavl/windows";"Коммерческий";"НЧ"
"работа установка окон в переславле-залесском";"Профессии / Установка окон / Переславль-Залесский";"https://dodelay.ru/podrabotka/pereslavl/windows";"Вакансия";"СЧ"
"подработка установка окон в переславле-залесском";"Профессии / Установка окон / Переславль-Залесский";"https://dodelay.ru/podrabotka/pereslavl/windows";"Вакансия";"НЧ"
"требуется установка окон в переславле-залесском";"Профессии / Установка окон / Переславль-Залесский";"https://dodelay.ru/podrabotka/pereslavl/windows";"Вакансия";"НЧ"
"вакансия установка окон в переславле-залесском";"Профессии / Установка окон / Переславль-Залесский";"https://dodelay.ru/podrabotka/pereslavl/windows";"Вакансия";"НЧ"
"установка окон в угличе";"Профессии / Установка окон / Углич";"https://dodelay.ru/podrabotka/uglich/windows";"Коммерческий";"СЧ"
"установка окон углич";"Профессии / Установка окон / Углич";"https://dodelay.ru/podrabotka/uglich/windows";"Коммерческий";"СЧ"
"установка окон в угличе недорого";"Профессии / Установка окон / Углич";"https://dodelay.ru/podrabotka/uglich/windows";"Коммерческий";"НЧ"
"установка окон в угличе цены";"Профессии / Установка окон / Углич";"https://dodelay.ru/podrabotka/uglich/windows";"Коммерческий";"НЧ"
"установка окон в угличе на дом";"Профессии / Установка окон / Углич";"https://dodelay.ru/podrabotka/uglich/windows";"Коммерческий";"НЧ"
"вызвать мастера по окнам в угличе";"Профессии / Установка окон / Углич";"https://dodelay.ru/podrabotka/uglich/windows";"Коммерческий";"НЧ"
"нанять мастера по окнам в угличе";"Профессии / Установка окон / Углич";"https://dodelay.ru/podrabotka/uglich/windows";"Коммерческий";"НЧ"
"найти мастера по окнам в угличе";"Профессии / Установка окон / Углич";"https://dodelay.ru/podrabotka/uglich/windows";"Коммерческий";"НЧ"
"услуги мастера по окнам в угличе";"Профессии / Установка окон / Углич";"https://dodelay.ru/podrabotka/uglich/windows";"Коммерческий";"НЧ"
"установка окон частник в угличе";"Профессии / Установка окон / Углич";"https://dodelay.ru/podrabotka/uglich/windows";"Коммерческий";"НЧ"
"установка окон без посредников в угличе";"Профессии / Установка окон / Углич";"https://dodelay.ru/podrabotka/uglich/windows";"Коммерческий";"НЧ"
"работа установка окон в угличе";"Профессии / Установка окон / Углич";"https://dodelay.ru/podrabotka/uglich/windows";"Вакансия";"СЧ"
"подработка установка окон в угличе";"Профессии / Установка окон / Углич";"https://dodelay.ru/podrabotka/uglich/windows";"Вакансия";"НЧ"
"требуется установка окон в угличе";"Профессии / Установка окон / Углич";"https://dodelay.ru/podrabotka/uglich/windows";"Вакансия";"НЧ"
"вакансия установка окон в угличе";"Профессии / Установка окон / Углич";"https://dodelay.ru/podrabotka/uglich/windows";"Вакансия";"НЧ"
"установка окон в ростове великом";"Профессии / Установка окон / Ростов Великий";"https://dodelay.ru/podrabotka/rostov/windows";"Коммерческий";"СЧ"
"установка окон ростов великий";"Профессии / Установка окон / Ростов Великий";"https://dodelay.ru/podrabotka/rostov/windows";"Коммерческий";"СЧ"
"установка окон в ростове великом недорого";"Профессии / Установка окон / Ростов Великий";"https://dodelay.ru/podrabotka/rostov/windows";"Коммерческий";"НЧ"
"установка окон в ростове великом цены";"Профессии / Установка окон / Ростов Великий";"https://dodelay.ru/podrabotka/rostov/windows";"Коммерческий";"НЧ"
"установка окон в ростове великом на дом";"Профессии / Установка окон / Ростов Великий";"https://dodelay.ru/podrabotka/rostov/windows";"Коммерческий";"НЧ"
"вызвать мастера по окнам в ростове великом";"Профессии / Установка окон / Ростов Великий";"https://dodelay.ru/podrabotka/rostov/windows";"Коммерческий";"НЧ"
"нанять мастера по окнам в ростове великом";"Профессии / Установка окон / Ростов Великий";"https://dodelay.ru/podrabotka/rostov/windows";"Коммерческий";"НЧ"
"найти мастера по окнам в ростове великом";"Профессии / Установка окон / Ростов Великий";"https://dodelay.ru/podrabotka/rostov/windows";"Коммерческий";"НЧ"
"услуги мастера по окнам в ростове великом";"Профессии / Установка окон / Ростов Великий";"https://dodelay.ru/podrabotka/rostov/windows";"Коммерческий";"НЧ"
"установка окон частник в ростове великом";"Профессии / Установка окон / Ростов Великий";"https://dodelay.ru/podrabotka/rostov/windows";"Коммерческий";"НЧ"
"установка окон без посредников в ростове великом";"Профессии / Установка окон / Ростов Великий";"https://dodelay.ru/podrabotka/rostov/windows";"Коммерческий";"НЧ"
"работа установка окон в ростове великом";"Профессии / Установка окон / Ростов Великий";"https://dodelay.ru/podrabotka/rostov/windows";"Вакансия";"СЧ"
"подработка установка окон в ростове великом";"Профессии / Установка окон / Ростов Великий";"https://dodelay.ru/podrabotka/rostov/windows";"Вакансия";"НЧ"
"требуется установка окон в ростове великом";"Профессии / Установка окон / Ростов Великий";"https://dodelay.ru/podrabotka/rostov/windows";"Вакансия";"НЧ"
"вакансия установка окон в ростове великом";"Профессии / Установка окон / Ростов Великий";"https://dodelay.ru/podrabotka/rostov/windows";"Вакансия";"НЧ"
"установка окна в ярославле";"Профессии / Установка окон / Задачи";"https://dodelay.ru/podrabotka/yaroslavl/windows";"Инфо";"НЧ"
"установка окна цена";"Профессии / Установка окон / Задачи";"https://dodelay.ru/podrabotka/yaroslavl/windows";"Инфо";"НЧ"
"сколько стоит установка окна";"Профессии / Установка окон / Задачи";"https://dodelay.ru/podrabotka/yaroslavl/windows";"Инфо";"НЧ"
"отделка откосов в ярославле";"Профессии / Установка окон / Задачи";"https://dodelay.ru/podrabotka/yaroslavl/windows";"Инфо";"НЧ"
"отделка откосов цена";"Профессии / Установка окон / Задачи";"https://dodelay.ru/podrabotka/yaroslavl/windows";"Инфо";"НЧ"
"сколько стоит отделка откосов";"Профессии / Установка окон / Задачи";"https://dodelay.ru/podrabotka/yaroslavl/windows";"Инфо";"НЧ"
"регулировка створок в ярославле";"Профессии / Установка окон / Задачи";"https://dodelay.ru/podrabotka/yaroslavl/windows";"Инфо";"НЧ"
"регулировка створок цена";"Профессии / Установка окон / Задачи";"https://dodelay.ru/podrabotka/yaroslavl/windows";"Инфо";"НЧ"
"сколько стоит регулировка створок";"Профессии / Установка окон / Задачи";"https://dodelay.ru/podrabotka/yaroslavl/windows";"Инфо";"НЧ"
"замена уплотнителя";"Профессии / Установка окон / Задачи";"https://dodelay.ru/podrabotka/yaroslavl/windows";"Инфо";"НЧ"
"сколько стоит замена уплотнителя";"Профессии / Установка окон / Задачи";"https://dodelay.ru/podrabotka/yaroslavl/windows";"Инфо";"НЧ"
"натяжные потолки в ярославле";"Профессии / Натяжные потолки / Ярославль";"https://dodelay.ru/podrabotka/yaroslavl/ceilings";"Коммерческий";"СЧ"
"натяжные потолки ярославль";"Профессии / Натяжные потолки / Ярославль";"https://dodelay.ru/podrabotka/yaroslavl/ceilings";"Коммерческий";"СЧ"
"натяжные потолки в ярославле недорого";"Профессии / Натяжные потолки / Ярославль";"https://dodelay.ru/podrabotka/yaroslavl/ceilings";"Коммерческий";"НЧ"
"натяжные потолки в ярославле цены";"Профессии / Натяжные потолки / Ярославль";"https://dodelay.ru/podrabotka/yaroslavl/ceilings";"Коммерческий";"НЧ"
"натяжные потолки в ярославле на дом";"Профессии / Натяжные потолки / Ярославль";"https://dodelay.ru/podrabotka/yaroslavl/ceilings";"Коммерческий";"НЧ"
"вызвать мастера по натяжным потолкам в ярославле";"Профессии / Натяжные потолки / Ярославль";"https://dodelay.ru/podrabotka/yaroslavl/ceilings";"Коммерческий";"НЧ"
"нанять мастера по натяжным потолкам в ярославле";"Профессии / Натяжные потолки / Ярославль";"https://dodelay.ru/podrabotka/yaroslavl/ceilings";"Коммерческий";"НЧ"
"найти мастера по натяжным потолкам в ярославле";"Профессии / Натяжные потолки / Ярославль";"https://dodelay.ru/podrabotka/yaroslavl/ceilings";"Коммерческий";"НЧ"
"услуги мастера по натяжным потолкам в ярославле";"Профессии / Натяжные потолки / Ярославль";"https://dodelay.ru/podrabotka/yaroslavl/ceilings";"Коммерческий";"НЧ"
"натяжные потолки частник в ярославле";"Профессии / Натяжные потолки / Ярославль";"https://dodelay.ru/podrabotka/yaroslavl/ceilings";"Коммерческий";"НЧ"
"натяжные потолки без посредников в ярославле";"Профессии / Натяжные потолки / Ярославль";"https://dodelay.ru/podrabotka/yaroslavl/ceilings";"Коммерческий";"НЧ"
"работа натяжные потолки в ярославле";"Профессии / Натяжные потолки / Ярославль";"https://dodelay.ru/podrabotka/yaroslavl/ceilings";"Вакансия";"СЧ"
"подработка натяжные потолки в ярославле";"Профессии / Натяжные потолки / Ярославль";"https://dodelay.ru/podrabotka/yaroslavl/ceilings";"Вакансия";"НЧ"
"требуется натяжные потолки в ярославле";"Профессии / Натяжные потолки / Ярославль";"https://dodelay.ru/podrabotka/yaroslavl/ceilings";"Вакансия";"НЧ"
"вакансия натяжные потолки в ярославле";"Профессии / Натяжные потолки / Ярославль";"https://dodelay.ru/podrabotka/yaroslavl/ceilings";"Вакансия";"НЧ"
"натяжные потолки в рыбинске";"Профессии / Натяжные потолки / Рыбинск";"https://dodelay.ru/podrabotka/rybinsk/ceilings";"Коммерческий";"СЧ"
"натяжные потолки рыбинск";"Профессии / Натяжные потолки / Рыбинск";"https://dodelay.ru/podrabotka/rybinsk/ceilings";"Коммерческий";"СЧ"
"натяжные потолки в рыбинске недорого";"Профессии / Натяжные потолки / Рыбинск";"https://dodelay.ru/podrabotka/rybinsk/ceilings";"Коммерческий";"НЧ"
"натяжные потолки в рыбинске цены";"Профессии / Натяжные потолки / Рыбинск";"https://dodelay.ru/podrabotka/rybinsk/ceilings";"Коммерческий";"НЧ"
"натяжные потолки в рыбинске на дом";"Профессии / Натяжные потолки / Рыбинск";"https://dodelay.ru/podrabotka/rybinsk/ceilings";"Коммерческий";"НЧ"
"вызвать мастера по натяжным потолкам в рыбинске";"Профессии / Натяжные потолки / Рыбинск";"https://dodelay.ru/podrabotka/rybinsk/ceilings";"Коммерческий";"НЧ"
"нанять мастера по натяжным потолкам в рыбинске";"Профессии / Натяжные потолки / Рыбинск";"https://dodelay.ru/podrabotka/rybinsk/ceilings";"Коммерческий";"НЧ"
"найти мастера по натяжным потолкам в рыбинске";"Профессии / Натяжные потолки / Рыбинск";"https://dodelay.ru/podrabotka/rybinsk/ceilings";"Коммерческий";"НЧ"
"услуги мастера по натяжным потолкам в рыбинске";"Профессии / Натяжные потолки / Рыбинск";"https://dodelay.ru/podrabotka/rybinsk/ceilings";"Коммерческий";"НЧ"
"натяжные потолки частник в рыбинске";"Профессии / Натяжные потолки / Рыбинск";"https://dodelay.ru/podrabotka/rybinsk/ceilings";"Коммерческий";"НЧ"
"натяжные потолки без посредников в рыбинске";"Профессии / Натяжные потолки / Рыбинск";"https://dodelay.ru/podrabotka/rybinsk/ceilings";"Коммерческий";"НЧ"
"работа натяжные потолки в рыбинске";"Профессии / Натяжные потолки / Рыбинск";"https://dodelay.ru/podrabotka/rybinsk/ceilings";"Вакансия";"СЧ"
"подработка натяжные потолки в рыбинске";"Профессии / Натяжные потолки / Рыбинск";"https://dodelay.ru/podrabotka/rybinsk/ceilings";"Вакансия";"НЧ"
"требуется натяжные потолки в рыбинске";"Профессии / Натяжные потолки / Рыбинск";"https://dodelay.ru/podrabotka/rybinsk/ceilings";"Вакансия";"НЧ"
"вакансия натяжные потолки в рыбинске";"Профессии / Натяжные потолки / Рыбинск";"https://dodelay.ru/podrabotka/rybinsk/ceilings";"Вакансия";"НЧ"
"натяжные потолки в тутаеве";"Профессии / Натяжные потолки / Тутаев";"https://dodelay.ru/podrabotka/tutaev/ceilings";"Коммерческий";"СЧ"
"натяжные потолки тутаев";"Профессии / Натяжные потолки / Тутаев";"https://dodelay.ru/podrabotka/tutaev/ceilings";"Коммерческий";"СЧ"
"натяжные потолки в тутаеве недорого";"Профессии / Натяжные потолки / Тутаев";"https://dodelay.ru/podrabotka/tutaev/ceilings";"Коммерческий";"НЧ"
"натяжные потолки в тутаеве цены";"Профессии / Натяжные потолки / Тутаев";"https://dodelay.ru/podrabotka/tutaev/ceilings";"Коммерческий";"НЧ"
"натяжные потолки в тутаеве на дом";"Профессии / Натяжные потолки / Тутаев";"https://dodelay.ru/podrabotka/tutaev/ceilings";"Коммерческий";"НЧ"
"вызвать мастера по натяжным потолкам в тутаеве";"Профессии / Натяжные потолки / Тутаев";"https://dodelay.ru/podrabotka/tutaev/ceilings";"Коммерческий";"НЧ"
"нанять мастера по натяжным потолкам в тутаеве";"Профессии / Натяжные потолки / Тутаев";"https://dodelay.ru/podrabotka/tutaev/ceilings";"Коммерческий";"НЧ"
"найти мастера по натяжным потолкам в тутаеве";"Профессии / Натяжные потолки / Тутаев";"https://dodelay.ru/podrabotka/tutaev/ceilings";"Коммерческий";"НЧ"
"услуги мастера по натяжным потолкам в тутаеве";"Профессии / Натяжные потолки / Тутаев";"https://dodelay.ru/podrabotka/tutaev/ceilings";"Коммерческий";"НЧ"
"натяжные потолки частник в тутаеве";"Профессии / Натяжные потолки / Тутаев";"https://dodelay.ru/podrabotka/tutaev/ceilings";"Коммерческий";"НЧ"
"натяжные потолки без посредников в тутаеве";"Профессии / Натяжные потолки / Тутаев";"https://dodelay.ru/podrabotka/tutaev/ceilings";"Коммерческий";"НЧ"
"работа натяжные потолки в тутаеве";"Профессии / Натяжные потолки / Тутаев";"https://dodelay.ru/podrabotka/tutaev/ceilings";"Вакансия";"СЧ"
"подработка натяжные потолки в тутаеве";"Профессии / Натяжные потолки / Тутаев";"https://dodelay.ru/podrabotka/tutaev/ceilings";"Вакансия";"НЧ"
"требуется натяжные потолки в тутаеве";"Профессии / Натяжные потолки / Тутаев";"https://dodelay.ru/podrabotka/tutaev/ceilings";"Вакансия";"НЧ"
"вакансия натяжные потолки в тутаеве";"Профессии / Натяжные потолки / Тутаев";"https://dodelay.ru/podrabotka/tutaev/ceilings";"Вакансия";"НЧ"
"натяжные потолки в переславле-залесском";"Профессии / Натяжные потолки / Переславль-Залесский";"https://dodelay.ru/podrabotka/pereslavl/ceilings";"Коммерческий";"СЧ"
"натяжные потолки переславль-залесский";"Профессии / Натяжные потолки / Переславль-Залесский";"https://dodelay.ru/podrabotka/pereslavl/ceilings";"Коммерческий";"СЧ"
"натяжные потолки в переславле-залесском недорого";"Профессии / Натяжные потолки / Переславль-Залесский";"https://dodelay.ru/podrabotka/pereslavl/ceilings";"Коммерческий";"НЧ"
"натяжные потолки в переславле-залесском цены";"Профессии / Натяжные потолки / Переславль-Залесский";"https://dodelay.ru/podrabotka/pereslavl/ceilings";"Коммерческий";"НЧ"
"натяжные потолки в переславле-залесском на дом";"Профессии / Натяжные потолки / Переславль-Залесский";"https://dodelay.ru/podrabotka/pereslavl/ceilings";"Коммерческий";"НЧ"
"вызвать мастера по натяжным потолкам в переславле-залесском";"Профессии / Натяжные потолки / Переславль-Залесский";"https://dodelay.ru/podrabotka/pereslavl/ceilings";"Коммерческий";"НЧ"
"нанять мастера по натяжным потолкам в переславле-залесском";"Профессии / Натяжные потолки / Переславль-Залесский";"https://dodelay.ru/podrabotka/pereslavl/ceilings";"Коммерческий";"НЧ"
"найти мастера по натяжным потолкам в переславле-залесском";"Профессии / Натяжные потолки / Переславль-Залесский";"https://dodelay.ru/podrabotka/pereslavl/ceilings";"Коммерческий";"НЧ"
"услуги мастера по натяжным потолкам в переславле-залесском";"Профессии / Натяжные потолки / Переславль-Залесский";"https://dodelay.ru/podrabotka/pereslavl/ceilings";"Коммерческий";"НЧ"
"натяжные потолки частник в переславле-залесском";"Профессии / Натяжные потолки / Переславль-Залесский";"https://dodelay.ru/podrabotka/pereslavl/ceilings";"Коммерческий";"НЧ"
"натяжные потолки без посредников в переславле-залесском";"Профессии / Натяжные потолки / Переславль-Залесский";"https://dodelay.ru/podrabotka/pereslavl/ceilings";"Коммерческий";"НЧ"
"работа натяжные потолки в переславле-залесском";"Профессии / Натяжные потолки / Переславль-Залесский";"https://dodelay.ru/podrabotka/pereslavl/ceilings";"Вакансия";"СЧ"
"подработка натяжные потолки в переславле-залесском";"Профессии / Натяжные потолки / Переславль-Залесский";"https://dodelay.ru/podrabotka/pereslavl/ceilings";"Вакансия";"НЧ"
"требуется натяжные потолки в переславле-залесском";"Профессии / Натяжные потолки / Переславль-Залесский";"https://dodelay.ru/podrabotka/pereslavl/ceilings";"Вакансия";"НЧ"
"вакансия натяжные потолки в переславле-залесском";"Профессии / Натяжные потолки / Переславль-Залесский";"https://dodelay.ru/podrabotka/pereslavl/ceilings";"Вакансия";"НЧ"
"натяжные потолки в угличе";"Профессии / Натяжные потолки / Углич";"https://dodelay.ru/podrabotka/uglich/ceilings";"Коммерческий";"СЧ"
"натяжные потолки углич";"Профессии / Натяжные потолки / Углич";"https://dodelay.ru/podrabotka/uglich/ceilings";"Коммерческий";"СЧ"
"натяжные потолки в угличе недорого";"Профессии / Натяжные потолки / Углич";"https://dodelay.ru/podrabotka/uglich/ceilings";"Коммерческий";"НЧ"
"натяжные потолки в угличе цены";"Профессии / Натяжные потолки / Углич";"https://dodelay.ru/podrabotka/uglich/ceilings";"Коммерческий";"НЧ"
"натяжные потолки в угличе на дом";"Профессии / Натяжные потолки / Углич";"https://dodelay.ru/podrabotka/uglich/ceilings";"Коммерческий";"НЧ"
"вызвать мастера по натяжным потолкам в угличе";"Профессии / Натяжные потолки / Углич";"https://dodelay.ru/podrabotka/uglich/ceilings";"Коммерческий";"НЧ"
"нанять мастера по натяжным потолкам в угличе";"Профессии / Натяжные потолки / Углич";"https://dodelay.ru/podrabotka/uglich/ceilings";"Коммерческий";"НЧ"
"найти мастера по натяжным потолкам в угличе";"Профессии / Натяжные потолки / Углич";"https://dodelay.ru/podrabotka/uglich/ceilings";"Коммерческий";"НЧ"
"услуги мастера по натяжным потолкам в угличе";"Профессии / Натяжные потолки / Углич";"https://dodelay.ru/podrabotka/uglich/ceilings";"Коммерческий";"НЧ"
"натяжные потолки частник в угличе";"Профессии / Натяжные потолки / Углич";"https://dodelay.ru/podrabotka/uglich/ceilings";"Коммерческий";"НЧ"
"натяжные потолки без посредников в угличе";"Профессии / Натяжные потолки / Углич";"https://dodelay.ru/podrabotka/uglich/ceilings";"Коммерческий";"НЧ"
"работа натяжные потолки в угличе";"Профессии / Натяжные потолки / Углич";"https://dodelay.ru/podrabotka/uglich/ceilings";"Вакансия";"СЧ"
"подработка натяжные потолки в угличе";"Профессии / Натяжные потолки / Углич";"https://dodelay.ru/podrabotka/uglich/ceilings";"Вакансия";"НЧ"
"требуется натяжные потолки в угличе";"Профессии / Натяжные потолки / Углич";"https://dodelay.ru/podrabotka/uglich/ceilings";"Вакансия";"НЧ"
"вакансия натяжные потолки в угличе";"Профессии / Натяжные потолки / Углич";"https://dodelay.ru/podrabotka/uglich/ceilings";"Вакансия";"НЧ"
"натяжные потолки в ростове великом";"Профессии / Натяжные потолки / Ростов Великий";"https://dodelay.ru/podrabotka/rostov/ceilings";"Коммерческий";"СЧ"
"натяжные потолки ростов великий";"Профессии / Натяжные потолки / Ростов Великий";"https://dodelay.ru/podrabotka/rostov/ceilings";"Коммерческий";"СЧ"
"натяжные потолки в ростове великом недорого";"Профессии / Натяжные потолки / Ростов Великий";"https://dodelay.ru/podrabotka/rostov/ceilings";"Коммерческий";"НЧ"
"натяжные потолки в ростове великом цены";"Профессии / Натяжные потолки / Ростов Великий";"https://dodelay.ru/podrabotka/rostov/ceilings";"Коммерческий";"НЧ"
"натяжные потолки в ростове великом на дом";"Профессии / Натяжные потолки / Ростов Великий";"https://dodelay.ru/podrabotka/rostov/ceilings";"Коммерческий";"НЧ"
"вызвать мастера по натяжным потолкам в ростове великом";"Профессии / Натяжные потолки / Ростов Великий";"https://dodelay.ru/podrabotka/rostov/ceilings";"Коммерческий";"НЧ"
"нанять мастера по натяжным потолкам в ростове великом";"Профессии / Натяжные потолки / Ростов Великий";"https://dodelay.ru/podrabotka/rostov/ceilings";"Коммерческий";"НЧ"
"найти мастера по натяжным потолкам в ростове великом";"Профессии / Натяжные потолки / Ростов Великий";"https://dodelay.ru/podrabotka/rostov/ceilings";"Коммерческий";"НЧ"
"услуги мастера по натяжным потолкам в ростове великом";"Профессии / Натяжные потолки / Ростов Великий";"https://dodelay.ru/podrabotka/rostov/ceilings";"Коммерческий";"НЧ"
"натяжные потолки частник в ростове великом";"Профессии / Натяжные потолки / Ростов Великий";"https://dodelay.ru/podrabotka/rostov/ceilings";"Коммерческий";"НЧ"
"натяжные потолки без посредников в ростове великом";"Профессии / Натяжные потолки / Ростов Великий";"https://dodelay.ru/podrabotka/rostov/ceilings";"Коммерческий";"НЧ"
"работа натяжные потолки в ростове великом";"Профессии / Натяжные потолки / Ростов Великий";"https://dodelay.ru/podrabotka/rostov/ceilings";"Вакансия";"СЧ"
"подработка натяжные потолки в ростове великом";"Профессии / Натяжные потолки / Ростов Великий";"https://dodelay.ru/podrabotka/rostov/ceilings";"Вакансия";"НЧ"
"требуется натяжные потолки в ростове великом";"Профессии / Натяжные потолки / Ростов Великий";"https://dodelay.ru/podrabotka/rostov/ceilings";"Вакансия";"НЧ"
"вакансия натяжные потолки в ростове великом";"Профессии / Натяжные потолки / Ростов Великий";"https://dodelay.ru/podrabotka/rostov/ceilings";"Вакансия";"НЧ"
"натяжной потолок";"Профессии / Натяжные потолки / Задачи";"https://dodelay.ru/podrabotka/yaroslavl/ceilings";"Инфо";"НЧ"
"сколько стоит натяжной потолок";"Профессии / Натяжные потолки / Задачи";"https://dodelay.ru/podrabotka/yaroslavl/ceilings";"Инфо";"НЧ"
"установка светильника в потолок в ярославле";"Профессии / Натяжные потолки / Задачи";"https://dodelay.ru/podrabotka/yaroslavl/ceilings";"Инфо";"НЧ"
"установка светильника в потолок цена";"Профессии / Натяжные потолки / Задачи";"https://dodelay.ru/podrabotka/yaroslavl/ceilings";"Инфо";"НЧ"
"сколько стоит установка светильника в потолок";"Профессии / Натяжные потолки / Задачи";"https://dodelay.ru/podrabotka/yaroslavl/ceilings";"Инфо";"НЧ"
"обвод трубы в ярославле";"Профессии / Натяжные потолки / Задачи";"https://dodelay.ru/podrabotka/yaroslavl/ceilings";"Инфо";"НЧ"
"обвод трубы цена";"Профессии / Натяжные потолки / Задачи";"https://dodelay.ru/podrabotka/yaroslavl/ceilings";"Инфо";"НЧ"
"сколько стоит обвод трубы";"Профессии / Натяжные потолки / Задачи";"https://dodelay.ru/podrabotka/yaroslavl/ceilings";"Инфо";"НЧ"
"кровельщик в ярославле";"Профессии / Кровельщик / Ярославль";"https://dodelay.ru/podrabotka/yaroslavl/roofer";"Коммерческий";"СЧ"
"кровельщик ярославль";"Профессии / Кровельщик / Ярославль";"https://dodelay.ru/podrabotka/yaroslavl/roofer";"Коммерческий";"СЧ"
"кровельщик в ярославле недорого";"Профессии / Кровельщик / Ярославль";"https://dodelay.ru/podrabotka/yaroslavl/roofer";"Коммерческий";"НЧ"
"кровельщик в ярославле цены";"Профессии / Кровельщик / Ярославль";"https://dodelay.ru/podrabotka/yaroslavl/roofer";"Коммерческий";"НЧ"
"кровельщик в ярославле на дом";"Профессии / Кровельщик / Ярославль";"https://dodelay.ru/podrabotka/yaroslavl/roofer";"Коммерческий";"НЧ"
"вызвать кровельщика в ярославле";"Профессии / Кровельщик / Ярославль";"https://dodelay.ru/podrabotka/yaroslavl/roofer";"Коммерческий";"НЧ"
"нанять кровельщика в ярославле";"Профессии / Кровельщик / Ярославль";"https://dodelay.ru/podrabotka/yaroslavl/roofer";"Коммерческий";"НЧ"
"найти кровельщика в ярославле";"Профессии / Кровельщик / Ярославль";"https://dodelay.ru/podrabotka/yaroslavl/roofer";"Коммерческий";"НЧ"
"услуги кровельщика в ярославле";"Профессии / Кровельщик / Ярославль";"https://dodelay.ru/podrabotka/yaroslavl/roofer";"Коммерческий";"НЧ"
"кровельщик частник в ярославле";"Профессии / Кровельщик / Ярославль";"https://dodelay.ru/podrabotka/yaroslavl/roofer";"Коммерческий";"НЧ"
"кровельщик без посредников в ярославле";"Профессии / Кровельщик / Ярославль";"https://dodelay.ru/podrabotka/yaroslavl/roofer";"Коммерческий";"НЧ"
"работа кровельщик в ярославле";"Профессии / Кровельщик / Ярославль";"https://dodelay.ru/podrabotka/yaroslavl/roofer";"Вакансия";"СЧ"
"подработка кровельщик в ярославле";"Профессии / Кровельщик / Ярославль";"https://dodelay.ru/podrabotka/yaroslavl/roofer";"Вакансия";"НЧ"
"требуется кровельщик в ярославле";"Профессии / Кровельщик / Ярославль";"https://dodelay.ru/podrabotka/yaroslavl/roofer";"Вакансия";"НЧ"
"вакансия кровельщик в ярославле";"Профессии / Кровельщик / Ярославль";"https://dodelay.ru/podrabotka/yaroslavl/roofer";"Вакансия";"НЧ"
"кровельщик в рыбинске";"Профессии / Кровельщик / Рыбинск";"https://dodelay.ru/podrabotka/rybinsk/roofer";"Коммерческий";"СЧ"
"кровельщик рыбинск";"Профессии / Кровельщик / Рыбинск";"https://dodelay.ru/podrabotka/rybinsk/roofer";"Коммерческий";"СЧ"
"кровельщик в рыбинске недорого";"Профессии / Кровельщик / Рыбинск";"https://dodelay.ru/podrabotka/rybinsk/roofer";"Коммерческий";"НЧ"
"кровельщик в рыбинске цены";"Профессии / Кровельщик / Рыбинск";"https://dodelay.ru/podrabotka/rybinsk/roofer";"Коммерческий";"НЧ"
"кровельщик в рыбинске на дом";"Профессии / Кровельщик / Рыбинск";"https://dodelay.ru/podrabotka/rybinsk/roofer";"Коммерческий";"НЧ"
"вызвать кровельщика в рыбинске";"Профессии / Кровельщик / Рыбинск";"https://dodelay.ru/podrabotka/rybinsk/roofer";"Коммерческий";"НЧ"
"нанять кровельщика в рыбинске";"Профессии / Кровельщик / Рыбинск";"https://dodelay.ru/podrabotka/rybinsk/roofer";"Коммерческий";"НЧ"
"найти кровельщика в рыбинске";"Профессии / Кровельщик / Рыбинск";"https://dodelay.ru/podrabotka/rybinsk/roofer";"Коммерческий";"НЧ"
"услуги кровельщика в рыбинске";"Профессии / Кровельщик / Рыбинск";"https://dodelay.ru/podrabotka/rybinsk/roofer";"Коммерческий";"НЧ"
"кровельщик частник в рыбинске";"Профессии / Кровельщик / Рыбинск";"https://dodelay.ru/podrabotka/rybinsk/roofer";"Коммерческий";"НЧ"
"кровельщик без посредников в рыбинске";"Профессии / Кровельщик / Рыбинск";"https://dodelay.ru/podrabotka/rybinsk/roofer";"Коммерческий";"НЧ"
"работа кровельщик в рыбинске";"Профессии / Кровельщик / Рыбинск";"https://dodelay.ru/podrabotka/rybinsk/roofer";"Вакансия";"СЧ"
"подработка кровельщик в рыбинске";"Профессии / Кровельщик / Рыбинск";"https://dodelay.ru/podrabotka/rybinsk/roofer";"Вакансия";"НЧ"
"требуется кровельщик в рыбинске";"Профессии / Кровельщик / Рыбинск";"https://dodelay.ru/podrabotka/rybinsk/roofer";"Вакансия";"НЧ"
"вакансия кровельщик в рыбинске";"Профессии / Кровельщик / Рыбинск";"https://dodelay.ru/podrabotka/rybinsk/roofer";"Вакансия";"НЧ"
"кровельщик в тутаеве";"Профессии / Кровельщик / Тутаев";"https://dodelay.ru/podrabotka/tutaev/roofer";"Коммерческий";"СЧ"
"кровельщик тутаев";"Профессии / Кровельщик / Тутаев";"https://dodelay.ru/podrabotka/tutaev/roofer";"Коммерческий";"СЧ"
"кровельщик в тутаеве недорого";"Профессии / Кровельщик / Тутаев";"https://dodelay.ru/podrabotka/tutaev/roofer";"Коммерческий";"НЧ"
"кровельщик в тутаеве цены";"Профессии / Кровельщик / Тутаев";"https://dodelay.ru/podrabotka/tutaev/roofer";"Коммерческий";"НЧ"
"кровельщик в тутаеве на дом";"Профессии / Кровельщик / Тутаев";"https://dodelay.ru/podrabotka/tutaev/roofer";"Коммерческий";"НЧ"
"вызвать кровельщика в тутаеве";"Профессии / Кровельщик / Тутаев";"https://dodelay.ru/podrabotka/tutaev/roofer";"Коммерческий";"НЧ"
"нанять кровельщика в тутаеве";"Профессии / Кровельщик / Тутаев";"https://dodelay.ru/podrabotka/tutaev/roofer";"Коммерческий";"НЧ"
"найти кровельщика в тутаеве";"Профессии / Кровельщик / Тутаев";"https://dodelay.ru/podrabotka/tutaev/roofer";"Коммерческий";"НЧ"
"услуги кровельщика в тутаеве";"Профессии / Кровельщик / Тутаев";"https://dodelay.ru/podrabotka/tutaev/roofer";"Коммерческий";"НЧ"
"кровельщик частник в тутаеве";"Профессии / Кровельщик / Тутаев";"https://dodelay.ru/podrabotka/tutaev/roofer";"Коммерческий";"НЧ"
"кровельщик без посредников в тутаеве";"Профессии / Кровельщик / Тутаев";"https://dodelay.ru/podrabotka/tutaev/roofer";"Коммерческий";"НЧ"
"работа кровельщик в тутаеве";"Профессии / Кровельщик / Тутаев";"https://dodelay.ru/podrabotka/tutaev/roofer";"Вакансия";"СЧ"
"подработка кровельщик в тутаеве";"Профессии / Кровельщик / Тутаев";"https://dodelay.ru/podrabotka/tutaev/roofer";"Вакансия";"НЧ"
"требуется кровельщик в тутаеве";"Профессии / Кровельщик / Тутаев";"https://dodelay.ru/podrabotka/tutaev/roofer";"Вакансия";"НЧ"
"вакансия кровельщик в тутаеве";"Профессии / Кровельщик / Тутаев";"https://dodelay.ru/podrabotka/tutaev/roofer";"Вакансия";"НЧ"
"кровельщик в переславле-залесском";"Профессии / Кровельщик / Переславль-Залесский";"https://dodelay.ru/podrabotka/pereslavl/roofer";"Коммерческий";"СЧ"
"кровельщик переславль-залесский";"Профессии / Кровельщик / Переславль-Залесский";"https://dodelay.ru/podrabotka/pereslavl/roofer";"Коммерческий";"СЧ"
"кровельщик в переславле-залесском недорого";"Профессии / Кровельщик / Переславль-Залесский";"https://dodelay.ru/podrabotka/pereslavl/roofer";"Коммерческий";"НЧ"
"кровельщик в переславле-залесском цены";"Профессии / Кровельщик / Переславль-Залесский";"https://dodelay.ru/podrabotka/pereslavl/roofer";"Коммерческий";"НЧ"
"кровельщик в переславле-залесском на дом";"Профессии / Кровельщик / Переславль-Залесский";"https://dodelay.ru/podrabotka/pereslavl/roofer";"Коммерческий";"НЧ"
"вызвать кровельщика в переславле-залесском";"Профессии / Кровельщик / Переславль-Залесский";"https://dodelay.ru/podrabotka/pereslavl/roofer";"Коммерческий";"НЧ"
"нанять кровельщика в переславле-залесском";"Профессии / Кровельщик / Переславль-Залесский";"https://dodelay.ru/podrabotka/pereslavl/roofer";"Коммерческий";"НЧ"
"найти кровельщика в переславле-залесском";"Профессии / Кровельщик / Переславль-Залесский";"https://dodelay.ru/podrabotka/pereslavl/roofer";"Коммерческий";"НЧ"
"услуги кровельщика в переславле-залесском";"Профессии / Кровельщик / Переславль-Залесский";"https://dodelay.ru/podrabotka/pereslavl/roofer";"Коммерческий";"НЧ"
"кровельщик частник в переславле-залесском";"Профессии / Кровельщик / Переславль-Залесский";"https://dodelay.ru/podrabotka/pereslavl/roofer";"Коммерческий";"НЧ"
"кровельщик без посредников в переславле-залесском";"Профессии / Кровельщик / Переславль-Залесский";"https://dodelay.ru/podrabotka/pereslavl/roofer";"Коммерческий";"НЧ"
"работа кровельщик в переславле-залесском";"Профессии / Кровельщик / Переславль-Залесский";"https://dodelay.ru/podrabotka/pereslavl/roofer";"Вакансия";"СЧ"
"подработка кровельщик в переславле-залесском";"Профессии / Кровельщик / Переславль-Залесский";"https://dodelay.ru/podrabotka/pereslavl/roofer";"Вакансия";"НЧ"
"требуется кровельщик в переславле-залесском";"Профессии / Кровельщик / Переславль-Залесский";"https://dodelay.ru/podrabotka/pereslavl/roofer";"Вакансия";"НЧ"
"вакансия кровельщик в переславле-залесском";"Профессии / Кровельщик / Переславль-Залесский";"https://dodelay.ru/podrabotka/pereslavl/roofer";"Вакансия";"НЧ"
"кровельщик в угличе";"Профессии / Кровельщик / Углич";"https://dodelay.ru/podrabotka/uglich/roofer";"Коммерческий";"СЧ"
"кровельщик углич";"Профессии / Кровельщик / Углич";"https://dodelay.ru/podrabotka/uglich/roofer";"Коммерческий";"СЧ"
"кровельщик в угличе недорого";"Профессии / Кровельщик / Углич";"https://dodelay.ru/podrabotka/uglich/roofer";"Коммерческий";"НЧ"
"кровельщик в угличе цены";"Профессии / Кровельщик / Углич";"https://dodelay.ru/podrabotka/uglich/roofer";"Коммерческий";"НЧ"
"кровельщик в угличе на дом";"Профессии / Кровельщик / Углич";"https://dodelay.ru/podrabotka/uglich/roofer";"Коммерческий";"НЧ"
"вызвать кровельщика в угличе";"Профессии / Кровельщик / Углич";"https://dodelay.ru/podrabotka/uglich/roofer";"Коммерческий";"НЧ"
"нанять кровельщика в угличе";"Профессии / Кровельщик / Углич";"https://dodelay.ru/podrabotka/uglich/roofer";"Коммерческий";"НЧ"
"найти кровельщика в угличе";"Профессии / Кровельщик / Углич";"https://dodelay.ru/podrabotka/uglich/roofer";"Коммерческий";"НЧ"
"услуги кровельщика в угличе";"Профессии / Кровельщик / Углич";"https://dodelay.ru/podrabotka/uglich/roofer";"Коммерческий";"НЧ"
"кровельщик частник в угличе";"Профессии / Кровельщик / Углич";"https://dodelay.ru/podrabotka/uglich/roofer";"Коммерческий";"НЧ"
"кровельщик без посредников в угличе";"Профессии / Кровельщик / Углич";"https://dodelay.ru/podrabotka/uglich/roofer";"Коммерческий";"НЧ"
"работа кровельщик в угличе";"Профессии / Кровельщик / Углич";"https://dodelay.ru/podrabotka/uglich/roofer";"Вакансия";"СЧ"
"подработка кровельщик в угличе";"Профессии / Кровельщик / Углич";"https://dodelay.ru/podrabotka/uglich/roofer";"Вакансия";"НЧ"
"требуется кровельщик в угличе";"Профессии / Кровельщик / Углич";"https://dodelay.ru/podrabotka/uglich/roofer";"Вакансия";"НЧ"
"вакансия кровельщик в угличе";"Профессии / Кровельщик / Углич";"https://dodelay.ru/podrabotka/uglich/roofer";"Вакансия";"НЧ"
"кровельщик в ростове великом";"Профессии / Кровельщик / Ростов Великий";"https://dodelay.ru/podrabotka/rostov/roofer";"Коммерческий";"СЧ"
"кровельщик ростов великий";"Профессии / Кровельщик / Ростов Великий";"https://dodelay.ru/podrabotka/rostov/roofer";"Коммерческий";"СЧ"
"кровельщик в ростове великом недорого";"Профессии / Кровельщик / Ростов Великий";"https://dodelay.ru/podrabotka/rostov/roofer";"Коммерческий";"НЧ"
"кровельщик в ростове великом цены";"Профессии / Кровельщик / Ростов Великий";"https://dodelay.ru/podrabotka/rostov/roofer";"Коммерческий";"НЧ"
"кровельщик в ростове великом на дом";"Профессии / Кровельщик / Ростов Великий";"https://dodelay.ru/podrabotka/rostov/roofer";"Коммерческий";"НЧ"
"вызвать кровельщика в ростове великом";"Профессии / Кровельщик / Ростов Великий";"https://dodelay.ru/podrabotka/rostov/roofer";"Коммерческий";"НЧ"
"нанять кровельщика в ростове великом";"Профессии / Кровельщик / Ростов Великий";"https://dodelay.ru/podrabotka/rostov/roofer";"Коммерческий";"НЧ"
"найти кровельщика в ростове великом";"Профессии / Кровельщик / Ростов Великий";"https://dodelay.ru/podrabotka/rostov/roofer";"Коммерческий";"НЧ"
"услуги кровельщика в ростове великом";"Профессии / Кровельщик / Ростов Великий";"https://dodelay.ru/podrabotka/rostov/roofer";"Коммерческий";"НЧ"
"кровельщик частник в ростове великом";"Профессии / Кровельщик / Ростов Великий";"https://dodelay.ru/podrabotka/rostov/roofer";"Коммерческий";"НЧ"
"кровельщик без посредников в ростове великом";"Профессии / Кровельщик / Ростов Великий";"https://dodelay.ru/podrabotka/rostov/roofer";"Коммерческий";"НЧ"
"работа кровельщик в ростове великом";"Профессии / Кровельщик / Ростов Великий";"https://dodelay.ru/podrabotka/rostov/roofer";"Вакансия";"СЧ"
"подработка кровельщик в ростове великом";"Профессии / Кровельщик / Ростов Великий";"https://dodelay.ru/podrabotka/rostov/roofer";"Вакансия";"НЧ"
"требуется кровельщик в ростове великом";"Профессии / Кровельщик / Ростов Великий";"https://dodelay.ru/podrabotka/rostov/roofer";"Вакансия";"НЧ"
"вакансия кровельщик в ростове великом";"Профессии / Кровельщик / Ростов Великий";"https://dodelay.ru/podrabotka/rostov/roofer";"Вакансия";"НЧ"
"монтаж кровли";"Профессии / Кровельщик / Задачи";"https://dodelay.ru/podrabotka/yaroslavl/roofer";"Инфо";"НЧ"
"сколько стоит монтаж кровли";"Профессии / Кровельщик / Задачи";"https://dodelay.ru/podrabotka/yaroslavl/roofer";"Инфо";"НЧ"
"ремонт протечки в ярославле";"Профессии / Кровельщик / Задачи";"https://dodelay.ru/podrabotka/yaroslavl/roofer";"Инфо";"НЧ"
"ремонт протечки цена";"Профессии / Кровельщик / Задачи";"https://dodelay.ru/podrabotka/yaroslavl/roofer";"Инфо";"НЧ"
"сколько стоит ремонт протечки";"Профессии / Кровельщик / Задачи";"https://dodelay.ru/podrabotka/yaroslavl/roofer";"Инфо";"НЧ"
"монтаж водостока";"Профессии / Кровельщик / Задачи";"https://dodelay.ru/podrabotka/yaroslavl/roofer";"Инфо";"НЧ"
"сколько стоит монтаж водостока";"Профессии / Кровельщик / Задачи";"https://dodelay.ru/podrabotka/yaroslavl/roofer";"Инфо";"НЧ"
"замена шифера на профлист";"Профессии / Кровельщик / Задачи";"https://dodelay.ru/podrabotka/yaroslavl/roofer";"Инфо";"НЧ"
"сколько стоит замена шифера на профлист";"Профессии / Кровельщик / Задачи";"https://dodelay.ru/podrabotka/yaroslavl/roofer";"Инфо";"НЧ"
"демонтаж в ярославле";"Профессии / Демонтаж / Ярославль";"https://dodelay.ru/podrabotka/yaroslavl/demolition";"Коммерческий";"СЧ"
"демонтаж ярославль";"Профессии / Демонтаж / Ярославль";"https://dodelay.ru/podrabotka/yaroslavl/demolition";"Коммерческий";"СЧ"
"демонтаж в ярославле недорого";"Профессии / Демонтаж / Ярославль";"https://dodelay.ru/podrabotka/yaroslavl/demolition";"Коммерческий";"НЧ"
"демонтаж в ярославле цены";"Профессии / Демонтаж / Ярославль";"https://dodelay.ru/podrabotka/yaroslavl/demolition";"Коммерческий";"НЧ"
"демонтаж в ярославле на дом";"Профессии / Демонтаж / Ярославль";"https://dodelay.ru/podrabotka/yaroslavl/demolition";"Коммерческий";"НЧ"
"вызвать мастера по демонтажу в ярославле";"Профессии / Демонтаж / Ярославль";"https://dodelay.ru/podrabotka/yaroslavl/demolition";"Коммерческий";"НЧ"
"нанять мастера по демонтажу в ярославле";"Профессии / Демонтаж / Ярославль";"https://dodelay.ru/podrabotka/yaroslavl/demolition";"Коммерческий";"НЧ"
"найти мастера по демонтажу в ярославле";"Профессии / Демонтаж / Ярославль";"https://dodelay.ru/podrabotka/yaroslavl/demolition";"Коммерческий";"НЧ"
"услуги мастера по демонтажу в ярославле";"Профессии / Демонтаж / Ярославль";"https://dodelay.ru/podrabotka/yaroslavl/demolition";"Коммерческий";"НЧ"
"демонтаж частник в ярославле";"Профессии / Демонтаж / Ярославль";"https://dodelay.ru/podrabotka/yaroslavl/demolition";"Коммерческий";"НЧ"
"демонтаж без посредников в ярославле";"Профессии / Демонтаж / Ярославль";"https://dodelay.ru/podrabotka/yaroslavl/demolition";"Коммерческий";"НЧ"
"работа демонтаж в ярославле";"Профессии / Демонтаж / Ярославль";"https://dodelay.ru/podrabotka/yaroslavl/demolition";"Вакансия";"СЧ"
"подработка демонтаж в ярославле";"Профессии / Демонтаж / Ярославль";"https://dodelay.ru/podrabotka/yaroslavl/demolition";"Вакансия";"НЧ"
"требуется демонтаж в ярославле";"Профессии / Демонтаж / Ярославль";"https://dodelay.ru/podrabotka/yaroslavl/demolition";"Вакансия";"НЧ"
"вакансия демонтаж в ярославле";"Профессии / Демонтаж / Ярославль";"https://dodelay.ru/podrabotka/yaroslavl/demolition";"Вакансия";"НЧ"
"демонтаж в рыбинске";"Профессии / Демонтаж / Рыбинск";"https://dodelay.ru/podrabotka/rybinsk/demolition";"Коммерческий";"СЧ"
"демонтаж рыбинск";"Профессии / Демонтаж / Рыбинск";"https://dodelay.ru/podrabotka/rybinsk/demolition";"Коммерческий";"СЧ"
"демонтаж в рыбинске недорого";"Профессии / Демонтаж / Рыбинск";"https://dodelay.ru/podrabotka/rybinsk/demolition";"Коммерческий";"НЧ"
"демонтаж в рыбинске цены";"Профессии / Демонтаж / Рыбинск";"https://dodelay.ru/podrabotka/rybinsk/demolition";"Коммерческий";"НЧ"
"демонтаж в рыбинске на дом";"Профессии / Демонтаж / Рыбинск";"https://dodelay.ru/podrabotka/rybinsk/demolition";"Коммерческий";"НЧ"
"вызвать мастера по демонтажу в рыбинске";"Профессии / Демонтаж / Рыбинск";"https://dodelay.ru/podrabotka/rybinsk/demolition";"Коммерческий";"НЧ"
"нанять мастера по демонтажу в рыбинске";"Профессии / Демонтаж / Рыбинск";"https://dodelay.ru/podrabotka/rybinsk/demolition";"Коммерческий";"НЧ"
"найти мастера по демонтажу в рыбинске";"Профессии / Демонтаж / Рыбинск";"https://dodelay.ru/podrabotka/rybinsk/demolition";"Коммерческий";"НЧ"
"услуги мастера по демонтажу в рыбинске";"Профессии / Демонтаж / Рыбинск";"https://dodelay.ru/podrabotka/rybinsk/demolition";"Коммерческий";"НЧ"
"демонтаж частник в рыбинске";"Профессии / Демонтаж / Рыбинск";"https://dodelay.ru/podrabotka/rybinsk/demolition";"Коммерческий";"НЧ"
"демонтаж без посредников в рыбинске";"Профессии / Демонтаж / Рыбинск";"https://dodelay.ru/podrabotka/rybinsk/demolition";"Коммерческий";"НЧ"
"работа демонтаж в рыбинске";"Профессии / Демонтаж / Рыбинск";"https://dodelay.ru/podrabotka/rybinsk/demolition";"Вакансия";"СЧ"
"подработка демонтаж в рыбинске";"Профессии / Демонтаж / Рыбинск";"https://dodelay.ru/podrabotka/rybinsk/demolition";"Вакансия";"НЧ"
"требуется демонтаж в рыбинске";"Профессии / Демонтаж / Рыбинск";"https://dodelay.ru/podrabotka/rybinsk/demolition";"Вакансия";"НЧ"
"вакансия демонтаж в рыбинске";"Профессии / Демонтаж / Рыбинск";"https://dodelay.ru/podrabotka/rybinsk/demolition";"Вакансия";"НЧ"
"демонтаж в тутаеве";"Профессии / Демонтаж / Тутаев";"https://dodelay.ru/podrabotka/tutaev/demolition";"Коммерческий";"СЧ"
"демонтаж тутаев";"Профессии / Демонтаж / Тутаев";"https://dodelay.ru/podrabotka/tutaev/demolition";"Коммерческий";"СЧ"
"демонтаж в тутаеве недорого";"Профессии / Демонтаж / Тутаев";"https://dodelay.ru/podrabotka/tutaev/demolition";"Коммерческий";"НЧ"
"демонтаж в тутаеве цены";"Профессии / Демонтаж / Тутаев";"https://dodelay.ru/podrabotka/tutaev/demolition";"Коммерческий";"НЧ"
"демонтаж в тутаеве на дом";"Профессии / Демонтаж / Тутаев";"https://dodelay.ru/podrabotka/tutaev/demolition";"Коммерческий";"НЧ"
"вызвать мастера по демонтажу в тутаеве";"Профессии / Демонтаж / Тутаев";"https://dodelay.ru/podrabotka/tutaev/demolition";"Коммерческий";"НЧ"
"нанять мастера по демонтажу в тутаеве";"Профессии / Демонтаж / Тутаев";"https://dodelay.ru/podrabotka/tutaev/demolition";"Коммерческий";"НЧ"
"найти мастера по демонтажу в тутаеве";"Профессии / Демонтаж / Тутаев";"https://dodelay.ru/podrabotka/tutaev/demolition";"Коммерческий";"НЧ"
"услуги мастера по демонтажу в тутаеве";"Профессии / Демонтаж / Тутаев";"https://dodelay.ru/podrabotka/tutaev/demolition";"Коммерческий";"НЧ"
"демонтаж частник в тутаеве";"Профессии / Демонтаж / Тутаев";"https://dodelay.ru/podrabotka/tutaev/demolition";"Коммерческий";"НЧ"
"демонтаж без посредников в тутаеве";"Профессии / Демонтаж / Тутаев";"https://dodelay.ru/podrabotka/tutaev/demolition";"Коммерческий";"НЧ"
"работа демонтаж в тутаеве";"Профессии / Демонтаж / Тутаев";"https://dodelay.ru/podrabotka/tutaev/demolition";"Вакансия";"СЧ"
"подработка демонтаж в тутаеве";"Профессии / Демонтаж / Тутаев";"https://dodelay.ru/podrabotka/tutaev/demolition";"Вакансия";"НЧ"
"требуется демонтаж в тутаеве";"Профессии / Демонтаж / Тутаев";"https://dodelay.ru/podrabotka/tutaev/demolition";"Вакансия";"НЧ"
"вакансия демонтаж в тутаеве";"Профессии / Демонтаж / Тутаев";"https://dodelay.ru/podrabotka/tutaev/demolition";"Вакансия";"НЧ"
"демонтаж в переславле-залесском";"Профессии / Демонтаж / Переславль-Залесский";"https://dodelay.ru/podrabotka/pereslavl/demolition";"Коммерческий";"СЧ"
"демонтаж переславль-залесский";"Профессии / Демонтаж / Переславль-Залесский";"https://dodelay.ru/podrabotka/pereslavl/demolition";"Коммерческий";"СЧ"
"демонтаж в переславле-залесском недорого";"Профессии / Демонтаж / Переславль-Залесский";"https://dodelay.ru/podrabotka/pereslavl/demolition";"Коммерческий";"НЧ"
"демонтаж в переславле-залесском цены";"Профессии / Демонтаж / Переславль-Залесский";"https://dodelay.ru/podrabotka/pereslavl/demolition";"Коммерческий";"НЧ"
"демонтаж в переславле-залесском на дом";"Профессии / Демонтаж / Переславль-Залесский";"https://dodelay.ru/podrabotka/pereslavl/demolition";"Коммерческий";"НЧ"
"вызвать мастера по демонтажу в переславле-залесском";"Профессии / Демонтаж / Переславль-Залесский";"https://dodelay.ru/podrabotka/pereslavl/demolition";"Коммерческий";"НЧ"
"нанять мастера по демонтажу в переславле-залесском";"Профессии / Демонтаж / Переславль-Залесский";"https://dodelay.ru/podrabotka/pereslavl/demolition";"Коммерческий";"НЧ"
"найти мастера по демонтажу в переславле-залесском";"Профессии / Демонтаж / Переславль-Залесский";"https://dodelay.ru/podrabotka/pereslavl/demolition";"Коммерческий";"НЧ"
"услуги мастера по демонтажу в переславле-залесском";"Профессии / Демонтаж / Переславль-Залесский";"https://dodelay.ru/podrabotka/pereslavl/demolition";"Коммерческий";"НЧ"
"демонтаж частник в переславле-залесском";"Профессии / Демонтаж / Переславль-Залесский";"https://dodelay.ru/podrabotka/pereslavl/demolition";"Коммерческий";"НЧ"
"демонтаж без посредников в переславле-залесском";"Профессии / Демонтаж / Переславль-Залесский";"https://dodelay.ru/podrabotka/pereslavl/demolition";"Коммерческий";"НЧ"
"работа демонтаж в переславле-залесском";"Профессии / Демонтаж / Переславль-Залесский";"https://dodelay.ru/podrabotka/pereslavl/demolition";"Вакансия";"СЧ"
"подработка демонтаж в переславле-залесском";"Профессии / Демонтаж / Переславль-Залесский";"https://dodelay.ru/podrabotka/pereslavl/demolition";"Вакансия";"НЧ"
"требуется демонтаж в переславле-залесском";"Профессии / Демонтаж / Переславль-Залесский";"https://dodelay.ru/podrabotka/pereslavl/demolition";"Вакансия";"НЧ"
"вакансия демонтаж в переславле-залесском";"Профессии / Демонтаж / Переславль-Залесский";"https://dodelay.ru/podrabotka/pereslavl/demolition";"Вакансия";"НЧ"
"демонтаж в угличе";"Профессии / Демонтаж / Углич";"https://dodelay.ru/podrabotka/uglich/demolition";"Коммерческий";"СЧ"
"демонтаж углич";"Профессии / Демонтаж / Углич";"https://dodelay.ru/podrabotka/uglich/demolition";"Коммерческий";"СЧ"
"демонтаж в угличе недорого";"Профессии / Демонтаж / Углич";"https://dodelay.ru/podrabotka/uglich/demolition";"Коммерческий";"НЧ"
"демонтаж в угличе цены";"Профессии / Демонтаж / Углич";"https://dodelay.ru/podrabotka/uglich/demolition";"Коммерческий";"НЧ"
"демонтаж в угличе на дом";"Профессии / Демонтаж / Углич";"https://dodelay.ru/podrabotka/uglich/demolition";"Коммерческий";"НЧ"
"вызвать мастера по демонтажу в угличе";"Профессии / Демонтаж / Углич";"https://dodelay.ru/podrabotka/uglich/demolition";"Коммерческий";"НЧ"
"нанять мастера по демонтажу в угличе";"Профессии / Демонтаж / Углич";"https://dodelay.ru/podrabotka/uglich/demolition";"Коммерческий";"НЧ"
"найти мастера по демонтажу в угличе";"Профессии / Демонтаж / Углич";"https://dodelay.ru/podrabotka/uglich/demolition";"Коммерческий";"НЧ"
"услуги мастера по демонтажу в угличе";"Профессии / Демонтаж / Углич";"https://dodelay.ru/podrabotka/uglich/demolition";"Коммерческий";"НЧ"
"демонтаж частник в угличе";"Профессии / Демонтаж / Углич";"https://dodelay.ru/podrabotka/uglich/demolition";"Коммерческий";"НЧ"
"демонтаж без посредников в угличе";"Профессии / Демонтаж / Углич";"https://dodelay.ru/podrabotka/uglich/demolition";"Коммерческий";"НЧ"
"работа демонтаж в угличе";"Профессии / Демонтаж / Углич";"https://dodelay.ru/podrabotka/uglich/demolition";"Вакансия";"СЧ"
"подработка демонтаж в угличе";"Профессии / Демонтаж / Углич";"https://dodelay.ru/podrabotka/uglich/demolition";"Вакансия";"НЧ"
"требуется демонтаж в угличе";"Профессии / Демонтаж / Углич";"https://dodelay.ru/podrabotka/uglich/demolition";"Вакансия";"НЧ"
"вакансия демонтаж в угличе";"Профессии / Демонтаж / Углич";"https://dodelay.ru/podrabotka/uglich/demolition";"Вакансия";"НЧ"
"демонтаж в ростове великом";"Профессии / Демонтаж / Ростов Великий";"https://dodelay.ru/podrabotka/rostov/demolition";"Коммерческий";"СЧ"
"демонтаж ростов великий";"Профессии / Демонтаж / Ростов Великий";"https://dodelay.ru/podrabotka/rostov/demolition";"Коммерческий";"СЧ"
"демонтаж в ростове великом недорого";"Профессии / Демонтаж / Ростов Великий";"https://dodelay.ru/podrabotka/rostov/demolition";"Коммерческий";"НЧ"
"демонтаж в ростове великом цены";"Профессии / Демонтаж / Ростов Великий";"https://dodelay.ru/podrabotka/rostov/demolition";"Коммерческий";"НЧ"
"демонтаж в ростове великом на дом";"Профессии / Демонтаж / Ростов Великий";"https://dodelay.ru/podrabotka/rostov/demolition";"Коммерческий";"НЧ"
"вызвать мастера по демонтажу в ростове великом";"Профессии / Демонтаж / Ростов Великий";"https://dodelay.ru/podrabotka/rostov/demolition";"Коммерческий";"НЧ"
"нанять мастера по демонтажу в ростове великом";"Профессии / Демонтаж / Ростов Великий";"https://dodelay.ru/podrabotka/rostov/demolition";"Коммерческий";"НЧ"
"найти мастера по демонтажу в ростове великом";"Профессии / Демонтаж / Ростов Великий";"https://dodelay.ru/podrabotka/rostov/demolition";"Коммерческий";"НЧ"
"услуги мастера по демонтажу в ростове великом";"Профессии / Демонтаж / Ростов Великий";"https://dodelay.ru/podrabotka/rostov/demolition";"Коммерческий";"НЧ"
"демонтаж частник в ростове великом";"Профессии / Демонтаж / Ростов Великий";"https://dodelay.ru/podrabotka/rostov/demolition";"Коммерческий";"НЧ"
"демонтаж без посредников в ростове великом";"Профессии / Демонтаж / Ростов Великий";"https://dodelay.ru/podrabotka/rostov/demolition";"Коммерческий";"НЧ"
"работа демонтаж в ростове великом";"Профессии / Демонтаж / Ростов Великий";"https://dodelay.ru/podrabotka/rostov/demolition";"Вакансия";"СЧ"
"подработка демонтаж в ростове великом";"Профессии / Демонтаж / Ростов Великий";"https://dodelay.ru/podrabotka/rostov/demolition";"Вакансия";"НЧ"
"требуется демонтаж в ростове великом";"Профессии / Демонтаж / Ростов Великий";"https://dodelay.ru/podrabotka/rostov/demolition";"Вакансия";"НЧ"
"вакансия демонтаж в ростове великом";"Профессии / Демонтаж / Ростов Великий";"https://dodelay.ru/podrabotka/rostov/demolition";"Вакансия";"НЧ"
"демонтаж перегородки";"Профессии / Демонтаж / Задачи";"https://dodelay.ru/podrabotka/yaroslavl/demolition";"Инфо";"НЧ"
"сколько стоит демонтаж перегородки";"Профессии / Демонтаж / Задачи";"https://dodelay.ru/podrabotka/yaroslavl/demolition";"Инфо";"НЧ"
"снятие плитки";"Профессии / Демонтаж / Задачи";"https://dodelay.ru/podrabotka/yaroslavl/demolition";"Инфо";"НЧ"
"сколько стоит снятие плитки";"Профессии / Демонтаж / Задачи";"https://dodelay.ru/podrabotka/yaroslavl/demolition";"Инфо";"НЧ"
"демонтаж старого пола";"Профессии / Демонтаж / Задачи";"https://dodelay.ru/podrabotka/yaroslavl/demolition";"Инфо";"НЧ"
"сколько стоит демонтаж старого пола";"Профессии / Демонтаж / Задачи";"https://dodelay.ru/podrabotka/yaroslavl/demolition";"Инфо";"НЧ"
"разбор сарая или пристройки в ярославле";"Профессии / Демонтаж / Задачи";"https://dodelay.ru/podrabotka/yaroslavl/demolition";"Инфо";"НЧ"
"разбор сарая или пристройки цена";"Профессии / Демонтаж / Задачи";"https://dodelay.ru/podrabotka/yaroslavl/demolition";"Инфо";"НЧ"
"сколько стоит разбор сарая или пристройки";"Профессии / Демонтаж / Задачи";"https://dodelay.ru/podrabotka/yaroslavl/demolition";"Инфо";"НЧ"
"отопление и котлы в ярославле";"Профессии / Отопление и котлы / Ярославль";"https://dodelay.ru/podrabotka/yaroslavl/heating";"Коммерческий";"СЧ"
"отопление и котлы ярославль";"Профессии / Отопление и котлы / Ярославль";"https://dodelay.ru/podrabotka/yaroslavl/heating";"Коммерческий";"СЧ"
"отопление и котлы в ярославле недорого";"Профессии / Отопление и котлы / Ярославль";"https://dodelay.ru/podrabotka/yaroslavl/heating";"Коммерческий";"НЧ"
"отопление и котлы в ярославле цены";"Профессии / Отопление и котлы / Ярославль";"https://dodelay.ru/podrabotka/yaroslavl/heating";"Коммерческий";"НЧ"
"отопление и котлы в ярославле на дом";"Профессии / Отопление и котлы / Ярославль";"https://dodelay.ru/podrabotka/yaroslavl/heating";"Коммерческий";"НЧ"
"вызвать мастера по отоплению в ярославле";"Профессии / Отопление и котлы / Ярославль";"https://dodelay.ru/podrabotka/yaroslavl/heating";"Коммерческий";"НЧ"
"нанять мастера по отоплению в ярославле";"Профессии / Отопление и котлы / Ярославль";"https://dodelay.ru/podrabotka/yaroslavl/heating";"Коммерческий";"НЧ"
"найти мастера по отоплению в ярославле";"Профессии / Отопление и котлы / Ярославль";"https://dodelay.ru/podrabotka/yaroslavl/heating";"Коммерческий";"НЧ"
"услуги мастера по отоплению в ярославле";"Профессии / Отопление и котлы / Ярославль";"https://dodelay.ru/podrabotka/yaroslavl/heating";"Коммерческий";"НЧ"
"отопление и котлы частник в ярославле";"Профессии / Отопление и котлы / Ярославль";"https://dodelay.ru/podrabotka/yaroslavl/heating";"Коммерческий";"НЧ"
"отопление и котлы без посредников в ярославле";"Профессии / Отопление и котлы / Ярославль";"https://dodelay.ru/podrabotka/yaroslavl/heating";"Коммерческий";"НЧ"
"работа отопление и котлы в ярославле";"Профессии / Отопление и котлы / Ярославль";"https://dodelay.ru/podrabotka/yaroslavl/heating";"Вакансия";"СЧ"
"подработка отопление и котлы в ярославле";"Профессии / Отопление и котлы / Ярославль";"https://dodelay.ru/podrabotka/yaroslavl/heating";"Вакансия";"НЧ"
"требуется отопление и котлы в ярославле";"Профессии / Отопление и котлы / Ярославль";"https://dodelay.ru/podrabotka/yaroslavl/heating";"Вакансия";"НЧ"
"вакансия отопление и котлы в ярославле";"Профессии / Отопление и котлы / Ярославль";"https://dodelay.ru/podrabotka/yaroslavl/heating";"Вакансия";"НЧ"
"отопление и котлы в рыбинске";"Профессии / Отопление и котлы / Рыбинск";"https://dodelay.ru/podrabotka/rybinsk/heating";"Коммерческий";"СЧ"
"отопление и котлы рыбинск";"Профессии / Отопление и котлы / Рыбинск";"https://dodelay.ru/podrabotka/rybinsk/heating";"Коммерческий";"СЧ"
"отопление и котлы в рыбинске недорого";"Профессии / Отопление и котлы / Рыбинск";"https://dodelay.ru/podrabotka/rybinsk/heating";"Коммерческий";"НЧ"
"отопление и котлы в рыбинске цены";"Профессии / Отопление и котлы / Рыбинск";"https://dodelay.ru/podrabotka/rybinsk/heating";"Коммерческий";"НЧ"
"отопление и котлы в рыбинске на дом";"Профессии / Отопление и котлы / Рыбинск";"https://dodelay.ru/podrabotka/rybinsk/heating";"Коммерческий";"НЧ"
"вызвать мастера по отоплению в рыбинске";"Профессии / Отопление и котлы / Рыбинск";"https://dodelay.ru/podrabotka/rybinsk/heating";"Коммерческий";"НЧ"
"нанять мастера по отоплению в рыбинске";"Профессии / Отопление и котлы / Рыбинск";"https://dodelay.ru/podrabotka/rybinsk/heating";"Коммерческий";"НЧ"
"найти мастера по отоплению в рыбинске";"Профессии / Отопление и котлы / Рыбинск";"https://dodelay.ru/podrabotka/rybinsk/heating";"Коммерческий";"НЧ"
"услуги мастера по отоплению в рыбинске";"Профессии / Отопление и котлы / Рыбинск";"https://dodelay.ru/podrabotka/rybinsk/heating";"Коммерческий";"НЧ"
"отопление и котлы частник в рыбинске";"Профессии / Отопление и котлы / Рыбинск";"https://dodelay.ru/podrabotka/rybinsk/heating";"Коммерческий";"НЧ"
"отопление и котлы без посредников в рыбинске";"Профессии / Отопление и котлы / Рыбинск";"https://dodelay.ru/podrabotka/rybinsk/heating";"Коммерческий";"НЧ"
"работа отопление и котлы в рыбинске";"Профессии / Отопление и котлы / Рыбинск";"https://dodelay.ru/podrabotka/rybinsk/heating";"Вакансия";"СЧ"
"подработка отопление и котлы в рыбинске";"Профессии / Отопление и котлы / Рыбинск";"https://dodelay.ru/podrabotka/rybinsk/heating";"Вакансия";"НЧ"
"требуется отопление и котлы в рыбинске";"Профессии / Отопление и котлы / Рыбинск";"https://dodelay.ru/podrabotka/rybinsk/heating";"Вакансия";"НЧ"
"вакансия отопление и котлы в рыбинске";"Профессии / Отопление и котлы / Рыбинск";"https://dodelay.ru/podrabotka/rybinsk/heating";"Вакансия";"НЧ"
"отопление и котлы в тутаеве";"Профессии / Отопление и котлы / Тутаев";"https://dodelay.ru/podrabotka/tutaev/heating";"Коммерческий";"СЧ"
"отопление и котлы тутаев";"Профессии / Отопление и котлы / Тутаев";"https://dodelay.ru/podrabotka/tutaev/heating";"Коммерческий";"СЧ"
"отопление и котлы в тутаеве недорого";"Профессии / Отопление и котлы / Тутаев";"https://dodelay.ru/podrabotka/tutaev/heating";"Коммерческий";"НЧ"
"отопление и котлы в тутаеве цены";"Профессии / Отопление и котлы / Тутаев";"https://dodelay.ru/podrabotka/tutaev/heating";"Коммерческий";"НЧ"
"отопление и котлы в тутаеве на дом";"Профессии / Отопление и котлы / Тутаев";"https://dodelay.ru/podrabotka/tutaev/heating";"Коммерческий";"НЧ"
"вызвать мастера по отоплению в тутаеве";"Профессии / Отопление и котлы / Тутаев";"https://dodelay.ru/podrabotka/tutaev/heating";"Коммерческий";"НЧ"
"нанять мастера по отоплению в тутаеве";"Профессии / Отопление и котлы / Тутаев";"https://dodelay.ru/podrabotka/tutaev/heating";"Коммерческий";"НЧ"
"найти мастера по отоплению в тутаеве";"Профессии / Отопление и котлы / Тутаев";"https://dodelay.ru/podrabotka/tutaev/heating";"Коммерческий";"НЧ"
"услуги мастера по отоплению в тутаеве";"Профессии / Отопление и котлы / Тутаев";"https://dodelay.ru/podrabotka/tutaev/heating";"Коммерческий";"НЧ"
"отопление и котлы частник в тутаеве";"Профессии / Отопление и котлы / Тутаев";"https://dodelay.ru/podrabotka/tutaev/heating";"Коммерческий";"НЧ"
"отопление и котлы без посредников в тутаеве";"Профессии / Отопление и котлы / Тутаев";"https://dodelay.ru/podrabotka/tutaev/heating";"Коммерческий";"НЧ"
"работа отопление и котлы в тутаеве";"Профессии / Отопление и котлы / Тутаев";"https://dodelay.ru/podrabotka/tutaev/heating";"Вакансия";"СЧ"
"подработка отопление и котлы в тутаеве";"Профессии / Отопление и котлы / Тутаев";"https://dodelay.ru/podrabotka/tutaev/heating";"Вакансия";"НЧ"
"требуется отопление и котлы в тутаеве";"Профессии / Отопление и котлы / Тутаев";"https://dodelay.ru/podrabotka/tutaev/heating";"Вакансия";"НЧ"
"вакансия отопление и котлы в тутаеве";"Профессии / Отопление и котлы / Тутаев";"https://dodelay.ru/podrabotka/tutaev/heating";"Вакансия";"НЧ"
"отопление и котлы в переславле-залесском";"Профессии / Отопление и котлы / Переславль-Залесский";"https://dodelay.ru/podrabotka/pereslavl/heating";"Коммерческий";"СЧ"
"отопление и котлы переславль-залесский";"Профессии / Отопление и котлы / Переславль-Залесский";"https://dodelay.ru/podrabotka/pereslavl/heating";"Коммерческий";"СЧ"
"отопление и котлы в переславле-залесском недорого";"Профессии / Отопление и котлы / Переславль-Залесский";"https://dodelay.ru/podrabotka/pereslavl/heating";"Коммерческий";"НЧ"
"отопление и котлы в переславле-залесском цены";"Профессии / Отопление и котлы / Переславль-Залесский";"https://dodelay.ru/podrabotka/pereslavl/heating";"Коммерческий";"НЧ"
"отопление и котлы в переславле-залесском на дом";"Профессии / Отопление и котлы / Переславль-Залесский";"https://dodelay.ru/podrabotka/pereslavl/heating";"Коммерческий";"НЧ"
"вызвать мастера по отоплению в переславле-залесском";"Профессии / Отопление и котлы / Переславль-Залесский";"https://dodelay.ru/podrabotka/pereslavl/heating";"Коммерческий";"НЧ"
"нанять мастера по отоплению в переславле-залесском";"Профессии / Отопление и котлы / Переславль-Залесский";"https://dodelay.ru/podrabotka/pereslavl/heating";"Коммерческий";"НЧ"
"найти мастера по отоплению в переславле-залесском";"Профессии / Отопление и котлы / Переславль-Залесский";"https://dodelay.ru/podrabotka/pereslavl/heating";"Коммерческий";"НЧ"
"услуги мастера по отоплению в переславле-залесском";"Профессии / Отопление и котлы / Переславль-Залесский";"https://dodelay.ru/podrabotka/pereslavl/heating";"Коммерческий";"НЧ"
"отопление и котлы частник в переславле-залесском";"Профессии / Отопление и котлы / Переславль-Залесский";"https://dodelay.ru/podrabotka/pereslavl/heating";"Коммерческий";"НЧ"
"отопление и котлы без посредников в переславле-залесском";"Профессии / Отопление и котлы / Переславль-Залесский";"https://dodelay.ru/podrabotka/pereslavl/heating";"Коммерческий";"НЧ"
"работа отопление и котлы в переславле-залесском";"Профессии / Отопление и котлы / Переславль-Залесский";"https://dodelay.ru/podrabotka/pereslavl/heating";"Вакансия";"СЧ"
"подработка отопление и котлы в переславле-залесском";"Профессии / Отопление и котлы / Переславль-Залесский";"https://dodelay.ru/podrabotka/pereslavl/heating";"Вакансия";"НЧ"
"требуется отопление и котлы в переславле-залесском";"Профессии / Отопление и котлы / Переславль-Залесский";"https://dodelay.ru/podrabotka/pereslavl/heating";"Вакансия";"НЧ"
"вакансия отопление и котлы в переславле-залесском";"Профессии / Отопление и котлы / Переславль-Залесский";"https://dodelay.ru/podrabotka/pereslavl/heating";"Вакансия";"НЧ"
"отопление и котлы в угличе";"Профессии / Отопление и котлы / Углич";"https://dodelay.ru/podrabotka/uglich/heating";"Коммерческий";"СЧ"
"отопление и котлы углич";"Профессии / Отопление и котлы / Углич";"https://dodelay.ru/podrabotka/uglich/heating";"Коммерческий";"СЧ"
"отопление и котлы в угличе недорого";"Профессии / Отопление и котлы / Углич";"https://dodelay.ru/podrabotka/uglich/heating";"Коммерческий";"НЧ"
"отопление и котлы в угличе цены";"Профессии / Отопление и котлы / Углич";"https://dodelay.ru/podrabotka/uglich/heating";"Коммерческий";"НЧ"
"отопление и котлы в угличе на дом";"Профессии / Отопление и котлы / Углич";"https://dodelay.ru/podrabotka/uglich/heating";"Коммерческий";"НЧ"
"вызвать мастера по отоплению в угличе";"Профессии / Отопление и котлы / Углич";"https://dodelay.ru/podrabotka/uglich/heating";"Коммерческий";"НЧ"
"нанять мастера по отоплению в угличе";"Профессии / Отопление и котлы / Углич";"https://dodelay.ru/podrabotka/uglich/heating";"Коммерческий";"НЧ"
"найти мастера по отоплению в угличе";"Профессии / Отопление и котлы / Углич";"https://dodelay.ru/podrabotka/uglich/heating";"Коммерческий";"НЧ"
"услуги мастера по отоплению в угличе";"Профессии / Отопление и котлы / Углич";"https://dodelay.ru/podrabotka/uglich/heating";"Коммерческий";"НЧ"
"отопление и котлы частник в угличе";"Профессии / Отопление и котлы / Углич";"https://dodelay.ru/podrabotka/uglich/heating";"Коммерческий";"НЧ"
"отопление и котлы без посредников в угличе";"Профессии / Отопление и котлы / Углич";"https://dodelay.ru/podrabotka/uglich/heating";"Коммерческий";"НЧ"
"работа отопление и котлы в угличе";"Профессии / Отопление и котлы / Углич";"https://dodelay.ru/podrabotka/uglich/heating";"Вакансия";"СЧ"
"подработка отопление и котлы в угличе";"Профессии / Отопление и котлы / Углич";"https://dodelay.ru/podrabotka/uglich/heating";"Вакансия";"НЧ"
"требуется отопление и котлы в угличе";"Профессии / Отопление и котлы / Углич";"https://dodelay.ru/podrabotka/uglich/heating";"Вакансия";"НЧ"
"вакансия отопление и котлы в угличе";"Профессии / Отопление и котлы / Углич";"https://dodelay.ru/podrabotka/uglich/heating";"Вакансия";"НЧ"
"отопление и котлы в ростове великом";"Профессии / Отопление и котлы / Ростов Великий";"https://dodelay.ru/podrabotka/rostov/heating";"Коммерческий";"СЧ"
"отопление и котлы ростов великий";"Профессии / Отопление и котлы / Ростов Великий";"https://dodelay.ru/podrabotka/rostov/heating";"Коммерческий";"СЧ"
"отопление и котлы в ростове великом недорого";"Профессии / Отопление и котлы / Ростов Великий";"https://dodelay.ru/podrabotka/rostov/heating";"Коммерческий";"НЧ"
"отопление и котлы в ростове великом цены";"Профессии / Отопление и котлы / Ростов Великий";"https://dodelay.ru/podrabotka/rostov/heating";"Коммерческий";"НЧ"
"отопление и котлы в ростове великом на дом";"Профессии / Отопление и котлы / Ростов Великий";"https://dodelay.ru/podrabotka/rostov/heating";"Коммерческий";"НЧ"
"вызвать мастера по отоплению в ростове великом";"Профессии / Отопление и котлы / Ростов Великий";"https://dodelay.ru/podrabotka/rostov/heating";"Коммерческий";"НЧ"
"нанять мастера по отоплению в ростове великом";"Профессии / Отопление и котлы / Ростов Великий";"https://dodelay.ru/podrabotka/rostov/heating";"Коммерческий";"НЧ"
"найти мастера по отоплению в ростове великом";"Профессии / Отопление и котлы / Ростов Великий";"https://dodelay.ru/podrabotka/rostov/heating";"Коммерческий";"НЧ"
"услуги мастера по отоплению в ростове великом";"Профессии / Отопление и котлы / Ростов Великий";"https://dodelay.ru/podrabotka/rostov/heating";"Коммерческий";"НЧ"
"отопление и котлы частник в ростове великом";"Профессии / Отопление и котлы / Ростов Великий";"https://dodelay.ru/podrabotka/rostov/heating";"Коммерческий";"НЧ"
"отопление и котлы без посредников в ростове великом";"Профессии / Отопление и котлы / Ростов Великий";"https://dodelay.ru/podrabotka/rostov/heating";"Коммерческий";"НЧ"
"работа отопление и котлы в ростове великом";"Профессии / Отопление и котлы / Ростов Великий";"https://dodelay.ru/podrabotka/rostov/heating";"Вакансия";"СЧ"
"подработка отопление и котлы в ростове великом";"Профессии / Отопление и котлы / Ростов Великий";"https://dodelay.ru/podrabotka/rostov/heating";"Вакансия";"НЧ"
"требуется отопление и котлы в ростове великом";"Профессии / Отопление и котлы / Ростов Великий";"https://dodelay.ru/podrabotka/rostov/heating";"Вакансия";"НЧ"
"вакансия отопление и котлы в ростове великом";"Профессии / Отопление и котлы / Ростов Великий";"https://dodelay.ru/podrabotka/rostov/heating";"Вакансия";"НЧ"
"замена радиатора в ярославле";"Профессии / Отопление и котлы / Задачи";"https://dodelay.ru/podrabotka/yaroslavl/heating";"Инфо";"НЧ"
"замена радиатора цена";"Профессии / Отопление и котлы / Задачи";"https://dodelay.ru/podrabotka/yaroslavl/heating";"Инфо";"НЧ"
"сколько стоит замена радиатора";"Профессии / Отопление и котлы / Задачи";"https://dodelay.ru/podrabotka/yaroslavl/heating";"Инфо";"НЧ"
"установка котла в ярославле";"Профессии / Отопление и котлы / Задачи";"https://dodelay.ru/podrabotka/yaroslavl/heating";"Инфо";"НЧ"
"установка котла цена";"Профессии / Отопление и котлы / Задачи";"https://dodelay.ru/podrabotka/yaroslavl/heating";"Инфо";"НЧ"
"сколько стоит установка котла";"Профессии / Отопление и котлы / Задачи";"https://dodelay.ru/podrabotka/yaroslavl/heating";"Инфо";"НЧ"
"монтаж тёплого пола";"Профессии / Отопление и котлы / Задачи";"https://dodelay.ru/podrabotka/yaroslavl/heating";"Инфо";"НЧ"
"сколько стоит монтаж тёплого пола";"Профессии / Отопление и котлы / Задачи";"https://dodelay.ru/podrabotka/yaroslavl/heating";"Инфо";"НЧ"
"промывка системы отопления в ярославле";"Профессии / Отопление и котлы / Задачи";"https://dodelay.ru/podrabotka/yaroslavl/heating";"Инфо";"НЧ"
"промывка системы отопления цена";"Профессии / Отопление и котлы / Задачи";"https://dodelay.ru/podrabotka/yaroslavl/heating";"Инфо";"НЧ"
"сколько стоит промывка системы отопления";"Профессии / Отопление и котлы / Задачи";"https://dodelay.ru/podrabotka/yaroslavl/heating";"Инфо";"НЧ"
"кондиционеры в ярославле";"Профессии / Кондиционеры / Ярославль";"https://dodelay.ru/podrabotka/yaroslavl/aircon";"Коммерческий";"СЧ"
"кондиционеры ярославль";"Профессии / Кондиционеры / Ярославль";"https://dodelay.ru/podrabotka/yaroslavl/aircon";"Коммерческий";"СЧ"
"кондиционеры в ярославле недорого";"Профессии / Кондиционеры / Ярославль";"https://dodelay.ru/podrabotka/yaroslavl/aircon";"Коммерческий";"НЧ"
"кондиционеры в ярославле цены";"Профессии / Кондиционеры / Ярославль";"https://dodelay.ru/podrabotka/yaroslavl/aircon";"Коммерческий";"НЧ"
"кондиционеры в ярославле на дом";"Профессии / Кондиционеры / Ярославль";"https://dodelay.ru/podrabotka/yaroslavl/aircon";"Коммерческий";"НЧ"
"вызвать мастера по кондиционерам в ярославле";"Профессии / Кондиционеры / Ярославль";"https://dodelay.ru/podrabotka/yaroslavl/aircon";"Коммерческий";"НЧ"
"нанять мастера по кондиционерам в ярославле";"Профессии / Кондиционеры / Ярославль";"https://dodelay.ru/podrabotka/yaroslavl/aircon";"Коммерческий";"НЧ"
"найти мастера по кондиционерам в ярославле";"Профессии / Кондиционеры / Ярославль";"https://dodelay.ru/podrabotka/yaroslavl/aircon";"Коммерческий";"НЧ"
"услуги мастера по кондиционерам в ярославле";"Профессии / Кондиционеры / Ярославль";"https://dodelay.ru/podrabotka/yaroslavl/aircon";"Коммерческий";"НЧ"
"кондиционеры частник в ярославле";"Профессии / Кондиционеры / Ярославль";"https://dodelay.ru/podrabotka/yaroslavl/aircon";"Коммерческий";"НЧ"
"кондиционеры без посредников в ярославле";"Профессии / Кондиционеры / Ярославль";"https://dodelay.ru/podrabotka/yaroslavl/aircon";"Коммерческий";"НЧ"
"работа кондиционеры в ярославле";"Профессии / Кондиционеры / Ярославль";"https://dodelay.ru/podrabotka/yaroslavl/aircon";"Вакансия";"СЧ"
"подработка кондиционеры в ярославле";"Профессии / Кондиционеры / Ярославль";"https://dodelay.ru/podrabotka/yaroslavl/aircon";"Вакансия";"НЧ"
"требуется кондиционеры в ярославле";"Профессии / Кондиционеры / Ярославль";"https://dodelay.ru/podrabotka/yaroslavl/aircon";"Вакансия";"НЧ"
"вакансия кондиционеры в ярославле";"Профессии / Кондиционеры / Ярославль";"https://dodelay.ru/podrabotka/yaroslavl/aircon";"Вакансия";"НЧ"
"кондиционеры в рыбинске";"Профессии / Кондиционеры / Рыбинск";"https://dodelay.ru/podrabotka/rybinsk/aircon";"Коммерческий";"СЧ"
"кондиционеры рыбинск";"Профессии / Кондиционеры / Рыбинск";"https://dodelay.ru/podrabotka/rybinsk/aircon";"Коммерческий";"СЧ"
"кондиционеры в рыбинске недорого";"Профессии / Кондиционеры / Рыбинск";"https://dodelay.ru/podrabotka/rybinsk/aircon";"Коммерческий";"НЧ"
"кондиционеры в рыбинске цены";"Профессии / Кондиционеры / Рыбинск";"https://dodelay.ru/podrabotka/rybinsk/aircon";"Коммерческий";"НЧ"
"кондиционеры в рыбинске на дом";"Профессии / Кондиционеры / Рыбинск";"https://dodelay.ru/podrabotka/rybinsk/aircon";"Коммерческий";"НЧ"
"вызвать мастера по кондиционерам в рыбинске";"Профессии / Кондиционеры / Рыбинск";"https://dodelay.ru/podrabotka/rybinsk/aircon";"Коммерческий";"НЧ"
"нанять мастера по кондиционерам в рыбинске";"Профессии / Кондиционеры / Рыбинск";"https://dodelay.ru/podrabotka/rybinsk/aircon";"Коммерческий";"НЧ"
"найти мастера по кондиционерам в рыбинске";"Профессии / Кондиционеры / Рыбинск";"https://dodelay.ru/podrabotka/rybinsk/aircon";"Коммерческий";"НЧ"
"услуги мастера по кондиционерам в рыбинске";"Профессии / Кондиционеры / Рыбинск";"https://dodelay.ru/podrabotka/rybinsk/aircon";"Коммерческий";"НЧ"
"кондиционеры частник в рыбинске";"Профессии / Кондиционеры / Рыбинск";"https://dodelay.ru/podrabotka/rybinsk/aircon";"Коммерческий";"НЧ"
"кондиционеры без посредников в рыбинске";"Профессии / Кондиционеры / Рыбинск";"https://dodelay.ru/podrabotka/rybinsk/aircon";"Коммерческий";"НЧ"
"работа кондиционеры в рыбинске";"Профессии / Кондиционеры / Рыбинск";"https://dodelay.ru/podrabotka/rybinsk/aircon";"Вакансия";"СЧ"
"подработка кондиционеры в рыбинске";"Профессии / Кондиционеры / Рыбинск";"https://dodelay.ru/podrabotka/rybinsk/aircon";"Вакансия";"НЧ"
"требуется кондиционеры в рыбинске";"Профессии / Кондиционеры / Рыбинск";"https://dodelay.ru/podrabotka/rybinsk/aircon";"Вакансия";"НЧ"
"вакансия кондиционеры в рыбинске";"Профессии / Кондиционеры / Рыбинск";"https://dodelay.ru/podrabotka/rybinsk/aircon";"Вакансия";"НЧ"
"кондиционеры в тутаеве";"Профессии / Кондиционеры / Тутаев";"https://dodelay.ru/podrabotka/tutaev/aircon";"Коммерческий";"СЧ"
"кондиционеры тутаев";"Профессии / Кондиционеры / Тутаев";"https://dodelay.ru/podrabotka/tutaev/aircon";"Коммерческий";"СЧ"
"кондиционеры в тутаеве недорого";"Профессии / Кондиционеры / Тутаев";"https://dodelay.ru/podrabotka/tutaev/aircon";"Коммерческий";"НЧ"
"кондиционеры в тутаеве цены";"Профессии / Кондиционеры / Тутаев";"https://dodelay.ru/podrabotka/tutaev/aircon";"Коммерческий";"НЧ"
"кондиционеры в тутаеве на дом";"Профессии / Кондиционеры / Тутаев";"https://dodelay.ru/podrabotka/tutaev/aircon";"Коммерческий";"НЧ"
"вызвать мастера по кондиционерам в тутаеве";"Профессии / Кондиционеры / Тутаев";"https://dodelay.ru/podrabotka/tutaev/aircon";"Коммерческий";"НЧ"
"нанять мастера по кондиционерам в тутаеве";"Профессии / Кондиционеры / Тутаев";"https://dodelay.ru/podrabotka/tutaev/aircon";"Коммерческий";"НЧ"
"найти мастера по кондиционерам в тутаеве";"Профессии / Кондиционеры / Тутаев";"https://dodelay.ru/podrabotka/tutaev/aircon";"Коммерческий";"НЧ"
"услуги мастера по кондиционерам в тутаеве";"Профессии / Кондиционеры / Тутаев";"https://dodelay.ru/podrabotka/tutaev/aircon";"Коммерческий";"НЧ"
"кондиционеры частник в тутаеве";"Профессии / Кондиционеры / Тутаев";"https://dodelay.ru/podrabotka/tutaev/aircon";"Коммерческий";"НЧ"
"кондиционеры без посредников в тутаеве";"Профессии / Кондиционеры / Тутаев";"https://dodelay.ru/podrabotka/tutaev/aircon";"Коммерческий";"НЧ"
"работа кондиционеры в тутаеве";"Профессии / Кондиционеры / Тутаев";"https://dodelay.ru/podrabotka/tutaev/aircon";"Вакансия";"СЧ"
"подработка кондиционеры в тутаеве";"Профессии / Кондиционеры / Тутаев";"https://dodelay.ru/podrabotka/tutaev/aircon";"Вакансия";"НЧ"
"требуется кондиционеры в тутаеве";"Профессии / Кондиционеры / Тутаев";"https://dodelay.ru/podrabotka/tutaev/aircon";"Вакансия";"НЧ"
"вакансия кондиционеры в тутаеве";"Профессии / Кондиционеры / Тутаев";"https://dodelay.ru/podrabotka/tutaev/aircon";"Вакансия";"НЧ"
"кондиционеры в переславле-залесском";"Профессии / Кондиционеры / Переславль-Залесский";"https://dodelay.ru/podrabotka/pereslavl/aircon";"Коммерческий";"СЧ"
"кондиционеры переславль-залесский";"Профессии / Кондиционеры / Переславль-Залесский";"https://dodelay.ru/podrabotka/pereslavl/aircon";"Коммерческий";"СЧ"
"кондиционеры в переславле-залесском недорого";"Профессии / Кондиционеры / Переславль-Залесский";"https://dodelay.ru/podrabotka/pereslavl/aircon";"Коммерческий";"НЧ"
"кондиционеры в переславле-залесском цены";"Профессии / Кондиционеры / Переславль-Залесский";"https://dodelay.ru/podrabotka/pereslavl/aircon";"Коммерческий";"НЧ"
"кондиционеры в переславле-залесском на дом";"Профессии / Кондиционеры / Переславль-Залесский";"https://dodelay.ru/podrabotka/pereslavl/aircon";"Коммерческий";"НЧ"
"вызвать мастера по кондиционерам в переславле-залесском";"Профессии / Кондиционеры / Переславль-Залесский";"https://dodelay.ru/podrabotka/pereslavl/aircon";"Коммерческий";"НЧ"
"нанять мастера по кондиционерам в переславле-залесском";"Профессии / Кондиционеры / Переславль-Залесский";"https://dodelay.ru/podrabotka/pereslavl/aircon";"Коммерческий";"НЧ"
"найти мастера по кондиционерам в переславле-залесском";"Профессии / Кондиционеры / Переславль-Залесский";"https://dodelay.ru/podrabotka/pereslavl/aircon";"Коммерческий";"НЧ"
"услуги мастера по кондиционерам в переславле-залесском";"Профессии / Кондиционеры / Переславль-Залесский";"https://dodelay.ru/podrabotka/pereslavl/aircon";"Коммерческий";"НЧ"
"кондиционеры частник в переславле-залесском";"Профессии / Кондиционеры / Переславль-Залесский";"https://dodelay.ru/podrabotka/pereslavl/aircon";"Коммерческий";"НЧ"
"кондиционеры без посредников в переславле-залесском";"Профессии / Кондиционеры / Переславль-Залесский";"https://dodelay.ru/podrabotka/pereslavl/aircon";"Коммерческий";"НЧ"
"работа кондиционеры в переславле-залесском";"Профессии / Кондиционеры / Переславль-Залесский";"https://dodelay.ru/podrabotka/pereslavl/aircon";"Вакансия";"СЧ"
"подработка кондиционеры в переславле-залесском";"Профессии / Кондиционеры / Переславль-Залесский";"https://dodelay.ru/podrabotka/pereslavl/aircon";"Вакансия";"НЧ"
"требуется кондиционеры в переславле-залесском";"Профессии / Кондиционеры / Переславль-Залесский";"https://dodelay.ru/podrabotka/pereslavl/aircon";"Вакансия";"НЧ"
"вакансия кондиционеры в переславле-залесском";"Профессии / Кондиционеры / Переславль-Залесский";"https://dodelay.ru/podrabotka/pereslavl/aircon";"Вакансия";"НЧ"
"кондиционеры в угличе";"Профессии / Кондиционеры / Углич";"https://dodelay.ru/podrabotka/uglich/aircon";"Коммерческий";"СЧ"
"кондиционеры углич";"Профессии / Кондиционеры / Углич";"https://dodelay.ru/podrabotka/uglich/aircon";"Коммерческий";"СЧ"
"кондиционеры в угличе недорого";"Профессии / Кондиционеры / Углич";"https://dodelay.ru/podrabotka/uglich/aircon";"Коммерческий";"НЧ"
"кондиционеры в угличе цены";"Профессии / Кондиционеры / Углич";"https://dodelay.ru/podrabotka/uglich/aircon";"Коммерческий";"НЧ"
"кондиционеры в угличе на дом";"Профессии / Кондиционеры / Углич";"https://dodelay.ru/podrabotka/uglich/aircon";"Коммерческий";"НЧ"
"вызвать мастера по кондиционерам в угличе";"Профессии / Кондиционеры / Углич";"https://dodelay.ru/podrabotka/uglich/aircon";"Коммерческий";"НЧ"
"нанять мастера по кондиционерам в угличе";"Профессии / Кондиционеры / Углич";"https://dodelay.ru/podrabotka/uglich/aircon";"Коммерческий";"НЧ"
"найти мастера по кондиционерам в угличе";"Профессии / Кондиционеры / Углич";"https://dodelay.ru/podrabotka/uglich/aircon";"Коммерческий";"НЧ"
"услуги мастера по кондиционерам в угличе";"Профессии / Кондиционеры / Углич";"https://dodelay.ru/podrabotka/uglich/aircon";"Коммерческий";"НЧ"
"кондиционеры частник в угличе";"Профессии / Кондиционеры / Углич";"https://dodelay.ru/podrabotka/uglich/aircon";"Коммерческий";"НЧ"
"кондиционеры без посредников в угличе";"Профессии / Кондиционеры / Углич";"https://dodelay.ru/podrabotka/uglich/aircon";"Коммерческий";"НЧ"
"работа кондиционеры в угличе";"Профессии / Кондиционеры / Углич";"https://dodelay.ru/podrabotka/uglich/aircon";"Вакансия";"СЧ"
"подработка кондиционеры в угличе";"Профессии / Кондиционеры / Углич";"https://dodelay.ru/podrabotka/uglich/aircon";"Вакансия";"НЧ"
"требуется кондиционеры в угличе";"Профессии / Кондиционеры / Углич";"https://dodelay.ru/podrabotka/uglich/aircon";"Вакансия";"НЧ"
"вакансия кондиционеры в угличе";"Профессии / Кондиционеры / Углич";"https://dodelay.ru/podrabotka/uglich/aircon";"Вакансия";"НЧ"
"кондиционеры в ростове великом";"Профессии / Кондиционеры / Ростов Великий";"https://dodelay.ru/podrabotka/rostov/aircon";"Коммерческий";"СЧ"
"кондиционеры ростов великий";"Профессии / Кондиционеры / Ростов Великий";"https://dodelay.ru/podrabotka/rostov/aircon";"Коммерческий";"СЧ"
"кондиционеры в ростове великом недорого";"Профессии / Кондиционеры / Ростов Великий";"https://dodelay.ru/podrabotka/rostov/aircon";"Коммерческий";"НЧ"
"кондиционеры в ростове великом цены";"Профессии / Кондиционеры / Ростов Великий";"https://dodelay.ru/podrabotka/rostov/aircon";"Коммерческий";"НЧ"
"кондиционеры в ростове великом на дом";"Профессии / Кондиционеры / Ростов Великий";"https://dodelay.ru/podrabotka/rostov/aircon";"Коммерческий";"НЧ"
"вызвать мастера по кондиционерам в ростове великом";"Профессии / Кондиционеры / Ростов Великий";"https://dodelay.ru/podrabotka/rostov/aircon";"Коммерческий";"НЧ"
"нанять мастера по кондиционерам в ростове великом";"Профессии / Кондиционеры / Ростов Великий";"https://dodelay.ru/podrabotka/rostov/aircon";"Коммерческий";"НЧ"
"найти мастера по кондиционерам в ростове великом";"Профессии / Кондиционеры / Ростов Великий";"https://dodelay.ru/podrabotka/rostov/aircon";"Коммерческий";"НЧ"
"услуги мастера по кондиционерам в ростове великом";"Профессии / Кондиционеры / Ростов Великий";"https://dodelay.ru/podrabotka/rostov/aircon";"Коммерческий";"НЧ"
"кондиционеры частник в ростове великом";"Профессии / Кондиционеры / Ростов Великий";"https://dodelay.ru/podrabotka/rostov/aircon";"Коммерческий";"НЧ"
"кондиционеры без посредников в ростове великом";"Профессии / Кондиционеры / Ростов Великий";"https://dodelay.ru/podrabotka/rostov/aircon";"Коммерческий";"НЧ"
"работа кондиционеры в ростове великом";"Профессии / Кондиционеры / Ростов Великий";"https://dodelay.ru/podrabotka/rostov/aircon";"Вакансия";"СЧ"
"подработка кондиционеры в ростове великом";"Профессии / Кондиционеры / Ростов Великий";"https://dodelay.ru/podrabotka/rostov/aircon";"Вакансия";"НЧ"
"требуется кондиционеры в ростове великом";"Профессии / Кондиционеры / Ростов Великий";"https://dodelay.ru/podrabotka/rostov/aircon";"Вакансия";"НЧ"
"вакансия кондиционеры в ростове великом";"Профессии / Кондиционеры / Ростов Великий";"https://dodelay.ru/podrabotka/rostov/aircon";"Вакансия";"НЧ"
"установка сплит-системы в ярославле";"Профессии / Кондиционеры / Задачи";"https://dodelay.ru/podrabotka/yaroslavl/aircon";"Инфо";"НЧ"
"установка сплит-системы цена";"Профессии / Кондиционеры / Задачи";"https://dodelay.ru/podrabotka/yaroslavl/aircon";"Инфо";"НЧ"
"сколько стоит установка сплит-системы";"Профессии / Кондиционеры / Задачи";"https://dodelay.ru/podrabotka/yaroslavl/aircon";"Инфо";"НЧ"
"чистка кондиционера в ярославле";"Профессии / Кондиционеры / Задачи";"https://dodelay.ru/podrabotka/yaroslavl/aircon";"Инфо";"НЧ"
"чистка кондиционера цена";"Профессии / Кондиционеры / Задачи";"https://dodelay.ru/podrabotka/yaroslavl/aircon";"Инфо";"НЧ"
"сколько стоит чистка кондиционера";"Профессии / Кондиционеры / Задачи";"https://dodelay.ru/podrabotka/yaroslavl/aircon";"Инфо";"НЧ"
"заправка фреоном в ярославле";"Профессии / Кондиционеры / Задачи";"https://dodelay.ru/podrabotka/yaroslavl/aircon";"Инфо";"НЧ"
"заправка фреоном цена";"Профессии / Кондиционеры / Задачи";"https://dodelay.ru/podrabotka/yaroslavl/aircon";"Инфо";"НЧ"
"сколько стоит заправка фреоном";"Профессии / Кондиционеры / Задачи";"https://dodelay.ru/podrabotka/yaroslavl/aircon";"Инфо";"НЧ"
"демонтаж кондиционера в ярославле";"Профессии / Кондиционеры / Задачи";"https://dodelay.ru/podrabotka/yaroslavl/aircon";"Инфо";"НЧ"
"демонтаж кондиционера цена";"Профессии / Кондиционеры / Задачи";"https://dodelay.ru/podrabotka/yaroslavl/aircon";"Инфо";"НЧ"
"сколько стоит демонтаж кондиционера";"Профессии / Кондиционеры / Задачи";"https://dodelay.ru/podrabotka/yaroslavl/aircon";"Инфо";"НЧ"
"вентиляция в ярославле";"Профессии / Вентиляция / Ярославль";"https://dodelay.ru/podrabotka/yaroslavl/ventilation";"Коммерческий";"СЧ"
"вентиляция ярославль";"Профессии / Вентиляция / Ярославль";"https://dodelay.ru/podrabotka/yaroslavl/ventilation";"Коммерческий";"СЧ"
"вентиляция в ярославле недорого";"Профессии / Вентиляция / Ярославль";"https://dodelay.ru/podrabotka/yaroslavl/ventilation";"Коммерческий";"НЧ"
"вентиляция в ярославле цены";"Профессии / Вентиляция / Ярославль";"https://dodelay.ru/podrabotka/yaroslavl/ventilation";"Коммерческий";"НЧ"
"вентиляция в ярославле на дом";"Профессии / Вентиляция / Ярославль";"https://dodelay.ru/podrabotka/yaroslavl/ventilation";"Коммерческий";"НЧ"
"вызвать мастера по вентиляции в ярославле";"Профессии / Вентиляция / Ярославль";"https://dodelay.ru/podrabotka/yaroslavl/ventilation";"Коммерческий";"НЧ"
"нанять мастера по вентиляции в ярославле";"Профессии / Вентиляция / Ярославль";"https://dodelay.ru/podrabotka/yaroslavl/ventilation";"Коммерческий";"НЧ"
"найти мастера по вентиляции в ярославле";"Профессии / Вентиляция / Ярославль";"https://dodelay.ru/podrabotka/yaroslavl/ventilation";"Коммерческий";"НЧ"
"услуги мастера по вентиляции в ярославле";"Профессии / Вентиляция / Ярославль";"https://dodelay.ru/podrabotka/yaroslavl/ventilation";"Коммерческий";"НЧ"
"вентиляция частник в ярославле";"Профессии / Вентиляция / Ярославль";"https://dodelay.ru/podrabotka/yaroslavl/ventilation";"Коммерческий";"НЧ"
"вентиляция без посредников в ярославле";"Профессии / Вентиляция / Ярославль";"https://dodelay.ru/podrabotka/yaroslavl/ventilation";"Коммерческий";"НЧ"
"работа вентиляция в ярославле";"Профессии / Вентиляция / Ярославль";"https://dodelay.ru/podrabotka/yaroslavl/ventilation";"Вакансия";"СЧ"
"подработка вентиляция в ярославле";"Профессии / Вентиляция / Ярославль";"https://dodelay.ru/podrabotka/yaroslavl/ventilation";"Вакансия";"НЧ"
"требуется вентиляция в ярославле";"Профессии / Вентиляция / Ярославль";"https://dodelay.ru/podrabotka/yaroslavl/ventilation";"Вакансия";"НЧ"
"вакансия вентиляция в ярославле";"Профессии / Вентиляция / Ярославль";"https://dodelay.ru/podrabotka/yaroslavl/ventilation";"Вакансия";"НЧ"
"вентиляция в рыбинске";"Профессии / Вентиляция / Рыбинск";"https://dodelay.ru/podrabotka/rybinsk/ventilation";"Коммерческий";"СЧ"
"вентиляция рыбинск";"Профессии / Вентиляция / Рыбинск";"https://dodelay.ru/podrabotka/rybinsk/ventilation";"Коммерческий";"СЧ"
"вентиляция в рыбинске недорого";"Профессии / Вентиляция / Рыбинск";"https://dodelay.ru/podrabotka/rybinsk/ventilation";"Коммерческий";"НЧ"
"вентиляция в рыбинске цены";"Профессии / Вентиляция / Рыбинск";"https://dodelay.ru/podrabotka/rybinsk/ventilation";"Коммерческий";"НЧ"
"вентиляция в рыбинске на дом";"Профессии / Вентиляция / Рыбинск";"https://dodelay.ru/podrabotka/rybinsk/ventilation";"Коммерческий";"НЧ"
"вызвать мастера по вентиляции в рыбинске";"Профессии / Вентиляция / Рыбинск";"https://dodelay.ru/podrabotka/rybinsk/ventilation";"Коммерческий";"НЧ"
"нанять мастера по вентиляции в рыбинске";"Профессии / Вентиляция / Рыбинск";"https://dodelay.ru/podrabotka/rybinsk/ventilation";"Коммерческий";"НЧ"
"найти мастера по вентиляции в рыбинске";"Профессии / Вентиляция / Рыбинск";"https://dodelay.ru/podrabotka/rybinsk/ventilation";"Коммерческий";"НЧ"
"услуги мастера по вентиляции в рыбинске";"Профессии / Вентиляция / Рыбинск";"https://dodelay.ru/podrabotka/rybinsk/ventilation";"Коммерческий";"НЧ"
"вентиляция частник в рыбинске";"Профессии / Вентиляция / Рыбинск";"https://dodelay.ru/podrabotka/rybinsk/ventilation";"Коммерческий";"НЧ"
"вентиляция без посредников в рыбинске";"Профессии / Вентиляция / Рыбинск";"https://dodelay.ru/podrabotka/rybinsk/ventilation";"Коммерческий";"НЧ"
"работа вентиляция в рыбинске";"Профессии / Вентиляция / Рыбинск";"https://dodelay.ru/podrabotka/rybinsk/ventilation";"Вакансия";"СЧ"
"подработка вентиляция в рыбинске";"Профессии / Вентиляция / Рыбинск";"https://dodelay.ru/podrabotka/rybinsk/ventilation";"Вакансия";"НЧ"
"требуется вентиляция в рыбинске";"Профессии / Вентиляция / Рыбинск";"https://dodelay.ru/podrabotka/rybinsk/ventilation";"Вакансия";"НЧ"
"вакансия вентиляция в рыбинске";"Профессии / Вентиляция / Рыбинск";"https://dodelay.ru/podrabotka/rybinsk/ventilation";"Вакансия";"НЧ"
"вентиляция в тутаеве";"Профессии / Вентиляция / Тутаев";"https://dodelay.ru/podrabotka/tutaev/ventilation";"Коммерческий";"СЧ"
"вентиляция тутаев";"Профессии / Вентиляция / Тутаев";"https://dodelay.ru/podrabotka/tutaev/ventilation";"Коммерческий";"СЧ"
"вентиляция в тутаеве недорого";"Профессии / Вентиляция / Тутаев";"https://dodelay.ru/podrabotka/tutaev/ventilation";"Коммерческий";"НЧ"
"вентиляция в тутаеве цены";"Профессии / Вентиляция / Тутаев";"https://dodelay.ru/podrabotka/tutaev/ventilation";"Коммерческий";"НЧ"
"вентиляция в тутаеве на дом";"Профессии / Вентиляция / Тутаев";"https://dodelay.ru/podrabotka/tutaev/ventilation";"Коммерческий";"НЧ"
"вызвать мастера по вентиляции в тутаеве";"Профессии / Вентиляция / Тутаев";"https://dodelay.ru/podrabotka/tutaev/ventilation";"Коммерческий";"НЧ"
"нанять мастера по вентиляции в тутаеве";"Профессии / Вентиляция / Тутаев";"https://dodelay.ru/podrabotka/tutaev/ventilation";"Коммерческий";"НЧ"
"найти мастера по вентиляции в тутаеве";"Профессии / Вентиляция / Тутаев";"https://dodelay.ru/podrabotka/tutaev/ventilation";"Коммерческий";"НЧ"
"услуги мастера по вентиляции в тутаеве";"Профессии / Вентиляция / Тутаев";"https://dodelay.ru/podrabotka/tutaev/ventilation";"Коммерческий";"НЧ"
"вентиляция частник в тутаеве";"Профессии / Вентиляция / Тутаев";"https://dodelay.ru/podrabotka/tutaev/ventilation";"Коммерческий";"НЧ"
"вентиляция без посредников в тутаеве";"Профессии / Вентиляция / Тутаев";"https://dodelay.ru/podrabotka/tutaev/ventilation";"Коммерческий";"НЧ"
"работа вентиляция в тутаеве";"Профессии / Вентиляция / Тутаев";"https://dodelay.ru/podrabotka/tutaev/ventilation";"Вакансия";"СЧ"
"подработка вентиляция в тутаеве";"Профессии / Вентиляция / Тутаев";"https://dodelay.ru/podrabotka/tutaev/ventilation";"Вакансия";"НЧ"
"требуется вентиляция в тутаеве";"Профессии / Вентиляция / Тутаев";"https://dodelay.ru/podrabotka/tutaev/ventilation";"Вакансия";"НЧ"
"вакансия вентиляция в тутаеве";"Профессии / Вентиляция / Тутаев";"https://dodelay.ru/podrabotka/tutaev/ventilation";"Вакансия";"НЧ"
"вентиляция в переславле-залесском";"Профессии / Вентиляция / Переславль-Залесский";"https://dodelay.ru/podrabotka/pereslavl/ventilation";"Коммерческий";"СЧ"
"вентиляция переславль-залесский";"Профессии / Вентиляция / Переславль-Залесский";"https://dodelay.ru/podrabotka/pereslavl/ventilation";"Коммерческий";"СЧ"
"вентиляция в переславле-залесском недорого";"Профессии / Вентиляция / Переславль-Залесский";"https://dodelay.ru/podrabotka/pereslavl/ventilation";"Коммерческий";"НЧ"
"вентиляция в переславле-залесском цены";"Профессии / Вентиляция / Переславль-Залесский";"https://dodelay.ru/podrabotka/pereslavl/ventilation";"Коммерческий";"НЧ"
"вентиляция в переславле-залесском на дом";"Профессии / Вентиляция / Переславль-Залесский";"https://dodelay.ru/podrabotka/pereslavl/ventilation";"Коммерческий";"НЧ"
"вызвать мастера по вентиляции в переславле-залесском";"Профессии / Вентиляция / Переславль-Залесский";"https://dodelay.ru/podrabotka/pereslavl/ventilation";"Коммерческий";"НЧ"
"нанять мастера по вентиляции в переславле-залесском";"Профессии / Вентиляция / Переславль-Залесский";"https://dodelay.ru/podrabotka/pereslavl/ventilation";"Коммерческий";"НЧ"
"найти мастера по вентиляции в переславле-залесском";"Профессии / Вентиляция / Переславль-Залесский";"https://dodelay.ru/podrabotka/pereslavl/ventilation";"Коммерческий";"НЧ"
"услуги мастера по вентиляции в переславле-залесском";"Профессии / Вентиляция / Переславль-Залесский";"https://dodelay.ru/podrabotka/pereslavl/ventilation";"Коммерческий";"НЧ"
"вентиляция частник в переславле-залесском";"Профессии / Вентиляция / Переславль-Залесский";"https://dodelay.ru/podrabotka/pereslavl/ventilation";"Коммерческий";"НЧ"
"вентиляция без посредников в переславле-залесском";"Профессии / Вентиляция / Переславль-Залесский";"https://dodelay.ru/podrabotka/pereslavl/ventilation";"Коммерческий";"НЧ"
"работа вентиляция в переславле-залесском";"Профессии / Вентиляция / Переславль-Залесский";"https://dodelay.ru/podrabotka/pereslavl/ventilation";"Вакансия";"СЧ"
"подработка вентиляция в переславле-залесском";"Профессии / Вентиляция / Переславль-Залесский";"https://dodelay.ru/podrabotka/pereslavl/ventilation";"Вакансия";"НЧ"
"требуется вентиляция в переславле-залесском";"Профессии / Вентиляция / Переславль-Залесский";"https://dodelay.ru/podrabotka/pereslavl/ventilation";"Вакансия";"НЧ"
"вакансия вентиляция в переславле-залесском";"Профессии / Вентиляция / Переславль-Залесский";"https://dodelay.ru/podrabotka/pereslavl/ventilation";"Вакансия";"НЧ"
"вентиляция в угличе";"Профессии / Вентиляция / Углич";"https://dodelay.ru/podrabotka/uglich/ventilation";"Коммерческий";"СЧ"
"вентиляция углич";"Профессии / Вентиляция / Углич";"https://dodelay.ru/podrabotka/uglich/ventilation";"Коммерческий";"СЧ"
"вентиляция в угличе недорого";"Профессии / Вентиляция / Углич";"https://dodelay.ru/podrabotka/uglich/ventilation";"Коммерческий";"НЧ"
"вентиляция в угличе цены";"Профессии / Вентиляция / Углич";"https://dodelay.ru/podrabotka/uglich/ventilation";"Коммерческий";"НЧ"
"вентиляция в угличе на дом";"Профессии / Вентиляция / Углич";"https://dodelay.ru/podrabotka/uglich/ventilation";"Коммерческий";"НЧ"
"вызвать мастера по вентиляции в угличе";"Профессии / Вентиляция / Углич";"https://dodelay.ru/podrabotka/uglich/ventilation";"Коммерческий";"НЧ"
"нанять мастера по вентиляции в угличе";"Профессии / Вентиляция / Углич";"https://dodelay.ru/podrabotka/uglich/ventilation";"Коммерческий";"НЧ"
"найти мастера по вентиляции в угличе";"Профессии / Вентиляция / Углич";"https://dodelay.ru/podrabotka/uglich/ventilation";"Коммерческий";"НЧ"
"услуги мастера по вентиляции в угличе";"Профессии / Вентиляция / Углич";"https://dodelay.ru/podrabotka/uglich/ventilation";"Коммерческий";"НЧ"
"вентиляция частник в угличе";"Профессии / Вентиляция / Углич";"https://dodelay.ru/podrabotka/uglich/ventilation";"Коммерческий";"НЧ"
"вентиляция без посредников в угличе";"Профессии / Вентиляция / Углич";"https://dodelay.ru/podrabotka/uglich/ventilation";"Коммерческий";"НЧ"
"работа вентиляция в угличе";"Профессии / Вентиляция / Углич";"https://dodelay.ru/podrabotka/uglich/ventilation";"Вакансия";"СЧ"
"подработка вентиляция в угличе";"Профессии / Вентиляция / Углич";"https://dodelay.ru/podrabotka/uglich/ventilation";"Вакансия";"НЧ"
"требуется вентиляция в угличе";"Профессии / Вентиляция / Углич";"https://dodelay.ru/podrabotka/uglich/ventilation";"Вакансия";"НЧ"
"вакансия вентиляция в угличе";"Профессии / Вентиляция / Углич";"https://dodelay.ru/podrabotka/uglich/ventilation";"Вакансия";"НЧ"
"вентиляция в ростове великом";"Профессии / Вентиляция / Ростов Великий";"https://dodelay.ru/podrabotka/rostov/ventilation";"Коммерческий";"СЧ"
"вентиляция ростов великий";"Профессии / Вентиляция / Ростов Великий";"https://dodelay.ru/podrabotka/rostov/ventilation";"Коммерческий";"СЧ"
"вентиляция в ростове великом недорого";"Профессии / Вентиляция / Ростов Великий";"https://dodelay.ru/podrabotka/rostov/ventilation";"Коммерческий";"НЧ"
"вентиляция в ростове великом цены";"Профессии / Вентиляция / Ростов Великий";"https://dodelay.ru/podrabotka/rostov/ventilation";"Коммерческий";"НЧ"
"вентиляция в ростове великом на дом";"Профессии / Вентиляция / Ростов Великий";"https://dodelay.ru/podrabotka/rostov/ventilation";"Коммерческий";"НЧ"
"вызвать мастера по вентиляции в ростове великом";"Профессии / Вентиляция / Ростов Великий";"https://dodelay.ru/podrabotka/rostov/ventilation";"Коммерческий";"НЧ"
"нанять мастера по вентиляции в ростове великом";"Профессии / Вентиляция / Ростов Великий";"https://dodelay.ru/podrabotka/rostov/ventilation";"Коммерческий";"НЧ"
"найти мастера по вентиляции в ростове великом";"Профессии / Вентиляция / Ростов Великий";"https://dodelay.ru/podrabotka/rostov/ventilation";"Коммерческий";"НЧ"
"услуги мастера по вентиляции в ростове великом";"Профессии / Вентиляция / Ростов Великий";"https://dodelay.ru/podrabotka/rostov/ventilation";"Коммерческий";"НЧ"
"вентиляция частник в ростове великом";"Профессии / Вентиляция / Ростов Великий";"https://dodelay.ru/podrabotka/rostov/ventilation";"Коммерческий";"НЧ"
"вентиляция без посредников в ростове великом";"Профессии / Вентиляция / Ростов Великий";"https://dodelay.ru/podrabotka/rostov/ventilation";"Коммерческий";"НЧ"
"работа вентиляция в ростове великом";"Профессии / Вентиляция / Ростов Великий";"https://dodelay.ru/podrabotka/rostov/ventilation";"Вакансия";"СЧ"
"подработка вентиляция в ростове великом";"Профессии / Вентиляция / Ростов Великий";"https://dodelay.ru/podrabotka/rostov/ventilation";"Вакансия";"НЧ"
"требуется вентиляция в ростове великом";"Профессии / Вентиляция / Ростов Великий";"https://dodelay.ru/podrabotka/rostov/ventilation";"Вакансия";"НЧ"
"вакансия вентиляция в ростове великом";"Профессии / Вентиляция / Ростов Великий";"https://dodelay.ru/podrabotka/rostov/ventilation";"Вакансия";"НЧ"
"прочистка вентканала в ярославле";"Профессии / Вентиляция / Задачи";"https://dodelay.ru/podrabotka/yaroslavl/ventilation";"Инфо";"НЧ"
"прочистка вентканала цена";"Профессии / Вентиляция / Задачи";"https://dodelay.ru/podrabotka/yaroslavl/ventilation";"Инфо";"НЧ"
"сколько стоит прочистка вентканала";"Профессии / Вентиляция / Задачи";"https://dodelay.ru/podrabotka/yaroslavl/ventilation";"Инфо";"НЧ"
"установка вытяжного вентилятора в ярославле";"Профессии / Вентиляция / Задачи";"https://dodelay.ru/podrabotka/yaroslavl/ventilation";"Инфо";"НЧ"
"установка вытяжного вентилятора цена";"Профессии / Вентиляция / Задачи";"https://dodelay.ru/podrabotka/yaroslavl/ventilation";"Инфо";"НЧ"
"сколько стоит установка вытяжного вентилятора";"Профессии / Вентиляция / Задачи";"https://dodelay.ru/podrabotka/yaroslavl/ventilation";"Инфо";"НЧ"
"монтаж воздуховода";"Профессии / Вентиляция / Задачи";"https://dodelay.ru/podrabotka/yaroslavl/ventilation";"Инфо";"НЧ"
"сколько стоит монтаж воздуховода";"Профессии / Вентиляция / Задачи";"https://dodelay.ru/podrabotka/yaroslavl/ventilation";"Инфо";"НЧ"
"установка приточного клапана в ярославле";"Профессии / Вентиляция / Задачи";"https://dodelay.ru/podrabotka/yaroslavl/ventilation";"Инфо";"НЧ"
"установка приточного клапана цена";"Профессии / Вентиляция / Задачи";"https://dodelay.ru/podrabotka/yaroslavl/ventilation";"Инфо";"НЧ"
"сколько стоит установка приточного клапана";"Профессии / Вентиляция / Задачи";"https://dodelay.ru/podrabotka/yaroslavl/ventilation";"Инфо";"НЧ"
"скважины и колодцы в ярославле";"Профессии / Скважины и колодцы / Ярославль";"https://dodelay.ru/podrabotka/yaroslavl/wells";"Коммерческий";"СЧ"
"скважины и колодцы ярославль";"Профессии / Скважины и колодцы / Ярославль";"https://dodelay.ru/podrabotka/yaroslavl/wells";"Коммерческий";"СЧ"
"скважины и колодцы в ярославле недорого";"Профессии / Скважины и колодцы / Ярославль";"https://dodelay.ru/podrabotka/yaroslavl/wells";"Коммерческий";"НЧ"
"скважины и колодцы в ярославле цены";"Профессии / Скважины и колодцы / Ярославль";"https://dodelay.ru/podrabotka/yaroslavl/wells";"Коммерческий";"НЧ"
"скважины и колодцы в ярославле на дом";"Профессии / Скважины и колодцы / Ярославль";"https://dodelay.ru/podrabotka/yaroslavl/wells";"Коммерческий";"НЧ"
"вызвать мастера по скважинам в ярославле";"Профессии / Скважины и колодцы / Ярославль";"https://dodelay.ru/podrabotka/yaroslavl/wells";"Коммерческий";"НЧ"
"нанять мастера по скважинам в ярославле";"Профессии / Скважины и колодцы / Ярославль";"https://dodelay.ru/podrabotka/yaroslavl/wells";"Коммерческий";"НЧ"
"найти мастера по скважинам в ярославле";"Профессии / Скважины и колодцы / Ярославль";"https://dodelay.ru/podrabotka/yaroslavl/wells";"Коммерческий";"НЧ"
"услуги мастера по скважинам в ярославле";"Профессии / Скважины и колодцы / Ярославль";"https://dodelay.ru/podrabotka/yaroslavl/wells";"Коммерческий";"НЧ"
"скважины и колодцы частник в ярославле";"Профессии / Скважины и колодцы / Ярославль";"https://dodelay.ru/podrabotka/yaroslavl/wells";"Коммерческий";"НЧ"
"скважины и колодцы без посредников в ярославле";"Профессии / Скважины и колодцы / Ярославль";"https://dodelay.ru/podrabotka/yaroslavl/wells";"Коммерческий";"НЧ"
"работа скважины и колодцы в ярославле";"Профессии / Скважины и колодцы / Ярославль";"https://dodelay.ru/podrabotka/yaroslavl/wells";"Вакансия";"СЧ"
"подработка скважины и колодцы в ярославле";"Профессии / Скважины и колодцы / Ярославль";"https://dodelay.ru/podrabotka/yaroslavl/wells";"Вакансия";"НЧ"
"требуется скважины и колодцы в ярославле";"Профессии / Скважины и колодцы / Ярославль";"https://dodelay.ru/podrabotka/yaroslavl/wells";"Вакансия";"НЧ"
"вакансия скважины и колодцы в ярославле";"Профессии / Скважины и колодцы / Ярославль";"https://dodelay.ru/podrabotka/yaroslavl/wells";"Вакансия";"НЧ"
"скважины и колодцы в рыбинске";"Профессии / Скважины и колодцы / Рыбинск";"https://dodelay.ru/podrabotka/rybinsk/wells";"Коммерческий";"СЧ"
"скважины и колодцы рыбинск";"Профессии / Скважины и колодцы / Рыбинск";"https://dodelay.ru/podrabotka/rybinsk/wells";"Коммерческий";"СЧ"
"скважины и колодцы в рыбинске недорого";"Профессии / Скважины и колодцы / Рыбинск";"https://dodelay.ru/podrabotka/rybinsk/wells";"Коммерческий";"НЧ"
"скважины и колодцы в рыбинске цены";"Профессии / Скважины и колодцы / Рыбинск";"https://dodelay.ru/podrabotka/rybinsk/wells";"Коммерческий";"НЧ"
"скважины и колодцы в рыбинске на дом";"Профессии / Скважины и колодцы / Рыбинск";"https://dodelay.ru/podrabotka/rybinsk/wells";"Коммерческий";"НЧ"
"вызвать мастера по скважинам в рыбинске";"Профессии / Скважины и колодцы / Рыбинск";"https://dodelay.ru/podrabotka/rybinsk/wells";"Коммерческий";"НЧ"
"нанять мастера по скважинам в рыбинске";"Профессии / Скважины и колодцы / Рыбинск";"https://dodelay.ru/podrabotka/rybinsk/wells";"Коммерческий";"НЧ"
"найти мастера по скважинам в рыбинске";"Профессии / Скважины и колодцы / Рыбинск";"https://dodelay.ru/podrabotka/rybinsk/wells";"Коммерческий";"НЧ"
"услуги мастера по скважинам в рыбинске";"Профессии / Скважины и колодцы / Рыбинск";"https://dodelay.ru/podrabotka/rybinsk/wells";"Коммерческий";"НЧ"
"скважины и колодцы частник в рыбинске";"Профессии / Скважины и колодцы / Рыбинск";"https://dodelay.ru/podrabotka/rybinsk/wells";"Коммерческий";"НЧ"
"скважины и колодцы без посредников в рыбинске";"Профессии / Скважины и колодцы / Рыбинск";"https://dodelay.ru/podrabotka/rybinsk/wells";"Коммерческий";"НЧ"
"работа скважины и колодцы в рыбинске";"Профессии / Скважины и колодцы / Рыбинск";"https://dodelay.ru/podrabotka/rybinsk/wells";"Вакансия";"СЧ"
"подработка скважины и колодцы в рыбинске";"Профессии / Скважины и колодцы / Рыбинск";"https://dodelay.ru/podrabotka/rybinsk/wells";"Вакансия";"НЧ"
"требуется скважины и колодцы в рыбинске";"Профессии / Скважины и колодцы / Рыбинск";"https://dodelay.ru/podrabotka/rybinsk/wells";"Вакансия";"НЧ"
"вакансия скважины и колодцы в рыбинске";"Профессии / Скважины и колодцы / Рыбинск";"https://dodelay.ru/podrabotka/rybinsk/wells";"Вакансия";"НЧ"
"скважины и колодцы в тутаеве";"Профессии / Скважины и колодцы / Тутаев";"https://dodelay.ru/podrabotka/tutaev/wells";"Коммерческий";"СЧ"
"скважины и колодцы тутаев";"Профессии / Скважины и колодцы / Тутаев";"https://dodelay.ru/podrabotka/tutaev/wells";"Коммерческий";"СЧ"
"скважины и колодцы в тутаеве недорого";"Профессии / Скважины и колодцы / Тутаев";"https://dodelay.ru/podrabotka/tutaev/wells";"Коммерческий";"НЧ"
"скважины и колодцы в тутаеве цены";"Профессии / Скважины и колодцы / Тутаев";"https://dodelay.ru/podrabotka/tutaev/wells";"Коммерческий";"НЧ"
"скважины и колодцы в тутаеве на дом";"Профессии / Скважины и колодцы / Тутаев";"https://dodelay.ru/podrabotka/tutaev/wells";"Коммерческий";"НЧ"
"вызвать мастера по скважинам в тутаеве";"Профессии / Скважины и колодцы / Тутаев";"https://dodelay.ru/podrabotka/tutaev/wells";"Коммерческий";"НЧ"
"нанять мастера по скважинам в тутаеве";"Профессии / Скважины и колодцы / Тутаев";"https://dodelay.ru/podrabotka/tutaev/wells";"Коммерческий";"НЧ"
"найти мастера по скважинам в тутаеве";"Профессии / Скважины и колодцы / Тутаев";"https://dodelay.ru/podrabotka/tutaev/wells";"Коммерческий";"НЧ"
"услуги мастера по скважинам в тутаеве";"Профессии / Скважины и колодцы / Тутаев";"https://dodelay.ru/podrabotka/tutaev/wells";"Коммерческий";"НЧ"
"скважины и колодцы частник в тутаеве";"Профессии / Скважины и колодцы / Тутаев";"https://dodelay.ru/podrabotka/tutaev/wells";"Коммерческий";"НЧ"
"скважины и колодцы без посредников в тутаеве";"Профессии / Скважины и колодцы / Тутаев";"https://dodelay.ru/podrabotka/tutaev/wells";"Коммерческий";"НЧ"
"работа скважины и колодцы в тутаеве";"Профессии / Скважины и колодцы / Тутаев";"https://dodelay.ru/podrabotka/tutaev/wells";"Вакансия";"СЧ"
"подработка скважины и колодцы в тутаеве";"Профессии / Скважины и колодцы / Тутаев";"https://dodelay.ru/podrabotka/tutaev/wells";"Вакансия";"НЧ"
"требуется скважины и колодцы в тутаеве";"Профессии / Скважины и колодцы / Тутаев";"https://dodelay.ru/podrabotka/tutaev/wells";"Вакансия";"НЧ"
"вакансия скважины и колодцы в тутаеве";"Профессии / Скважины и колодцы / Тутаев";"https://dodelay.ru/podrabotka/tutaev/wells";"Вакансия";"НЧ"
"скважины и колодцы в переславле-залесском";"Профессии / Скважины и колодцы / Переславль-Залесский";"https://dodelay.ru/podrabotka/pereslavl/wells";"Коммерческий";"СЧ"
"скважины и колодцы переславль-залесский";"Профессии / Скважины и колодцы / Переславль-Залесский";"https://dodelay.ru/podrabotka/pereslavl/wells";"Коммерческий";"СЧ"
"скважины и колодцы в переславле-залесском недорого";"Профессии / Скважины и колодцы / Переславль-Залесский";"https://dodelay.ru/podrabotka/pereslavl/wells";"Коммерческий";"НЧ"
"скважины и колодцы в переславле-залесском цены";"Профессии / Скважины и колодцы / Переславль-Залесский";"https://dodelay.ru/podrabotka/pereslavl/wells";"Коммерческий";"НЧ"
"скважины и колодцы в переславле-залесском на дом";"Профессии / Скважины и колодцы / Переславль-Залесский";"https://dodelay.ru/podrabotka/pereslavl/wells";"Коммерческий";"НЧ"
"вызвать мастера по скважинам в переславле-залесском";"Профессии / Скважины и колодцы / Переславль-Залесский";"https://dodelay.ru/podrabotka/pereslavl/wells";"Коммерческий";"НЧ"
"нанять мастера по скважинам в переславле-залесском";"Профессии / Скважины и колодцы / Переславль-Залесский";"https://dodelay.ru/podrabotka/pereslavl/wells";"Коммерческий";"НЧ"
"найти мастера по скважинам в переславле-залесском";"Профессии / Скважины и колодцы / Переславль-Залесский";"https://dodelay.ru/podrabotka/pereslavl/wells";"Коммерческий";"НЧ"
"услуги мастера по скважинам в переславле-залесском";"Профессии / Скважины и колодцы / Переславль-Залесский";"https://dodelay.ru/podrabotka/pereslavl/wells";"Коммерческий";"НЧ"
"скважины и колодцы частник в переславле-залесском";"Профессии / Скважины и колодцы / Переславль-Залесский";"https://dodelay.ru/podrabotka/pereslavl/wells";"Коммерческий";"НЧ"
"скважины и колодцы без посредников в переславле-залесском";"Профессии / Скважины и колодцы / Переславль-Залесский";"https://dodelay.ru/podrabotka/pereslavl/wells";"Коммерческий";"НЧ"
"работа скважины и колодцы в переславле-залесском";"Профессии / Скважины и колодцы / Переславль-Залесский";"https://dodelay.ru/podrabotka/pereslavl/wells";"Вакансия";"СЧ"
"подработка скважины и колодцы в переславле-залесском";"Профессии / Скважины и колодцы / Переславль-Залесский";"https://dodelay.ru/podrabotka/pereslavl/wells";"Вакансия";"НЧ"
"требуется скважины и колодцы в переславле-залесском";"Профессии / Скважины и колодцы / Переславль-Залесский";"https://dodelay.ru/podrabotka/pereslavl/wells";"Вакансия";"НЧ"
"вакансия скважины и колодцы в переславле-залесском";"Профессии / Скважины и колодцы / Переславль-Залесский";"https://dodelay.ru/podrabotka/pereslavl/wells";"Вакансия";"НЧ"
"скважины и колодцы в угличе";"Профессии / Скважины и колодцы / Углич";"https://dodelay.ru/podrabotka/uglich/wells";"Коммерческий";"СЧ"
"скважины и колодцы углич";"Профессии / Скважины и колодцы / Углич";"https://dodelay.ru/podrabotka/uglich/wells";"Коммерческий";"СЧ"
"скважины и колодцы в угличе недорого";"Профессии / Скважины и колодцы / Углич";"https://dodelay.ru/podrabotka/uglich/wells";"Коммерческий";"НЧ"
"скважины и колодцы в угличе цены";"Профессии / Скважины и колодцы / Углич";"https://dodelay.ru/podrabotka/uglich/wells";"Коммерческий";"НЧ"
"скважины и колодцы в угличе на дом";"Профессии / Скважины и колодцы / Углич";"https://dodelay.ru/podrabotka/uglich/wells";"Коммерческий";"НЧ"
"вызвать мастера по скважинам в угличе";"Профессии / Скважины и колодцы / Углич";"https://dodelay.ru/podrabotka/uglich/wells";"Коммерческий";"НЧ"
"нанять мастера по скважинам в угличе";"Профессии / Скважины и колодцы / Углич";"https://dodelay.ru/podrabotka/uglich/wells";"Коммерческий";"НЧ"
"найти мастера по скважинам в угличе";"Профессии / Скважины и колодцы / Углич";"https://dodelay.ru/podrabotka/uglich/wells";"Коммерческий";"НЧ"
"услуги мастера по скважинам в угличе";"Профессии / Скважины и колодцы / Углич";"https://dodelay.ru/podrabotka/uglich/wells";"Коммерческий";"НЧ"
"скважины и колодцы частник в угличе";"Профессии / Скважины и колодцы / Углич";"https://dodelay.ru/podrabotka/uglich/wells";"Коммерческий";"НЧ"
"скважины и колодцы без посредников в угличе";"Профессии / Скважины и колодцы / Углич";"https://dodelay.ru/podrabotka/uglich/wells";"Коммерческий";"НЧ"
"работа скважины и колодцы в угличе";"Профессии / Скважины и колодцы / Углич";"https://dodelay.ru/podrabotka/uglich/wells";"Вакансия";"СЧ"
"подработка скважины и колодцы в угличе";"Профессии / Скважины и колодцы / Углич";"https://dodelay.ru/podrabotka/uglich/wells";"Вакансия";"НЧ"
"требуется скважины и колодцы в угличе";"Профессии / Скважины и колодцы / Углич";"https://dodelay.ru/podrabotka/uglich/wells";"Вакансия";"НЧ"
"вакансия скважины и колодцы в угличе";"Профессии / Скважины и колодцы / Углич";"https://dodelay.ru/podrabotka/uglich/wells";"Вакансия";"НЧ"
"скважины и колодцы в ростове великом";"Профессии / Скважины и колодцы / Ростов Великий";"https://dodelay.ru/podrabotka/rostov/wells";"Коммерческий";"СЧ"
"скважины и колодцы ростов великий";"Профессии / Скважины и колодцы / Ростов Великий";"https://dodelay.ru/podrabotka/rostov/wells";"Коммерческий";"СЧ"
"скважины и колодцы в ростове великом недорого";"Профессии / Скважины и колодцы / Ростов Великий";"https://dodelay.ru/podrabotka/rostov/wells";"Коммерческий";"НЧ"
"скважины и колодцы в ростове великом цены";"Профессии / Скважины и колодцы / Ростов Великий";"https://dodelay.ru/podrabotka/rostov/wells";"Коммерческий";"НЧ"
"скважины и колодцы в ростове великом на дом";"Профессии / Скважины и колодцы / Ростов Великий";"https://dodelay.ru/podrabotka/rostov/wells";"Коммерческий";"НЧ"
"вызвать мастера по скважинам в ростове великом";"Профессии / Скважины и колодцы / Ростов Великий";"https://dodelay.ru/podrabotka/rostov/wells";"Коммерческий";"НЧ"
"нанять мастера по скважинам в ростове великом";"Профессии / Скважины и колодцы / Ростов Великий";"https://dodelay.ru/podrabotka/rostov/wells";"Коммерческий";"НЧ"
"найти мастера по скважинам в ростове великом";"Профессии / Скважины и колодцы / Ростов Великий";"https://dodelay.ru/podrabotka/rostov/wells";"Коммерческий";"НЧ"
"услуги мастера по скважинам в ростове великом";"Профессии / Скважины и колодцы / Ростов Великий";"https://dodelay.ru/podrabotka/rostov/wells";"Коммерческий";"НЧ"
"скважины и колодцы частник в ростове великом";"Профессии / Скважины и колодцы / Ростов Великий";"https://dodelay.ru/podrabotka/rostov/wells";"Коммерческий";"НЧ"
"скважины и колодцы без посредников в ростове великом";"Профессии / Скважины и колодцы / Ростов Великий";"https://dodelay.ru/podrabotka/rostov/wells";"Коммерческий";"НЧ"
"работа скважины и колодцы в ростове великом";"Профессии / Скважины и колодцы / Ростов Великий";"https://dodelay.ru/podrabotka/rostov/wells";"Вакансия";"СЧ"
"подработка скважины и колодцы в ростове великом";"Профессии / Скважины и колодцы / Ростов Великий";"https://dodelay.ru/podrabotka/rostov/wells";"Вакансия";"НЧ"
"требуется скважины и колодцы в ростове великом";"Профессии / Скважины и колодцы / Ростов Великий";"https://dodelay.ru/podrabotka/rostov/wells";"Вакансия";"НЧ"
"вакансия скважины и колодцы в ростове великом";"Профессии / Скважины и колодцы / Ростов Великий";"https://dodelay.ru/podrabotka/rostov/wells";"Вакансия";"НЧ"
"бурение скважины";"Профессии / Скважины и колодцы / Задачи";"https://dodelay.ru/podrabotka/yaroslavl/wells";"Инфо";"НЧ"
"сколько стоит бурение скважины";"Профессии / Скважины и колодцы / Задачи";"https://dodelay.ru/podrabotka/yaroslavl/wells";"Инфо";"НЧ"
"установка насоса в ярославле";"Профессии / Скважины и колодцы / Задачи";"https://dodelay.ru/podrabotka/yaroslavl/wells";"Инфо";"НЧ"
"установка насоса цена";"Профессии / Скважины и колодцы / Задачи";"https://dodelay.ru/podrabotka/yaroslavl/wells";"Инфо";"НЧ"
"сколько стоит установка насоса";"Профессии / Скважины и колодцы / Задачи";"https://dodelay.ru/podrabotka/yaroslavl/wells";"Инфо";"НЧ"
"чистка колодца в ярославле";"Профессии / Скважины и колодцы / Задачи";"https://dodelay.ru/podrabotka/yaroslavl/wells";"Инфо";"НЧ"
"чистка колодца цена";"Профессии / Скважины и колодцы / Задачи";"https://dodelay.ru/podrabotka/yaroslavl/wells";"Инфо";"НЧ"
"сколько стоит чистка колодца";"Профессии / Скважины и колодцы / Задачи";"https://dodelay.ru/podrabotka/yaroslavl/wells";"Инфо";"НЧ"
"ввод воды в дом в ярославле";"Профессии / Скважины и колодцы / Задачи";"https://dodelay.ru/podrabotka/yaroslavl/wells";"Инфо";"НЧ"
"ввод воды в дом цена";"Профессии / Скважины и колодцы / Задачи";"https://dodelay.ru/podrabotka/yaroslavl/wells";"Инфо";"НЧ"
"сколько стоит ввод воды в дом";"Профессии / Скважины и колодцы / Задачи";"https://dodelay.ru/podrabotka/yaroslavl/wells";"Инфо";"НЧ"
"интернет и видеонаблюдение в ярославле";"Профессии / Интернет и видеонаблюдение / Ярославль";"https://dodelay.ru/podrabotka/yaroslavl/lowvoltage";"Коммерческий";"СЧ"
"интернет и видеонаблюдение ярославль";"Профессии / Интернет и видеонаблюдение / Ярославль";"https://dodelay.ru/podrabotka/yaroslavl/lowvoltage";"Коммерческий";"СЧ"
"интернет и видеонаблюдение в ярославле недорого";"Профессии / Интернет и видеонаблюдение / Ярославль";"https://dodelay.ru/podrabotka/yaroslavl/lowvoltage";"Коммерческий";"НЧ"
"интернет и видеонаблюдение в ярославле цены";"Профессии / Интернет и видеонаблюдение / Ярославль";"https://dodelay.ru/podrabotka/yaroslavl/lowvoltage";"Коммерческий";"НЧ"
"интернет и видеонаблюдение в ярославле на дом";"Профессии / Интернет и видеонаблюдение / Ярославль";"https://dodelay.ru/podrabotka/yaroslavl/lowvoltage";"Коммерческий";"НЧ"
"вызвать мастера по слаботочке в ярославле";"Профессии / Интернет и видеонаблюдение / Ярославль";"https://dodelay.ru/podrabotka/yaroslavl/lowvoltage";"Коммерческий";"НЧ"
"нанять мастера по слаботочке в ярославле";"Профессии / Интернет и видеонаблюдение / Ярославль";"https://dodelay.ru/podrabotka/yaroslavl/lowvoltage";"Коммерческий";"НЧ"
"найти мастера по слаботочке в ярославле";"Профессии / Интернет и видеонаблюдение / Ярославль";"https://dodelay.ru/podrabotka/yaroslavl/lowvoltage";"Коммерческий";"НЧ"
"услуги мастера по слаботочке в ярославле";"Профессии / Интернет и видеонаблюдение / Ярославль";"https://dodelay.ru/podrabotka/yaroslavl/lowvoltage";"Коммерческий";"НЧ"
"интернет и видеонаблюдение частник в ярославле";"Профессии / Интернет и видеонаблюдение / Ярославль";"https://dodelay.ru/podrabotka/yaroslavl/lowvoltage";"Коммерческий";"НЧ"
"интернет и видеонаблюдение без посредников в ярославле";"Профессии / Интернет и видеонаблюдение / Ярославль";"https://dodelay.ru/podrabotka/yaroslavl/lowvoltage";"Коммерческий";"НЧ"
"работа интернет и видеонаблюдение в ярославле";"Профессии / Интернет и видеонаблюдение / Ярославль";"https://dodelay.ru/podrabotka/yaroslavl/lowvoltage";"Вакансия";"СЧ"
"подработка интернет и видеонаблюдение в ярославле";"Профессии / Интернет и видеонаблюдение / Ярославль";"https://dodelay.ru/podrabotka/yaroslavl/lowvoltage";"Вакансия";"НЧ"
"требуется интернет и видеонаблюдение в ярославле";"Профессии / Интернет и видеонаблюдение / Ярославль";"https://dodelay.ru/podrabotka/yaroslavl/lowvoltage";"Вакансия";"НЧ"
"вакансия интернет и видеонаблюдение в ярославле";"Профессии / Интернет и видеонаблюдение / Ярославль";"https://dodelay.ru/podrabotka/yaroslavl/lowvoltage";"Вакансия";"НЧ"
"интернет и видеонаблюдение в рыбинске";"Профессии / Интернет и видеонаблюдение / Рыбинск";"https://dodelay.ru/podrabotka/rybinsk/lowvoltage";"Коммерческий";"СЧ"
"интернет и видеонаблюдение рыбинск";"Профессии / Интернет и видеонаблюдение / Рыбинск";"https://dodelay.ru/podrabotka/rybinsk/lowvoltage";"Коммерческий";"СЧ"
"интернет и видеонаблюдение в рыбинске недорого";"Профессии / Интернет и видеонаблюдение / Рыбинск";"https://dodelay.ru/podrabotka/rybinsk/lowvoltage";"Коммерческий";"НЧ"
"интернет и видеонаблюдение в рыбинске цены";"Профессии / Интернет и видеонаблюдение / Рыбинск";"https://dodelay.ru/podrabotka/rybinsk/lowvoltage";"Коммерческий";"НЧ"
"интернет и видеонаблюдение в рыбинске на дом";"Профессии / Интернет и видеонаблюдение / Рыбинск";"https://dodelay.ru/podrabotka/rybinsk/lowvoltage";"Коммерческий";"НЧ"
"вызвать мастера по слаботочке в рыбинске";"Профессии / Интернет и видеонаблюдение / Рыбинск";"https://dodelay.ru/podrabotka/rybinsk/lowvoltage";"Коммерческий";"НЧ"
"нанять мастера по слаботочке в рыбинске";"Профессии / Интернет и видеонаблюдение / Рыбинск";"https://dodelay.ru/podrabotka/rybinsk/lowvoltage";"Коммерческий";"НЧ"
"найти мастера по слаботочке в рыбинске";"Профессии / Интернет и видеонаблюдение / Рыбинск";"https://dodelay.ru/podrabotka/rybinsk/lowvoltage";"Коммерческий";"НЧ"
"услуги мастера по слаботочке в рыбинске";"Профессии / Интернет и видеонаблюдение / Рыбинск";"https://dodelay.ru/podrabotka/rybinsk/lowvoltage";"Коммерческий";"НЧ"
"интернет и видеонаблюдение частник в рыбинске";"Профессии / Интернет и видеонаблюдение / Рыбинск";"https://dodelay.ru/podrabotka/rybinsk/lowvoltage";"Коммерческий";"НЧ"
"интернет и видеонаблюдение без посредников в рыбинске";"Профессии / Интернет и видеонаблюдение / Рыбинск";"https://dodelay.ru/podrabotka/rybinsk/lowvoltage";"Коммерческий";"НЧ"
"работа интернет и видеонаблюдение в рыбинске";"Профессии / Интернет и видеонаблюдение / Рыбинск";"https://dodelay.ru/podrabotka/rybinsk/lowvoltage";"Вакансия";"СЧ"
"подработка интернет и видеонаблюдение в рыбинске";"Профессии / Интернет и видеонаблюдение / Рыбинск";"https://dodelay.ru/podrabotka/rybinsk/lowvoltage";"Вакансия";"НЧ"
"требуется интернет и видеонаблюдение в рыбинске";"Профессии / Интернет и видеонаблюдение / Рыбинск";"https://dodelay.ru/podrabotka/rybinsk/lowvoltage";"Вакансия";"НЧ"
"вакансия интернет и видеонаблюдение в рыбинске";"Профессии / Интернет и видеонаблюдение / Рыбинск";"https://dodelay.ru/podrabotka/rybinsk/lowvoltage";"Вакансия";"НЧ"
"интернет и видеонаблюдение в тутаеве";"Профессии / Интернет и видеонаблюдение / Тутаев";"https://dodelay.ru/podrabotka/tutaev/lowvoltage";"Коммерческий";"СЧ"
"интернет и видеонаблюдение тутаев";"Профессии / Интернет и видеонаблюдение / Тутаев";"https://dodelay.ru/podrabotka/tutaev/lowvoltage";"Коммерческий";"СЧ"
"интернет и видеонаблюдение в тутаеве недорого";"Профессии / Интернет и видеонаблюдение / Тутаев";"https://dodelay.ru/podrabotka/tutaev/lowvoltage";"Коммерческий";"НЧ"
"интернет и видеонаблюдение в тутаеве цены";"Профессии / Интернет и видеонаблюдение / Тутаев";"https://dodelay.ru/podrabotka/tutaev/lowvoltage";"Коммерческий";"НЧ"
"интернет и видеонаблюдение в тутаеве на дом";"Профессии / Интернет и видеонаблюдение / Тутаев";"https://dodelay.ru/podrabotka/tutaev/lowvoltage";"Коммерческий";"НЧ"
"вызвать мастера по слаботочке в тутаеве";"Профессии / Интернет и видеонаблюдение / Тутаев";"https://dodelay.ru/podrabotka/tutaev/lowvoltage";"Коммерческий";"НЧ"
"нанять мастера по слаботочке в тутаеве";"Профессии / Интернет и видеонаблюдение / Тутаев";"https://dodelay.ru/podrabotka/tutaev/lowvoltage";"Коммерческий";"НЧ"
"найти мастера по слаботочке в тутаеве";"Профессии / Интернет и видеонаблюдение / Тутаев";"https://dodelay.ru/podrabotka/tutaev/lowvoltage";"Коммерческий";"НЧ"
"услуги мастера по слаботочке в тутаеве";"Профессии / Интернет и видеонаблюдение / Тутаев";"https://dodelay.ru/podrabotka/tutaev/lowvoltage";"Коммерческий";"НЧ"
"интернет и видеонаблюдение частник в тутаеве";"Профессии / Интернет и видеонаблюдение / Тутаев";"https://dodelay.ru/podrabotka/tutaev/lowvoltage";"Коммерческий";"НЧ"
"интернет и видеонаблюдение без посредников в тутаеве";"Профессии / Интернет и видеонаблюдение / Тутаев";"https://dodelay.ru/podrabotka/tutaev/lowvoltage";"Коммерческий";"НЧ"
"работа интернет и видеонаблюдение в тутаеве";"Профессии / Интернет и видеонаблюдение / Тутаев";"https://dodelay.ru/podrabotka/tutaev/lowvoltage";"Вакансия";"СЧ"
"подработка интернет и видеонаблюдение в тутаеве";"Профессии / Интернет и видеонаблюдение / Тутаев";"https://dodelay.ru/podrabotka/tutaev/lowvoltage";"Вакансия";"НЧ"
"требуется интернет и видеонаблюдение в тутаеве";"Профессии / Интернет и видеонаблюдение / Тутаев";"https://dodelay.ru/podrabotka/tutaev/lowvoltage";"Вакансия";"НЧ"
"вакансия интернет и видеонаблюдение в тутаеве";"Профессии / Интернет и видеонаблюдение / Тутаев";"https://dodelay.ru/podrabotka/tutaev/lowvoltage";"Вакансия";"НЧ"
"интернет и видеонаблюдение в переславле-залесском";"Профессии / Интернет и видеонаблюдение / Переславль-Залесский";"https://dodelay.ru/podrabotka/pereslavl/lowvoltage";"Коммерческий";"СЧ"
"интернет и видеонаблюдение переславль-залесский";"Профессии / Интернет и видеонаблюдение / Переславль-Залесский";"https://dodelay.ru/podrabotka/pereslavl/lowvoltage";"Коммерческий";"СЧ"
"интернет и видеонаблюдение в переславле-залесском недорого";"Профессии / Интернет и видеонаблюдение / Переславль-Залесский";"https://dodelay.ru/podrabotka/pereslavl/lowvoltage";"Коммерческий";"НЧ"
"интернет и видеонаблюдение в переславле-залесском цены";"Профессии / Интернет и видеонаблюдение / Переславль-Залесский";"https://dodelay.ru/podrabotka/pereslavl/lowvoltage";"Коммерческий";"НЧ"
"интернет и видеонаблюдение в переславле-залесском на дом";"Профессии / Интернет и видеонаблюдение / Переславль-Залесский";"https://dodelay.ru/podrabotka/pereslavl/lowvoltage";"Коммерческий";"НЧ"
"вызвать мастера по слаботочке в переславле-залесском";"Профессии / Интернет и видеонаблюдение / Переславль-Залесский";"https://dodelay.ru/podrabotka/pereslavl/lowvoltage";"Коммерческий";"НЧ"
"нанять мастера по слаботочке в переславле-залесском";"Профессии / Интернет и видеонаблюдение / Переславль-Залесский";"https://dodelay.ru/podrabotka/pereslavl/lowvoltage";"Коммерческий";"НЧ"
"найти мастера по слаботочке в переславле-залесском";"Профессии / Интернет и видеонаблюдение / Переславль-Залесский";"https://dodelay.ru/podrabotka/pereslavl/lowvoltage";"Коммерческий";"НЧ"
"услуги мастера по слаботочке в переславле-залесском";"Профессии / Интернет и видеонаблюдение / Переславль-Залесский";"https://dodelay.ru/podrabotka/pereslavl/lowvoltage";"Коммерческий";"НЧ"
"интернет и видеонаблюдение частник в переславле-залесском";"Профессии / Интернет и видеонаблюдение / Переславль-Залесский";"https://dodelay.ru/podrabotka/pereslavl/lowvoltage";"Коммерческий";"НЧ"
"интернет и видеонаблюдение без посредников в переславле-залесском";"Профессии / Интернет и видеонаблюдение / Переславль-Залесский";"https://dodelay.ru/podrabotka/pereslavl/lowvoltage";"Коммерческий";"НЧ"
"работа интернет и видеонаблюдение в переславле-залесском";"Профессии / Интернет и видеонаблюдение / Переславль-Залесский";"https://dodelay.ru/podrabotka/pereslavl/lowvoltage";"Вакансия";"СЧ"
"подработка интернет и видеонаблюдение в переславле-залесском";"Профессии / Интернет и видеонаблюдение / Переславль-Залесский";"https://dodelay.ru/podrabotka/pereslavl/lowvoltage";"Вакансия";"НЧ"
"требуется интернет и видеонаблюдение в переславле-залесском";"Профессии / Интернет и видеонаблюдение / Переславль-Залесский";"https://dodelay.ru/podrabotka/pereslavl/lowvoltage";"Вакансия";"НЧ"
"вакансия интернет и видеонаблюдение в переславле-залесском";"Профессии / Интернет и видеонаблюдение / Переславль-Залесский";"https://dodelay.ru/podrabotka/pereslavl/lowvoltage";"Вакансия";"НЧ"
"интернет и видеонаблюдение в угличе";"Профессии / Интернет и видеонаблюдение / Углич";"https://dodelay.ru/podrabotka/uglich/lowvoltage";"Коммерческий";"СЧ"
"интернет и видеонаблюдение углич";"Профессии / Интернет и видеонаблюдение / Углич";"https://dodelay.ru/podrabotka/uglich/lowvoltage";"Коммерческий";"СЧ"
"интернет и видеонаблюдение в угличе недорого";"Профессии / Интернет и видеонаблюдение / Углич";"https://dodelay.ru/podrabotka/uglich/lowvoltage";"Коммерческий";"НЧ"
"интернет и видеонаблюдение в угличе цены";"Профессии / Интернет и видеонаблюдение / Углич";"https://dodelay.ru/podrabotka/uglich/lowvoltage";"Коммерческий";"НЧ"
"интернет и видеонаблюдение в угличе на дом";"Профессии / Интернет и видеонаблюдение / Углич";"https://dodelay.ru/podrabotka/uglich/lowvoltage";"Коммерческий";"НЧ"
"вызвать мастера по слаботочке в угличе";"Профессии / Интернет и видеонаблюдение / Углич";"https://dodelay.ru/podrabotka/uglich/lowvoltage";"Коммерческий";"НЧ"
"нанять мастера по слаботочке в угличе";"Профессии / Интернет и видеонаблюдение / Углич";"https://dodelay.ru/podrabotka/uglich/lowvoltage";"Коммерческий";"НЧ"
"найти мастера по слаботочке в угличе";"Профессии / Интернет и видеонаблюдение / Углич";"https://dodelay.ru/podrabotka/uglich/lowvoltage";"Коммерческий";"НЧ"
"услуги мастера по слаботочке в угличе";"Профессии / Интернет и видеонаблюдение / Углич";"https://dodelay.ru/podrabotka/uglich/lowvoltage";"Коммерческий";"НЧ"
"интернет и видеонаблюдение частник в угличе";"Профессии / Интернет и видеонаблюдение / Углич";"https://dodelay.ru/podrabotka/uglich/lowvoltage";"Коммерческий";"НЧ"
"интернет и видеонаблюдение без посредников в угличе";"Профессии / Интернет и видеонаблюдение / Углич";"https://dodelay.ru/podrabotka/uglich/lowvoltage";"Коммерческий";"НЧ"
"работа интернет и видеонаблюдение в угличе";"Профессии / Интернет и видеонаблюдение / Углич";"https://dodelay.ru/podrabotka/uglich/lowvoltage";"Вакансия";"СЧ"
"подработка интернет и видеонаблюдение в угличе";"Профессии / Интернет и видеонаблюдение / Углич";"https://dodelay.ru/podrabotka/uglich/lowvoltage";"Вакансия";"НЧ"
"требуется интернет и видеонаблюдение в угличе";"Профессии / Интернет и видеонаблюдение / Углич";"https://dodelay.ru/podrabotka/uglich/lowvoltage";"Вакансия";"НЧ"
"вакансия интернет и видеонаблюдение в угличе";"Профессии / Интернет и видеонаблюдение / Углич";"https://dodelay.ru/podrabotka/uglich/lowvoltage";"Вакансия";"НЧ"
"интернет и видеонаблюдение в ростове великом";"Профессии / Интернет и видеонаблюдение / Ростов Великий";"https://dodelay.ru/podrabotka/rostov/lowvoltage";"Коммерческий";"СЧ"
"интернет и видеонаблюдение ростов великий";"Профессии / Интернет и видеонаблюдение / Ростов Великий";"https://dodelay.ru/podrabotka/rostov/lowvoltage";"Коммерческий";"СЧ"
"интернет и видеонаблюдение в ростове великом недорого";"Профессии / Интернет и видеонаблюдение / Ростов Великий";"https://dodelay.ru/podrabotka/rostov/lowvoltage";"Коммерческий";"НЧ"
"интернет и видеонаблюдение в ростове великом цены";"Профессии / Интернет и видеонаблюдение / Ростов Великий";"https://dodelay.ru/podrabotka/rostov/lowvoltage";"Коммерческий";"НЧ"
"интернет и видеонаблюдение в ростове великом на дом";"Профессии / Интернет и видеонаблюдение / Ростов Великий";"https://dodelay.ru/podrabotka/rostov/lowvoltage";"Коммерческий";"НЧ"
"вызвать мастера по слаботочке в ростове великом";"Профессии / Интернет и видеонаблюдение / Ростов Великий";"https://dodelay.ru/podrabotka/rostov/lowvoltage";"Коммерческий";"НЧ"
"нанять мастера по слаботочке в ростове великом";"Профессии / Интернет и видеонаблюдение / Ростов Великий";"https://dodelay.ru/podrabotka/rostov/lowvoltage";"Коммерческий";"НЧ"
"найти мастера по слаботочке в ростове великом";"Профессии / Интернет и видеонаблюдение / Ростов Великий";"https://dodelay.ru/podrabotka/rostov/lowvoltage";"Коммерческий";"НЧ"
"услуги мастера по слаботочке в ростове великом";"Профессии / Интернет и видеонаблюдение / Ростов Великий";"https://dodelay.ru/podrabotka/rostov/lowvoltage";"Коммерческий";"НЧ"
"интернет и видеонаблюдение частник в ростове великом";"Профессии / Интернет и видеонаблюдение / Ростов Великий";"https://dodelay.ru/podrabotka/rostov/lowvoltage";"Коммерческий";"НЧ"
"интернет и видеонаблюдение без посредников в ростове великом";"Профессии / Интернет и видеонаблюдение / Ростов Великий";"https://dodelay.ru/podrabotka/rostov/lowvoltage";"Коммерческий";"НЧ"
"работа интернет и видеонаблюдение в ростове великом";"Профессии / Интернет и видеонаблюдение / Ростов Великий";"https://dodelay.ru/podrabotka/rostov/lowvoltage";"Вакансия";"СЧ"
"подработка интернет и видеонаблюдение в ростове великом";"Профессии / Интернет и видеонаблюдение / Ростов Великий";"https://dodelay.ru/podrabotka/rostov/lowvoltage";"Вакансия";"НЧ"
"требуется интернет и видеонаблюдение в ростове великом";"Профессии / Интернет и видеонаблюдение / Ростов Великий";"https://dodelay.ru/podrabotka/rostov/lowvoltage";"Вакансия";"НЧ"
"вакансия интернет и видеонаблюдение в ростове великом";"Профессии / Интернет и видеонаблюдение / Ростов Великий";"https://dodelay.ru/podrabotka/rostov/lowvoltage";"Вакансия";"НЧ"
"настройка роутера и wi-fi в ярославле";"Профессии / Интернет и видеонаблюдение / Задачи";"https://dodelay.ru/podrabotka/yaroslavl/lowvoltage";"Инфо";"НЧ"
"настройка роутера и wi-fi цена";"Профессии / Интернет и видеонаблюдение / Задачи";"https://dodelay.ru/podrabotka/yaroslavl/lowvoltage";"Инфо";"НЧ"
"сколько стоит настройка роутера и wi-fi";"Профессии / Интернет и видеонаблюдение / Задачи";"https://dodelay.ru/podrabotka/yaroslavl/lowvoltage";"Инфо";"НЧ"
"установка камеры видеонаблюдения в ярославле";"Профессии / Интернет и видеонаблюдение / Задачи";"https://dodelay.ru/podrabotka/yaroslavl/lowvoltage";"Инфо";"НЧ"
"установка камеры видеонаблюдения цена";"Профессии / Интернет и видеонаблюдение / Задачи";"https://dodelay.ru/podrabotka/yaroslavl/lowvoltage";"Инфо";"НЧ"
"сколько стоит установка камеры видеонаблюдения";"Профессии / Интернет и видеонаблюдение / Задачи";"https://dodelay.ru/podrabotka/yaroslavl/lowvoltage";"Инфо";"НЧ"
"прокладка кабеля";"Профессии / Интернет и видеонаблюдение / Задачи";"https://dodelay.ru/podrabotka/yaroslavl/lowvoltage";"Инфо";"НЧ"
"сколько стоит прокладка кабеля";"Профессии / Интернет и видеонаблюдение / Задачи";"https://dodelay.ru/podrabotka/yaroslavl/lowvoltage";"Инфо";"НЧ"
"комплект из 4 камер под ключ в ярославле";"Профессии / Интернет и видеонаблюдение / Задачи";"https://dodelay.ru/podrabotka/yaroslavl/lowvoltage";"Инфо";"НЧ"
"комплект из 4 камер под ключ цена";"Профессии / Интернет и видеонаблюдение / Задачи";"https://dodelay.ru/podrabotka/yaroslavl/lowvoltage";"Инфо";"НЧ"
"сколько стоит комплект из 4 камер под ключ";"Профессии / Интернет и видеонаблюдение / Задачи";"https://dodelay.ru/podrabotka/yaroslavl/lowvoltage";"Инфо";"НЧ"
"ремонт техники в ярославле";"Профессии / Ремонт техники / Ярославль";"https://dodelay.ru/podrabotka/yaroslavl/appliance";"Коммерческий";"СЧ"
"ремонт техники ярославль";"Профессии / Ремонт техники / Ярославль";"https://dodelay.ru/podrabotka/yaroslavl/appliance";"Коммерческий";"СЧ"
"ремонт техники в ярославле недорого";"Профессии / Ремонт техники / Ярославль";"https://dodelay.ru/podrabotka/yaroslavl/appliance";"Коммерческий";"НЧ"
"ремонт техники в ярославле цены";"Профессии / Ремонт техники / Ярославль";"https://dodelay.ru/podrabotka/yaroslavl/appliance";"Коммерческий";"НЧ"
"ремонт техники в ярославле на дом";"Профессии / Ремонт техники / Ярославль";"https://dodelay.ru/podrabotka/yaroslavl/appliance";"Коммерческий";"НЧ"
"вызвать мастера по ремонту техники в ярославле";"Профессии / Ремонт техники / Ярославль";"https://dodelay.ru/podrabotka/yaroslavl/appliance";"Коммерческий";"НЧ"
"нанять мастера по ремонту техники в ярославле";"Профессии / Ремонт техники / Ярославль";"https://dodelay.ru/podrabotka/yaroslavl/appliance";"Коммерческий";"НЧ"
"найти мастера по ремонту техники в ярославле";"Профессии / Ремонт техники / Ярославль";"https://dodelay.ru/podrabotka/yaroslavl/appliance";"Коммерческий";"НЧ"
"услуги мастера по ремонту техники в ярославле";"Профессии / Ремонт техники / Ярославль";"https://dodelay.ru/podrabotka/yaroslavl/appliance";"Коммерческий";"НЧ"
"ремонт техники частник в ярославле";"Профессии / Ремонт техники / Ярославль";"https://dodelay.ru/podrabotka/yaroslavl/appliance";"Коммерческий";"НЧ"
"ремонт техники без посредников в ярославле";"Профессии / Ремонт техники / Ярославль";"https://dodelay.ru/podrabotka/yaroslavl/appliance";"Коммерческий";"НЧ"
"работа ремонт техники в ярославле";"Профессии / Ремонт техники / Ярославль";"https://dodelay.ru/podrabotka/yaroslavl/appliance";"Вакансия";"СЧ"
"подработка ремонт техники в ярославле";"Профессии / Ремонт техники / Ярославль";"https://dodelay.ru/podrabotka/yaroslavl/appliance";"Вакансия";"НЧ"
"требуется ремонт техники в ярославле";"Профессии / Ремонт техники / Ярославль";"https://dodelay.ru/podrabotka/yaroslavl/appliance";"Вакансия";"НЧ"
"вакансия ремонт техники в ярославле";"Профессии / Ремонт техники / Ярославль";"https://dodelay.ru/podrabotka/yaroslavl/appliance";"Вакансия";"НЧ"
"ремонт техники в рыбинске";"Профессии / Ремонт техники / Рыбинск";"https://dodelay.ru/podrabotka/rybinsk/appliance";"Коммерческий";"СЧ"
"ремонт техники рыбинск";"Профессии / Ремонт техники / Рыбинск";"https://dodelay.ru/podrabotka/rybinsk/appliance";"Коммерческий";"СЧ"
"ремонт техники в рыбинске недорого";"Профессии / Ремонт техники / Рыбинск";"https://dodelay.ru/podrabotka/rybinsk/appliance";"Коммерческий";"НЧ"
"ремонт техники в рыбинске цены";"Профессии / Ремонт техники / Рыбинск";"https://dodelay.ru/podrabotka/rybinsk/appliance";"Коммерческий";"НЧ"
"ремонт техники в рыбинске на дом";"Профессии / Ремонт техники / Рыбинск";"https://dodelay.ru/podrabotka/rybinsk/appliance";"Коммерческий";"НЧ"
"вызвать мастера по ремонту техники в рыбинске";"Профессии / Ремонт техники / Рыбинск";"https://dodelay.ru/podrabotka/rybinsk/appliance";"Коммерческий";"НЧ"
"нанять мастера по ремонту техники в рыбинске";"Профессии / Ремонт техники / Рыбинск";"https://dodelay.ru/podrabotka/rybinsk/appliance";"Коммерческий";"НЧ"
"найти мастера по ремонту техники в рыбинске";"Профессии / Ремонт техники / Рыбинск";"https://dodelay.ru/podrabotka/rybinsk/appliance";"Коммерческий";"НЧ"
"услуги мастера по ремонту техники в рыбинске";"Профессии / Ремонт техники / Рыбинск";"https://dodelay.ru/podrabotka/rybinsk/appliance";"Коммерческий";"НЧ"
"ремонт техники частник в рыбинске";"Профессии / Ремонт техники / Рыбинск";"https://dodelay.ru/podrabotka/rybinsk/appliance";"Коммерческий";"НЧ"
"ремонт техники без посредников в рыбинске";"Профессии / Ремонт техники / Рыбинск";"https://dodelay.ru/podrabotka/rybinsk/appliance";"Коммерческий";"НЧ"
"работа ремонт техники в рыбинске";"Профессии / Ремонт техники / Рыбинск";"https://dodelay.ru/podrabotka/rybinsk/appliance";"Вакансия";"СЧ"
"подработка ремонт техники в рыбинске";"Профессии / Ремонт техники / Рыбинск";"https://dodelay.ru/podrabotka/rybinsk/appliance";"Вакансия";"НЧ"
"требуется ремонт техники в рыбинске";"Профессии / Ремонт техники / Рыбинск";"https://dodelay.ru/podrabotka/rybinsk/appliance";"Вакансия";"НЧ"
"вакансия ремонт техники в рыбинске";"Профессии / Ремонт техники / Рыбинск";"https://dodelay.ru/podrabotka/rybinsk/appliance";"Вакансия";"НЧ"
"ремонт техники в тутаеве";"Профессии / Ремонт техники / Тутаев";"https://dodelay.ru/podrabotka/tutaev/appliance";"Коммерческий";"СЧ"
"ремонт техники тутаев";"Профессии / Ремонт техники / Тутаев";"https://dodelay.ru/podrabotka/tutaev/appliance";"Коммерческий";"СЧ"
"ремонт техники в тутаеве недорого";"Профессии / Ремонт техники / Тутаев";"https://dodelay.ru/podrabotka/tutaev/appliance";"Коммерческий";"НЧ"
"ремонт техники в тутаеве цены";"Профессии / Ремонт техники / Тутаев";"https://dodelay.ru/podrabotka/tutaev/appliance";"Коммерческий";"НЧ"
"ремонт техники в тутаеве на дом";"Профессии / Ремонт техники / Тутаев";"https://dodelay.ru/podrabotka/tutaev/appliance";"Коммерческий";"НЧ"
"вызвать мастера по ремонту техники в тутаеве";"Профессии / Ремонт техники / Тутаев";"https://dodelay.ru/podrabotka/tutaev/appliance";"Коммерческий";"НЧ"
"нанять мастера по ремонту техники в тутаеве";"Профессии / Ремонт техники / Тутаев";"https://dodelay.ru/podrabotka/tutaev/appliance";"Коммерческий";"НЧ"
"найти мастера по ремонту техники в тутаеве";"Профессии / Ремонт техники / Тутаев";"https://dodelay.ru/podrabotka/tutaev/appliance";"Коммерческий";"НЧ"
"услуги мастера по ремонту техники в тутаеве";"Профессии / Ремонт техники / Тутаев";"https://dodelay.ru/podrabotka/tutaev/appliance";"Коммерческий";"НЧ"
"ремонт техники частник в тутаеве";"Профессии / Ремонт техники / Тутаев";"https://dodelay.ru/podrabotka/tutaev/appliance";"Коммерческий";"НЧ"
"ремонт техники без посредников в тутаеве";"Профессии / Ремонт техники / Тутаев";"https://dodelay.ru/podrabotka/tutaev/appliance";"Коммерческий";"НЧ"
"работа ремонт техники в тутаеве";"Профессии / Ремонт техники / Тутаев";"https://dodelay.ru/podrabotka/tutaev/appliance";"Вакансия";"СЧ"
"подработка ремонт техники в тутаеве";"Профессии / Ремонт техники / Тутаев";"https://dodelay.ru/podrabotka/tutaev/appliance";"Вакансия";"НЧ"
"требуется ремонт техники в тутаеве";"Профессии / Ремонт техники / Тутаев";"https://dodelay.ru/podrabotka/tutaev/appliance";"Вакансия";"НЧ"
"вакансия ремонт техники в тутаеве";"Профессии / Ремонт техники / Тутаев";"https://dodelay.ru/podrabotka/tutaev/appliance";"Вакансия";"НЧ"
"ремонт техники в переславле-залесском";"Профессии / Ремонт техники / Переславль-Залесский";"https://dodelay.ru/podrabotka/pereslavl/appliance";"Коммерческий";"СЧ"
"ремонт техники переславль-залесский";"Профессии / Ремонт техники / Переславль-Залесский";"https://dodelay.ru/podrabotka/pereslavl/appliance";"Коммерческий";"СЧ"
"ремонт техники в переславле-залесском недорого";"Профессии / Ремонт техники / Переславль-Залесский";"https://dodelay.ru/podrabotka/pereslavl/appliance";"Коммерческий";"НЧ"
"ремонт техники в переславле-залесском цены";"Профессии / Ремонт техники / Переславль-Залесский";"https://dodelay.ru/podrabotka/pereslavl/appliance";"Коммерческий";"НЧ"
"ремонт техники в переславле-залесском на дом";"Профессии / Ремонт техники / Переславль-Залесский";"https://dodelay.ru/podrabotka/pereslavl/appliance";"Коммерческий";"НЧ"
"вызвать мастера по ремонту техники в переславле-залесском";"Профессии / Ремонт техники / Переславль-Залесский";"https://dodelay.ru/podrabotka/pereslavl/appliance";"Коммерческий";"НЧ"
"нанять мастера по ремонту техники в переславле-залесском";"Профессии / Ремонт техники / Переславль-Залесский";"https://dodelay.ru/podrabotka/pereslavl/appliance";"Коммерческий";"НЧ"
"найти мастера по ремонту техники в переславле-залесском";"Профессии / Ремонт техники / Переславль-Залесский";"https://dodelay.ru/podrabotka/pereslavl/appliance";"Коммерческий";"НЧ"
"услуги мастера по ремонту техники в переславле-залесском";"Профессии / Ремонт техники / Переславль-Залесский";"https://dodelay.ru/podrabotka/pereslavl/appliance";"Коммерческий";"НЧ"
"ремонт техники частник в переславле-залесском";"Профессии / Ремонт техники / Переславль-Залесский";"https://dodelay.ru/podrabotka/pereslavl/appliance";"Коммерческий";"НЧ"
"ремонт техники без посредников в переславле-залесском";"Профессии / Ремонт техники / Переславль-Залесский";"https://dodelay.ru/podrabotka/pereslavl/appliance";"Коммерческий";"НЧ"
"работа ремонт техники в переславле-залесском";"Профессии / Ремонт техники / Переславль-Залесский";"https://dodelay.ru/podrabotka/pereslavl/appliance";"Вакансия";"СЧ"
"подработка ремонт техники в переславле-залесском";"Профессии / Ремонт техники / Переславль-Залесский";"https://dodelay.ru/podrabotka/pereslavl/appliance";"Вакансия";"НЧ"
"требуется ремонт техники в переславле-залесском";"Профессии / Ремонт техники / Переславль-Залесский";"https://dodelay.ru/podrabotka/pereslavl/appliance";"Вакансия";"НЧ"
"вакансия ремонт техники в переславле-залесском";"Профессии / Ремонт техники / Переславль-Залесский";"https://dodelay.ru/podrabotka/pereslavl/appliance";"Вакансия";"НЧ"
"ремонт техники в угличе";"Профессии / Ремонт техники / Углич";"https://dodelay.ru/podrabotka/uglich/appliance";"Коммерческий";"СЧ"
"ремонт техники углич";"Профессии / Ремонт техники / Углич";"https://dodelay.ru/podrabotka/uglich/appliance";"Коммерческий";"СЧ"
"ремонт техники в угличе недорого";"Профессии / Ремонт техники / Углич";"https://dodelay.ru/podrabotka/uglich/appliance";"Коммерческий";"НЧ"
"ремонт техники в угличе цены";"Профессии / Ремонт техники / Углич";"https://dodelay.ru/podrabotka/uglich/appliance";"Коммерческий";"НЧ"
"ремонт техники в угличе на дом";"Профессии / Ремонт техники / Углич";"https://dodelay.ru/podrabotka/uglich/appliance";"Коммерческий";"НЧ"
"вызвать мастера по ремонту техники в угличе";"Профессии / Ремонт техники / Углич";"https://dodelay.ru/podrabotka/uglich/appliance";"Коммерческий";"НЧ"
"нанять мастера по ремонту техники в угличе";"Профессии / Ремонт техники / Углич";"https://dodelay.ru/podrabotka/uglich/appliance";"Коммерческий";"НЧ"
"найти мастера по ремонту техники в угличе";"Профессии / Ремонт техники / Углич";"https://dodelay.ru/podrabotka/uglich/appliance";"Коммерческий";"НЧ"
"услуги мастера по ремонту техники в угличе";"Профессии / Ремонт техники / Углич";"https://dodelay.ru/podrabotka/uglich/appliance";"Коммерческий";"НЧ"
"ремонт техники частник в угличе";"Профессии / Ремонт техники / Углич";"https://dodelay.ru/podrabotka/uglich/appliance";"Коммерческий";"НЧ"
"ремонт техники без посредников в угличе";"Профессии / Ремонт техники / Углич";"https://dodelay.ru/podrabotka/uglich/appliance";"Коммерческий";"НЧ"
"работа ремонт техники в угличе";"Профессии / Ремонт техники / Углич";"https://dodelay.ru/podrabotka/uglich/appliance";"Вакансия";"СЧ"
"подработка ремонт техники в угличе";"Профессии / Ремонт техники / Углич";"https://dodelay.ru/podrabotka/uglich/appliance";"Вакансия";"НЧ"
"требуется ремонт техники в угличе";"Профессии / Ремонт техники / Углич";"https://dodelay.ru/podrabotka/uglich/appliance";"Вакансия";"НЧ"
"вакансия ремонт техники в угличе";"Профессии / Ремонт техники / Углич";"https://dodelay.ru/podrabotka/uglich/appliance";"Вакансия";"НЧ"
"ремонт техники в ростове великом";"Профессии / Ремонт техники / Ростов Великий";"https://dodelay.ru/podrabotka/rostov/appliance";"Коммерческий";"СЧ"
"ремонт техники ростов великий";"Профессии / Ремонт техники / Ростов Великий";"https://dodelay.ru/podrabotka/rostov/appliance";"Коммерческий";"СЧ"
"ремонт техники в ростове великом недорого";"Профессии / Ремонт техники / Ростов Великий";"https://dodelay.ru/podrabotka/rostov/appliance";"Коммерческий";"НЧ"
"ремонт техники в ростове великом цены";"Профессии / Ремонт техники / Ростов Великий";"https://dodelay.ru/podrabotka/rostov/appliance";"Коммерческий";"НЧ"
"ремонт техники в ростове великом на дом";"Профессии / Ремонт техники / Ростов Великий";"https://dodelay.ru/podrabotka/rostov/appliance";"Коммерческий";"НЧ"
"вызвать мастера по ремонту техники в ростове великом";"Профессии / Ремонт техники / Ростов Великий";"https://dodelay.ru/podrabotka/rostov/appliance";"Коммерческий";"НЧ"
"нанять мастера по ремонту техники в ростове великом";"Профессии / Ремонт техники / Ростов Великий";"https://dodelay.ru/podrabotka/rostov/appliance";"Коммерческий";"НЧ"
"найти мастера по ремонту техники в ростове великом";"Профессии / Ремонт техники / Ростов Великий";"https://dodelay.ru/podrabotka/rostov/appliance";"Коммерческий";"НЧ"
"услуги мастера по ремонту техники в ростове великом";"Профессии / Ремонт техники / Ростов Великий";"https://dodelay.ru/podrabotka/rostov/appliance";"Коммерческий";"НЧ"
"ремонт техники частник в ростове великом";"Профессии / Ремонт техники / Ростов Великий";"https://dodelay.ru/podrabotka/rostov/appliance";"Коммерческий";"НЧ"
"ремонт техники без посредников в ростове великом";"Профессии / Ремонт техники / Ростов Великий";"https://dodelay.ru/podrabotka/rostov/appliance";"Коммерческий";"НЧ"
"работа ремонт техники в ростове великом";"Профессии / Ремонт техники / Ростов Великий";"https://dodelay.ru/podrabotka/rostov/appliance";"Вакансия";"СЧ"
"подработка ремонт техники в ростове великом";"Профессии / Ремонт техники / Ростов Великий";"https://dodelay.ru/podrabotka/rostov/appliance";"Вакансия";"НЧ"
"требуется ремонт техники в ростове великом";"Профессии / Ремонт техники / Ростов Великий";"https://dodelay.ru/podrabotka/rostov/appliance";"Вакансия";"НЧ"
"вакансия ремонт техники в ростове великом";"Профессии / Ремонт техники / Ростов Великий";"https://dodelay.ru/podrabotka/rostov/appliance";"Вакансия";"НЧ"
"диагностика техники в ярославле";"Профессии / Ремонт техники / Задачи";"https://dodelay.ru/podrabotka/yaroslavl/appliance";"Инфо";"НЧ"
"диагностика техники цена";"Профессии / Ремонт техники / Задачи";"https://dodelay.ru/podrabotka/yaroslavl/appliance";"Инфо";"НЧ"
"сколько стоит диагностика техники";"Профессии / Ремонт техники / Задачи";"https://dodelay.ru/podrabotka/yaroslavl/appliance";"Инфо";"НЧ"
"ремонт микроволновки в ярославле";"Профессии / Ремонт техники / Задачи";"https://dodelay.ru/podrabotka/yaroslavl/appliance";"Инфо";"НЧ"
"ремонт микроволновки цена";"Профессии / Ремонт техники / Задачи";"https://dodelay.ru/podrabotka/yaroslavl/appliance";"Инфо";"НЧ"
"сколько стоит ремонт микроволновки";"Профессии / Ремонт техники / Задачи";"https://dodelay.ru/podrabotka/yaroslavl/appliance";"Инфо";"НЧ"
"ремонт духового шкафа в ярославле";"Профессии / Ремонт техники / Задачи";"https://dodelay.ru/podrabotka/yaroslavl/appliance";"Инфо";"НЧ"
"ремонт духового шкафа цена";"Профессии / Ремонт техники / Задачи";"https://dodelay.ru/podrabotka/yaroslavl/appliance";"Инфо";"НЧ"
"сколько стоит ремонт духового шкафа";"Профессии / Ремонт техники / Задачи";"https://dodelay.ru/podrabotka/yaroslavl/appliance";"Инфо";"НЧ"
"ремонт посудомоечной машины в ярославле";"Профессии / Ремонт техники / Задачи";"https://dodelay.ru/podrabotka/yaroslavl/appliance";"Инфо";"НЧ"
"ремонт посудомоечной машины цена";"Профессии / Ремонт техники / Задачи";"https://dodelay.ru/podrabotka/yaroslavl/appliance";"Инфо";"НЧ"
"сколько стоит ремонт посудомоечной машины";"Профессии / Ремонт техники / Задачи";"https://dodelay.ru/podrabotka/yaroslavl/appliance";"Инфо";"НЧ"
"ремонт бытовой техники в ярославле";"Профессии / Ремонт бытовой техники / Ярославль";"https://dodelay.ru/podrabotka/yaroslavl/appliancerepair";"Коммерческий";"СЧ"
"ремонт бытовой техники ярославль";"Профессии / Ремонт бытовой техники / Ярославль";"https://dodelay.ru/podrabotka/yaroslavl/appliancerepair";"Коммерческий";"СЧ"
"ремонт стиральных машин в ярославле";"Профессии / Ремонт бытовой техники / Ярославль";"https://dodelay.ru/podrabotka/yaroslavl/appliancerepair";"Коммерческий";"СЧ"
"ремонт стиральных машин ярославль";"Профессии / Ремонт бытовой техники / Ярославль";"https://dodelay.ru/podrabotka/yaroslavl/appliancerepair";"Коммерческий";"СЧ"
"ремонт холодильников в ярославле";"Профессии / Ремонт бытовой техники / Ярославль";"https://dodelay.ru/podrabotka/yaroslavl/appliancerepair";"Коммерческий";"СЧ"
"ремонт холодильников ярославль";"Профессии / Ремонт бытовой техники / Ярославль";"https://dodelay.ru/podrabotka/yaroslavl/appliancerepair";"Коммерческий";"СЧ"
"ремонт посудомоечных машин в ярославле";"Профессии / Ремонт бытовой техники / Ярославль";"https://dodelay.ru/podrabotka/yaroslavl/appliancerepair";"Коммерческий";"СЧ"
"ремонт посудомоечных машин ярославль";"Профессии / Ремонт бытовой техники / Ярославль";"https://dodelay.ru/podrabotka/yaroslavl/appliancerepair";"Коммерческий";"СЧ"
"мастер по бытовой технике в ярославле";"Профессии / Ремонт бытовой техники / Ярославль";"https://dodelay.ru/podrabotka/yaroslavl/appliancerepair";"Коммерческий";"СЧ"
"мастер по бытовой технике ярославль";"Профессии / Ремонт бытовой техники / Ярославль";"https://dodelay.ru/podrabotka/yaroslavl/appliancerepair";"Коммерческий";"СЧ"
"ремонт бытовой техники в ярославле недорого";"Профессии / Ремонт бытовой техники / Ярославль";"https://dodelay.ru/podrabotka/yaroslavl/appliancerepair";"Коммерческий";"НЧ"
"ремонт бытовой техники в ярославле цены";"Профессии / Ремонт бытовой техники / Ярославль";"https://dodelay.ru/podrabotka/yaroslavl/appliancerepair";"Коммерческий";"НЧ"
"ремонт бытовой техники в ярославле на дом";"Профессии / Ремонт бытовой техники / Ярославль";"https://dodelay.ru/podrabotka/yaroslavl/appliancerepair";"Коммерческий";"НЧ"
"вызвать мастера по бытовой технике в ярославле";"Профессии / Ремонт бытовой техники / Ярославль";"https://dodelay.ru/podrabotka/yaroslavl/appliancerepair";"Коммерческий";"НЧ"
"нанять мастера по бытовой технике в ярославле";"Профессии / Ремонт бытовой техники / Ярославль";"https://dodelay.ru/podrabotka/yaroslavl/appliancerepair";"Коммерческий";"НЧ"
"найти мастера по бытовой технике в ярославле";"Профессии / Ремонт бытовой техники / Ярославль";"https://dodelay.ru/podrabotka/yaroslavl/appliancerepair";"Коммерческий";"НЧ"
"услуги мастера по бытовой технике в ярославле";"Профессии / Ремонт бытовой техники / Ярославль";"https://dodelay.ru/podrabotka/yaroslavl/appliancerepair";"Коммерческий";"НЧ"
"ремонт бытовой техники частник в ярославле";"Профессии / Ремонт бытовой техники / Ярославль";"https://dodelay.ru/podrabotka/yaroslavl/appliancerepair";"Коммерческий";"НЧ"
"ремонт бытовой техники без посредников в ярославле";"Профессии / Ремонт бытовой техники / Ярославль";"https://dodelay.ru/podrabotka/yaroslavl/appliancerepair";"Коммерческий";"НЧ"
"работа ремонт бытовой техники в ярославле";"Профессии / Ремонт бытовой техники / Ярославль";"https://dodelay.ru/podrabotka/yaroslavl/appliancerepair";"Вакансия";"СЧ"
"подработка ремонт бытовой техники в ярославле";"Профессии / Ремонт бытовой техники / Ярославль";"https://dodelay.ru/podrabotka/yaroslavl/appliancerepair";"Вакансия";"НЧ"
"требуется ремонт бытовой техники в ярославле";"Профессии / Ремонт бытовой техники / Ярославль";"https://dodelay.ru/podrabotka/yaroslavl/appliancerepair";"Вакансия";"НЧ"
"вакансия ремонт бытовой техники в ярославле";"Профессии / Ремонт бытовой техники / Ярославль";"https://dodelay.ru/podrabotka/yaroslavl/appliancerepair";"Вакансия";"НЧ"
"ремонт бытовой техники в рыбинске";"Профессии / Ремонт бытовой техники / Рыбинск";"https://dodelay.ru/podrabotka/rybinsk/appliancerepair";"Коммерческий";"СЧ"
"ремонт бытовой техники рыбинск";"Профессии / Ремонт бытовой техники / Рыбинск";"https://dodelay.ru/podrabotka/rybinsk/appliancerepair";"Коммерческий";"СЧ"
"ремонт стиральных машин в рыбинске";"Профессии / Ремонт бытовой техники / Рыбинск";"https://dodelay.ru/podrabotka/rybinsk/appliancerepair";"Коммерческий";"СЧ"
"ремонт стиральных машин рыбинск";"Профессии / Ремонт бытовой техники / Рыбинск";"https://dodelay.ru/podrabotka/rybinsk/appliancerepair";"Коммерческий";"СЧ"
"ремонт холодильников в рыбинске";"Профессии / Ремонт бытовой техники / Рыбинск";"https://dodelay.ru/podrabotka/rybinsk/appliancerepair";"Коммерческий";"СЧ"
"ремонт холодильников рыбинск";"Профессии / Ремонт бытовой техники / Рыбинск";"https://dodelay.ru/podrabotka/rybinsk/appliancerepair";"Коммерческий";"СЧ"
"ремонт посудомоечных машин в рыбинске";"Профессии / Ремонт бытовой техники / Рыбинск";"https://dodelay.ru/podrabotka/rybinsk/appliancerepair";"Коммерческий";"СЧ"
"ремонт посудомоечных машин рыбинск";"Профессии / Ремонт бытовой техники / Рыбинск";"https://dodelay.ru/podrabotka/rybinsk/appliancerepair";"Коммерческий";"СЧ"
"мастер по бытовой технике в рыбинске";"Профессии / Ремонт бытовой техники / Рыбинск";"https://dodelay.ru/podrabotka/rybinsk/appliancerepair";"Коммерческий";"СЧ"
"мастер по бытовой технике рыбинск";"Профессии / Ремонт бытовой техники / Рыбинск";"https://dodelay.ru/podrabotka/rybinsk/appliancerepair";"Коммерческий";"СЧ"
"ремонт бытовой техники в рыбинске недорого";"Профессии / Ремонт бытовой техники / Рыбинск";"https://dodelay.ru/podrabotka/rybinsk/appliancerepair";"Коммерческий";"НЧ"
"ремонт бытовой техники в рыбинске цены";"Профессии / Ремонт бытовой техники / Рыбинск";"https://dodelay.ru/podrabotka/rybinsk/appliancerepair";"Коммерческий";"НЧ"
"ремонт бытовой техники в рыбинске на дом";"Профессии / Ремонт бытовой техники / Рыбинск";"https://dodelay.ru/podrabotka/rybinsk/appliancerepair";"Коммерческий";"НЧ"
"вызвать мастера по бытовой технике в рыбинске";"Профессии / Ремонт бытовой техники / Рыбинск";"https://dodelay.ru/podrabotka/rybinsk/appliancerepair";"Коммерческий";"НЧ"
"нанять мастера по бытовой технике в рыбинске";"Профессии / Ремонт бытовой техники / Рыбинск";"https://dodelay.ru/podrabotka/rybinsk/appliancerepair";"Коммерческий";"НЧ"
"найти мастера по бытовой технике в рыбинске";"Профессии / Ремонт бытовой техники / Рыбинск";"https://dodelay.ru/podrabotka/rybinsk/appliancerepair";"Коммерческий";"НЧ"
"услуги мастера по бытовой технике в рыбинске";"Профессии / Ремонт бытовой техники / Рыбинск";"https://dodelay.ru/podrabotka/rybinsk/appliancerepair";"Коммерческий";"НЧ"
"ремонт бытовой техники частник в рыбинске";"Профессии / Ремонт бытовой техники / Рыбинск";"https://dodelay.ru/podrabotka/rybinsk/appliancerepair";"Коммерческий";"НЧ"
"ремонт бытовой техники без посредников в рыбинске";"Профессии / Ремонт бытовой техники / Рыбинск";"https://dodelay.ru/podrabotka/rybinsk/appliancerepair";"Коммерческий";"НЧ"
"работа ремонт бытовой техники в рыбинске";"Профессии / Ремонт бытовой техники / Рыбинск";"https://dodelay.ru/podrabotka/rybinsk/appliancerepair";"Вакансия";"СЧ"
"подработка ремонт бытовой техники в рыбинске";"Профессии / Ремонт бытовой техники / Рыбинск";"https://dodelay.ru/podrabotka/rybinsk/appliancerepair";"Вакансия";"НЧ"
"требуется ремонт бытовой техники в рыбинске";"Профессии / Ремонт бытовой техники / Рыбинск";"https://dodelay.ru/podrabotka/rybinsk/appliancerepair";"Вакансия";"НЧ"
"вакансия ремонт бытовой техники в рыбинске";"Профессии / Ремонт бытовой техники / Рыбинск";"https://dodelay.ru/podrabotka/rybinsk/appliancerepair";"Вакансия";"НЧ"
"ремонт бытовой техники в тутаеве";"Профессии / Ремонт бытовой техники / Тутаев";"https://dodelay.ru/podrabotka/tutaev/appliancerepair";"Коммерческий";"СЧ"
"ремонт бытовой техники тутаев";"Профессии / Ремонт бытовой техники / Тутаев";"https://dodelay.ru/podrabotka/tutaev/appliancerepair";"Коммерческий";"СЧ"
"ремонт стиральных машин в тутаеве";"Профессии / Ремонт бытовой техники / Тутаев";"https://dodelay.ru/podrabotka/tutaev/appliancerepair";"Коммерческий";"СЧ"
"ремонт стиральных машин тутаев";"Профессии / Ремонт бытовой техники / Тутаев";"https://dodelay.ru/podrabotka/tutaev/appliancerepair";"Коммерческий";"СЧ"
"ремонт холодильников в тутаеве";"Профессии / Ремонт бытовой техники / Тутаев";"https://dodelay.ru/podrabotka/tutaev/appliancerepair";"Коммерческий";"СЧ"
"ремонт холодильников тутаев";"Профессии / Ремонт бытовой техники / Тутаев";"https://dodelay.ru/podrabotka/tutaev/appliancerepair";"Коммерческий";"СЧ"
"ремонт посудомоечных машин в тутаеве";"Профессии / Ремонт бытовой техники / Тутаев";"https://dodelay.ru/podrabotka/tutaev/appliancerepair";"Коммерческий";"СЧ"
"ремонт посудомоечных машин тутаев";"Профессии / Ремонт бытовой техники / Тутаев";"https://dodelay.ru/podrabotka/tutaev/appliancerepair";"Коммерческий";"СЧ"
"мастер по бытовой технике в тутаеве";"Профессии / Ремонт бытовой техники / Тутаев";"https://dodelay.ru/podrabotka/tutaev/appliancerepair";"Коммерческий";"СЧ"
"мастер по бытовой технике тутаев";"Профессии / Ремонт бытовой техники / Тутаев";"https://dodelay.ru/podrabotka/tutaev/appliancerepair";"Коммерческий";"СЧ"
"ремонт бытовой техники в тутаеве недорого";"Профессии / Ремонт бытовой техники / Тутаев";"https://dodelay.ru/podrabotka/tutaev/appliancerepair";"Коммерческий";"НЧ"
"ремонт бытовой техники в тутаеве цены";"Профессии / Ремонт бытовой техники / Тутаев";"https://dodelay.ru/podrabotka/tutaev/appliancerepair";"Коммерческий";"НЧ"
"ремонт бытовой техники в тутаеве на дом";"Профессии / Ремонт бытовой техники / Тутаев";"https://dodelay.ru/podrabotka/tutaev/appliancerepair";"Коммерческий";"НЧ"
"вызвать мастера по бытовой технике в тутаеве";"Профессии / Ремонт бытовой техники / Тутаев";"https://dodelay.ru/podrabotka/tutaev/appliancerepair";"Коммерческий";"НЧ"
"нанять мастера по бытовой технике в тутаеве";"Профессии / Ремонт бытовой техники / Тутаев";"https://dodelay.ru/podrabotka/tutaev/appliancerepair";"Коммерческий";"НЧ"
"найти мастера по бытовой технике в тутаеве";"Профессии / Ремонт бытовой техники / Тутаев";"https://dodelay.ru/podrabotka/tutaev/appliancerepair";"Коммерческий";"НЧ"
"услуги мастера по бытовой технике в тутаеве";"Профессии / Ремонт бытовой техники / Тутаев";"https://dodelay.ru/podrabotka/tutaev/appliancerepair";"Коммерческий";"НЧ"
"ремонт бытовой техники частник в тутаеве";"Профессии / Ремонт бытовой техники / Тутаев";"https://dodelay.ru/podrabotka/tutaev/appliancerepair";"Коммерческий";"НЧ"
"ремонт бытовой техники без посредников в тутаеве";"Профессии / Ремонт бытовой техники / Тутаев";"https://dodelay.ru/podrabotka/tutaev/appliancerepair";"Коммерческий";"НЧ"
"работа ремонт бытовой техники в тутаеве";"Профессии / Ремонт бытовой техники / Тутаев";"https://dodelay.ru/podrabotka/tutaev/appliancerepair";"Вакансия";"СЧ"
"подработка ремонт бытовой техники в тутаеве";"Профессии / Ремонт бытовой техники / Тутаев";"https://dodelay.ru/podrabotka/tutaev/appliancerepair";"Вакансия";"НЧ"
"требуется ремонт бытовой техники в тутаеве";"Профессии / Ремонт бытовой техники / Тутаев";"https://dodelay.ru/podrabotka/tutaev/appliancerepair";"Вакансия";"НЧ"
"вакансия ремонт бытовой техники в тутаеве";"Профессии / Ремонт бытовой техники / Тутаев";"https://dodelay.ru/podrabotka/tutaev/appliancerepair";"Вакансия";"НЧ"
"ремонт бытовой техники в переславле-залесском";"Профессии / Ремонт бытовой техники / Переславль-Залесский";"https://dodelay.ru/podrabotka/pereslavl/appliancerepair";"Коммерческий";"СЧ"
"ремонт бытовой техники переславль-залесский";"Профессии / Ремонт бытовой техники / Переславль-Залесский";"https://dodelay.ru/podrabotka/pereslavl/appliancerepair";"Коммерческий";"СЧ"
"ремонт стиральных машин в переславле-залесском";"Профессии / Ремонт бытовой техники / Переславль-Залесский";"https://dodelay.ru/podrabotka/pereslavl/appliancerepair";"Коммерческий";"СЧ"
"ремонт стиральных машин переславль-залесский";"Профессии / Ремонт бытовой техники / Переславль-Залесский";"https://dodelay.ru/podrabotka/pereslavl/appliancerepair";"Коммерческий";"СЧ"
"ремонт холодильников в переславле-залесском";"Профессии / Ремонт бытовой техники / Переславль-Залесский";"https://dodelay.ru/podrabotka/pereslavl/appliancerepair";"Коммерческий";"СЧ"
"ремонт холодильников переславль-залесский";"Профессии / Ремонт бытовой техники / Переславль-Залесский";"https://dodelay.ru/podrabotka/pereslavl/appliancerepair";"Коммерческий";"СЧ"
"ремонт посудомоечных машин в переславле-залесском";"Профессии / Ремонт бытовой техники / Переславль-Залесский";"https://dodelay.ru/podrabotka/pereslavl/appliancerepair";"Коммерческий";"СЧ"
"ремонт посудомоечных машин переславль-залесский";"Профессии / Ремонт бытовой техники / Переславль-Залесский";"https://dodelay.ru/podrabotka/pereslavl/appliancerepair";"Коммерческий";"СЧ"
"мастер по бытовой технике в переславле-залесском";"Профессии / Ремонт бытовой техники / Переславль-Залесский";"https://dodelay.ru/podrabotka/pereslavl/appliancerepair";"Коммерческий";"СЧ"
"мастер по бытовой технике переславль-залесский";"Профессии / Ремонт бытовой техники / Переславль-Залесский";"https://dodelay.ru/podrabotka/pereslavl/appliancerepair";"Коммерческий";"СЧ"
"ремонт бытовой техники в переславле-залесском недорого";"Профессии / Ремонт бытовой техники / Переславль-Залесский";"https://dodelay.ru/podrabotka/pereslavl/appliancerepair";"Коммерческий";"НЧ"
"ремонт бытовой техники в переславле-залесском цены";"Профессии / Ремонт бытовой техники / Переславль-Залесский";"https://dodelay.ru/podrabotka/pereslavl/appliancerepair";"Коммерческий";"НЧ"
"ремонт бытовой техники в переславле-залесском на дом";"Профессии / Ремонт бытовой техники / Переславль-Залесский";"https://dodelay.ru/podrabotka/pereslavl/appliancerepair";"Коммерческий";"НЧ"
"вызвать мастера по бытовой технике в переславле-залесском";"Профессии / Ремонт бытовой техники / Переславль-Залесский";"https://dodelay.ru/podrabotka/pereslavl/appliancerepair";"Коммерческий";"НЧ"
"нанять мастера по бытовой технике в переславле-залесском";"Профессии / Ремонт бытовой техники / Переславль-Залесский";"https://dodelay.ru/podrabotka/pereslavl/appliancerepair";"Коммерческий";"НЧ"
"найти мастера по бытовой технике в переславле-залесском";"Профессии / Ремонт бытовой техники / Переславль-Залесский";"https://dodelay.ru/podrabotka/pereslavl/appliancerepair";"Коммерческий";"НЧ"
"услуги мастера по бытовой технике в переславле-залесском";"Профессии / Ремонт бытовой техники / Переславль-Залесский";"https://dodelay.ru/podrabotka/pereslavl/appliancerepair";"Коммерческий";"НЧ"
"ремонт бытовой техники частник в переславле-залесском";"Профессии / Ремонт бытовой техники / Переславль-Залесский";"https://dodelay.ru/podrabotka/pereslavl/appliancerepair";"Коммерческий";"НЧ"
"ремонт бытовой техники без посредников в переславле-залесском";"Профессии / Ремонт бытовой техники / Переславль-Залесский";"https://dodelay.ru/podrabotka/pereslavl/appliancerepair";"Коммерческий";"НЧ"
"работа ремонт бытовой техники в переславле-залесском";"Профессии / Ремонт бытовой техники / Переславль-Залесский";"https://dodelay.ru/podrabotka/pereslavl/appliancerepair";"Вакансия";"СЧ"
"подработка ремонт бытовой техники в переславле-залесском";"Профессии / Ремонт бытовой техники / Переславль-Залесский";"https://dodelay.ru/podrabotka/pereslavl/appliancerepair";"Вакансия";"НЧ"
"требуется ремонт бытовой техники в переславле-залесском";"Профессии / Ремонт бытовой техники / Переславль-Залесский";"https://dodelay.ru/podrabotka/pereslavl/appliancerepair";"Вакансия";"НЧ"
"вакансия ремонт бытовой техники в переславле-залесском";"Профессии / Ремонт бытовой техники / Переславль-Залесский";"https://dodelay.ru/podrabotka/pereslavl/appliancerepair";"Вакансия";"НЧ"
"ремонт бытовой техники в угличе";"Профессии / Ремонт бытовой техники / Углич";"https://dodelay.ru/podrabotka/uglich/appliancerepair";"Коммерческий";"СЧ"
"ремонт бытовой техники углич";"Профессии / Ремонт бытовой техники / Углич";"https://dodelay.ru/podrabotka/uglich/appliancerepair";"Коммерческий";"СЧ"
"ремонт стиральных машин в угличе";"Профессии / Ремонт бытовой техники / Углич";"https://dodelay.ru/podrabotka/uglich/appliancerepair";"Коммерческий";"СЧ"
"ремонт стиральных машин углич";"Профессии / Ремонт бытовой техники / Углич";"https://dodelay.ru/podrabotka/uglich/appliancerepair";"Коммерческий";"СЧ"
"ремонт холодильников в угличе";"Профессии / Ремонт бытовой техники / Углич";"https://dodelay.ru/podrabotka/uglich/appliancerepair";"Коммерческий";"СЧ"
"ремонт холодильников углич";"Профессии / Ремонт бытовой техники / Углич";"https://dodelay.ru/podrabotka/uglich/appliancerepair";"Коммерческий";"СЧ"
"ремонт посудомоечных машин в угличе";"Профессии / Ремонт бытовой техники / Углич";"https://dodelay.ru/podrabotka/uglich/appliancerepair";"Коммерческий";"СЧ"
"ремонт посудомоечных машин углич";"Профессии / Ремонт бытовой техники / Углич";"https://dodelay.ru/podrabotka/uglich/appliancerepair";"Коммерческий";"СЧ"
"мастер по бытовой технике в угличе";"Профессии / Ремонт бытовой техники / Углич";"https://dodelay.ru/podrabotka/uglich/appliancerepair";"Коммерческий";"СЧ"
"мастер по бытовой технике углич";"Профессии / Ремонт бытовой техники / Углич";"https://dodelay.ru/podrabotka/uglich/appliancerepair";"Коммерческий";"СЧ"
"ремонт бытовой техники в угличе недорого";"Профессии / Ремонт бытовой техники / Углич";"https://dodelay.ru/podrabotka/uglich/appliancerepair";"Коммерческий";"НЧ"
"ремонт бытовой техники в угличе цены";"Профессии / Ремонт бытовой техники / Углич";"https://dodelay.ru/podrabotka/uglich/appliancerepair";"Коммерческий";"НЧ"
"ремонт бытовой техники в угличе на дом";"Профессии / Ремонт бытовой техники / Углич";"https://dodelay.ru/podrabotka/uglich/appliancerepair";"Коммерческий";"НЧ"
"вызвать мастера по бытовой технике в угличе";"Профессии / Ремонт бытовой техники / Углич";"https://dodelay.ru/podrabotka/uglich/appliancerepair";"Коммерческий";"НЧ"
"нанять мастера по бытовой технике в угличе";"Профессии / Ремонт бытовой техники / Углич";"https://dodelay.ru/podrabotka/uglich/appliancerepair";"Коммерческий";"НЧ"
"найти мастера по бытовой технике в угличе";"Профессии / Ремонт бытовой техники / Углич";"https://dodelay.ru/podrabotka/uglich/appliancerepair";"Коммерческий";"НЧ"
"услуги мастера по бытовой технике в угличе";"Профессии / Ремонт бытовой техники / Углич";"https://dodelay.ru/podrabotka/uglich/appliancerepair";"Коммерческий";"НЧ"
"ремонт бытовой техники частник в угличе";"Профессии / Ремонт бытовой техники / Углич";"https://dodelay.ru/podrabotka/uglich/appliancerepair";"Коммерческий";"НЧ"
"ремонт бытовой техники без посредников в угличе";"Профессии / Ремонт бытовой техники / Углич";"https://dodelay.ru/podrabotka/uglich/appliancerepair";"Коммерческий";"НЧ"
"работа ремонт бытовой техники в угличе";"Профессии / Ремонт бытовой техники / Углич";"https://dodelay.ru/podrabotka/uglich/appliancerepair";"Вакансия";"СЧ"
"подработка ремонт бытовой техники в угличе";"Профессии / Ремонт бытовой техники / Углич";"https://dodelay.ru/podrabotka/uglich/appliancerepair";"Вакансия";"НЧ"
"требуется ремонт бытовой техники в угличе";"Профессии / Ремонт бытовой техники / Углич";"https://dodelay.ru/podrabotka/uglich/appliancerepair";"Вакансия";"НЧ"
"вакансия ремонт бытовой техники в угличе";"Профессии / Ремонт бытовой техники / Углич";"https://dodelay.ru/podrabotka/uglich/appliancerepair";"Вакансия";"НЧ"
"ремонт бытовой техники в ростове великом";"Профессии / Ремонт бытовой техники / Ростов Великий";"https://dodelay.ru/podrabotka/rostov/appliancerepair";"Коммерческий";"СЧ"
"ремонт бытовой техники ростов великий";"Профессии / Ремонт бытовой техники / Ростов Великий";"https://dodelay.ru/podrabotka/rostov/appliancerepair";"Коммерческий";"СЧ"
"ремонт стиральных машин в ростове великом";"Профессии / Ремонт бытовой техники / Ростов Великий";"https://dodelay.ru/podrabotka/rostov/appliancerepair";"Коммерческий";"СЧ"
"ремонт стиральных машин ростов великий";"Профессии / Ремонт бытовой техники / Ростов Великий";"https://dodelay.ru/podrabotka/rostov/appliancerepair";"Коммерческий";"СЧ"
"ремонт холодильников в ростове великом";"Профессии / Ремонт бытовой техники / Ростов Великий";"https://dodelay.ru/podrabotka/rostov/appliancerepair";"Коммерческий";"СЧ"
"ремонт холодильников ростов великий";"Профессии / Ремонт бытовой техники / Ростов Великий";"https://dodelay.ru/podrabotka/rostov/appliancerepair";"Коммерческий";"СЧ"
"ремонт посудомоечных машин в ростове великом";"Профессии / Ремонт бытовой техники / Ростов Великий";"https://dodelay.ru/podrabotka/rostov/appliancerepair";"Коммерческий";"СЧ"
"ремонт посудомоечных машин ростов великий";"Профессии / Ремонт бытовой техники / Ростов Великий";"https://dodelay.ru/podrabotka/rostov/appliancerepair";"Коммерческий";"СЧ"
"мастер по бытовой технике в ростове великом";"Профессии / Ремонт бытовой техники / Ростов Великий";"https://dodelay.ru/podrabotka/rostov/appliancerepair";"Коммерческий";"СЧ"
"мастер по бытовой технике ростов великий";"Профессии / Ремонт бытовой техники / Ростов Великий";"https://dodelay.ru/podrabotka/rostov/appliancerepair";"Коммерческий";"СЧ"
"ремонт бытовой техники в ростове великом недорого";"Профессии / Ремонт бытовой техники / Ростов Великий";"https://dodelay.ru/podrabotka/rostov/appliancerepair";"Коммерческий";"НЧ"
"ремонт бытовой техники в ростове великом цены";"Профессии / Ремонт бытовой техники / Ростов Великий";"https://dodelay.ru/podrabotka/rostov/appliancerepair";"Коммерческий";"НЧ"
"ремонт бытовой техники в ростове великом на дом";"Профессии / Ремонт бытовой техники / Ростов Великий";"https://dodelay.ru/podrabotka/rostov/appliancerepair";"Коммерческий";"НЧ"
"вызвать мастера по бытовой технике в ростове великом";"Профессии / Ремонт бытовой техники / Ростов Великий";"https://dodelay.ru/podrabotka/rostov/appliancerepair";"Коммерческий";"НЧ"
"нанять мастера по бытовой технике в ростове великом";"Профессии / Ремонт бытовой техники / Ростов Великий";"https://dodelay.ru/podrabotka/rostov/appliancerepair";"Коммерческий";"НЧ"
"найти мастера по бытовой технике в ростове великом";"Профессии / Ремонт бытовой техники / Ростов Великий";"https://dodelay.ru/podrabotka/rostov/appliancerepair";"Коммерческий";"НЧ"
"услуги мастера по бытовой технике в ростове великом";"Профессии / Ремонт бытовой техники / Ростов Великий";"https://dodelay.ru/podrabotka/rostov/appliancerepair";"Коммерческий";"НЧ"
"ремонт бытовой техники частник в ростове великом";"Профессии / Ремонт бытовой техники / Ростов Великий";"https://dodelay.ru/podrabotka/rostov/appliancerepair";"Коммерческий";"НЧ"
"ремонт бытовой техники без посредников в ростове великом";"Профессии / Ремонт бытовой техники / Ростов Великий";"https://dodelay.ru/podrabotka/rostov/appliancerepair";"Коммерческий";"НЧ"
"работа ремонт бытовой техники в ростове великом";"Профессии / Ремонт бытовой техники / Ростов Великий";"https://dodelay.ru/podrabotka/rostov/appliancerepair";"Вакансия";"СЧ"
"подработка ремонт бытовой техники в ростове великом";"Профессии / Ремонт бытовой техники / Ростов Великий";"https://dodelay.ru/podrabotka/rostov/appliancerepair";"Вакансия";"НЧ"
"требуется ремонт бытовой техники в ростове великом";"Профессии / Ремонт бытовой техники / Ростов Великий";"https://dodelay.ru/podrabotka/rostov/appliancerepair";"Вакансия";"НЧ"
"вакансия ремонт бытовой техники в ростове великом";"Профессии / Ремонт бытовой техники / Ростов Великий";"https://dodelay.ru/podrabotka/rostov/appliancerepair";"Вакансия";"НЧ"
"диагностика на дому в ярославле";"Профессии / Ремонт бытовой техники / Задачи";"https://dodelay.ru/podrabotka/yaroslavl/appliancerepair";"Инфо";"НЧ"
"диагностика на дому цена";"Профессии / Ремонт бытовой техники / Задачи";"https://dodelay.ru/podrabotka/yaroslavl/appliancerepair";"Инфо";"НЧ"
"сколько стоит диагностика на дому";"Профессии / Ремонт бытовой техники / Задачи";"https://dodelay.ru/podrabotka/yaroslavl/appliancerepair";"Инфо";"НЧ"
"ремонт стиральной машины в ярославле";"Профессии / Ремонт бытовой техники / Задачи";"https://dodelay.ru/podrabotka/yaroslavl/appliancerepair";"Инфо";"НЧ"
"ремонт стиральной машины цена";"Профессии / Ремонт бытовой техники / Задачи";"https://dodelay.ru/podrabotka/yaroslavl/appliancerepair";"Инфо";"НЧ"
"сколько стоит ремонт стиральной машины";"Профессии / Ремонт бытовой техники / Задачи";"https://dodelay.ru/podrabotka/yaroslavl/appliancerepair";"Инфо";"НЧ"
"ремонт холодильника в ярославле";"Профессии / Ремонт бытовой техники / Задачи";"https://dodelay.ru/podrabotka/yaroslavl/appliancerepair";"Инфо";"НЧ"
"ремонт холодильника цена";"Профессии / Ремонт бытовой техники / Задачи";"https://dodelay.ru/podrabotka/yaroslavl/appliancerepair";"Инфо";"НЧ"
"сколько стоит ремонт холодильника";"Профессии / Ремонт бытовой техники / Задачи";"https://dodelay.ru/podrabotka/yaroslavl/appliancerepair";"Инфо";"НЧ"
"замена тэна или насоса в ярославле";"Профессии / Ремонт бытовой техники / Задачи";"https://dodelay.ru/podrabotka/yaroslavl/appliancerepair";"Инфо";"НЧ"
"замена тэна или насоса цена";"Профессии / Ремонт бытовой техники / Задачи";"https://dodelay.ru/podrabotka/yaroslavl/appliancerepair";"Инфо";"НЧ"
"сколько стоит замена тэна или насоса";"Профессии / Ремонт бытовой техники / Задачи";"https://dodelay.ru/podrabotka/yaroslavl/appliancerepair";"Инфо";"НЧ"
"компьютерная помощь в ярославле";"Профессии / Компьютерная помощь / Ярославль";"https://dodelay.ru/podrabotka/yaroslavl/computerhelp";"Коммерческий";"СЧ"
"компьютерная помощь ярославль";"Профессии / Компьютерная помощь / Ярославль";"https://dodelay.ru/podrabotka/yaroslavl/computerhelp";"Коммерческий";"СЧ"
"компьютерный мастер в ярославле";"Профессии / Компьютерная помощь / Ярославль";"https://dodelay.ru/podrabotka/yaroslavl/computerhelp";"Коммерческий";"СЧ"
"компьютерный мастер ярославль";"Профессии / Компьютерная помощь / Ярославль";"https://dodelay.ru/podrabotka/yaroslavl/computerhelp";"Коммерческий";"СЧ"
"настройка компьютера в ярославле";"Профессии / Компьютерная помощь / Ярославль";"https://dodelay.ru/podrabotka/yaroslavl/computerhelp";"Коммерческий";"СЧ"
"настройка компьютера ярославль";"Профессии / Компьютерная помощь / Ярославль";"https://dodelay.ru/podrabotka/yaroslavl/computerhelp";"Коммерческий";"СЧ"
"ремонт ноутбуков в ярославле";"Профессии / Компьютерная помощь / Ярославль";"https://dodelay.ru/podrabotka/yaroslavl/computerhelp";"Коммерческий";"СЧ"
"ремонт ноутбуков ярославль";"Профессии / Компьютерная помощь / Ярославль";"https://dodelay.ru/podrabotka/yaroslavl/computerhelp";"Коммерческий";"СЧ"
"айтишник на дом в ярославле";"Профессии / Компьютерная помощь / Ярославль";"https://dodelay.ru/podrabotka/yaroslavl/computerhelp";"Коммерческий";"СЧ"
"айтишник на дом ярославль";"Профессии / Компьютерная помощь / Ярославль";"https://dodelay.ru/podrabotka/yaroslavl/computerhelp";"Коммерческий";"СЧ"
"компьютерная помощь в ярославле недорого";"Профессии / Компьютерная помощь / Ярославль";"https://dodelay.ru/podrabotka/yaroslavl/computerhelp";"Коммерческий";"НЧ"
"компьютерная помощь в ярославле цены";"Профессии / Компьютерная помощь / Ярославль";"https://dodelay.ru/podrabotka/yaroslavl/computerhelp";"Коммерческий";"НЧ"
"компьютерная помощь в ярославле на дом";"Профессии / Компьютерная помощь / Ярославль";"https://dodelay.ru/podrabotka/yaroslavl/computerhelp";"Коммерческий";"НЧ"
"вызвать компьютерного мастера в ярославле";"Профессии / Компьютерная помощь / Ярославль";"https://dodelay.ru/podrabotka/yaroslavl/computerhelp";"Коммерческий";"НЧ"
"нанять компьютерного мастера в ярославле";"Профессии / Компьютерная помощь / Ярославль";"https://dodelay.ru/podrabotka/yaroslavl/computerhelp";"Коммерческий";"НЧ"
"найти компьютерного мастера в ярославле";"Профессии / Компьютерная помощь / Ярославль";"https://dodelay.ru/podrabotka/yaroslavl/computerhelp";"Коммерческий";"НЧ"
"услуги компьютерного мастера в ярославле";"Профессии / Компьютерная помощь / Ярославль";"https://dodelay.ru/podrabotka/yaroslavl/computerhelp";"Коммерческий";"НЧ"
"компьютерная помощь частник в ярославле";"Профессии / Компьютерная помощь / Ярославль";"https://dodelay.ru/podrabotka/yaroslavl/computerhelp";"Коммерческий";"НЧ"
"компьютерная помощь без посредников в ярославле";"Профессии / Компьютерная помощь / Ярославль";"https://dodelay.ru/podrabotka/yaroslavl/computerhelp";"Коммерческий";"НЧ"
"работа компьютерная помощь в ярославле";"Профессии / Компьютерная помощь / Ярославль";"https://dodelay.ru/podrabotka/yaroslavl/computerhelp";"Вакансия";"СЧ"
"подработка компьютерная помощь в ярославле";"Профессии / Компьютерная помощь / Ярославль";"https://dodelay.ru/podrabotka/yaroslavl/computerhelp";"Вакансия";"НЧ"
"требуется компьютерная помощь в ярославле";"Профессии / Компьютерная помощь / Ярославль";"https://dodelay.ru/podrabotka/yaroslavl/computerhelp";"Вакансия";"НЧ"
"вакансия компьютерная помощь в ярославле";"Профессии / Компьютерная помощь / Ярославль";"https://dodelay.ru/podrabotka/yaroslavl/computerhelp";"Вакансия";"НЧ"
"компьютерная помощь в рыбинске";"Профессии / Компьютерная помощь / Рыбинск";"https://dodelay.ru/podrabotka/rybinsk/computerhelp";"Коммерческий";"СЧ"
"компьютерная помощь рыбинск";"Профессии / Компьютерная помощь / Рыбинск";"https://dodelay.ru/podrabotka/rybinsk/computerhelp";"Коммерческий";"СЧ"
"компьютерный мастер в рыбинске";"Профессии / Компьютерная помощь / Рыбинск";"https://dodelay.ru/podrabotka/rybinsk/computerhelp";"Коммерческий";"СЧ"
"компьютерный мастер рыбинск";"Профессии / Компьютерная помощь / Рыбинск";"https://dodelay.ru/podrabotka/rybinsk/computerhelp";"Коммерческий";"СЧ"
"настройка компьютера в рыбинске";"Профессии / Компьютерная помощь / Рыбинск";"https://dodelay.ru/podrabotka/rybinsk/computerhelp";"Коммерческий";"СЧ"
"настройка компьютера рыбинск";"Профессии / Компьютерная помощь / Рыбинск";"https://dodelay.ru/podrabotka/rybinsk/computerhelp";"Коммерческий";"СЧ"
"ремонт ноутбуков в рыбинске";"Профессии / Компьютерная помощь / Рыбинск";"https://dodelay.ru/podrabotka/rybinsk/computerhelp";"Коммерческий";"СЧ"
"ремонт ноутбуков рыбинск";"Профессии / Компьютерная помощь / Рыбинск";"https://dodelay.ru/podrabotka/rybinsk/computerhelp";"Коммерческий";"СЧ"
"айтишник на дом в рыбинске";"Профессии / Компьютерная помощь / Рыбинск";"https://dodelay.ru/podrabotka/rybinsk/computerhelp";"Коммерческий";"СЧ"
"айтишник на дом рыбинск";"Профессии / Компьютерная помощь / Рыбинск";"https://dodelay.ru/podrabotka/rybinsk/computerhelp";"Коммерческий";"СЧ"
"компьютерная помощь в рыбинске недорого";"Профессии / Компьютерная помощь / Рыбинск";"https://dodelay.ru/podrabotka/rybinsk/computerhelp";"Коммерческий";"НЧ"
"компьютерная помощь в рыбинске цены";"Профессии / Компьютерная помощь / Рыбинск";"https://dodelay.ru/podrabotka/rybinsk/computerhelp";"Коммерческий";"НЧ"
"компьютерная помощь в рыбинске на дом";"Профессии / Компьютерная помощь / Рыбинск";"https://dodelay.ru/podrabotka/rybinsk/computerhelp";"Коммерческий";"НЧ"
"вызвать компьютерного мастера в рыбинске";"Профессии / Компьютерная помощь / Рыбинск";"https://dodelay.ru/podrabotka/rybinsk/computerhelp";"Коммерческий";"НЧ"
"нанять компьютерного мастера в рыбинске";"Профессии / Компьютерная помощь / Рыбинск";"https://dodelay.ru/podrabotka/rybinsk/computerhelp";"Коммерческий";"НЧ"
"найти компьютерного мастера в рыбинске";"Профессии / Компьютерная помощь / Рыбинск";"https://dodelay.ru/podrabotka/rybinsk/computerhelp";"Коммерческий";"НЧ"
"услуги компьютерного мастера в рыбинске";"Профессии / Компьютерная помощь / Рыбинск";"https://dodelay.ru/podrabotka/rybinsk/computerhelp";"Коммерческий";"НЧ"
"компьютерная помощь частник в рыбинске";"Профессии / Компьютерная помощь / Рыбинск";"https://dodelay.ru/podrabotka/rybinsk/computerhelp";"Коммерческий";"НЧ"
"компьютерная помощь без посредников в рыбинске";"Профессии / Компьютерная помощь / Рыбинск";"https://dodelay.ru/podrabotka/rybinsk/computerhelp";"Коммерческий";"НЧ"
"работа компьютерная помощь в рыбинске";"Профессии / Компьютерная помощь / Рыбинск";"https://dodelay.ru/podrabotka/rybinsk/computerhelp";"Вакансия";"СЧ"
"подработка компьютерная помощь в рыбинске";"Профессии / Компьютерная помощь / Рыбинск";"https://dodelay.ru/podrabotka/rybinsk/computerhelp";"Вакансия";"НЧ"
"требуется компьютерная помощь в рыбинске";"Профессии / Компьютерная помощь / Рыбинск";"https://dodelay.ru/podrabotka/rybinsk/computerhelp";"Вакансия";"НЧ"
"вакансия компьютерная помощь в рыбинске";"Профессии / Компьютерная помощь / Рыбинск";"https://dodelay.ru/podrabotka/rybinsk/computerhelp";"Вакансия";"НЧ"
"компьютерная помощь в тутаеве";"Профессии / Компьютерная помощь / Тутаев";"https://dodelay.ru/podrabotka/tutaev/computerhelp";"Коммерческий";"СЧ"
"компьютерная помощь тутаев";"Профессии / Компьютерная помощь / Тутаев";"https://dodelay.ru/podrabotka/tutaev/computerhelp";"Коммерческий";"СЧ"
"компьютерный мастер в тутаеве";"Профессии / Компьютерная помощь / Тутаев";"https://dodelay.ru/podrabotka/tutaev/computerhelp";"Коммерческий";"СЧ"
"компьютерный мастер тутаев";"Профессии / Компьютерная помощь / Тутаев";"https://dodelay.ru/podrabotka/tutaev/computerhelp";"Коммерческий";"СЧ"
"настройка компьютера в тутаеве";"Профессии / Компьютерная помощь / Тутаев";"https://dodelay.ru/podrabotka/tutaev/computerhelp";"Коммерческий";"СЧ"
"настройка компьютера тутаев";"Профессии / Компьютерная помощь / Тутаев";"https://dodelay.ru/podrabotka/tutaev/computerhelp";"Коммерческий";"СЧ"
"ремонт ноутбуков в тутаеве";"Профессии / Компьютерная помощь / Тутаев";"https://dodelay.ru/podrabotka/tutaev/computerhelp";"Коммерческий";"СЧ"
"ремонт ноутбуков тутаев";"Профессии / Компьютерная помощь / Тутаев";"https://dodelay.ru/podrabotka/tutaev/computerhelp";"Коммерческий";"СЧ"
"айтишник на дом в тутаеве";"Профессии / Компьютерная помощь / Тутаев";"https://dodelay.ru/podrabotka/tutaev/computerhelp";"Коммерческий";"СЧ"
"айтишник на дом тутаев";"Профессии / Компьютерная помощь / Тутаев";"https://dodelay.ru/podrabotka/tutaev/computerhelp";"Коммерческий";"СЧ"
"компьютерная помощь в тутаеве недорого";"Профессии / Компьютерная помощь / Тутаев";"https://dodelay.ru/podrabotka/tutaev/computerhelp";"Коммерческий";"НЧ"
"компьютерная помощь в тутаеве цены";"Профессии / Компьютерная помощь / Тутаев";"https://dodelay.ru/podrabotka/tutaev/computerhelp";"Коммерческий";"НЧ"
"компьютерная помощь в тутаеве на дом";"Профессии / Компьютерная помощь / Тутаев";"https://dodelay.ru/podrabotka/tutaev/computerhelp";"Коммерческий";"НЧ"
"вызвать компьютерного мастера в тутаеве";"Профессии / Компьютерная помощь / Тутаев";"https://dodelay.ru/podrabotka/tutaev/computerhelp";"Коммерческий";"НЧ"
"нанять компьютерного мастера в тутаеве";"Профессии / Компьютерная помощь / Тутаев";"https://dodelay.ru/podrabotka/tutaev/computerhelp";"Коммерческий";"НЧ"
"найти компьютерного мастера в тутаеве";"Профессии / Компьютерная помощь / Тутаев";"https://dodelay.ru/podrabotka/tutaev/computerhelp";"Коммерческий";"НЧ"
"услуги компьютерного мастера в тутаеве";"Профессии / Компьютерная помощь / Тутаев";"https://dodelay.ru/podrabotka/tutaev/computerhelp";"Коммерческий";"НЧ"
"компьютерная помощь частник в тутаеве";"Профессии / Компьютерная помощь / Тутаев";"https://dodelay.ru/podrabotka/tutaev/computerhelp";"Коммерческий";"НЧ"
"компьютерная помощь без посредников в тутаеве";"Профессии / Компьютерная помощь / Тутаев";"https://dodelay.ru/podrabotka/tutaev/computerhelp";"Коммерческий";"НЧ"
"работа компьютерная помощь в тутаеве";"Профессии / Компьютерная помощь / Тутаев";"https://dodelay.ru/podrabotka/tutaev/computerhelp";"Вакансия";"СЧ"
"подработка компьютерная помощь в тутаеве";"Профессии / Компьютерная помощь / Тутаев";"https://dodelay.ru/podrabotka/tutaev/computerhelp";"Вакансия";"НЧ"
"требуется компьютерная помощь в тутаеве";"Профессии / Компьютерная помощь / Тутаев";"https://dodelay.ru/podrabotka/tutaev/computerhelp";"Вакансия";"НЧ"
"вакансия компьютерная помощь в тутаеве";"Профессии / Компьютерная помощь / Тутаев";"https://dodelay.ru/podrabotka/tutaev/computerhelp";"Вакансия";"НЧ"
"компьютерная помощь в переславле-залесском";"Профессии / Компьютерная помощь / Переславль-Залесский";"https://dodelay.ru/podrabotka/pereslavl/computerhelp";"Коммерческий";"СЧ"
"компьютерная помощь переславль-залесский";"Профессии / Компьютерная помощь / Переславль-Залесский";"https://dodelay.ru/podrabotka/pereslavl/computerhelp";"Коммерческий";"СЧ"
"компьютерный мастер в переславле-залесском";"Профессии / Компьютерная помощь / Переславль-Залесский";"https://dodelay.ru/podrabotka/pereslavl/computerhelp";"Коммерческий";"СЧ"
"компьютерный мастер переславль-залесский";"Профессии / Компьютерная помощь / Переславль-Залесский";"https://dodelay.ru/podrabotka/pereslavl/computerhelp";"Коммерческий";"СЧ"
"настройка компьютера в переславле-залесском";"Профессии / Компьютерная помощь / Переславль-Залесский";"https://dodelay.ru/podrabotka/pereslavl/computerhelp";"Коммерческий";"СЧ"
"настройка компьютера переславль-залесский";"Профессии / Компьютерная помощь / Переславль-Залесский";"https://dodelay.ru/podrabotka/pereslavl/computerhelp";"Коммерческий";"СЧ"
"ремонт ноутбуков в переславле-залесском";"Профессии / Компьютерная помощь / Переславль-Залесский";"https://dodelay.ru/podrabotka/pereslavl/computerhelp";"Коммерческий";"СЧ"
"ремонт ноутбуков переславль-залесский";"Профессии / Компьютерная помощь / Переславль-Залесский";"https://dodelay.ru/podrabotka/pereslavl/computerhelp";"Коммерческий";"СЧ"
"айтишник на дом в переславле-залесском";"Профессии / Компьютерная помощь / Переславль-Залесский";"https://dodelay.ru/podrabotka/pereslavl/computerhelp";"Коммерческий";"СЧ"
"айтишник на дом переславль-залесский";"Профессии / Компьютерная помощь / Переславль-Залесский";"https://dodelay.ru/podrabotka/pereslavl/computerhelp";"Коммерческий";"СЧ"
"компьютерная помощь в переславле-залесском недорого";"Профессии / Компьютерная помощь / Переславль-Залесский";"https://dodelay.ru/podrabotka/pereslavl/computerhelp";"Коммерческий";"НЧ"
"компьютерная помощь в переславле-залесском цены";"Профессии / Компьютерная помощь / Переславль-Залесский";"https://dodelay.ru/podrabotka/pereslavl/computerhelp";"Коммерческий";"НЧ"
"компьютерная помощь в переславле-залесском на дом";"Профессии / Компьютерная помощь / Переславль-Залесский";"https://dodelay.ru/podrabotka/pereslavl/computerhelp";"Коммерческий";"НЧ"
"вызвать компьютерного мастера в переславле-залесском";"Профессии / Компьютерная помощь / Переславль-Залесский";"https://dodelay.ru/podrabotka/pereslavl/computerhelp";"Коммерческий";"НЧ"
"нанять компьютерного мастера в переславле-залесском";"Профессии / Компьютерная помощь / Переславль-Залесский";"https://dodelay.ru/podrabotka/pereslavl/computerhelp";"Коммерческий";"НЧ"
"найти компьютерного мастера в переславле-залесском";"Профессии / Компьютерная помощь / Переславль-Залесский";"https://dodelay.ru/podrabotka/pereslavl/computerhelp";"Коммерческий";"НЧ"
"услуги компьютерного мастера в переславле-залесском";"Профессии / Компьютерная помощь / Переславль-Залесский";"https://dodelay.ru/podrabotka/pereslavl/computerhelp";"Коммерческий";"НЧ"
"компьютерная помощь частник в переславле-залесском";"Профессии / Компьютерная помощь / Переславль-Залесский";"https://dodelay.ru/podrabotka/pereslavl/computerhelp";"Коммерческий";"НЧ"
"компьютерная помощь без посредников в переславле-залесском";"Профессии / Компьютерная помощь / Переславль-Залесский";"https://dodelay.ru/podrabotka/pereslavl/computerhelp";"Коммерческий";"НЧ"
"работа компьютерная помощь в переславле-залесском";"Профессии / Компьютерная помощь / Переславль-Залесский";"https://dodelay.ru/podrabotka/pereslavl/computerhelp";"Вакансия";"СЧ"
"подработка компьютерная помощь в переславле-залесском";"Профессии / Компьютерная помощь / Переславль-Залесский";"https://dodelay.ru/podrabotka/pereslavl/computerhelp";"Вакансия";"НЧ"
"требуется компьютерная помощь в переславле-залесском";"Профессии / Компьютерная помощь / Переславль-Залесский";"https://dodelay.ru/podrabotka/pereslavl/computerhelp";"Вакансия";"НЧ"
"вакансия компьютерная помощь в переславле-залесском";"Профессии / Компьютерная помощь / Переславль-Залесский";"https://dodelay.ru/podrabotka/pereslavl/computerhelp";"Вакансия";"НЧ"
"компьютерная помощь в угличе";"Профессии / Компьютерная помощь / Углич";"https://dodelay.ru/podrabotka/uglich/computerhelp";"Коммерческий";"СЧ"
"компьютерная помощь углич";"Профессии / Компьютерная помощь / Углич";"https://dodelay.ru/podrabotka/uglich/computerhelp";"Коммерческий";"СЧ"
"компьютерный мастер в угличе";"Профессии / Компьютерная помощь / Углич";"https://dodelay.ru/podrabotka/uglich/computerhelp";"Коммерческий";"СЧ"
"компьютерный мастер углич";"Профессии / Компьютерная помощь / Углич";"https://dodelay.ru/podrabotka/uglich/computerhelp";"Коммерческий";"СЧ"
"настройка компьютера в угличе";"Профессии / Компьютерная помощь / Углич";"https://dodelay.ru/podrabotka/uglich/computerhelp";"Коммерческий";"СЧ"
"настройка компьютера углич";"Профессии / Компьютерная помощь / Углич";"https://dodelay.ru/podrabotka/uglich/computerhelp";"Коммерческий";"СЧ"
"ремонт ноутбуков в угличе";"Профессии / Компьютерная помощь / Углич";"https://dodelay.ru/podrabotka/uglich/computerhelp";"Коммерческий";"СЧ"
"ремонт ноутбуков углич";"Профессии / Компьютерная помощь / Углич";"https://dodelay.ru/podrabotka/uglich/computerhelp";"Коммерческий";"СЧ"
"айтишник на дом в угличе";"Профессии / Компьютерная помощь / Углич";"https://dodelay.ru/podrabotka/uglich/computerhelp";"Коммерческий";"СЧ"
"айтишник на дом углич";"Профессии / Компьютерная помощь / Углич";"https://dodelay.ru/podrabotka/uglich/computerhelp";"Коммерческий";"СЧ"
"компьютерная помощь в угличе недорого";"Профессии / Компьютерная помощь / Углич";"https://dodelay.ru/podrabotka/uglich/computerhelp";"Коммерческий";"НЧ"
"компьютерная помощь в угличе цены";"Профессии / Компьютерная помощь / Углич";"https://dodelay.ru/podrabotka/uglich/computerhelp";"Коммерческий";"НЧ"
"компьютерная помощь в угличе на дом";"Профессии / Компьютерная помощь / Углич";"https://dodelay.ru/podrabotka/uglich/computerhelp";"Коммерческий";"НЧ"
"вызвать компьютерного мастера в угличе";"Профессии / Компьютерная помощь / Углич";"https://dodelay.ru/podrabotka/uglich/computerhelp";"Коммерческий";"НЧ"
"нанять компьютерного мастера в угличе";"Профессии / Компьютерная помощь / Углич";"https://dodelay.ru/podrabotka/uglich/computerhelp";"Коммерческий";"НЧ"
"найти компьютерного мастера в угличе";"Профессии / Компьютерная помощь / Углич";"https://dodelay.ru/podrabotka/uglich/computerhelp";"Коммерческий";"НЧ"
"услуги компьютерного мастера в угличе";"Профессии / Компьютерная помощь / Углич";"https://dodelay.ru/podrabotka/uglich/computerhelp";"Коммерческий";"НЧ"
"компьютерная помощь частник в угличе";"Профессии / Компьютерная помощь / Углич";"https://dodelay.ru/podrabotka/uglich/computerhelp";"Коммерческий";"НЧ"
"компьютерная помощь без посредников в угличе";"Профессии / Компьютерная помощь / Углич";"https://dodelay.ru/podrabotka/uglich/computerhelp";"Коммерческий";"НЧ"
"работа компьютерная помощь в угличе";"Профессии / Компьютерная помощь / Углич";"https://dodelay.ru/podrabotka/uglich/computerhelp";"Вакансия";"СЧ"
"подработка компьютерная помощь в угличе";"Профессии / Компьютерная помощь / Углич";"https://dodelay.ru/podrabotka/uglich/computerhelp";"Вакансия";"НЧ"
"требуется компьютерная помощь в угличе";"Профессии / Компьютерная помощь / Углич";"https://dodelay.ru/podrabotka/uglich/computerhelp";"Вакансия";"НЧ"
"вакансия компьютерная помощь в угличе";"Профессии / Компьютерная помощь / Углич";"https://dodelay.ru/podrabotka/uglich/computerhelp";"Вакансия";"НЧ"
"компьютерная помощь в ростове великом";"Профессии / Компьютерная помощь / Ростов Великий";"https://dodelay.ru/podrabotka/rostov/computerhelp";"Коммерческий";"СЧ"
"компьютерная помощь ростов великий";"Профессии / Компьютерная помощь / Ростов Великий";"https://dodelay.ru/podrabotka/rostov/computerhelp";"Коммерческий";"СЧ"
"компьютерный мастер в ростове великом";"Профессии / Компьютерная помощь / Ростов Великий";"https://dodelay.ru/podrabotka/rostov/computerhelp";"Коммерческий";"СЧ"
"компьютерный мастер ростов великий";"Профессии / Компьютерная помощь / Ростов Великий";"https://dodelay.ru/podrabotka/rostov/computerhelp";"Коммерческий";"СЧ"
"настройка компьютера в ростове великом";"Профессии / Компьютерная помощь / Ростов Великий";"https://dodelay.ru/podrabotka/rostov/computerhelp";"Коммерческий";"СЧ"
"настройка компьютера ростов великий";"Профессии / Компьютерная помощь / Ростов Великий";"https://dodelay.ru/podrabotka/rostov/computerhelp";"Коммерческий";"СЧ"
"ремонт ноутбуков в ростове великом";"Профессии / Компьютерная помощь / Ростов Великий";"https://dodelay.ru/podrabotka/rostov/computerhelp";"Коммерческий";"СЧ"
"ремонт ноутбуков ростов великий";"Профессии / Компьютерная помощь / Ростов Великий";"https://dodelay.ru/podrabotka/rostov/computerhelp";"Коммерческий";"СЧ"
"айтишник на дом в ростове великом";"Профессии / Компьютерная помощь / Ростов Великий";"https://dodelay.ru/podrabotka/rostov/computerhelp";"Коммерческий";"СЧ"
"айтишник на дом ростов великий";"Профессии / Компьютерная помощь / Ростов Великий";"https://dodelay.ru/podrabotka/rostov/computerhelp";"Коммерческий";"СЧ"
"компьютерная помощь в ростове великом недорого";"Профессии / Компьютерная помощь / Ростов Великий";"https://dodelay.ru/podrabotka/rostov/computerhelp";"Коммерческий";"НЧ"
"компьютерная помощь в ростове великом цены";"Профессии / Компьютерная помощь / Ростов Великий";"https://dodelay.ru/podrabotka/rostov/computerhelp";"Коммерческий";"НЧ"
"компьютерная помощь в ростове великом на дом";"Профессии / Компьютерная помощь / Ростов Великий";"https://dodelay.ru/podrabotka/rostov/computerhelp";"Коммерческий";"НЧ"
"вызвать компьютерного мастера в ростове великом";"Профессии / Компьютерная помощь / Ростов Великий";"https://dodelay.ru/podrabotka/rostov/computerhelp";"Коммерческий";"НЧ"
"нанять компьютерного мастера в ростове великом";"Профессии / Компьютерная помощь / Ростов Великий";"https://dodelay.ru/podrabotka/rostov/computerhelp";"Коммерческий";"НЧ"
"найти компьютерного мастера в ростове великом";"Профессии / Компьютерная помощь / Ростов Великий";"https://dodelay.ru/podrabotka/rostov/computerhelp";"Коммерческий";"НЧ"
"услуги компьютерного мастера в ростове великом";"Профессии / Компьютерная помощь / Ростов Великий";"https://dodelay.ru/podrabotka/rostov/computerhelp";"Коммерческий";"НЧ"
"компьютерная помощь частник в ростове великом";"Профессии / Компьютерная помощь / Ростов Великий";"https://dodelay.ru/podrabotka/rostov/computerhelp";"Коммерческий";"НЧ"
"компьютерная помощь без посредников в ростове великом";"Профессии / Компьютерная помощь / Ростов Великий";"https://dodelay.ru/podrabotka/rostov/computerhelp";"Коммерческий";"НЧ"
"работа компьютерная помощь в ростове великом";"Профессии / Компьютерная помощь / Ростов Великий";"https://dodelay.ru/podrabotka/rostov/computerhelp";"Вакансия";"СЧ"
"подработка компьютерная помощь в ростове великом";"Профессии / Компьютерная помощь / Ростов Великий";"https://dodelay.ru/podrabotka/rostov/computerhelp";"Вакансия";"НЧ"
"требуется компьютерная помощь в ростове великом";"Профессии / Компьютерная помощь / Ростов Великий";"https://dodelay.ru/podrabotka/rostov/computerhelp";"Вакансия";"НЧ"
"вакансия компьютерная помощь в ростове великом";"Профессии / Компьютерная помощь / Ростов Великий";"https://dodelay.ru/podrabotka/rostov/computerhelp";"Вакансия";"НЧ"
"установка windows в ярославле";"Профессии / Компьютерная помощь / Задачи";"https://dodelay.ru/podrabotka/yaroslavl/computerhelp";"Инфо";"НЧ"
"установка windows цена";"Профессии / Компьютерная помощь / Задачи";"https://dodelay.ru/podrabotka/yaroslavl/computerhelp";"Инфо";"НЧ"
"сколько стоит установка windows";"Профессии / Компьютерная помощь / Задачи";"https://dodelay.ru/podrabotka/yaroslavl/computerhelp";"Инфо";"НЧ"
"чистка ноутбука от пыли в ярославле";"Профессии / Компьютерная помощь / Задачи";"https://dodelay.ru/podrabotka/yaroslavl/computerhelp";"Инфо";"НЧ"
"чистка ноутбука от пыли цена";"Профессии / Компьютерная помощь / Задачи";"https://dodelay.ru/podrabotka/yaroslavl/computerhelp";"Инфо";"НЧ"
"сколько стоит чистка ноутбука от пыли";"Профессии / Компьютерная помощь / Задачи";"https://dodelay.ru/podrabotka/yaroslavl/computerhelp";"Инфо";"НЧ"
"настройка принтера в ярославле";"Профессии / Компьютерная помощь / Задачи";"https://dodelay.ru/podrabotka/yaroslavl/computerhelp";"Инфо";"НЧ"
"настройка принтера цена";"Профессии / Компьютерная помощь / Задачи";"https://dodelay.ru/podrabotka/yaroslavl/computerhelp";"Инфо";"НЧ"
"сколько стоит настройка принтера";"Профессии / Компьютерная помощь / Задачи";"https://dodelay.ru/podrabotka/yaroslavl/computerhelp";"Инфо";"НЧ"
"удаление вирусов в ярославле";"Профессии / Компьютерная помощь / Задачи";"https://dodelay.ru/podrabotka/yaroslavl/computerhelp";"Инфо";"НЧ"
"удаление вирусов цена";"Профессии / Компьютерная помощь / Задачи";"https://dodelay.ru/podrabotka/yaroslavl/computerhelp";"Инфо";"НЧ"
"сколько стоит удаление вирусов";"Профессии / Компьютерная помощь / Задачи";"https://dodelay.ru/podrabotka/yaroslavl/computerhelp";"Инфо";"НЧ"
"уборка в ярославле";"Профессии / Уборка / Ярославль";"https://dodelay.ru/podrabotka/yaroslavl/cleaner";"Коммерческий";"СЧ"
"уборка ярославль";"Профессии / Уборка / Ярославль";"https://dodelay.ru/podrabotka/yaroslavl/cleaner";"Коммерческий";"СЧ"
"клининг в ярославле";"Профессии / Уборка / Ярославль";"https://dodelay.ru/podrabotka/yaroslavl/cleaner";"Коммерческий";"СЧ"
"клининг ярославль";"Профессии / Уборка / Ярославль";"https://dodelay.ru/podrabotka/yaroslavl/cleaner";"Коммерческий";"СЧ"
"клининговые услуги в ярославле";"Профессии / Уборка / Ярославль";"https://dodelay.ru/podrabotka/yaroslavl/cleaner";"Коммерческий";"СЧ"
"клининговые услуги ярославль";"Профессии / Уборка / Ярославль";"https://dodelay.ru/podrabotka/yaroslavl/cleaner";"Коммерческий";"СЧ"
"клинер в ярославле";"Профессии / Уборка / Ярославль";"https://dodelay.ru/podrabotka/yaroslavl/cleaner";"Коммерческий";"СЧ"
"клинер ярославль";"Профессии / Уборка / Ярославль";"https://dodelay.ru/podrabotka/yaroslavl/cleaner";"Коммерческий";"СЧ"
"уборщица в ярославле";"Профессии / Уборка / Ярославль";"https://dodelay.ru/podrabotka/yaroslavl/cleaner";"Коммерческий";"СЧ"
"уборщица ярославль";"Профессии / Уборка / Ярославль";"https://dodelay.ru/podrabotka/yaroslavl/cleaner";"Коммерческий";"СЧ"
"генеральная уборка в ярославле";"Профессии / Уборка / Ярославль";"https://dodelay.ru/podrabotka/yaroslavl/cleaner";"Коммерческий";"СЧ"
"генеральная уборка ярославль";"Профессии / Уборка / Ярославль";"https://dodelay.ru/podrabotka/yaroslavl/cleaner";"Коммерческий";"СЧ"
"уборка квартир в ярославле";"Профессии / Уборка / Ярославль";"https://dodelay.ru/podrabotka/yaroslavl/cleaner";"Коммерческий";"СЧ"
"уборка квартир ярославль";"Профессии / Уборка / Ярославль";"https://dodelay.ru/podrabotka/yaroslavl/cleaner";"Коммерческий";"СЧ"
"клининговая компания в ярославле";"Профессии / Уборка / Ярославль";"https://dodelay.ru/podrabotka/yaroslavl/cleaner";"Коммерческий";"СЧ"
"клининговая компания ярославль";"Профессии / Уборка / Ярославль";"https://dodelay.ru/podrabotka/yaroslavl/cleaner";"Коммерческий";"СЧ"
"уборка после ремонта в ярославле";"Профессии / Уборка / Ярославль";"https://dodelay.ru/podrabotka/yaroslavl/cleaner";"Коммерческий";"СЧ"
"уборка после ремонта ярославль";"Профессии / Уборка / Ярославль";"https://dodelay.ru/podrabotka/yaroslavl/cleaner";"Коммерческий";"СЧ"
"уборка в ярославле недорого";"Профессии / Уборка / Ярославль";"https://dodelay.ru/podrabotka/yaroslavl/cleaner";"Коммерческий";"НЧ"
"уборка в ярославле цены";"Профессии / Уборка / Ярославль";"https://dodelay.ru/podrabotka/yaroslavl/cleaner";"Коммерческий";"НЧ"
"уборка в ярославле на дом";"Профессии / Уборка / Ярославль";"https://dodelay.ru/podrabotka/yaroslavl/cleaner";"Коммерческий";"НЧ"
"вызвать клинера в ярославле";"Профессии / Уборка / Ярославль";"https://dodelay.ru/podrabotka/yaroslavl/cleaner";"Коммерческий";"НЧ"
"нанять клинера в ярославле";"Профессии / Уборка / Ярославль";"https://dodelay.ru/podrabotka/yaroslavl/cleaner";"Коммерческий";"НЧ"
"найти клинера в ярославле";"Профессии / Уборка / Ярославль";"https://dodelay.ru/podrabotka/yaroslavl/cleaner";"Коммерческий";"НЧ"
"услуги клинера в ярославле";"Профессии / Уборка / Ярославль";"https://dodelay.ru/podrabotka/yaroslavl/cleaner";"Коммерческий";"НЧ"
"уборка частник в ярославле";"Профессии / Уборка / Ярославль";"https://dodelay.ru/podrabotka/yaroslavl/cleaner";"Коммерческий";"НЧ"
"уборка без посредников в ярославле";"Профессии / Уборка / Ярославль";"https://dodelay.ru/podrabotka/yaroslavl/cleaner";"Коммерческий";"НЧ"
"работа уборка в ярославле";"Профессии / Уборка / Ярославль";"https://dodelay.ru/podrabotka/yaroslavl/cleaner";"Вакансия";"СЧ"
"подработка уборка в ярославле";"Профессии / Уборка / Ярославль";"https://dodelay.ru/podrabotka/yaroslavl/cleaner";"Вакансия";"НЧ"
"требуется уборка в ярославле";"Профессии / Уборка / Ярославль";"https://dodelay.ru/podrabotka/yaroslavl/cleaner";"Вакансия";"НЧ"
"вакансия уборка в ярославле";"Профессии / Уборка / Ярославль";"https://dodelay.ru/podrabotka/yaroslavl/cleaner";"Вакансия";"НЧ"
"уборка в рыбинске";"Профессии / Уборка / Рыбинск";"https://dodelay.ru/podrabotka/rybinsk/cleaner";"Коммерческий";"СЧ"
"уборка рыбинск";"Профессии / Уборка / Рыбинск";"https://dodelay.ru/podrabotka/rybinsk/cleaner";"Коммерческий";"СЧ"
"клининг в рыбинске";"Профессии / Уборка / Рыбинск";"https://dodelay.ru/podrabotka/rybinsk/cleaner";"Коммерческий";"СЧ"
"клининг рыбинск";"Профессии / Уборка / Рыбинск";"https://dodelay.ru/podrabotka/rybinsk/cleaner";"Коммерческий";"СЧ"
"клининговые услуги в рыбинске";"Профессии / Уборка / Рыбинск";"https://dodelay.ru/podrabotka/rybinsk/cleaner";"Коммерческий";"СЧ"
"клининговые услуги рыбинск";"Профессии / Уборка / Рыбинск";"https://dodelay.ru/podrabotka/rybinsk/cleaner";"Коммерческий";"СЧ"
"клинер в рыбинске";"Профессии / Уборка / Рыбинск";"https://dodelay.ru/podrabotka/rybinsk/cleaner";"Коммерческий";"СЧ"
"клинер рыбинск";"Профессии / Уборка / Рыбинск";"https://dodelay.ru/podrabotka/rybinsk/cleaner";"Коммерческий";"СЧ"
"уборщица в рыбинске";"Профессии / Уборка / Рыбинск";"https://dodelay.ru/podrabotka/rybinsk/cleaner";"Коммерческий";"СЧ"
"уборщица рыбинск";"Профессии / Уборка / Рыбинск";"https://dodelay.ru/podrabotka/rybinsk/cleaner";"Коммерческий";"СЧ"
"генеральная уборка в рыбинске";"Профессии / Уборка / Рыбинск";"https://dodelay.ru/podrabotka/rybinsk/cleaner";"Коммерческий";"СЧ"
"генеральная уборка рыбинск";"Профессии / Уборка / Рыбинск";"https://dodelay.ru/podrabotka/rybinsk/cleaner";"Коммерческий";"СЧ"
"уборка квартир в рыбинске";"Профессии / Уборка / Рыбинск";"https://dodelay.ru/podrabotka/rybinsk/cleaner";"Коммерческий";"СЧ"
"уборка квартир рыбинск";"Профессии / Уборка / Рыбинск";"https://dodelay.ru/podrabotka/rybinsk/cleaner";"Коммерческий";"СЧ"
"клининговая компания в рыбинске";"Профессии / Уборка / Рыбинск";"https://dodelay.ru/podrabotka/rybinsk/cleaner";"Коммерческий";"СЧ"
"клининговая компания рыбинск";"Профессии / Уборка / Рыбинск";"https://dodelay.ru/podrabotka/rybinsk/cleaner";"Коммерческий";"СЧ"
"уборка после ремонта в рыбинске";"Профессии / Уборка / Рыбинск";"https://dodelay.ru/podrabotka/rybinsk/cleaner";"Коммерческий";"СЧ"
"уборка после ремонта рыбинск";"Профессии / Уборка / Рыбинск";"https://dodelay.ru/podrabotka/rybinsk/cleaner";"Коммерческий";"СЧ"
"уборка в рыбинске недорого";"Профессии / Уборка / Рыбинск";"https://dodelay.ru/podrabotka/rybinsk/cleaner";"Коммерческий";"НЧ"
"уборка в рыбинске цены";"Профессии / Уборка / Рыбинск";"https://dodelay.ru/podrabotka/rybinsk/cleaner";"Коммерческий";"НЧ"
"уборка в рыбинске на дом";"Профессии / Уборка / Рыбинск";"https://dodelay.ru/podrabotka/rybinsk/cleaner";"Коммерческий";"НЧ"
"вызвать клинера в рыбинске";"Профессии / Уборка / Рыбинск";"https://dodelay.ru/podrabotka/rybinsk/cleaner";"Коммерческий";"НЧ"
"нанять клинера в рыбинске";"Профессии / Уборка / Рыбинск";"https://dodelay.ru/podrabotka/rybinsk/cleaner";"Коммерческий";"НЧ"
"найти клинера в рыбинске";"Профессии / Уборка / Рыбинск";"https://dodelay.ru/podrabotka/rybinsk/cleaner";"Коммерческий";"НЧ"
"услуги клинера в рыбинске";"Профессии / Уборка / Рыбинск";"https://dodelay.ru/podrabotka/rybinsk/cleaner";"Коммерческий";"НЧ"
"уборка частник в рыбинске";"Профессии / Уборка / Рыбинск";"https://dodelay.ru/podrabotka/rybinsk/cleaner";"Коммерческий";"НЧ"
"уборка без посредников в рыбинске";"Профессии / Уборка / Рыбинск";"https://dodelay.ru/podrabotka/rybinsk/cleaner";"Коммерческий";"НЧ"
"работа уборка в рыбинске";"Профессии / Уборка / Рыбинск";"https://dodelay.ru/podrabotka/rybinsk/cleaner";"Вакансия";"СЧ"
"подработка уборка в рыбинске";"Профессии / Уборка / Рыбинск";"https://dodelay.ru/podrabotka/rybinsk/cleaner";"Вакансия";"НЧ"
"требуется уборка в рыбинске";"Профессии / Уборка / Рыбинск";"https://dodelay.ru/podrabotka/rybinsk/cleaner";"Вакансия";"НЧ"
"вакансия уборка в рыбинске";"Профессии / Уборка / Рыбинск";"https://dodelay.ru/podrabotka/rybinsk/cleaner";"Вакансия";"НЧ"
"уборка в тутаеве";"Профессии / Уборка / Тутаев";"https://dodelay.ru/podrabotka/tutaev/cleaner";"Коммерческий";"СЧ"
"уборка тутаев";"Профессии / Уборка / Тутаев";"https://dodelay.ru/podrabotka/tutaev/cleaner";"Коммерческий";"СЧ"
"клининг в тутаеве";"Профессии / Уборка / Тутаев";"https://dodelay.ru/podrabotka/tutaev/cleaner";"Коммерческий";"СЧ"
"клининг тутаев";"Профессии / Уборка / Тутаев";"https://dodelay.ru/podrabotka/tutaev/cleaner";"Коммерческий";"СЧ"
"клининговые услуги в тутаеве";"Профессии / Уборка / Тутаев";"https://dodelay.ru/podrabotka/tutaev/cleaner";"Коммерческий";"СЧ"
"клининговые услуги тутаев";"Профессии / Уборка / Тутаев";"https://dodelay.ru/podrabotka/tutaev/cleaner";"Коммерческий";"СЧ"
"клинер в тутаеве";"Профессии / Уборка / Тутаев";"https://dodelay.ru/podrabotka/tutaev/cleaner";"Коммерческий";"СЧ"
"клинер тутаев";"Профессии / Уборка / Тутаев";"https://dodelay.ru/podrabotka/tutaev/cleaner";"Коммерческий";"СЧ"
"уборщица в тутаеве";"Профессии / Уборка / Тутаев";"https://dodelay.ru/podrabotka/tutaev/cleaner";"Коммерческий";"СЧ"
"уборщица тутаев";"Профессии / Уборка / Тутаев";"https://dodelay.ru/podrabotka/tutaev/cleaner";"Коммерческий";"СЧ"
"генеральная уборка в тутаеве";"Профессии / Уборка / Тутаев";"https://dodelay.ru/podrabotka/tutaev/cleaner";"Коммерческий";"СЧ"
"генеральная уборка тутаев";"Профессии / Уборка / Тутаев";"https://dodelay.ru/podrabotka/tutaev/cleaner";"Коммерческий";"СЧ"
"уборка квартир в тутаеве";"Профессии / Уборка / Тутаев";"https://dodelay.ru/podrabotka/tutaev/cleaner";"Коммерческий";"СЧ"
"уборка квартир тутаев";"Профессии / Уборка / Тутаев";"https://dodelay.ru/podrabotka/tutaev/cleaner";"Коммерческий";"СЧ"
"клининговая компания в тутаеве";"Профессии / Уборка / Тутаев";"https://dodelay.ru/podrabotka/tutaev/cleaner";"Коммерческий";"СЧ"
"клининговая компания тутаев";"Профессии / Уборка / Тутаев";"https://dodelay.ru/podrabotka/tutaev/cleaner";"Коммерческий";"СЧ"
"уборка после ремонта в тутаеве";"Профессии / Уборка / Тутаев";"https://dodelay.ru/podrabotka/tutaev/cleaner";"Коммерческий";"СЧ"
"уборка после ремонта тутаев";"Профессии / Уборка / Тутаев";"https://dodelay.ru/podrabotka/tutaev/cleaner";"Коммерческий";"СЧ"
"уборка в тутаеве недорого";"Профессии / Уборка / Тутаев";"https://dodelay.ru/podrabotka/tutaev/cleaner";"Коммерческий";"НЧ"
"уборка в тутаеве цены";"Профессии / Уборка / Тутаев";"https://dodelay.ru/podrabotka/tutaev/cleaner";"Коммерческий";"НЧ"
"уборка в тутаеве на дом";"Профессии / Уборка / Тутаев";"https://dodelay.ru/podrabotka/tutaev/cleaner";"Коммерческий";"НЧ"
"вызвать клинера в тутаеве";"Профессии / Уборка / Тутаев";"https://dodelay.ru/podrabotka/tutaev/cleaner";"Коммерческий";"НЧ"
"нанять клинера в тутаеве";"Профессии / Уборка / Тутаев";"https://dodelay.ru/podrabotka/tutaev/cleaner";"Коммерческий";"НЧ"
"найти клинера в тутаеве";"Профессии / Уборка / Тутаев";"https://dodelay.ru/podrabotka/tutaev/cleaner";"Коммерческий";"НЧ"
"услуги клинера в тутаеве";"Профессии / Уборка / Тутаев";"https://dodelay.ru/podrabotka/tutaev/cleaner";"Коммерческий";"НЧ"
"уборка частник в тутаеве";"Профессии / Уборка / Тутаев";"https://dodelay.ru/podrabotka/tutaev/cleaner";"Коммерческий";"НЧ"
"уборка без посредников в тутаеве";"Профессии / Уборка / Тутаев";"https://dodelay.ru/podrabotka/tutaev/cleaner";"Коммерческий";"НЧ"
"работа уборка в тутаеве";"Профессии / Уборка / Тутаев";"https://dodelay.ru/podrabotka/tutaev/cleaner";"Вакансия";"СЧ"
"подработка уборка в тутаеве";"Профессии / Уборка / Тутаев";"https://dodelay.ru/podrabotka/tutaev/cleaner";"Вакансия";"НЧ"
"требуется уборка в тутаеве";"Профессии / Уборка / Тутаев";"https://dodelay.ru/podrabotka/tutaev/cleaner";"Вакансия";"НЧ"
"вакансия уборка в тутаеве";"Профессии / Уборка / Тутаев";"https://dodelay.ru/podrabotka/tutaev/cleaner";"Вакансия";"НЧ"
"уборка в переславле-залесском";"Профессии / Уборка / Переславль-Залесский";"https://dodelay.ru/podrabotka/pereslavl/cleaner";"Коммерческий";"СЧ"
"уборка переславль-залесский";"Профессии / Уборка / Переславль-Залесский";"https://dodelay.ru/podrabotka/pereslavl/cleaner";"Коммерческий";"СЧ"
"клининг в переславле-залесском";"Профессии / Уборка / Переславль-Залесский";"https://dodelay.ru/podrabotka/pereslavl/cleaner";"Коммерческий";"СЧ"
"клининг переславль-залесский";"Профессии / Уборка / Переславль-Залесский";"https://dodelay.ru/podrabotka/pereslavl/cleaner";"Коммерческий";"СЧ"
"клининговые услуги в переславле-залесском";"Профессии / Уборка / Переславль-Залесский";"https://dodelay.ru/podrabotka/pereslavl/cleaner";"Коммерческий";"СЧ"
"клининговые услуги переславль-залесский";"Профессии / Уборка / Переславль-Залесский";"https://dodelay.ru/podrabotka/pereslavl/cleaner";"Коммерческий";"СЧ"
"клинер в переславле-залесском";"Профессии / Уборка / Переславль-Залесский";"https://dodelay.ru/podrabotka/pereslavl/cleaner";"Коммерческий";"СЧ"
"клинер переславль-залесский";"Профессии / Уборка / Переславль-Залесский";"https://dodelay.ru/podrabotka/pereslavl/cleaner";"Коммерческий";"СЧ"
"уборщица в переславле-залесском";"Профессии / Уборка / Переславль-Залесский";"https://dodelay.ru/podrabotka/pereslavl/cleaner";"Коммерческий";"СЧ"
"уборщица переславль-залесский";"Профессии / Уборка / Переславль-Залесский";"https://dodelay.ru/podrabotka/pereslavl/cleaner";"Коммерческий";"СЧ"
"генеральная уборка в переславле-залесском";"Профессии / Уборка / Переславль-Залесский";"https://dodelay.ru/podrabotka/pereslavl/cleaner";"Коммерческий";"СЧ"
"генеральная уборка переславль-залесский";"Профессии / Уборка / Переславль-Залесский";"https://dodelay.ru/podrabotka/pereslavl/cleaner";"Коммерческий";"СЧ"
"уборка квартир в переславле-залесском";"Профессии / Уборка / Переславль-Залесский";"https://dodelay.ru/podrabotka/pereslavl/cleaner";"Коммерческий";"СЧ"
"уборка квартир переславль-залесский";"Профессии / Уборка / Переславль-Залесский";"https://dodelay.ru/podrabotka/pereslavl/cleaner";"Коммерческий";"СЧ"
"клининговая компания в переславле-залесском";"Профессии / Уборка / Переславль-Залесский";"https://dodelay.ru/podrabotka/pereslavl/cleaner";"Коммерческий";"СЧ"
"клининговая компания переславль-залесский";"Профессии / Уборка / Переславль-Залесский";"https://dodelay.ru/podrabotka/pereslavl/cleaner";"Коммерческий";"СЧ"
"уборка после ремонта в переславле-залесском";"Профессии / Уборка / Переславль-Залесский";"https://dodelay.ru/podrabotka/pereslavl/cleaner";"Коммерческий";"СЧ"
"уборка после ремонта переславль-залесский";"Профессии / Уборка / Переславль-Залесский";"https://dodelay.ru/podrabotka/pereslavl/cleaner";"Коммерческий";"СЧ"
"уборка в переславле-залесском недорого";"Профессии / Уборка / Переславль-Залесский";"https://dodelay.ru/podrabotka/pereslavl/cleaner";"Коммерческий";"НЧ"
"уборка в переславле-залесском цены";"Профессии / Уборка / Переславль-Залесский";"https://dodelay.ru/podrabotka/pereslavl/cleaner";"Коммерческий";"НЧ"
"уборка в переславле-залесском на дом";"Профессии / Уборка / Переславль-Залесский";"https://dodelay.ru/podrabotka/pereslavl/cleaner";"Коммерческий";"НЧ"
"вызвать клинера в переславле-залесском";"Профессии / Уборка / Переславль-Залесский";"https://dodelay.ru/podrabotka/pereslavl/cleaner";"Коммерческий";"НЧ"
"нанять клинера в переславле-залесском";"Профессии / Уборка / Переславль-Залесский";"https://dodelay.ru/podrabotka/pereslavl/cleaner";"Коммерческий";"НЧ"
"найти клинера в переславле-залесском";"Профессии / Уборка / Переславль-Залесский";"https://dodelay.ru/podrabotka/pereslavl/cleaner";"Коммерческий";"НЧ"
"услуги клинера в переславле-залесском";"Профессии / Уборка / Переславль-Залесский";"https://dodelay.ru/podrabotka/pereslavl/cleaner";"Коммерческий";"НЧ"
"уборка частник в переславле-залесском";"Профессии / Уборка / Переславль-Залесский";"https://dodelay.ru/podrabotka/pereslavl/cleaner";"Коммерческий";"НЧ"
"уборка без посредников в переславле-залесском";"Профессии / Уборка / Переславль-Залесский";"https://dodelay.ru/podrabotka/pereslavl/cleaner";"Коммерческий";"НЧ"
"работа уборка в переславле-залесском";"Профессии / Уборка / Переславль-Залесский";"https://dodelay.ru/podrabotka/pereslavl/cleaner";"Вакансия";"СЧ"
"подработка уборка в переславле-залесском";"Профессии / Уборка / Переславль-Залесский";"https://dodelay.ru/podrabotka/pereslavl/cleaner";"Вакансия";"НЧ"
"требуется уборка в переславле-залесском";"Профессии / Уборка / Переславль-Залесский";"https://dodelay.ru/podrabotka/pereslavl/cleaner";"Вакансия";"НЧ"
"вакансия уборка в переславле-залесском";"Профессии / Уборка / Переславль-Залесский";"https://dodelay.ru/podrabotka/pereslavl/cleaner";"Вакансия";"НЧ"
"уборка в угличе";"Профессии / Уборка / Углич";"https://dodelay.ru/podrabotka/uglich/cleaner";"Коммерческий";"СЧ"
"уборка углич";"Профессии / Уборка / Углич";"https://dodelay.ru/podrabotka/uglich/cleaner";"Коммерческий";"СЧ"
"клининг в угличе";"Профессии / Уборка / Углич";"https://dodelay.ru/podrabotka/uglich/cleaner";"Коммерческий";"СЧ"
"клининг углич";"Профессии / Уборка / Углич";"https://dodelay.ru/podrabotka/uglich/cleaner";"Коммерческий";"СЧ"
"клининговые услуги в угличе";"Профессии / Уборка / Углич";"https://dodelay.ru/podrabotka/uglich/cleaner";"Коммерческий";"СЧ"
"клининговые услуги углич";"Профессии / Уборка / Углич";"https://dodelay.ru/podrabotka/uglich/cleaner";"Коммерческий";"СЧ"
"клинер в угличе";"Профессии / Уборка / Углич";"https://dodelay.ru/podrabotka/uglich/cleaner";"Коммерческий";"СЧ"
"клинер углич";"Профессии / Уборка / Углич";"https://dodelay.ru/podrabotka/uglich/cleaner";"Коммерческий";"СЧ"
"уборщица в угличе";"Профессии / Уборка / Углич";"https://dodelay.ru/podrabotka/uglich/cleaner";"Коммерческий";"СЧ"
"уборщица углич";"Профессии / Уборка / Углич";"https://dodelay.ru/podrabotka/uglich/cleaner";"Коммерческий";"СЧ"
"генеральная уборка в угличе";"Профессии / Уборка / Углич";"https://dodelay.ru/podrabotka/uglich/cleaner";"Коммерческий";"СЧ"
"генеральная уборка углич";"Профессии / Уборка / Углич";"https://dodelay.ru/podrabotka/uglich/cleaner";"Коммерческий";"СЧ"
"уборка квартир в угличе";"Профессии / Уборка / Углич";"https://dodelay.ru/podrabotka/uglich/cleaner";"Коммерческий";"СЧ"
"уборка квартир углич";"Профессии / Уборка / Углич";"https://dodelay.ru/podrabotka/uglich/cleaner";"Коммерческий";"СЧ"
"клининговая компания в угличе";"Профессии / Уборка / Углич";"https://dodelay.ru/podrabotka/uglich/cleaner";"Коммерческий";"СЧ"
"клининговая компания углич";"Профессии / Уборка / Углич";"https://dodelay.ru/podrabotka/uglich/cleaner";"Коммерческий";"СЧ"
"уборка после ремонта в угличе";"Профессии / Уборка / Углич";"https://dodelay.ru/podrabotka/uglich/cleaner";"Коммерческий";"СЧ"
"уборка после ремонта углич";"Профессии / Уборка / Углич";"https://dodelay.ru/podrabotka/uglich/cleaner";"Коммерческий";"СЧ"
"уборка в угличе недорого";"Профессии / Уборка / Углич";"https://dodelay.ru/podrabotka/uglich/cleaner";"Коммерческий";"НЧ"
"уборка в угличе цены";"Профессии / Уборка / Углич";"https://dodelay.ru/podrabotka/uglich/cleaner";"Коммерческий";"НЧ"
"уборка в угличе на дом";"Профессии / Уборка / Углич";"https://dodelay.ru/podrabotka/uglich/cleaner";"Коммерческий";"НЧ"
"вызвать клинера в угличе";"Профессии / Уборка / Углич";"https://dodelay.ru/podrabotka/uglich/cleaner";"Коммерческий";"НЧ"
"нанять клинера в угличе";"Профессии / Уборка / Углич";"https://dodelay.ru/podrabotka/uglich/cleaner";"Коммерческий";"НЧ"
"найти клинера в угличе";"Профессии / Уборка / Углич";"https://dodelay.ru/podrabotka/uglich/cleaner";"Коммерческий";"НЧ"
"услуги клинера в угличе";"Профессии / Уборка / Углич";"https://dodelay.ru/podrabotka/uglich/cleaner";"Коммерческий";"НЧ"
"уборка частник в угличе";"Профессии / Уборка / Углич";"https://dodelay.ru/podrabotka/uglich/cleaner";"Коммерческий";"НЧ"
"уборка без посредников в угличе";"Профессии / Уборка / Углич";"https://dodelay.ru/podrabotka/uglich/cleaner";"Коммерческий";"НЧ"
"работа уборка в угличе";"Профессии / Уборка / Углич";"https://dodelay.ru/podrabotka/uglich/cleaner";"Вакансия";"СЧ"
"подработка уборка в угличе";"Профессии / Уборка / Углич";"https://dodelay.ru/podrabotka/uglich/cleaner";"Вакансия";"НЧ"
"требуется уборка в угличе";"Профессии / Уборка / Углич";"https://dodelay.ru/podrabotka/uglich/cleaner";"Вакансия";"НЧ"
"вакансия уборка в угличе";"Профессии / Уборка / Углич";"https://dodelay.ru/podrabotka/uglich/cleaner";"Вакансия";"НЧ"
"уборка в ростове великом";"Профессии / Уборка / Ростов Великий";"https://dodelay.ru/podrabotka/rostov/cleaner";"Коммерческий";"СЧ"
"уборка ростов великий";"Профессии / Уборка / Ростов Великий";"https://dodelay.ru/podrabotka/rostov/cleaner";"Коммерческий";"СЧ"
"клининг в ростове великом";"Профессии / Уборка / Ростов Великий";"https://dodelay.ru/podrabotka/rostov/cleaner";"Коммерческий";"СЧ"
"клининг ростов великий";"Профессии / Уборка / Ростов Великий";"https://dodelay.ru/podrabotka/rostov/cleaner";"Коммерческий";"СЧ"
"клининговые услуги в ростове великом";"Профессии / Уборка / Ростов Великий";"https://dodelay.ru/podrabotka/rostov/cleaner";"Коммерческий";"СЧ"
"клининговые услуги ростов великий";"Профессии / Уборка / Ростов Великий";"https://dodelay.ru/podrabotka/rostov/cleaner";"Коммерческий";"СЧ"
"клинер в ростове великом";"Профессии / Уборка / Ростов Великий";"https://dodelay.ru/podrabotka/rostov/cleaner";"Коммерческий";"СЧ"
"клинер ростов великий";"Профессии / Уборка / Ростов Великий";"https://dodelay.ru/podrabotka/rostov/cleaner";"Коммерческий";"СЧ"
"уборщица в ростове великом";"Профессии / Уборка / Ростов Великий";"https://dodelay.ru/podrabotka/rostov/cleaner";"Коммерческий";"СЧ"
"уборщица ростов великий";"Профессии / Уборка / Ростов Великий";"https://dodelay.ru/podrabotka/rostov/cleaner";"Коммерческий";"СЧ"
"генеральная уборка в ростове великом";"Профессии / Уборка / Ростов Великий";"https://dodelay.ru/podrabotka/rostov/cleaner";"Коммерческий";"СЧ"
"генеральная уборка ростов великий";"Профессии / Уборка / Ростов Великий";"https://dodelay.ru/podrabotka/rostov/cleaner";"Коммерческий";"СЧ"
"уборка квартир в ростове великом";"Профессии / Уборка / Ростов Великий";"https://dodelay.ru/podrabotka/rostov/cleaner";"Коммерческий";"СЧ"
"уборка квартир ростов великий";"Профессии / Уборка / Ростов Великий";"https://dodelay.ru/podrabotka/rostov/cleaner";"Коммерческий";"СЧ"
"клининговая компания в ростове великом";"Профессии / Уборка / Ростов Великий";"https://dodelay.ru/podrabotka/rostov/cleaner";"Коммерческий";"СЧ"
"клининговая компания ростов великий";"Профессии / Уборка / Ростов Великий";"https://dodelay.ru/podrabotka/rostov/cleaner";"Коммерческий";"СЧ"
"уборка после ремонта в ростове великом";"Профессии / Уборка / Ростов Великий";"https://dodelay.ru/podrabotka/rostov/cleaner";"Коммерческий";"СЧ"
"уборка после ремонта ростов великий";"Профессии / Уборка / Ростов Великий";"https://dodelay.ru/podrabotka/rostov/cleaner";"Коммерческий";"СЧ"
"уборка в ростове великом недорого";"Профессии / Уборка / Ростов Великий";"https://dodelay.ru/podrabotka/rostov/cleaner";"Коммерческий";"НЧ"
"уборка в ростове великом цены";"Профессии / Уборка / Ростов Великий";"https://dodelay.ru/podrabotka/rostov/cleaner";"Коммерческий";"НЧ"
"уборка в ростове великом на дом";"Профессии / Уборка / Ростов Великий";"https://dodelay.ru/podrabotka/rostov/cleaner";"Коммерческий";"НЧ"
"вызвать клинера в ростове великом";"Профессии / Уборка / Ростов Великий";"https://dodelay.ru/podrabotka/rostov/cleaner";"Коммерческий";"НЧ"
"нанять клинера в ростове великом";"Профессии / Уборка / Ростов Великий";"https://dodelay.ru/podrabotka/rostov/cleaner";"Коммерческий";"НЧ"
"найти клинера в ростове великом";"Профессии / Уборка / Ростов Великий";"https://dodelay.ru/podrabotka/rostov/cleaner";"Коммерческий";"НЧ"
"услуги клинера в ростове великом";"Профессии / Уборка / Ростов Великий";"https://dodelay.ru/podrabotka/rostov/cleaner";"Коммерческий";"НЧ"
"уборка частник в ростове великом";"Профессии / Уборка / Ростов Великий";"https://dodelay.ru/podrabotka/rostov/cleaner";"Коммерческий";"НЧ"
"уборка без посредников в ростове великом";"Профессии / Уборка / Ростов Великий";"https://dodelay.ru/podrabotka/rostov/cleaner";"Коммерческий";"НЧ"
"работа уборка в ростове великом";"Профессии / Уборка / Ростов Великий";"https://dodelay.ru/podrabotka/rostov/cleaner";"Вакансия";"СЧ"
"подработка уборка в ростове великом";"Профессии / Уборка / Ростов Великий";"https://dodelay.ru/podrabotka/rostov/cleaner";"Вакансия";"НЧ"
"требуется уборка в ростове великом";"Профессии / Уборка / Ростов Великий";"https://dodelay.ru/podrabotka/rostov/cleaner";"Вакансия";"НЧ"
"вакансия уборка в ростове великом";"Профессии / Уборка / Ростов Великий";"https://dodelay.ru/podrabotka/rostov/cleaner";"Вакансия";"НЧ"
"поддерживающая уборка";"Профессии / Уборка / Задачи";"https://dodelay.ru/podrabotka/yaroslavl/cleaner";"Инфо";"НЧ"
"сколько стоит поддерживающая уборка";"Профессии / Уборка / Задачи";"https://dodelay.ru/podrabotka/yaroslavl/cleaner";"Инфо";"НЧ"
"генеральная уборка";"Профессии / Уборка / Задачи";"https://dodelay.ru/podrabotka/yaroslavl/cleaner";"Инфо";"НЧ"
"сколько стоит генеральная уборка";"Профессии / Уборка / Задачи";"https://dodelay.ru/podrabotka/yaroslavl/cleaner";"Инфо";"НЧ"
"уборка после ремонта";"Профессии / Уборка / Задачи";"https://dodelay.ru/podrabotka/yaroslavl/cleaner";"Инфо";"НЧ"
"сколько стоит уборка после ремонта";"Профессии / Уборка / Задачи";"https://dodelay.ru/podrabotka/yaroslavl/cleaner";"Инфо";"НЧ"
"мытьё окон в ярославле";"Профессии / Мытьё окон / Ярославль";"https://dodelay.ru/podrabotka/yaroslavl/windowwash";"Коммерческий";"СЧ"
"мытьё окон ярославль";"Профессии / Мытьё окон / Ярославль";"https://dodelay.ru/podrabotka/yaroslavl/windowwash";"Коммерческий";"СЧ"
"мойка окон в ярославле";"Профессии / Мытьё окон / Ярославль";"https://dodelay.ru/podrabotka/yaroslavl/windowwash";"Коммерческий";"СЧ"
"мойка окон ярославль";"Профессии / Мытьё окон / Ярославль";"https://dodelay.ru/podrabotka/yaroslavl/windowwash";"Коммерческий";"СЧ"
"клининг окон в ярославле";"Профессии / Мытьё окон / Ярославль";"https://dodelay.ru/podrabotka/yaroslavl/windowwash";"Коммерческий";"СЧ"
"клининг окон ярославль";"Профессии / Мытьё окон / Ярославль";"https://dodelay.ru/podrabotka/yaroslavl/windowwash";"Коммерческий";"СЧ"
"помыть окна в ярославле";"Профессии / Мытьё окон / Ярославль";"https://dodelay.ru/podrabotka/yaroslavl/windowwash";"Коммерческий";"СЧ"
"помыть окна ярославль";"Профессии / Мытьё окон / Ярославль";"https://dodelay.ru/podrabotka/yaroslavl/windowwash";"Коммерческий";"СЧ"
"мойщик окон в ярославле";"Профессии / Мытьё окон / Ярославль";"https://dodelay.ru/podrabotka/yaroslavl/windowwash";"Коммерческий";"СЧ"
"мойщик окон ярославль";"Профессии / Мытьё окон / Ярославль";"https://dodelay.ru/podrabotka/yaroslavl/windowwash";"Коммерческий";"СЧ"
"мытьё окон в ярославле недорого";"Профессии / Мытьё окон / Ярославль";"https://dodelay.ru/podrabotka/yaroslavl/windowwash";"Коммерческий";"НЧ"
"мытьё окон в ярославле цены";"Профессии / Мытьё окон / Ярославль";"https://dodelay.ru/podrabotka/yaroslavl/windowwash";"Коммерческий";"НЧ"
"мытьё окон в ярославле на дом";"Профессии / Мытьё окон / Ярославль";"https://dodelay.ru/podrabotka/yaroslavl/windowwash";"Коммерческий";"НЧ"
"вызвать мойщика окон в ярославле";"Профессии / Мытьё окон / Ярославль";"https://dodelay.ru/podrabotka/yaroslavl/windowwash";"Коммерческий";"НЧ"
"нанять мойщика окон в ярославле";"Профессии / Мытьё окон / Ярославль";"https://dodelay.ru/podrabotka/yaroslavl/windowwash";"Коммерческий";"НЧ"
"найти мойщика окон в ярославле";"Профессии / Мытьё окон / Ярославль";"https://dodelay.ru/podrabotka/yaroslavl/windowwash";"Коммерческий";"НЧ"
"услуги мойщика окон в ярославле";"Профессии / Мытьё окон / Ярославль";"https://dodelay.ru/podrabotka/yaroslavl/windowwash";"Коммерческий";"НЧ"
"мытьё окон частник в ярославле";"Профессии / Мытьё окон / Ярославль";"https://dodelay.ru/podrabotka/yaroslavl/windowwash";"Коммерческий";"НЧ"
"мытьё окон без посредников в ярославле";"Профессии / Мытьё окон / Ярославль";"https://dodelay.ru/podrabotka/yaroslavl/windowwash";"Коммерческий";"НЧ"
"работа мытьё окон в ярославле";"Профессии / Мытьё окон / Ярославль";"https://dodelay.ru/podrabotka/yaroslavl/windowwash";"Вакансия";"СЧ"
"подработка мытьё окон в ярославле";"Профессии / Мытьё окон / Ярославль";"https://dodelay.ru/podrabotka/yaroslavl/windowwash";"Вакансия";"НЧ"
"требуется мытьё окон в ярославле";"Профессии / Мытьё окон / Ярославль";"https://dodelay.ru/podrabotka/yaroslavl/windowwash";"Вакансия";"НЧ"
"вакансия мытьё окон в ярославле";"Профессии / Мытьё окон / Ярославль";"https://dodelay.ru/podrabotka/yaroslavl/windowwash";"Вакансия";"НЧ"
"мытьё окон в рыбинске";"Профессии / Мытьё окон / Рыбинск";"https://dodelay.ru/podrabotka/rybinsk/windowwash";"Коммерческий";"СЧ"
"мытьё окон рыбинск";"Профессии / Мытьё окон / Рыбинск";"https://dodelay.ru/podrabotka/rybinsk/windowwash";"Коммерческий";"СЧ"
"мойка окон в рыбинске";"Профессии / Мытьё окон / Рыбинск";"https://dodelay.ru/podrabotka/rybinsk/windowwash";"Коммерческий";"СЧ"
"мойка окон рыбинск";"Профессии / Мытьё окон / Рыбинск";"https://dodelay.ru/podrabotka/rybinsk/windowwash";"Коммерческий";"СЧ"
"клининг окон в рыбинске";"Профессии / Мытьё окон / Рыбинск";"https://dodelay.ru/podrabotka/rybinsk/windowwash";"Коммерческий";"СЧ"
"клининг окон рыбинск";"Профессии / Мытьё окон / Рыбинск";"https://dodelay.ru/podrabotka/rybinsk/windowwash";"Коммерческий";"СЧ"
"помыть окна в рыбинске";"Профессии / Мытьё окон / Рыбинск";"https://dodelay.ru/podrabotka/rybinsk/windowwash";"Коммерческий";"СЧ"
"помыть окна рыбинск";"Профессии / Мытьё окон / Рыбинск";"https://dodelay.ru/podrabotka/rybinsk/windowwash";"Коммерческий";"СЧ"
"мойщик окон в рыбинске";"Профессии / Мытьё окон / Рыбинск";"https://dodelay.ru/podrabotka/rybinsk/windowwash";"Коммерческий";"СЧ"
"мойщик окон рыбинск";"Профессии / Мытьё окон / Рыбинск";"https://dodelay.ru/podrabotka/rybinsk/windowwash";"Коммерческий";"СЧ"
"мытьё окон в рыбинске недорого";"Профессии / Мытьё окон / Рыбинск";"https://dodelay.ru/podrabotka/rybinsk/windowwash";"Коммерческий";"НЧ"
"мытьё окон в рыбинске цены";"Профессии / Мытьё окон / Рыбинск";"https://dodelay.ru/podrabotka/rybinsk/windowwash";"Коммерческий";"НЧ"
"мытьё окон в рыбинске на дом";"Профессии / Мытьё окон / Рыбинск";"https://dodelay.ru/podrabotka/rybinsk/windowwash";"Коммерческий";"НЧ"
"вызвать мойщика окон в рыбинске";"Профессии / Мытьё окон / Рыбинск";"https://dodelay.ru/podrabotka/rybinsk/windowwash";"Коммерческий";"НЧ"
"нанять мойщика окон в рыбинске";"Профессии / Мытьё окон / Рыбинск";"https://dodelay.ru/podrabotka/rybinsk/windowwash";"Коммерческий";"НЧ"
"найти мойщика окон в рыбинске";"Профессии / Мытьё окон / Рыбинск";"https://dodelay.ru/podrabotka/rybinsk/windowwash";"Коммерческий";"НЧ"
"услуги мойщика окон в рыбинске";"Профессии / Мытьё окон / Рыбинск";"https://dodelay.ru/podrabotka/rybinsk/windowwash";"Коммерческий";"НЧ"
"мытьё окон частник в рыбинске";"Профессии / Мытьё окон / Рыбинск";"https://dodelay.ru/podrabotka/rybinsk/windowwash";"Коммерческий";"НЧ"
"мытьё окон без посредников в рыбинске";"Профессии / Мытьё окон / Рыбинск";"https://dodelay.ru/podrabotka/rybinsk/windowwash";"Коммерческий";"НЧ"
"работа мытьё окон в рыбинске";"Профессии / Мытьё окон / Рыбинск";"https://dodelay.ru/podrabotka/rybinsk/windowwash";"Вакансия";"СЧ"
"подработка мытьё окон в рыбинске";"Профессии / Мытьё окон / Рыбинск";"https://dodelay.ru/podrabotka/rybinsk/windowwash";"Вакансия";"НЧ"
"требуется мытьё окон в рыбинске";"Профессии / Мытьё окон / Рыбинск";"https://dodelay.ru/podrabotka/rybinsk/windowwash";"Вакансия";"НЧ"
"вакансия мытьё окон в рыбинске";"Профессии / Мытьё окон / Рыбинск";"https://dodelay.ru/podrabotka/rybinsk/windowwash";"Вакансия";"НЧ"
"мытьё окон в тутаеве";"Профессии / Мытьё окон / Тутаев";"https://dodelay.ru/podrabotka/tutaev/windowwash";"Коммерческий";"СЧ"
"мытьё окон тутаев";"Профессии / Мытьё окон / Тутаев";"https://dodelay.ru/podrabotka/tutaev/windowwash";"Коммерческий";"СЧ"
"мойка окон в тутаеве";"Профессии / Мытьё окон / Тутаев";"https://dodelay.ru/podrabotka/tutaev/windowwash";"Коммерческий";"СЧ"
"мойка окон тутаев";"Профессии / Мытьё окон / Тутаев";"https://dodelay.ru/podrabotka/tutaev/windowwash";"Коммерческий";"СЧ"
"клининг окон в тутаеве";"Профессии / Мытьё окон / Тутаев";"https://dodelay.ru/podrabotka/tutaev/windowwash";"Коммерческий";"СЧ"
"клининг окон тутаев";"Профессии / Мытьё окон / Тутаев";"https://dodelay.ru/podrabotka/tutaev/windowwash";"Коммерческий";"СЧ"
"помыть окна в тутаеве";"Профессии / Мытьё окон / Тутаев";"https://dodelay.ru/podrabotka/tutaev/windowwash";"Коммерческий";"СЧ"
"помыть окна тутаев";"Профессии / Мытьё окон / Тутаев";"https://dodelay.ru/podrabotka/tutaev/windowwash";"Коммерческий";"СЧ"
"мойщик окон в тутаеве";"Профессии / Мытьё окон / Тутаев";"https://dodelay.ru/podrabotka/tutaev/windowwash";"Коммерческий";"СЧ"
"мойщик окон тутаев";"Профессии / Мытьё окон / Тутаев";"https://dodelay.ru/podrabotka/tutaev/windowwash";"Коммерческий";"СЧ"
"мытьё окон в тутаеве недорого";"Профессии / Мытьё окон / Тутаев";"https://dodelay.ru/podrabotka/tutaev/windowwash";"Коммерческий";"НЧ"
"мытьё окон в тутаеве цены";"Профессии / Мытьё окон / Тутаев";"https://dodelay.ru/podrabotka/tutaev/windowwash";"Коммерческий";"НЧ"
"мытьё окон в тутаеве на дом";"Профессии / Мытьё окон / Тутаев";"https://dodelay.ru/podrabotka/tutaev/windowwash";"Коммерческий";"НЧ"
"вызвать мойщика окон в тутаеве";"Профессии / Мытьё окон / Тутаев";"https://dodelay.ru/podrabotka/tutaev/windowwash";"Коммерческий";"НЧ"
"нанять мойщика окон в тутаеве";"Профессии / Мытьё окон / Тутаев";"https://dodelay.ru/podrabotka/tutaev/windowwash";"Коммерческий";"НЧ"
"найти мойщика окон в тутаеве";"Профессии / Мытьё окон / Тутаев";"https://dodelay.ru/podrabotka/tutaev/windowwash";"Коммерческий";"НЧ"
"услуги мойщика окон в тутаеве";"Профессии / Мытьё окон / Тутаев";"https://dodelay.ru/podrabotka/tutaev/windowwash";"Коммерческий";"НЧ"
"мытьё окон частник в тутаеве";"Профессии / Мытьё окон / Тутаев";"https://dodelay.ru/podrabotka/tutaev/windowwash";"Коммерческий";"НЧ"
"мытьё окон без посредников в тутаеве";"Профессии / Мытьё окон / Тутаев";"https://dodelay.ru/podrabotka/tutaev/windowwash";"Коммерческий";"НЧ"
"работа мытьё окон в тутаеве";"Профессии / Мытьё окон / Тутаев";"https://dodelay.ru/podrabotka/tutaev/windowwash";"Вакансия";"СЧ"
"подработка мытьё окон в тутаеве";"Профессии / Мытьё окон / Тутаев";"https://dodelay.ru/podrabotka/tutaev/windowwash";"Вакансия";"НЧ"
"требуется мытьё окон в тутаеве";"Профессии / Мытьё окон / Тутаев";"https://dodelay.ru/podrabotka/tutaev/windowwash";"Вакансия";"НЧ"
"вакансия мытьё окон в тутаеве";"Профессии / Мытьё окон / Тутаев";"https://dodelay.ru/podrabotka/tutaev/windowwash";"Вакансия";"НЧ"
"мытьё окон в переславле-залесском";"Профессии / Мытьё окон / Переславль-Залесский";"https://dodelay.ru/podrabotka/pereslavl/windowwash";"Коммерческий";"СЧ"
"мытьё окон переславль-залесский";"Профессии / Мытьё окон / Переславль-Залесский";"https://dodelay.ru/podrabotka/pereslavl/windowwash";"Коммерческий";"СЧ"
"мойка окон в переславле-залесском";"Профессии / Мытьё окон / Переславль-Залесский";"https://dodelay.ru/podrabotka/pereslavl/windowwash";"Коммерческий";"СЧ"
"мойка окон переславль-залесский";"Профессии / Мытьё окон / Переславль-Залесский";"https://dodelay.ru/podrabotka/pereslavl/windowwash";"Коммерческий";"СЧ"
"клининг окон в переславле-залесском";"Профессии / Мытьё окон / Переславль-Залесский";"https://dodelay.ru/podrabotka/pereslavl/windowwash";"Коммерческий";"СЧ"
"клининг окон переславль-залесский";"Профессии / Мытьё окон / Переславль-Залесский";"https://dodelay.ru/podrabotka/pereslavl/windowwash";"Коммерческий";"СЧ"
"помыть окна в переславле-залесском";"Профессии / Мытьё окон / Переславль-Залесский";"https://dodelay.ru/podrabotka/pereslavl/windowwash";"Коммерческий";"СЧ"
"помыть окна переславль-залесский";"Профессии / Мытьё окон / Переславль-Залесский";"https://dodelay.ru/podrabotka/pereslavl/windowwash";"Коммерческий";"СЧ"
"мойщик окон в переславле-залесском";"Профессии / Мытьё окон / Переславль-Залесский";"https://dodelay.ru/podrabotka/pereslavl/windowwash";"Коммерческий";"СЧ"
"мойщик окон переславль-залесский";"Профессии / Мытьё окон / Переславль-Залесский";"https://dodelay.ru/podrabotka/pereslavl/windowwash";"Коммерческий";"СЧ"
"мытьё окон в переславле-залесском недорого";"Профессии / Мытьё окон / Переславль-Залесский";"https://dodelay.ru/podrabotka/pereslavl/windowwash";"Коммерческий";"НЧ"
"мытьё окон в переславле-залесском цены";"Профессии / Мытьё окон / Переславль-Залесский";"https://dodelay.ru/podrabotka/pereslavl/windowwash";"Коммерческий";"НЧ"
"мытьё окон в переславле-залесском на дом";"Профессии / Мытьё окон / Переславль-Залесский";"https://dodelay.ru/podrabotka/pereslavl/windowwash";"Коммерческий";"НЧ"
"вызвать мойщика окон в переславле-залесском";"Профессии / Мытьё окон / Переславль-Залесский";"https://dodelay.ru/podrabotka/pereslavl/windowwash";"Коммерческий";"НЧ"
"нанять мойщика окон в переславле-залесском";"Профессии / Мытьё окон / Переславль-Залесский";"https://dodelay.ru/podrabotka/pereslavl/windowwash";"Коммерческий";"НЧ"
"найти мойщика окон в переславле-залесском";"Профессии / Мытьё окон / Переславль-Залесский";"https://dodelay.ru/podrabotka/pereslavl/windowwash";"Коммерческий";"НЧ"
"услуги мойщика окон в переславле-залесском";"Профессии / Мытьё окон / Переславль-Залесский";"https://dodelay.ru/podrabotka/pereslavl/windowwash";"Коммерческий";"НЧ"
"мытьё окон частник в переславле-залесском";"Профессии / Мытьё окон / Переславль-Залесский";"https://dodelay.ru/podrabotka/pereslavl/windowwash";"Коммерческий";"НЧ"
"мытьё окон без посредников в переславле-залесском";"Профессии / Мытьё окон / Переславль-Залесский";"https://dodelay.ru/podrabotka/pereslavl/windowwash";"Коммерческий";"НЧ"
"работа мытьё окон в переславле-залесском";"Профессии / Мытьё окон / Переславль-Залесский";"https://dodelay.ru/podrabotka/pereslavl/windowwash";"Вакансия";"СЧ"
"подработка мытьё окон в переславле-залесском";"Профессии / Мытьё окон / Переславль-Залесский";"https://dodelay.ru/podrabotka/pereslavl/windowwash";"Вакансия";"НЧ"
"требуется мытьё окон в переславле-залесском";"Профессии / Мытьё окон / Переславль-Залесский";"https://dodelay.ru/podrabotka/pereslavl/windowwash";"Вакансия";"НЧ"
"вакансия мытьё окон в переславле-залесском";"Профессии / Мытьё окон / Переславль-Залесский";"https://dodelay.ru/podrabotka/pereslavl/windowwash";"Вакансия";"НЧ"
"мытьё окон в угличе";"Профессии / Мытьё окон / Углич";"https://dodelay.ru/podrabotka/uglich/windowwash";"Коммерческий";"СЧ"
"мытьё окон углич";"Профессии / Мытьё окон / Углич";"https://dodelay.ru/podrabotka/uglich/windowwash";"Коммерческий";"СЧ"
"мойка окон в угличе";"Профессии / Мытьё окон / Углич";"https://dodelay.ru/podrabotka/uglich/windowwash";"Коммерческий";"СЧ"
"мойка окон углич";"Профессии / Мытьё окон / Углич";"https://dodelay.ru/podrabotka/uglich/windowwash";"Коммерческий";"СЧ"
"клининг окон в угличе";"Профессии / Мытьё окон / Углич";"https://dodelay.ru/podrabotka/uglich/windowwash";"Коммерческий";"СЧ"
"клининг окон углич";"Профессии / Мытьё окон / Углич";"https://dodelay.ru/podrabotka/uglich/windowwash";"Коммерческий";"СЧ"
"помыть окна в угличе";"Профессии / Мытьё окон / Углич";"https://dodelay.ru/podrabotka/uglich/windowwash";"Коммерческий";"СЧ"
"помыть окна углич";"Профессии / Мытьё окон / Углич";"https://dodelay.ru/podrabotka/uglich/windowwash";"Коммерческий";"СЧ"
"мойщик окон в угличе";"Профессии / Мытьё окон / Углич";"https://dodelay.ru/podrabotka/uglich/windowwash";"Коммерческий";"СЧ"
"мойщик окон углич";"Профессии / Мытьё окон / Углич";"https://dodelay.ru/podrabotka/uglich/windowwash";"Коммерческий";"СЧ"
"мытьё окон в угличе недорого";"Профессии / Мытьё окон / Углич";"https://dodelay.ru/podrabotka/uglich/windowwash";"Коммерческий";"НЧ"
"мытьё окон в угличе цены";"Профессии / Мытьё окон / Углич";"https://dodelay.ru/podrabotka/uglich/windowwash";"Коммерческий";"НЧ"
"мытьё окон в угличе на дом";"Профессии / Мытьё окон / Углич";"https://dodelay.ru/podrabotka/uglich/windowwash";"Коммерческий";"НЧ"
"вызвать мойщика окон в угличе";"Профессии / Мытьё окон / Углич";"https://dodelay.ru/podrabotka/uglich/windowwash";"Коммерческий";"НЧ"
"нанять мойщика окон в угличе";"Профессии / Мытьё окон / Углич";"https://dodelay.ru/podrabotka/uglich/windowwash";"Коммерческий";"НЧ"
"найти мойщика окон в угличе";"Профессии / Мытьё окон / Углич";"https://dodelay.ru/podrabotka/uglich/windowwash";"Коммерческий";"НЧ"
"услуги мойщика окон в угличе";"Профессии / Мытьё окон / Углич";"https://dodelay.ru/podrabotka/uglich/windowwash";"Коммерческий";"НЧ"
"мытьё окон частник в угличе";"Профессии / Мытьё окон / Углич";"https://dodelay.ru/podrabotka/uglich/windowwash";"Коммерческий";"НЧ"
"мытьё окон без посредников в угличе";"Профессии / Мытьё окон / Углич";"https://dodelay.ru/podrabotka/uglich/windowwash";"Коммерческий";"НЧ"
"работа мытьё окон в угличе";"Профессии / Мытьё окон / Углич";"https://dodelay.ru/podrabotka/uglich/windowwash";"Вакансия";"СЧ"
"подработка мытьё окон в угличе";"Профессии / Мытьё окон / Углич";"https://dodelay.ru/podrabotka/uglich/windowwash";"Вакансия";"НЧ"
"требуется мытьё окон в угличе";"Профессии / Мытьё окон / Углич";"https://dodelay.ru/podrabotka/uglich/windowwash";"Вакансия";"НЧ"
"вакансия мытьё окон в угличе";"Профессии / Мытьё окон / Углич";"https://dodelay.ru/podrabotka/uglich/windowwash";"Вакансия";"НЧ"
"мытьё окон в ростове великом";"Профессии / Мытьё окон / Ростов Великий";"https://dodelay.ru/podrabotka/rostov/windowwash";"Коммерческий";"СЧ"
"мытьё окон ростов великий";"Профессии / Мытьё окон / Ростов Великий";"https://dodelay.ru/podrabotka/rostov/windowwash";"Коммерческий";"СЧ"
"мойка окон в ростове великом";"Профессии / Мытьё окон / Ростов Великий";"https://dodelay.ru/podrabotka/rostov/windowwash";"Коммерческий";"СЧ"
"мойка окон ростов великий";"Профессии / Мытьё окон / Ростов Великий";"https://dodelay.ru/podrabotka/rostov/windowwash";"Коммерческий";"СЧ"
"клининг окон в ростове великом";"Профессии / Мытьё окон / Ростов Великий";"https://dodelay.ru/podrabotka/rostov/windowwash";"Коммерческий";"СЧ"
"клининг окон ростов великий";"Профессии / Мытьё окон / Ростов Великий";"https://dodelay.ru/podrabotka/rostov/windowwash";"Коммерческий";"СЧ"
"помыть окна в ростове великом";"Профессии / Мытьё окон / Ростов Великий";"https://dodelay.ru/podrabotka/rostov/windowwash";"Коммерческий";"СЧ"
"помыть окна ростов великий";"Профессии / Мытьё окон / Ростов Великий";"https://dodelay.ru/podrabotka/rostov/windowwash";"Коммерческий";"СЧ"
"мойщик окон в ростове великом";"Профессии / Мытьё окон / Ростов Великий";"https://dodelay.ru/podrabotka/rostov/windowwash";"Коммерческий";"СЧ"
"мойщик окон ростов великий";"Профессии / Мытьё окон / Ростов Великий";"https://dodelay.ru/podrabotka/rostov/windowwash";"Коммерческий";"СЧ"
"мытьё окон в ростове великом недорого";"Профессии / Мытьё окон / Ростов Великий";"https://dodelay.ru/podrabotka/rostov/windowwash";"Коммерческий";"НЧ"
"мытьё окон в ростове великом цены";"Профессии / Мытьё окон / Ростов Великий";"https://dodelay.ru/podrabotka/rostov/windowwash";"Коммерческий";"НЧ"
"мытьё окон в ростове великом на дом";"Профессии / Мытьё окон / Ростов Великий";"https://dodelay.ru/podrabotka/rostov/windowwash";"Коммерческий";"НЧ"
"вызвать мойщика окон в ростове великом";"Профессии / Мытьё окон / Ростов Великий";"https://dodelay.ru/podrabotka/rostov/windowwash";"Коммерческий";"НЧ"
"нанять мойщика окон в ростове великом";"Профессии / Мытьё окон / Ростов Великий";"https://dodelay.ru/podrabotka/rostov/windowwash";"Коммерческий";"НЧ"
"найти мойщика окон в ростове великом";"Профессии / Мытьё окон / Ростов Великий";"https://dodelay.ru/podrabotka/rostov/windowwash";"Коммерческий";"НЧ"
"услуги мойщика окон в ростове великом";"Профессии / Мытьё окон / Ростов Великий";"https://dodelay.ru/podrabotka/rostov/windowwash";"Коммерческий";"НЧ"
"мытьё окон частник в ростове великом";"Профессии / Мытьё окон / Ростов Великий";"https://dodelay.ru/podrabotka/rostov/windowwash";"Коммерческий";"НЧ"
"мытьё окон без посредников в ростове великом";"Профессии / Мытьё окон / Ростов Великий";"https://dodelay.ru/podrabotka/rostov/windowwash";"Коммерческий";"НЧ"
"работа мытьё окон в ростове великом";"Профессии / Мытьё окон / Ростов Великий";"https://dodelay.ru/podrabotka/rostov/windowwash";"Вакансия";"СЧ"
"подработка мытьё окон в ростове великом";"Профессии / Мытьё окон / Ростов Великий";"https://dodelay.ru/podrabotka/rostov/windowwash";"Вакансия";"НЧ"
"требуется мытьё окон в ростове великом";"Профессии / Мытьё окон / Ростов Великий";"https://dodelay.ru/podrabotka/rostov/windowwash";"Вакансия";"НЧ"
"вакансия мытьё окон в ростове великом";"Профессии / Мытьё окон / Ростов Великий";"https://dodelay.ru/podrabotka/rostov/windowwash";"Вакансия";"НЧ"
"мытьё окна";"Профессии / Мытьё окон / Задачи";"https://dodelay.ru/podrabotka/yaroslavl/windowwash";"Инфо";"НЧ"
"сколько стоит мытьё окна";"Профессии / Мытьё окон / Задачи";"https://dodelay.ru/podrabotka/yaroslavl/windowwash";"Инфо";"НЧ"
"балконный блок в ярославле";"Профессии / Мытьё окон / Задачи";"https://dodelay.ru/podrabotka/yaroslavl/windowwash";"Инфо";"НЧ"
"балконный блок цена";"Профессии / Мытьё окон / Задачи";"https://dodelay.ru/podrabotka/yaroslavl/windowwash";"Инфо";"НЧ"
"сколько стоит балконный блок";"Профессии / Мытьё окон / Задачи";"https://dodelay.ru/podrabotka/yaroslavl/windowwash";"Инфо";"НЧ"
"остеклённый балкон в ярославле";"Профессии / Мытьё окон / Задачи";"https://dodelay.ru/podrabotka/yaroslavl/windowwash";"Инфо";"НЧ"
"остеклённый балкон цена";"Профессии / Мытьё окон / Задачи";"https://dodelay.ru/podrabotka/yaroslavl/windowwash";"Инфо";"НЧ"
"сколько стоит остеклённый балкон";"Профессии / Мытьё окон / Задачи";"https://dodelay.ru/podrabotka/yaroslavl/windowwash";"Инфо";"НЧ"
"витрина";"Профессии / Мытьё окон / Задачи";"https://dodelay.ru/podrabotka/yaroslavl/windowwash";"Инфо";"НЧ"
"сколько стоит витрина";"Профессии / Мытьё окон / Задачи";"https://dodelay.ru/podrabotka/yaroslavl/windowwash";"Инфо";"НЧ"
"химчистка мебели в ярославле";"Профессии / Химчистка мебели / Ярославль";"https://dodelay.ru/podrabotka/yaroslavl/drycleaning";"Коммерческий";"СЧ"
"химчистка мебели ярославль";"Профессии / Химчистка мебели / Ярославль";"https://dodelay.ru/podrabotka/yaroslavl/drycleaning";"Коммерческий";"СЧ"
"химчистка дивана в ярославле";"Профессии / Химчистка мебели / Ярославль";"https://dodelay.ru/podrabotka/yaroslavl/drycleaning";"Коммерческий";"СЧ"
"химчистка дивана ярославль";"Профессии / Химчистка мебели / Ярославль";"https://dodelay.ru/podrabotka/yaroslavl/drycleaning";"Коммерческий";"СЧ"
"чистка мебели в ярославле";"Профессии / Химчистка мебели / Ярославль";"https://dodelay.ru/podrabotka/yaroslavl/drycleaning";"Коммерческий";"СЧ"
"чистка мебели ярославль";"Профессии / Химчистка мебели / Ярославль";"https://dodelay.ru/podrabotka/yaroslavl/drycleaning";"Коммерческий";"СЧ"
"химчистка ковров в ярославле";"Профессии / Химчистка мебели / Ярославль";"https://dodelay.ru/podrabotka/yaroslavl/drycleaning";"Коммерческий";"СЧ"
"химчистка ковров ярославль";"Профессии / Химчистка мебели / Ярославль";"https://dodelay.ru/podrabotka/yaroslavl/drycleaning";"Коммерческий";"СЧ"
"клининг мебели в ярославле";"Профессии / Химчистка мебели / Ярославль";"https://dodelay.ru/podrabotka/yaroslavl/drycleaning";"Коммерческий";"СЧ"
"клининг мебели ярославль";"Профессии / Химчистка мебели / Ярославль";"https://dodelay.ru/podrabotka/yaroslavl/drycleaning";"Коммерческий";"СЧ"
"химчистка мебели в ярославле недорого";"Профессии / Химчистка мебели / Ярославль";"https://dodelay.ru/podrabotka/yaroslavl/drycleaning";"Коммерческий";"НЧ"
"химчистка мебели в ярославле цены";"Профессии / Химчистка мебели / Ярославль";"https://dodelay.ru/podrabotka/yaroslavl/drycleaning";"Коммерческий";"НЧ"
"химчистка мебели в ярославле на дом";"Профессии / Химчистка мебели / Ярославль";"https://dodelay.ru/podrabotka/yaroslavl/drycleaning";"Коммерческий";"НЧ"
"вызвать мастера по химчистке в ярославле";"Профессии / Химчистка мебели / Ярославль";"https://dodelay.ru/podrabotka/yaroslavl/drycleaning";"Коммерческий";"НЧ"
"нанять мастера по химчистке в ярославле";"Профессии / Химчистка мебели / Ярославль";"https://dodelay.ru/podrabotka/yaroslavl/drycleaning";"Коммерческий";"НЧ"
"найти мастера по химчистке в ярославле";"Профессии / Химчистка мебели / Ярославль";"https://dodelay.ru/podrabotka/yaroslavl/drycleaning";"Коммерческий";"НЧ"
"услуги мастера по химчистке в ярославле";"Профессии / Химчистка мебели / Ярославль";"https://dodelay.ru/podrabotka/yaroslavl/drycleaning";"Коммерческий";"НЧ"
"химчистка мебели частник в ярославле";"Профессии / Химчистка мебели / Ярославль";"https://dodelay.ru/podrabotka/yaroslavl/drycleaning";"Коммерческий";"НЧ"
"химчистка мебели без посредников в ярославле";"Профессии / Химчистка мебели / Ярославль";"https://dodelay.ru/podrabotka/yaroslavl/drycleaning";"Коммерческий";"НЧ"
"работа химчистка мебели в ярославле";"Профессии / Химчистка мебели / Ярославль";"https://dodelay.ru/podrabotka/yaroslavl/drycleaning";"Вакансия";"СЧ"
"подработка химчистка мебели в ярославле";"Профессии / Химчистка мебели / Ярославль";"https://dodelay.ru/podrabotka/yaroslavl/drycleaning";"Вакансия";"НЧ"
"требуется химчистка мебели в ярославле";"Профессии / Химчистка мебели / Ярославль";"https://dodelay.ru/podrabotka/yaroslavl/drycleaning";"Вакансия";"НЧ"
"вакансия химчистка мебели в ярославле";"Профессии / Химчистка мебели / Ярославль";"https://dodelay.ru/podrabotka/yaroslavl/drycleaning";"Вакансия";"НЧ"
"химчистка мебели в рыбинске";"Профессии / Химчистка мебели / Рыбинск";"https://dodelay.ru/podrabotka/rybinsk/drycleaning";"Коммерческий";"СЧ"
"химчистка мебели рыбинск";"Профессии / Химчистка мебели / Рыбинск";"https://dodelay.ru/podrabotka/rybinsk/drycleaning";"Коммерческий";"СЧ"
"химчистка дивана в рыбинске";"Профессии / Химчистка мебели / Рыбинск";"https://dodelay.ru/podrabotka/rybinsk/drycleaning";"Коммерческий";"СЧ"
"химчистка дивана рыбинск";"Профессии / Химчистка мебели / Рыбинск";"https://dodelay.ru/podrabotka/rybinsk/drycleaning";"Коммерческий";"СЧ"
"чистка мебели в рыбинске";"Профессии / Химчистка мебели / Рыбинск";"https://dodelay.ru/podrabotka/rybinsk/drycleaning";"Коммерческий";"СЧ"
"чистка мебели рыбинск";"Профессии / Химчистка мебели / Рыбинск";"https://dodelay.ru/podrabotka/rybinsk/drycleaning";"Коммерческий";"СЧ"
"химчистка ковров в рыбинске";"Профессии / Химчистка мебели / Рыбинск";"https://dodelay.ru/podrabotka/rybinsk/drycleaning";"Коммерческий";"СЧ"
"химчистка ковров рыбинск";"Профессии / Химчистка мебели / Рыбинск";"https://dodelay.ru/podrabotka/rybinsk/drycleaning";"Коммерческий";"СЧ"
"клининг мебели в рыбинске";"Профессии / Химчистка мебели / Рыбинск";"https://dodelay.ru/podrabotka/rybinsk/drycleaning";"Коммерческий";"СЧ"
"клининг мебели рыбинск";"Профессии / Химчистка мебели / Рыбинск";"https://dodelay.ru/podrabotka/rybinsk/drycleaning";"Коммерческий";"СЧ"
"химчистка мебели в рыбинске недорого";"Профессии / Химчистка мебели / Рыбинск";"https://dodelay.ru/podrabotka/rybinsk/drycleaning";"Коммерческий";"НЧ"
"химчистка мебели в рыбинске цены";"Профессии / Химчистка мебели / Рыбинск";"https://dodelay.ru/podrabotka/rybinsk/drycleaning";"Коммерческий";"НЧ"
"химчистка мебели в рыбинске на дом";"Профессии / Химчистка мебели / Рыбинск";"https://dodelay.ru/podrabotka/rybinsk/drycleaning";"Коммерческий";"НЧ"
"вызвать мастера по химчистке в рыбинске";"Профессии / Химчистка мебели / Рыбинск";"https://dodelay.ru/podrabotka/rybinsk/drycleaning";"Коммерческий";"НЧ"
"нанять мастера по химчистке в рыбинске";"Профессии / Химчистка мебели / Рыбинск";"https://dodelay.ru/podrabotka/rybinsk/drycleaning";"Коммерческий";"НЧ"
"найти мастера по химчистке в рыбинске";"Профессии / Химчистка мебели / Рыбинск";"https://dodelay.ru/podrabotka/rybinsk/drycleaning";"Коммерческий";"НЧ"
"услуги мастера по химчистке в рыбинске";"Профессии / Химчистка мебели / Рыбинск";"https://dodelay.ru/podrabotka/rybinsk/drycleaning";"Коммерческий";"НЧ"
"химчистка мебели частник в рыбинске";"Профессии / Химчистка мебели / Рыбинск";"https://dodelay.ru/podrabotka/rybinsk/drycleaning";"Коммерческий";"НЧ"
"химчистка мебели без посредников в рыбинске";"Профессии / Химчистка мебели / Рыбинск";"https://dodelay.ru/podrabotka/rybinsk/drycleaning";"Коммерческий";"НЧ"
"работа химчистка мебели в рыбинске";"Профессии / Химчистка мебели / Рыбинск";"https://dodelay.ru/podrabotka/rybinsk/drycleaning";"Вакансия";"СЧ"
"подработка химчистка мебели в рыбинске";"Профессии / Химчистка мебели / Рыбинск";"https://dodelay.ru/podrabotka/rybinsk/drycleaning";"Вакансия";"НЧ"
"требуется химчистка мебели в рыбинске";"Профессии / Химчистка мебели / Рыбинск";"https://dodelay.ru/podrabotka/rybinsk/drycleaning";"Вакансия";"НЧ"
"вакансия химчистка мебели в рыбинске";"Профессии / Химчистка мебели / Рыбинск";"https://dodelay.ru/podrabotka/rybinsk/drycleaning";"Вакансия";"НЧ"
"химчистка мебели в тутаеве";"Профессии / Химчистка мебели / Тутаев";"https://dodelay.ru/podrabotka/tutaev/drycleaning";"Коммерческий";"СЧ"
"химчистка мебели тутаев";"Профессии / Химчистка мебели / Тутаев";"https://dodelay.ru/podrabotka/tutaev/drycleaning";"Коммерческий";"СЧ"
"химчистка дивана в тутаеве";"Профессии / Химчистка мебели / Тутаев";"https://dodelay.ru/podrabotka/tutaev/drycleaning";"Коммерческий";"СЧ"
"химчистка дивана тутаев";"Профессии / Химчистка мебели / Тутаев";"https://dodelay.ru/podrabotka/tutaev/drycleaning";"Коммерческий";"СЧ"
"чистка мебели в тутаеве";"Профессии / Химчистка мебели / Тутаев";"https://dodelay.ru/podrabotka/tutaev/drycleaning";"Коммерческий";"СЧ"
"чистка мебели тутаев";"Профессии / Химчистка мебели / Тутаев";"https://dodelay.ru/podrabotka/tutaev/drycleaning";"Коммерческий";"СЧ"
"химчистка ковров в тутаеве";"Профессии / Химчистка мебели / Тутаев";"https://dodelay.ru/podrabotka/tutaev/drycleaning";"Коммерческий";"СЧ"
"химчистка ковров тутаев";"Профессии / Химчистка мебели / Тутаев";"https://dodelay.ru/podrabotka/tutaev/drycleaning";"Коммерческий";"СЧ"
"клининг мебели в тутаеве";"Профессии / Химчистка мебели / Тутаев";"https://dodelay.ru/podrabotka/tutaev/drycleaning";"Коммерческий";"СЧ"
"клининг мебели тутаев";"Профессии / Химчистка мебели / Тутаев";"https://dodelay.ru/podrabotka/tutaev/drycleaning";"Коммерческий";"СЧ"
"химчистка мебели в тутаеве недорого";"Профессии / Химчистка мебели / Тутаев";"https://dodelay.ru/podrabotka/tutaev/drycleaning";"Коммерческий";"НЧ"
"химчистка мебели в тутаеве цены";"Профессии / Химчистка мебели / Тутаев";"https://dodelay.ru/podrabotka/tutaev/drycleaning";"Коммерческий";"НЧ"
"химчистка мебели в тутаеве на дом";"Профессии / Химчистка мебели / Тутаев";"https://dodelay.ru/podrabotka/tutaev/drycleaning";"Коммерческий";"НЧ"
"вызвать мастера по химчистке в тутаеве";"Профессии / Химчистка мебели / Тутаев";"https://dodelay.ru/podrabotka/tutaev/drycleaning";"Коммерческий";"НЧ"
"нанять мастера по химчистке в тутаеве";"Профессии / Химчистка мебели / Тутаев";"https://dodelay.ru/podrabotka/tutaev/drycleaning";"Коммерческий";"НЧ"
"найти мастера по химчистке в тутаеве";"Профессии / Химчистка мебели / Тутаев";"https://dodelay.ru/podrabotka/tutaev/drycleaning";"Коммерческий";"НЧ"
"услуги мастера по химчистке в тутаеве";"Профессии / Химчистка мебели / Тутаев";"https://dodelay.ru/podrabotka/tutaev/drycleaning";"Коммерческий";"НЧ"
"химчистка мебели частник в тутаеве";"Профессии / Химчистка мебели / Тутаев";"https://dodelay.ru/podrabotka/tutaev/drycleaning";"Коммерческий";"НЧ"
"химчистка мебели без посредников в тутаеве";"Профессии / Химчистка мебели / Тутаев";"https://dodelay.ru/podrabotka/tutaev/drycleaning";"Коммерческий";"НЧ"
"работа химчистка мебели в тутаеве";"Профессии / Химчистка мебели / Тутаев";"https://dodelay.ru/podrabotka/tutaev/drycleaning";"Вакансия";"СЧ"
"подработка химчистка мебели в тутаеве";"Профессии / Химчистка мебели / Тутаев";"https://dodelay.ru/podrabotka/tutaev/drycleaning";"Вакансия";"НЧ"
"требуется химчистка мебели в тутаеве";"Профессии / Химчистка мебели / Тутаев";"https://dodelay.ru/podrabotka/tutaev/drycleaning";"Вакансия";"НЧ"
"вакансия химчистка мебели в тутаеве";"Профессии / Химчистка мебели / Тутаев";"https://dodelay.ru/podrabotka/tutaev/drycleaning";"Вакансия";"НЧ"
"химчистка мебели в переславле-залесском";"Профессии / Химчистка мебели / Переславль-Залесский";"https://dodelay.ru/podrabotka/pereslavl/drycleaning";"Коммерческий";"СЧ"
"химчистка мебели переславль-залесский";"Профессии / Химчистка мебели / Переславль-Залесский";"https://dodelay.ru/podrabotka/pereslavl/drycleaning";"Коммерческий";"СЧ"
"химчистка дивана в переславле-залесском";"Профессии / Химчистка мебели / Переславль-Залесский";"https://dodelay.ru/podrabotka/pereslavl/drycleaning";"Коммерческий";"СЧ"
"химчистка дивана переславль-залесский";"Профессии / Химчистка мебели / Переславль-Залесский";"https://dodelay.ru/podrabotka/pereslavl/drycleaning";"Коммерческий";"СЧ"
"чистка мебели в переславле-залесском";"Профессии / Химчистка мебели / Переславль-Залесский";"https://dodelay.ru/podrabotka/pereslavl/drycleaning";"Коммерческий";"СЧ"
"чистка мебели переславль-залесский";"Профессии / Химчистка мебели / Переславль-Залесский";"https://dodelay.ru/podrabotka/pereslavl/drycleaning";"Коммерческий";"СЧ"
"химчистка ковров в переславле-залесском";"Профессии / Химчистка мебели / Переславль-Залесский";"https://dodelay.ru/podrabotka/pereslavl/drycleaning";"Коммерческий";"СЧ"
"химчистка ковров переславль-залесский";"Профессии / Химчистка мебели / Переславль-Залесский";"https://dodelay.ru/podrabotka/pereslavl/drycleaning";"Коммерческий";"СЧ"
"клининг мебели в переславле-залесском";"Профессии / Химчистка мебели / Переславль-Залесский";"https://dodelay.ru/podrabotka/pereslavl/drycleaning";"Коммерческий";"СЧ"
"клининг мебели переславль-залесский";"Профессии / Химчистка мебели / Переславль-Залесский";"https://dodelay.ru/podrabotka/pereslavl/drycleaning";"Коммерческий";"СЧ"
"химчистка мебели в переславле-залесском недорого";"Профессии / Химчистка мебели / Переславль-Залесский";"https://dodelay.ru/podrabotka/pereslavl/drycleaning";"Коммерческий";"НЧ"
"химчистка мебели в переславле-залесском цены";"Профессии / Химчистка мебели / Переславль-Залесский";"https://dodelay.ru/podrabotka/pereslavl/drycleaning";"Коммерческий";"НЧ"
"химчистка мебели в переславле-залесском на дом";"Профессии / Химчистка мебели / Переславль-Залесский";"https://dodelay.ru/podrabotka/pereslavl/drycleaning";"Коммерческий";"НЧ"
"вызвать мастера по химчистке в переславле-залесском";"Профессии / Химчистка мебели / Переславль-Залесский";"https://dodelay.ru/podrabotka/pereslavl/drycleaning";"Коммерческий";"НЧ"
"нанять мастера по химчистке в переславле-залесском";"Профессии / Химчистка мебели / Переславль-Залесский";"https://dodelay.ru/podrabotka/pereslavl/drycleaning";"Коммерческий";"НЧ"
"найти мастера по химчистке в переславле-залесском";"Профессии / Химчистка мебели / Переславль-Залесский";"https://dodelay.ru/podrabotka/pereslavl/drycleaning";"Коммерческий";"НЧ"
"услуги мастера по химчистке в переславле-залесском";"Профессии / Химчистка мебели / Переславль-Залесский";"https://dodelay.ru/podrabotka/pereslavl/drycleaning";"Коммерческий";"НЧ"
"химчистка мебели частник в переславле-залесском";"Профессии / Химчистка мебели / Переславль-Залесский";"https://dodelay.ru/podrabotka/pereslavl/drycleaning";"Коммерческий";"НЧ"
"химчистка мебели без посредников в переславле-залесском";"Профессии / Химчистка мебели / Переславль-Залесский";"https://dodelay.ru/podrabotka/pereslavl/drycleaning";"Коммерческий";"НЧ"
"работа химчистка мебели в переславле-залесском";"Профессии / Химчистка мебели / Переславль-Залесский";"https://dodelay.ru/podrabotka/pereslavl/drycleaning";"Вакансия";"СЧ"
"подработка химчистка мебели в переславле-залесском";"Профессии / Химчистка мебели / Переславль-Залесский";"https://dodelay.ru/podrabotka/pereslavl/drycleaning";"Вакансия";"НЧ"
"требуется химчистка мебели в переславле-залесском";"Профессии / Химчистка мебели / Переславль-Залесский";"https://dodelay.ru/podrabotka/pereslavl/drycleaning";"Вакансия";"НЧ"
"вакансия химчистка мебели в переславле-залесском";"Профессии / Химчистка мебели / Переславль-Залесский";"https://dodelay.ru/podrabotka/pereslavl/drycleaning";"Вакансия";"НЧ"
"химчистка мебели в угличе";"Профессии / Химчистка мебели / Углич";"https://dodelay.ru/podrabotka/uglich/drycleaning";"Коммерческий";"СЧ"
"химчистка мебели углич";"Профессии / Химчистка мебели / Углич";"https://dodelay.ru/podrabotka/uglich/drycleaning";"Коммерческий";"СЧ"
"химчистка дивана в угличе";"Профессии / Химчистка мебели / Углич";"https://dodelay.ru/podrabotka/uglich/drycleaning";"Коммерческий";"СЧ"
"химчистка дивана углич";"Профессии / Химчистка мебели / Углич";"https://dodelay.ru/podrabotka/uglich/drycleaning";"Коммерческий";"СЧ"
"чистка мебели в угличе";"Профессии / Химчистка мебели / Углич";"https://dodelay.ru/podrabotka/uglich/drycleaning";"Коммерческий";"СЧ"
"чистка мебели углич";"Профессии / Химчистка мебели / Углич";"https://dodelay.ru/podrabotka/uglich/drycleaning";"Коммерческий";"СЧ"
"химчистка ковров в угличе";"Профессии / Химчистка мебели / Углич";"https://dodelay.ru/podrabotka/uglich/drycleaning";"Коммерческий";"СЧ"
"химчистка ковров углич";"Профессии / Химчистка мебели / Углич";"https://dodelay.ru/podrabotka/uglich/drycleaning";"Коммерческий";"СЧ"
"клининг мебели в угличе";"Профессии / Химчистка мебели / Углич";"https://dodelay.ru/podrabotka/uglich/drycleaning";"Коммерческий";"СЧ"
"клининг мебели углич";"Профессии / Химчистка мебели / Углич";"https://dodelay.ru/podrabotka/uglich/drycleaning";"Коммерческий";"СЧ"
"химчистка мебели в угличе недорого";"Профессии / Химчистка мебели / Углич";"https://dodelay.ru/podrabotka/uglich/drycleaning";"Коммерческий";"НЧ"
"химчистка мебели в угличе цены";"Профессии / Химчистка мебели / Углич";"https://dodelay.ru/podrabotka/uglich/drycleaning";"Коммерческий";"НЧ"
"химчистка мебели в угличе на дом";"Профессии / Химчистка мебели / Углич";"https://dodelay.ru/podrabotka/uglich/drycleaning";"Коммерческий";"НЧ"
"вызвать мастера по химчистке в угличе";"Профессии / Химчистка мебели / Углич";"https://dodelay.ru/podrabotka/uglich/drycleaning";"Коммерческий";"НЧ"
"нанять мастера по химчистке в угличе";"Профессии / Химчистка мебели / Углич";"https://dodelay.ru/podrabotka/uglich/drycleaning";"Коммерческий";"НЧ"
"найти мастера по химчистке в угличе";"Профессии / Химчистка мебели / Углич";"https://dodelay.ru/podrabotka/uglich/drycleaning";"Коммерческий";"НЧ"
"услуги мастера по химчистке в угличе";"Профессии / Химчистка мебели / Углич";"https://dodelay.ru/podrabotka/uglich/drycleaning";"Коммерческий";"НЧ"
"химчистка мебели частник в угличе";"Профессии / Химчистка мебели / Углич";"https://dodelay.ru/podrabotka/uglich/drycleaning";"Коммерческий";"НЧ"
"химчистка мебели без посредников в угличе";"Профессии / Химчистка мебели / Углич";"https://dodelay.ru/podrabotka/uglich/drycleaning";"Коммерческий";"НЧ"
"работа химчистка мебели в угличе";"Профессии / Химчистка мебели / Углич";"https://dodelay.ru/podrabotka/uglich/drycleaning";"Вакансия";"СЧ"
"подработка химчистка мебели в угличе";"Профессии / Химчистка мебели / Углич";"https://dodelay.ru/podrabotka/uglich/drycleaning";"Вакансия";"НЧ"
"требуется химчистка мебели в угличе";"Профессии / Химчистка мебели / Углич";"https://dodelay.ru/podrabotka/uglich/drycleaning";"Вакансия";"НЧ"
"вакансия химчистка мебели в угличе";"Профессии / Химчистка мебели / Углич";"https://dodelay.ru/podrabotka/uglich/drycleaning";"Вакансия";"НЧ"
"химчистка мебели в ростове великом";"Профессии / Химчистка мебели / Ростов Великий";"https://dodelay.ru/podrabotka/rostov/drycleaning";"Коммерческий";"СЧ"
"химчистка мебели ростов великий";"Профессии / Химчистка мебели / Ростов Великий";"https://dodelay.ru/podrabotka/rostov/drycleaning";"Коммерческий";"СЧ"
"химчистка дивана в ростове великом";"Профессии / Химчистка мебели / Ростов Великий";"https://dodelay.ru/podrabotka/rostov/drycleaning";"Коммерческий";"СЧ"
"химчистка дивана ростов великий";"Профессии / Химчистка мебели / Ростов Великий";"https://dodelay.ru/podrabotka/rostov/drycleaning";"Коммерческий";"СЧ"
"чистка мебели в ростове великом";"Профессии / Химчистка мебели / Ростов Великий";"https://dodelay.ru/podrabotka/rostov/drycleaning";"Коммерческий";"СЧ"
"чистка мебели ростов великий";"Профессии / Химчистка мебели / Ростов Великий";"https://dodelay.ru/podrabotka/rostov/drycleaning";"Коммерческий";"СЧ"
"химчистка ковров в ростове великом";"Профессии / Химчистка мебели / Ростов Великий";"https://dodelay.ru/podrabotka/rostov/drycleaning";"Коммерческий";"СЧ"
"химчистка ковров ростов великий";"Профессии / Химчистка мебели / Ростов Великий";"https://dodelay.ru/podrabotka/rostov/drycleaning";"Коммерческий";"СЧ"
"клининг мебели в ростове великом";"Профессии / Химчистка мебели / Ростов Великий";"https://dodelay.ru/podrabotka/rostov/drycleaning";"Коммерческий";"СЧ"
"клининг мебели ростов великий";"Профессии / Химчистка мебели / Ростов Великий";"https://dodelay.ru/podrabotka/rostov/drycleaning";"Коммерческий";"СЧ"
"химчистка мебели в ростове великом недорого";"Профессии / Химчистка мебели / Ростов Великий";"https://dodelay.ru/podrabotka/rostov/drycleaning";"Коммерческий";"НЧ"
"химчистка мебели в ростове великом цены";"Профессии / Химчистка мебели / Ростов Великий";"https://dodelay.ru/podrabotka/rostov/drycleaning";"Коммерческий";"НЧ"
"химчистка мебели в ростове великом на дом";"Профессии / Химчистка мебели / Ростов Великий";"https://dodelay.ru/podrabotka/rostov/drycleaning";"Коммерческий";"НЧ"
"вызвать мастера по химчистке в ростове великом";"Профессии / Химчистка мебели / Ростов Великий";"https://dodelay.ru/podrabotka/rostov/drycleaning";"Коммерческий";"НЧ"
"нанять мастера по химчистке в ростове великом";"Профессии / Химчистка мебели / Ростов Великий";"https://dodelay.ru/podrabotka/rostov/drycleaning";"Коммерческий";"НЧ"
"найти мастера по химчистке в ростове великом";"Профессии / Химчистка мебели / Ростов Великий";"https://dodelay.ru/podrabotka/rostov/drycleaning";"Коммерческий";"НЧ"
"услуги мастера по химчистке в ростове великом";"Профессии / Химчистка мебели / Ростов Великий";"https://dodelay.ru/podrabotka/rostov/drycleaning";"Коммерческий";"НЧ"
"химчистка мебели частник в ростове великом";"Профессии / Химчистка мебели / Ростов Великий";"https://dodelay.ru/podrabotka/rostov/drycleaning";"Коммерческий";"НЧ"
"химчистка мебели без посредников в ростове великом";"Профессии / Химчистка мебели / Ростов Великий";"https://dodelay.ru/podrabotka/rostov/drycleaning";"Коммерческий";"НЧ"
"работа химчистка мебели в ростове великом";"Профессии / Химчистка мебели / Ростов Великий";"https://dodelay.ru/podrabotka/rostov/drycleaning";"Вакансия";"СЧ"
"подработка химчистка мебели в ростове великом";"Профессии / Химчистка мебели / Ростов Великий";"https://dodelay.ru/podrabotka/rostov/drycleaning";"Вакансия";"НЧ"
"требуется химчистка мебели в ростове великом";"Профессии / Химчистка мебели / Ростов Великий";"https://dodelay.ru/podrabotka/rostov/drycleaning";"Вакансия";"НЧ"
"вакансия химчистка мебели в ростове великом";"Профессии / Химчистка мебели / Ростов Великий";"https://dodelay.ru/podrabotka/rostov/drycleaning";"Вакансия";"НЧ"
"кресло в ярославле";"Профессии / Химчистка мебели / Задачи";"https://dodelay.ru/podrabotka/yaroslavl/drycleaning";"Инфо";"НЧ"
"кресло цена";"Профессии / Химчистка мебели / Задачи";"https://dodelay.ru/podrabotka/yaroslavl/drycleaning";"Инфо";"НЧ"
"сколько стоит кресло";"Профессии / Химчистка мебели / Задачи";"https://dodelay.ru/podrabotka/yaroslavl/drycleaning";"Инфо";"НЧ"
"диван двухместный в ярославле";"Профессии / Химчистка мебели / Задачи";"https://dodelay.ru/podrabotka/yaroslavl/drycleaning";"Инфо";"НЧ"
"диван двухместный цена";"Профессии / Химчистка мебели / Задачи";"https://dodelay.ru/podrabotka/yaroslavl/drycleaning";"Инфо";"НЧ"
"сколько стоит диван двухместный";"Профессии / Химчистка мебели / Задачи";"https://dodelay.ru/podrabotka/yaroslavl/drycleaning";"Инфо";"НЧ"
"угловой диван в ярославле";"Профессии / Химчистка мебели / Задачи";"https://dodelay.ru/podrabotka/yaroslavl/drycleaning";"Инфо";"НЧ"
"угловой диван цена";"Профессии / Химчистка мебели / Задачи";"https://dodelay.ru/podrabotka/yaroslavl/drycleaning";"Инфо";"НЧ"
"сколько стоит угловой диван";"Профессии / Химчистка мебели / Задачи";"https://dodelay.ru/podrabotka/yaroslavl/drycleaning";"Инфо";"НЧ"
"ковёр";"Профессии / Химчистка мебели / Задачи";"https://dodelay.ru/podrabotka/yaroslavl/drycleaning";"Инфо";"НЧ"
"сколько стоит ковёр";"Профессии / Химчистка мебели / Задачи";"https://dodelay.ru/podrabotka/yaroslavl/drycleaning";"Инфо";"НЧ"
"дезинсекция в ярославле";"Профессии / Дезинсекция / Ярославль";"https://dodelay.ru/podrabotka/yaroslavl/pestcontrol";"Коммерческий";"СЧ"
"дезинсекция ярославль";"Профессии / Дезинсекция / Ярославль";"https://dodelay.ru/podrabotka/yaroslavl/pestcontrol";"Коммерческий";"СЧ"
"дезинфекция в ярославле";"Профессии / Дезинсекция / Ярославль";"https://dodelay.ru/podrabotka/yaroslavl/pestcontrol";"Коммерческий";"СЧ"
"дезинфекция ярославль";"Профессии / Дезинсекция / Ярославль";"https://dodelay.ru/podrabotka/yaroslavl/pestcontrol";"Коммерческий";"СЧ"
"травля насекомых в ярославле";"Профессии / Дезинсекция / Ярославль";"https://dodelay.ru/podrabotka/yaroslavl/pestcontrol";"Коммерческий";"СЧ"
"травля насекомых ярославль";"Профессии / Дезинсекция / Ярославль";"https://dodelay.ru/podrabotka/yaroslavl/pestcontrol";"Коммерческий";"СЧ"
"уничтожение клопов в ярославле";"Профессии / Дезинсекция / Ярославль";"https://dodelay.ru/podrabotka/yaroslavl/pestcontrol";"Коммерческий";"СЧ"
"уничтожение клопов ярославль";"Профессии / Дезинсекция / Ярославль";"https://dodelay.ru/podrabotka/yaroslavl/pestcontrol";"Коммерческий";"СЧ"
"санобработка в ярославле";"Профессии / Дезинсекция / Ярославль";"https://dodelay.ru/podrabotka/yaroslavl/pestcontrol";"Коммерческий";"СЧ"
"санобработка ярославль";"Профессии / Дезинсекция / Ярославль";"https://dodelay.ru/podrabotka/yaroslavl/pestcontrol";"Коммерческий";"СЧ"
"дератизация в ярославле";"Профессии / Дезинсекция / Ярославль";"https://dodelay.ru/podrabotka/yaroslavl/pestcontrol";"Коммерческий";"СЧ"
"дератизация ярославль";"Профессии / Дезинсекция / Ярославль";"https://dodelay.ru/podrabotka/yaroslavl/pestcontrol";"Коммерческий";"СЧ"
"дезинсекция в ярославле недорого";"Профессии / Дезинсекция / Ярославль";"https://dodelay.ru/podrabotka/yaroslavl/pestcontrol";"Коммерческий";"НЧ"
"дезинсекция в ярославле цены";"Профессии / Дезинсекция / Ярославль";"https://dodelay.ru/podrabotka/yaroslavl/pestcontrol";"Коммерческий";"НЧ"
"дезинсекция в ярославле на дом";"Профессии / Дезинсекция / Ярославль";"https://dodelay.ru/podrabotka/yaroslavl/pestcontrol";"Коммерческий";"НЧ"
"вызвать дезинсектора в ярославле";"Профессии / Дезинсекция / Ярославль";"https://dodelay.ru/podrabotka/yaroslavl/pestcontrol";"Коммерческий";"НЧ"
"нанять дезинсектора в ярославле";"Профессии / Дезинсекция / Ярославль";"https://dodelay.ru/podrabotka/yaroslavl/pestcontrol";"Коммерческий";"НЧ"
"найти дезинсектора в ярославле";"Профессии / Дезинсекция / Ярославль";"https://dodelay.ru/podrabotka/yaroslavl/pestcontrol";"Коммерческий";"НЧ"
"услуги дезинсектора в ярославле";"Профессии / Дезинсекция / Ярославль";"https://dodelay.ru/podrabotka/yaroslavl/pestcontrol";"Коммерческий";"НЧ"
"дезинсекция частник в ярославле";"Профессии / Дезинсекция / Ярославль";"https://dodelay.ru/podrabotka/yaroslavl/pestcontrol";"Коммерческий";"НЧ"
"дезинсекция без посредников в ярославле";"Профессии / Дезинсекция / Ярославль";"https://dodelay.ru/podrabotka/yaroslavl/pestcontrol";"Коммерческий";"НЧ"
"работа дезинсекция в ярославле";"Профессии / Дезинсекция / Ярославль";"https://dodelay.ru/podrabotka/yaroslavl/pestcontrol";"Вакансия";"СЧ"
"подработка дезинсекция в ярославле";"Профессии / Дезинсекция / Ярославль";"https://dodelay.ru/podrabotka/yaroslavl/pestcontrol";"Вакансия";"НЧ"
"требуется дезинсекция в ярославле";"Профессии / Дезинсекция / Ярославль";"https://dodelay.ru/podrabotka/yaroslavl/pestcontrol";"Вакансия";"НЧ"
"вакансия дезинсекция в ярославле";"Профессии / Дезинсекция / Ярославль";"https://dodelay.ru/podrabotka/yaroslavl/pestcontrol";"Вакансия";"НЧ"
"дезинсекция в рыбинске";"Профессии / Дезинсекция / Рыбинск";"https://dodelay.ru/podrabotka/rybinsk/pestcontrol";"Коммерческий";"СЧ"
"дезинсекция рыбинск";"Профессии / Дезинсекция / Рыбинск";"https://dodelay.ru/podrabotka/rybinsk/pestcontrol";"Коммерческий";"СЧ"
"дезинфекция в рыбинске";"Профессии / Дезинсекция / Рыбинск";"https://dodelay.ru/podrabotka/rybinsk/pestcontrol";"Коммерческий";"СЧ"
"дезинфекция рыбинск";"Профессии / Дезинсекция / Рыбинск";"https://dodelay.ru/podrabotka/rybinsk/pestcontrol";"Коммерческий";"СЧ"
"травля насекомых в рыбинске";"Профессии / Дезинсекция / Рыбинск";"https://dodelay.ru/podrabotka/rybinsk/pestcontrol";"Коммерческий";"СЧ"
"травля насекомых рыбинск";"Профессии / Дезинсекция / Рыбинск";"https://dodelay.ru/podrabotka/rybinsk/pestcontrol";"Коммерческий";"СЧ"
"уничтожение клопов в рыбинске";"Профессии / Дезинсекция / Рыбинск";"https://dodelay.ru/podrabotka/rybinsk/pestcontrol";"Коммерческий";"СЧ"
"уничтожение клопов рыбинск";"Профессии / Дезинсекция / Рыбинск";"https://dodelay.ru/podrabotka/rybinsk/pestcontrol";"Коммерческий";"СЧ"
"санобработка в рыбинске";"Профессии / Дезинсекция / Рыбинск";"https://dodelay.ru/podrabotka/rybinsk/pestcontrol";"Коммерческий";"СЧ"
"санобработка рыбинск";"Профессии / Дезинсекция / Рыбинск";"https://dodelay.ru/podrabotka/rybinsk/pestcontrol";"Коммерческий";"СЧ"
"дератизация в рыбинске";"Профессии / Дезинсекция / Рыбинск";"https://dodelay.ru/podrabotka/rybinsk/pestcontrol";"Коммерческий";"СЧ"
"дератизация рыбинск";"Профессии / Дезинсекция / Рыбинск";"https://dodelay.ru/podrabotka/rybinsk/pestcontrol";"Коммерческий";"СЧ"
"дезинсекция в рыбинске недорого";"Профессии / Дезинсекция / Рыбинск";"https://dodelay.ru/podrabotka/rybinsk/pestcontrol";"Коммерческий";"НЧ"
"дезинсекция в рыбинске цены";"Профессии / Дезинсекция / Рыбинск";"https://dodelay.ru/podrabotka/rybinsk/pestcontrol";"Коммерческий";"НЧ"
"дезинсекция в рыбинске на дом";"Профессии / Дезинсекция / Рыбинск";"https://dodelay.ru/podrabotka/rybinsk/pestcontrol";"Коммерческий";"НЧ"
"вызвать дезинсектора в рыбинске";"Профессии / Дезинсекция / Рыбинск";"https://dodelay.ru/podrabotka/rybinsk/pestcontrol";"Коммерческий";"НЧ"
"нанять дезинсектора в рыбинске";"Профессии / Дезинсекция / Рыбинск";"https://dodelay.ru/podrabotka/rybinsk/pestcontrol";"Коммерческий";"НЧ"
"найти дезинсектора в рыбинске";"Профессии / Дезинсекция / Рыбинск";"https://dodelay.ru/podrabotka/rybinsk/pestcontrol";"Коммерческий";"НЧ"
"услуги дезинсектора в рыбинске";"Профессии / Дезинсекция / Рыбинск";"https://dodelay.ru/podrabotka/rybinsk/pestcontrol";"Коммерческий";"НЧ"
"дезинсекция частник в рыбинске";"Профессии / Дезинсекция / Рыбинск";"https://dodelay.ru/podrabotka/rybinsk/pestcontrol";"Коммерческий";"НЧ"
"дезинсекция без посредников в рыбинске";"Профессии / Дезинсекция / Рыбинск";"https://dodelay.ru/podrabotka/rybinsk/pestcontrol";"Коммерческий";"НЧ"
"работа дезинсекция в рыбинске";"Профессии / Дезинсекция / Рыбинск";"https://dodelay.ru/podrabotka/rybinsk/pestcontrol";"Вакансия";"СЧ"
"подработка дезинсекция в рыбинске";"Профессии / Дезинсекция / Рыбинск";"https://dodelay.ru/podrabotka/rybinsk/pestcontrol";"Вакансия";"НЧ"
"требуется дезинсекция в рыбинске";"Профессии / Дезинсекция / Рыбинск";"https://dodelay.ru/podrabotka/rybinsk/pestcontrol";"Вакансия";"НЧ"
"вакансия дезинсекция в рыбинске";"Профессии / Дезинсекция / Рыбинск";"https://dodelay.ru/podrabotka/rybinsk/pestcontrol";"Вакансия";"НЧ"
"дезинсекция в тутаеве";"Профессии / Дезинсекция / Тутаев";"https://dodelay.ru/podrabotka/tutaev/pestcontrol";"Коммерческий";"СЧ"
"дезинсекция тутаев";"Профессии / Дезинсекция / Тутаев";"https://dodelay.ru/podrabotka/tutaev/pestcontrol";"Коммерческий";"СЧ"
"дезинфекция в тутаеве";"Профессии / Дезинсекция / Тутаев";"https://dodelay.ru/podrabotka/tutaev/pestcontrol";"Коммерческий";"СЧ"
"дезинфекция тутаев";"Профессии / Дезинсекция / Тутаев";"https://dodelay.ru/podrabotka/tutaev/pestcontrol";"Коммерческий";"СЧ"
"травля насекомых в тутаеве";"Профессии / Дезинсекция / Тутаев";"https://dodelay.ru/podrabotka/tutaev/pestcontrol";"Коммерческий";"СЧ"
"травля насекомых тутаев";"Профессии / Дезинсекция / Тутаев";"https://dodelay.ru/podrabotka/tutaev/pestcontrol";"Коммерческий";"СЧ"
"уничтожение клопов в тутаеве";"Профессии / Дезинсекция / Тутаев";"https://dodelay.ru/podrabotka/tutaev/pestcontrol";"Коммерческий";"СЧ"
"уничтожение клопов тутаев";"Профессии / Дезинсекция / Тутаев";"https://dodelay.ru/podrabotka/tutaev/pestcontrol";"Коммерческий";"СЧ"
"санобработка в тутаеве";"Профессии / Дезинсекция / Тутаев";"https://dodelay.ru/podrabotka/tutaev/pestcontrol";"Коммерческий";"СЧ"
"санобработка тутаев";"Профессии / Дезинсекция / Тутаев";"https://dodelay.ru/podrabotka/tutaev/pestcontrol";"Коммерческий";"СЧ"
"дератизация в тутаеве";"Профессии / Дезинсекция / Тутаев";"https://dodelay.ru/podrabotka/tutaev/pestcontrol";"Коммерческий";"СЧ"
"дератизация тутаев";"Профессии / Дезинсекция / Тутаев";"https://dodelay.ru/podrabotka/tutaev/pestcontrol";"Коммерческий";"СЧ"
"дезинсекция в тутаеве недорого";"Профессии / Дезинсекция / Тутаев";"https://dodelay.ru/podrabotka/tutaev/pestcontrol";"Коммерческий";"НЧ"
"дезинсекция в тутаеве цены";"Профессии / Дезинсекция / Тутаев";"https://dodelay.ru/podrabotka/tutaev/pestcontrol";"Коммерческий";"НЧ"
"дезинсекция в тутаеве на дом";"Профессии / Дезинсекция / Тутаев";"https://dodelay.ru/podrabotka/tutaev/pestcontrol";"Коммерческий";"НЧ"
"вызвать дезинсектора в тутаеве";"Профессии / Дезинсекция / Тутаев";"https://dodelay.ru/podrabotka/tutaev/pestcontrol";"Коммерческий";"НЧ"
"нанять дезинсектора в тутаеве";"Профессии / Дезинсекция / Тутаев";"https://dodelay.ru/podrabotka/tutaev/pestcontrol";"Коммерческий";"НЧ"
"найти дезинсектора в тутаеве";"Профессии / Дезинсекция / Тутаев";"https://dodelay.ru/podrabotka/tutaev/pestcontrol";"Коммерческий";"НЧ"
"услуги дезинсектора в тутаеве";"Профессии / Дезинсекция / Тутаев";"https://dodelay.ru/podrabotka/tutaev/pestcontrol";"Коммерческий";"НЧ"
"дезинсекция частник в тутаеве";"Профессии / Дезинсекция / Тутаев";"https://dodelay.ru/podrabotka/tutaev/pestcontrol";"Коммерческий";"НЧ"
"дезинсекция без посредников в тутаеве";"Профессии / Дезинсекция / Тутаев";"https://dodelay.ru/podrabotka/tutaev/pestcontrol";"Коммерческий";"НЧ"
"работа дезинсекция в тутаеве";"Профессии / Дезинсекция / Тутаев";"https://dodelay.ru/podrabotka/tutaev/pestcontrol";"Вакансия";"СЧ"
"подработка дезинсекция в тутаеве";"Профессии / Дезинсекция / Тутаев";"https://dodelay.ru/podrabotka/tutaev/pestcontrol";"Вакансия";"НЧ"
"требуется дезинсекция в тутаеве";"Профессии / Дезинсекция / Тутаев";"https://dodelay.ru/podrabotka/tutaev/pestcontrol";"Вакансия";"НЧ"
"вакансия дезинсекция в тутаеве";"Профессии / Дезинсекция / Тутаев";"https://dodelay.ru/podrabotka/tutaev/pestcontrol";"Вакансия";"НЧ"
"дезинсекция в переславле-залесском";"Профессии / Дезинсекция / Переславль-Залесский";"https://dodelay.ru/podrabotka/pereslavl/pestcontrol";"Коммерческий";"СЧ"
"дезинсекция переславль-залесский";"Профессии / Дезинсекция / Переславль-Залесский";"https://dodelay.ru/podrabotka/pereslavl/pestcontrol";"Коммерческий";"СЧ"
"дезинфекция в переславле-залесском";"Профессии / Дезинсекция / Переславль-Залесский";"https://dodelay.ru/podrabotka/pereslavl/pestcontrol";"Коммерческий";"СЧ"
"дезинфекция переславль-залесский";"Профессии / Дезинсекция / Переславль-Залесский";"https://dodelay.ru/podrabotka/pereslavl/pestcontrol";"Коммерческий";"СЧ"
"травля насекомых в переславле-залесском";"Профессии / Дезинсекция / Переславль-Залесский";"https://dodelay.ru/podrabotka/pereslavl/pestcontrol";"Коммерческий";"СЧ"
"травля насекомых переславль-залесский";"Профессии / Дезинсекция / Переславль-Залесский";"https://dodelay.ru/podrabotka/pereslavl/pestcontrol";"Коммерческий";"СЧ"
"уничтожение клопов в переславле-залесском";"Профессии / Дезинсекция / Переславль-Залесский";"https://dodelay.ru/podrabotka/pereslavl/pestcontrol";"Коммерческий";"СЧ"
"уничтожение клопов переславль-залесский";"Профессии / Дезинсекция / Переславль-Залесский";"https://dodelay.ru/podrabotka/pereslavl/pestcontrol";"Коммерческий";"СЧ"
"санобработка в переславле-залесском";"Профессии / Дезинсекция / Переславль-Залесский";"https://dodelay.ru/podrabotka/pereslavl/pestcontrol";"Коммерческий";"СЧ"
"санобработка переславль-залесский";"Профессии / Дезинсекция / Переславль-Залесский";"https://dodelay.ru/podrabotka/pereslavl/pestcontrol";"Коммерческий";"СЧ"
"дератизация в переславле-залесском";"Профессии / Дезинсекция / Переславль-Залесский";"https://dodelay.ru/podrabotka/pereslavl/pestcontrol";"Коммерческий";"СЧ"
"дератизация переславль-залесский";"Профессии / Дезинсекция / Переславль-Залесский";"https://dodelay.ru/podrabotka/pereslavl/pestcontrol";"Коммерческий";"СЧ"
"дезинсекция в переславле-залесском недорого";"Профессии / Дезинсекция / Переславль-Залесский";"https://dodelay.ru/podrabotka/pereslavl/pestcontrol";"Коммерческий";"НЧ"
"дезинсекция в переславле-залесском цены";"Профессии / Дезинсекция / Переславль-Залесский";"https://dodelay.ru/podrabotka/pereslavl/pestcontrol";"Коммерческий";"НЧ"
"дезинсекция в переславле-залесском на дом";"Профессии / Дезинсекция / Переславль-Залесский";"https://dodelay.ru/podrabotka/pereslavl/pestcontrol";"Коммерческий";"НЧ"
"вызвать дезинсектора в переславле-залесском";"Профессии / Дезинсекция / Переславль-Залесский";"https://dodelay.ru/podrabotka/pereslavl/pestcontrol";"Коммерческий";"НЧ"
"нанять дезинсектора в переславле-залесском";"Профессии / Дезинсекция / Переславль-Залесский";"https://dodelay.ru/podrabotka/pereslavl/pestcontrol";"Коммерческий";"НЧ"
"найти дезинсектора в переславле-залесском";"Профессии / Дезинсекция / Переславль-Залесский";"https://dodelay.ru/podrabotka/pereslavl/pestcontrol";"Коммерческий";"НЧ"
"услуги дезинсектора в переславле-залесском";"Профессии / Дезинсекция / Переславль-Залесский";"https://dodelay.ru/podrabotka/pereslavl/pestcontrol";"Коммерческий";"НЧ"
"дезинсекция частник в переславле-залесском";"Профессии / Дезинсекция / Переславль-Залесский";"https://dodelay.ru/podrabotka/pereslavl/pestcontrol";"Коммерческий";"НЧ"
"дезинсекция без посредников в переславле-залесском";"Профессии / Дезинсекция / Переславль-Залесский";"https://dodelay.ru/podrabotka/pereslavl/pestcontrol";"Коммерческий";"НЧ"
"работа дезинсекция в переславле-залесском";"Профессии / Дезинсекция / Переславль-Залесский";"https://dodelay.ru/podrabotka/pereslavl/pestcontrol";"Вакансия";"СЧ"
"подработка дезинсекция в переславле-залесском";"Профессии / Дезинсекция / Переславль-Залесский";"https://dodelay.ru/podrabotka/pereslavl/pestcontrol";"Вакансия";"НЧ"
"требуется дезинсекция в переславле-залесском";"Профессии / Дезинсекция / Переславль-Залесский";"https://dodelay.ru/podrabotka/pereslavl/pestcontrol";"Вакансия";"НЧ"
"вакансия дезинсекция в переславле-залесском";"Профессии / Дезинсекция / Переславль-Залесский";"https://dodelay.ru/podrabotka/pereslavl/pestcontrol";"Вакансия";"НЧ"
"дезинсекция в угличе";"Профессии / Дезинсекция / Углич";"https://dodelay.ru/podrabotka/uglich/pestcontrol";"Коммерческий";"СЧ"
"дезинсекция углич";"Профессии / Дезинсекция / Углич";"https://dodelay.ru/podrabotka/uglich/pestcontrol";"Коммерческий";"СЧ"
"дезинфекция в угличе";"Профессии / Дезинсекция / Углич";"https://dodelay.ru/podrabotka/uglich/pestcontrol";"Коммерческий";"СЧ"
"дезинфекция углич";"Профессии / Дезинсекция / Углич";"https://dodelay.ru/podrabotka/uglich/pestcontrol";"Коммерческий";"СЧ"
"травля насекомых в угличе";"Профессии / Дезинсекция / Углич";"https://dodelay.ru/podrabotka/uglich/pestcontrol";"Коммерческий";"СЧ"
"травля насекомых углич";"Профессии / Дезинсекция / Углич";"https://dodelay.ru/podrabotka/uglich/pestcontrol";"Коммерческий";"СЧ"
"уничтожение клопов в угличе";"Профессии / Дезинсекция / Углич";"https://dodelay.ru/podrabotka/uglich/pestcontrol";"Коммерческий";"СЧ"
"уничтожение клопов углич";"Профессии / Дезинсекция / Углич";"https://dodelay.ru/podrabotka/uglich/pestcontrol";"Коммерческий";"СЧ"
"санобработка в угличе";"Профессии / Дезинсекция / Углич";"https://dodelay.ru/podrabotka/uglich/pestcontrol";"Коммерческий";"СЧ"
"санобработка углич";"Профессии / Дезинсекция / Углич";"https://dodelay.ru/podrabotka/uglich/pestcontrol";"Коммерческий";"СЧ"
"дератизация в угличе";"Профессии / Дезинсекция / Углич";"https://dodelay.ru/podrabotka/uglich/pestcontrol";"Коммерческий";"СЧ"
"дератизация углич";"Профессии / Дезинсекция / Углич";"https://dodelay.ru/podrabotka/uglich/pestcontrol";"Коммерческий";"СЧ"
"дезинсекция в угличе недорого";"Профессии / Дезинсекция / Углич";"https://dodelay.ru/podrabotka/uglich/pestcontrol";"Коммерческий";"НЧ"
"дезинсекция в угличе цены";"Профессии / Дезинсекция / Углич";"https://dodelay.ru/podrabotka/uglich/pestcontrol";"Коммерческий";"НЧ"
"дезинсекция в угличе на дом";"Профессии / Дезинсекция / Углич";"https://dodelay.ru/podrabotka/uglich/pestcontrol";"Коммерческий";"НЧ"
"вызвать дезинсектора в угличе";"Профессии / Дезинсекция / Углич";"https://dodelay.ru/podrabotka/uglich/pestcontrol";"Коммерческий";"НЧ"
"нанять дезинсектора в угличе";"Профессии / Дезинсекция / Углич";"https://dodelay.ru/podrabotka/uglich/pestcontrol";"Коммерческий";"НЧ"
"найти дезинсектора в угличе";"Профессии / Дезинсекция / Углич";"https://dodelay.ru/podrabotka/uglich/pestcontrol";"Коммерческий";"НЧ"
"услуги дезинсектора в угличе";"Профессии / Дезинсекция / Углич";"https://dodelay.ru/podrabotka/uglich/pestcontrol";"Коммерческий";"НЧ"
"дезинсекция частник в угличе";"Профессии / Дезинсекция / Углич";"https://dodelay.ru/podrabotka/uglich/pestcontrol";"Коммерческий";"НЧ"
"дезинсекция без посредников в угличе";"Профессии / Дезинсекция / Углич";"https://dodelay.ru/podrabotka/uglich/pestcontrol";"Коммерческий";"НЧ"
"работа дезинсекция в угличе";"Профессии / Дезинсекция / Углич";"https://dodelay.ru/podrabotka/uglich/pestcontrol";"Вакансия";"СЧ"
"подработка дезинсекция в угличе";"Профессии / Дезинсекция / Углич";"https://dodelay.ru/podrabotka/uglich/pestcontrol";"Вакансия";"НЧ"
"требуется дезинсекция в угличе";"Профессии / Дезинсекция / Углич";"https://dodelay.ru/podrabotka/uglich/pestcontrol";"Вакансия";"НЧ"
"вакансия дезинсекция в угличе";"Профессии / Дезинсекция / Углич";"https://dodelay.ru/podrabotka/uglich/pestcontrol";"Вакансия";"НЧ"
"дезинсекция в ростове великом";"Профессии / Дезинсекция / Ростов Великий";"https://dodelay.ru/podrabotka/rostov/pestcontrol";"Коммерческий";"СЧ"
"дезинсекция ростов великий";"Профессии / Дезинсекция / Ростов Великий";"https://dodelay.ru/podrabotka/rostov/pestcontrol";"Коммерческий";"СЧ"
"дезинфекция в ростове великом";"Профессии / Дезинсекция / Ростов Великий";"https://dodelay.ru/podrabotka/rostov/pestcontrol";"Коммерческий";"СЧ"
"дезинфекция ростов великий";"Профессии / Дезинсекция / Ростов Великий";"https://dodelay.ru/podrabotka/rostov/pestcontrol";"Коммерческий";"СЧ"
"травля насекомых в ростове великом";"Профессии / Дезинсекция / Ростов Великий";"https://dodelay.ru/podrabotka/rostov/pestcontrol";"Коммерческий";"СЧ"
"травля насекомых ростов великий";"Профессии / Дезинсекция / Ростов Великий";"https://dodelay.ru/podrabotka/rostov/pestcontrol";"Коммерческий";"СЧ"
"уничтожение клопов в ростове великом";"Профессии / Дезинсекция / Ростов Великий";"https://dodelay.ru/podrabotka/rostov/pestcontrol";"Коммерческий";"СЧ"
"уничтожение клопов ростов великий";"Профессии / Дезинсекция / Ростов Великий";"https://dodelay.ru/podrabotka/rostov/pestcontrol";"Коммерческий";"СЧ"
"санобработка в ростове великом";"Профессии / Дезинсекция / Ростов Великий";"https://dodelay.ru/podrabotka/rostov/pestcontrol";"Коммерческий";"СЧ"
"санобработка ростов великий";"Профессии / Дезинсекция / Ростов Великий";"https://dodelay.ru/podrabotka/rostov/pestcontrol";"Коммерческий";"СЧ"
"дератизация в ростове великом";"Профессии / Дезинсекция / Ростов Великий";"https://dodelay.ru/podrabotka/rostov/pestcontrol";"Коммерческий";"СЧ"
"дератизация ростов великий";"Профессии / Дезинсекция / Ростов Великий";"https://dodelay.ru/podrabotka/rostov/pestcontrol";"Коммерческий";"СЧ"
"дезинсекция в ростове великом недорого";"Профессии / Дезинсекция / Ростов Великий";"https://dodelay.ru/podrabotka/rostov/pestcontrol";"Коммерческий";"НЧ"
"дезинсекция в ростове великом цены";"Профессии / Дезинсекция / Ростов Великий";"https://dodelay.ru/podrabotka/rostov/pestcontrol";"Коммерческий";"НЧ"
"дезинсекция в ростове великом на дом";"Профессии / Дезинсекция / Ростов Великий";"https://dodelay.ru/podrabotka/rostov/pestcontrol";"Коммерческий";"НЧ"
"вызвать дезинсектора в ростове великом";"Профессии / Дезинсекция / Ростов Великий";"https://dodelay.ru/podrabotka/rostov/pestcontrol";"Коммерческий";"НЧ"
"нанять дезинсектора в ростове великом";"Профессии / Дезинсекция / Ростов Великий";"https://dodelay.ru/podrabotka/rostov/pestcontrol";"Коммерческий";"НЧ"
"найти дезинсектора в ростове великом";"Профессии / Дезинсекция / Ростов Великий";"https://dodelay.ru/podrabotka/rostov/pestcontrol";"Коммерческий";"НЧ"
"услуги дезинсектора в ростове великом";"Профессии / Дезинсекция / Ростов Великий";"https://dodelay.ru/podrabotka/rostov/pestcontrol";"Коммерческий";"НЧ"
"дезинсекция частник в ростове великом";"Профессии / Дезинсекция / Ростов Великий";"https://dodelay.ru/podrabotka/rostov/pestcontrol";"Коммерческий";"НЧ"
"дезинсекция без посредников в ростове великом";"Профессии / Дезинсекция / Ростов Великий";"https://dodelay.ru/podrabotka/rostov/pestcontrol";"Коммерческий";"НЧ"
"работа дезинсекция в ростове великом";"Профессии / Дезинсекция / Ростов Великий";"https://dodelay.ru/podrabotka/rostov/pestcontrol";"Вакансия";"СЧ"
"подработка дезинсекция в ростове великом";"Профессии / Дезинсекция / Ростов Великий";"https://dodelay.ru/podrabotka/rostov/pestcontrol";"Вакансия";"НЧ"
"требуется дезинсекция в ростове великом";"Профессии / Дезинсекция / Ростов Великий";"https://dodelay.ru/podrabotka/rostov/pestcontrol";"Вакансия";"НЧ"
"вакансия дезинсекция в ростове великом";"Профессии / Дезинсекция / Ростов Великий";"https://dodelay.ru/podrabotka/rostov/pestcontrol";"Вакансия";"НЧ"
"обработка однокомнатной квартиры в ярославле";"Профессии / Дезинсекция / Задачи";"https://dodelay.ru/podrabotka/yaroslavl/pestcontrol";"Инфо";"НЧ"
"обработка однокомнатной квартиры цена";"Профессии / Дезинсекция / Задачи";"https://dodelay.ru/podrabotka/yaroslavl/pestcontrol";"Инфо";"НЧ"
"сколько стоит обработка однокомнатной квартиры";"Профессии / Дезинсекция / Задачи";"https://dodelay.ru/podrabotka/yaroslavl/pestcontrol";"Инфо";"НЧ"
"обработка двухкомнатной в ярославле";"Профессии / Дезинсекция / Задачи";"https://dodelay.ru/podrabotka/yaroslavl/pestcontrol";"Инфо";"НЧ"
"обработка двухкомнатной цена";"Профессии / Дезинсекция / Задачи";"https://dodelay.ru/podrabotka/yaroslavl/pestcontrol";"Инфо";"НЧ"
"сколько стоит обработка двухкомнатной";"Профессии / Дезинсекция / Задачи";"https://dodelay.ru/podrabotka/yaroslavl/pestcontrol";"Инфо";"НЧ"
"обработка частного дома в ярославле";"Профессии / Дезинсекция / Задачи";"https://dodelay.ru/podrabotka/yaroslavl/pestcontrol";"Инфо";"НЧ"
"обработка частного дома цена";"Профессии / Дезинсекция / Задачи";"https://dodelay.ru/podrabotka/yaroslavl/pestcontrol";"Инфо";"НЧ"
"сколько стоит обработка частного дома";"Профессии / Дезинсекция / Задачи";"https://dodelay.ru/podrabotka/yaroslavl/pestcontrol";"Инфо";"НЧ"
"обработка участка от клещей";"Профессии / Дезинсекция / Задачи";"https://dodelay.ru/podrabotka/yaroslavl/pestcontrol";"Инфо";"НЧ"
"сколько стоит обработка участка от клещей";"Профессии / Дезинсекция / Задачи";"https://dodelay.ru/podrabotka/yaroslavl/pestcontrol";"Инфо";"НЧ"
"помощь по хозяйству в ярославле";"Профессии / Помощь по хозяйству / Ярославль";"https://dodelay.ru/podrabotka/yaroslavl/household";"Коммерческий";"СЧ"
"помощь по хозяйству ярославль";"Профессии / Помощь по хозяйству / Ярославль";"https://dodelay.ru/podrabotka/yaroslavl/household";"Коммерческий";"СЧ"
"помощник по хозяйству в ярославле";"Профессии / Помощь по хозяйству / Ярославль";"https://dodelay.ru/podrabotka/yaroslavl/household";"Коммерческий";"СЧ"
"помощник по хозяйству ярославль";"Профессии / Помощь по хозяйству / Ярославль";"https://dodelay.ru/podrabotka/yaroslavl/household";"Коммерческий";"СЧ"
"помощь по дому в ярославле";"Профессии / Помощь по хозяйству / Ярославль";"https://dodelay.ru/podrabotka/yaroslavl/household";"Коммерческий";"СЧ"
"помощь по дому ярославль";"Профессии / Помощь по хозяйству / Ярославль";"https://dodelay.ru/podrabotka/yaroslavl/household";"Коммерческий";"СЧ"
"домработница в ярославле";"Профессии / Помощь по хозяйству / Ярославль";"https://dodelay.ru/podrabotka/yaroslavl/household";"Коммерческий";"СЧ"
"домработница ярославль";"Профессии / Помощь по хозяйству / Ярославль";"https://dodelay.ru/podrabotka/yaroslavl/household";"Коммерческий";"СЧ"
"приходящая помощница в ярославле";"Профессии / Помощь по хозяйству / Ярославль";"https://dodelay.ru/podrabotka/yaroslavl/household";"Коммерческий";"СЧ"
"приходящая помощница ярославль";"Профессии / Помощь по хозяйству / Ярославль";"https://dodelay.ru/podrabotka/yaroslavl/household";"Коммерческий";"СЧ"
"помощь по хозяйству в ярославле недорого";"Профессии / Помощь по хозяйству / Ярославль";"https://dodelay.ru/podrabotka/yaroslavl/household";"Коммерческий";"НЧ"
"помощь по хозяйству в ярославле цены";"Профессии / Помощь по хозяйству / Ярославль";"https://dodelay.ru/podrabotka/yaroslavl/household";"Коммерческий";"НЧ"
"помощь по хозяйству в ярославле на дом";"Профессии / Помощь по хозяйству / Ярославль";"https://dodelay.ru/podrabotka/yaroslavl/household";"Коммерческий";"НЧ"
"вызвать помощника по хозяйству в ярославле";"Профессии / Помощь по хозяйству / Ярославль";"https://dodelay.ru/podrabotka/yaroslavl/household";"Коммерческий";"НЧ"
"нанять помощника по хозяйству в ярославле";"Профессии / Помощь по хозяйству / Ярославль";"https://dodelay.ru/podrabotka/yaroslavl/household";"Коммерческий";"НЧ"
"найти помощника по хозяйству в ярославле";"Профессии / Помощь по хозяйству / Ярославль";"https://dodelay.ru/podrabotka/yaroslavl/household";"Коммерческий";"НЧ"
"услуги помощника по хозяйству в ярославле";"Профессии / Помощь по хозяйству / Ярославль";"https://dodelay.ru/podrabotka/yaroslavl/household";"Коммерческий";"НЧ"
"помощь по хозяйству частник в ярославле";"Профессии / Помощь по хозяйству / Ярославль";"https://dodelay.ru/podrabotka/yaroslavl/household";"Коммерческий";"НЧ"
"помощь по хозяйству без посредников в ярославле";"Профессии / Помощь по хозяйству / Ярославль";"https://dodelay.ru/podrabotka/yaroslavl/household";"Коммерческий";"НЧ"
"работа помощь по хозяйству в ярославле";"Профессии / Помощь по хозяйству / Ярославль";"https://dodelay.ru/podrabotka/yaroslavl/household";"Вакансия";"СЧ"
"подработка помощь по хозяйству в ярославле";"Профессии / Помощь по хозяйству / Ярославль";"https://dodelay.ru/podrabotka/yaroslavl/household";"Вакансия";"НЧ"
"требуется помощь по хозяйству в ярославле";"Профессии / Помощь по хозяйству / Ярославль";"https://dodelay.ru/podrabotka/yaroslavl/household";"Вакансия";"НЧ"
"вакансия помощь по хозяйству в ярославле";"Профессии / Помощь по хозяйству / Ярославль";"https://dodelay.ru/podrabotka/yaroslavl/household";"Вакансия";"НЧ"
"помощь по хозяйству в рыбинске";"Профессии / Помощь по хозяйству / Рыбинск";"https://dodelay.ru/podrabotka/rybinsk/household";"Коммерческий";"СЧ"
"помощь по хозяйству рыбинск";"Профессии / Помощь по хозяйству / Рыбинск";"https://dodelay.ru/podrabotka/rybinsk/household";"Коммерческий";"СЧ"
"помощник по хозяйству в рыбинске";"Профессии / Помощь по хозяйству / Рыбинск";"https://dodelay.ru/podrabotka/rybinsk/household";"Коммерческий";"СЧ"
"помощник по хозяйству рыбинск";"Профессии / Помощь по хозяйству / Рыбинск";"https://dodelay.ru/podrabotka/rybinsk/household";"Коммерческий";"СЧ"
"помощь по дому в рыбинске";"Профессии / Помощь по хозяйству / Рыбинск";"https://dodelay.ru/podrabotka/rybinsk/household";"Коммерческий";"СЧ"
"помощь по дому рыбинск";"Профессии / Помощь по хозяйству / Рыбинск";"https://dodelay.ru/podrabotka/rybinsk/household";"Коммерческий";"СЧ"
"домработница в рыбинске";"Профессии / Помощь по хозяйству / Рыбинск";"https://dodelay.ru/podrabotka/rybinsk/household";"Коммерческий";"СЧ"
"домработница рыбинск";"Профессии / Помощь по хозяйству / Рыбинск";"https://dodelay.ru/podrabotka/rybinsk/household";"Коммерческий";"СЧ"
"приходящая помощница в рыбинске";"Профессии / Помощь по хозяйству / Рыбинск";"https://dodelay.ru/podrabotka/rybinsk/household";"Коммерческий";"СЧ"
"приходящая помощница рыбинск";"Профессии / Помощь по хозяйству / Рыбинск";"https://dodelay.ru/podrabotka/rybinsk/household";"Коммерческий";"СЧ"
"помощь по хозяйству в рыбинске недорого";"Профессии / Помощь по хозяйству / Рыбинск";"https://dodelay.ru/podrabotka/rybinsk/household";"Коммерческий";"НЧ"
"помощь по хозяйству в рыбинске цены";"Профессии / Помощь по хозяйству / Рыбинск";"https://dodelay.ru/podrabotka/rybinsk/household";"Коммерческий";"НЧ"
"помощь по хозяйству в рыбинске на дом";"Профессии / Помощь по хозяйству / Рыбинск";"https://dodelay.ru/podrabotka/rybinsk/household";"Коммерческий";"НЧ"
"вызвать помощника по хозяйству в рыбинске";"Профессии / Помощь по хозяйству / Рыбинск";"https://dodelay.ru/podrabotka/rybinsk/household";"Коммерческий";"НЧ"
"нанять помощника по хозяйству в рыбинске";"Профессии / Помощь по хозяйству / Рыбинск";"https://dodelay.ru/podrabotka/rybinsk/household";"Коммерческий";"НЧ"
"найти помощника по хозяйству в рыбинске";"Профессии / Помощь по хозяйству / Рыбинск";"https://dodelay.ru/podrabotka/rybinsk/household";"Коммерческий";"НЧ"
"услуги помощника по хозяйству в рыбинске";"Профессии / Помощь по хозяйству / Рыбинск";"https://dodelay.ru/podrabotka/rybinsk/household";"Коммерческий";"НЧ"
"помощь по хозяйству частник в рыбинске";"Профессии / Помощь по хозяйству / Рыбинск";"https://dodelay.ru/podrabotka/rybinsk/household";"Коммерческий";"НЧ"
"помощь по хозяйству без посредников в рыбинске";"Профессии / Помощь по хозяйству / Рыбинск";"https://dodelay.ru/podrabotka/rybinsk/household";"Коммерческий";"НЧ"
"работа помощь по хозяйству в рыбинске";"Профессии / Помощь по хозяйству / Рыбинск";"https://dodelay.ru/podrabotka/rybinsk/household";"Вакансия";"СЧ"
"подработка помощь по хозяйству в рыбинске";"Профессии / Помощь по хозяйству / Рыбинск";"https://dodelay.ru/podrabotka/rybinsk/household";"Вакансия";"НЧ"
"требуется помощь по хозяйству в рыбинске";"Профессии / Помощь по хозяйству / Рыбинск";"https://dodelay.ru/podrabotka/rybinsk/household";"Вакансия";"НЧ"
"вакансия помощь по хозяйству в рыбинске";"Профессии / Помощь по хозяйству / Рыбинск";"https://dodelay.ru/podrabotka/rybinsk/household";"Вакансия";"НЧ"
"помощь по хозяйству в тутаеве";"Профессии / Помощь по хозяйству / Тутаев";"https://dodelay.ru/podrabotka/tutaev/household";"Коммерческий";"СЧ"
"помощь по хозяйству тутаев";"Профессии / Помощь по хозяйству / Тутаев";"https://dodelay.ru/podrabotka/tutaev/household";"Коммерческий";"СЧ"
"помощник по хозяйству в тутаеве";"Профессии / Помощь по хозяйству / Тутаев";"https://dodelay.ru/podrabotka/tutaev/household";"Коммерческий";"СЧ"
"помощник по хозяйству тутаев";"Профессии / Помощь по хозяйству / Тутаев";"https://dodelay.ru/podrabotka/tutaev/household";"Коммерческий";"СЧ"
"помощь по дому в тутаеве";"Профессии / Помощь по хозяйству / Тутаев";"https://dodelay.ru/podrabotka/tutaev/household";"Коммерческий";"СЧ"
"помощь по дому тутаев";"Профессии / Помощь по хозяйству / Тутаев";"https://dodelay.ru/podrabotka/tutaev/household";"Коммерческий";"СЧ"
"домработница в тутаеве";"Профессии / Помощь по хозяйству / Тутаев";"https://dodelay.ru/podrabotka/tutaev/household";"Коммерческий";"СЧ"
"домработница тутаев";"Профессии / Помощь по хозяйству / Тутаев";"https://dodelay.ru/podrabotka/tutaev/household";"Коммерческий";"СЧ"
"приходящая помощница в тутаеве";"Профессии / Помощь по хозяйству / Тутаев";"https://dodelay.ru/podrabotka/tutaev/household";"Коммерческий";"СЧ"
"приходящая помощница тутаев";"Профессии / Помощь по хозяйству / Тутаев";"https://dodelay.ru/podrabotka/tutaev/household";"Коммерческий";"СЧ"
"помощь по хозяйству в тутаеве недорого";"Профессии / Помощь по хозяйству / Тутаев";"https://dodelay.ru/podrabotka/tutaev/household";"Коммерческий";"НЧ"
"помощь по хозяйству в тутаеве цены";"Профессии / Помощь по хозяйству / Тутаев";"https://dodelay.ru/podrabotka/tutaev/household";"Коммерческий";"НЧ"
"помощь по хозяйству в тутаеве на дом";"Профессии / Помощь по хозяйству / Тутаев";"https://dodelay.ru/podrabotka/tutaev/household";"Коммерческий";"НЧ"
"вызвать помощника по хозяйству в тутаеве";"Профессии / Помощь по хозяйству / Тутаев";"https://dodelay.ru/podrabotka/tutaev/household";"Коммерческий";"НЧ"
"нанять помощника по хозяйству в тутаеве";"Профессии / Помощь по хозяйству / Тутаев";"https://dodelay.ru/podrabotka/tutaev/household";"Коммерческий";"НЧ"
"найти помощника по хозяйству в тутаеве";"Профессии / Помощь по хозяйству / Тутаев";"https://dodelay.ru/podrabotka/tutaev/household";"Коммерческий";"НЧ"
"услуги помощника по хозяйству в тутаеве";"Профессии / Помощь по хозяйству / Тутаев";"https://dodelay.ru/podrabotka/tutaev/household";"Коммерческий";"НЧ"
"помощь по хозяйству частник в тутаеве";"Профессии / Помощь по хозяйству / Тутаев";"https://dodelay.ru/podrabotka/tutaev/household";"Коммерческий";"НЧ"
"помощь по хозяйству без посредников в тутаеве";"Профессии / Помощь по хозяйству / Тутаев";"https://dodelay.ru/podrabotka/tutaev/household";"Коммерческий";"НЧ"
"работа помощь по хозяйству в тутаеве";"Профессии / Помощь по хозяйству / Тутаев";"https://dodelay.ru/podrabotka/tutaev/household";"Вакансия";"СЧ"
"подработка помощь по хозяйству в тутаеве";"Профессии / Помощь по хозяйству / Тутаев";"https://dodelay.ru/podrabotka/tutaev/household";"Вакансия";"НЧ"
"требуется помощь по хозяйству в тутаеве";"Профессии / Помощь по хозяйству / Тутаев";"https://dodelay.ru/podrabotka/tutaev/household";"Вакансия";"НЧ"
"вакансия помощь по хозяйству в тутаеве";"Профессии / Помощь по хозяйству / Тутаев";"https://dodelay.ru/podrabotka/tutaev/household";"Вакансия";"НЧ"
"помощь по хозяйству в переславле-залесском";"Профессии / Помощь по хозяйству / Переславль-Залесский";"https://dodelay.ru/podrabotka/pereslavl/household";"Коммерческий";"СЧ"
"помощь по хозяйству переславль-залесский";"Профессии / Помощь по хозяйству / Переславль-Залесский";"https://dodelay.ru/podrabotka/pereslavl/household";"Коммерческий";"СЧ"
"помощник по хозяйству в переславле-залесском";"Профессии / Помощь по хозяйству / Переславль-Залесский";"https://dodelay.ru/podrabotka/pereslavl/household";"Коммерческий";"СЧ"
"помощник по хозяйству переславль-залесский";"Профессии / Помощь по хозяйству / Переславль-Залесский";"https://dodelay.ru/podrabotka/pereslavl/household";"Коммерческий";"СЧ"
"помощь по дому в переславле-залесском";"Профессии / Помощь по хозяйству / Переславль-Залесский";"https://dodelay.ru/podrabotka/pereslavl/household";"Коммерческий";"СЧ"
"помощь по дому переславль-залесский";"Профессии / Помощь по хозяйству / Переславль-Залесский";"https://dodelay.ru/podrabotka/pereslavl/household";"Коммерческий";"СЧ"
"домработница в переславле-залесском";"Профессии / Помощь по хозяйству / Переславль-Залесский";"https://dodelay.ru/podrabotka/pereslavl/household";"Коммерческий";"СЧ"
"домработница переславль-залесский";"Профессии / Помощь по хозяйству / Переславль-Залесский";"https://dodelay.ru/podrabotka/pereslavl/household";"Коммерческий";"СЧ"
"приходящая помощница в переславле-залесском";"Профессии / Помощь по хозяйству / Переславль-Залесский";"https://dodelay.ru/podrabotka/pereslavl/household";"Коммерческий";"СЧ"
"приходящая помощница переславль-залесский";"Профессии / Помощь по хозяйству / Переславль-Залесский";"https://dodelay.ru/podrabotka/pereslavl/household";"Коммерческий";"СЧ"
"помощь по хозяйству в переславле-залесском недорого";"Профессии / Помощь по хозяйству / Переславль-Залесский";"https://dodelay.ru/podrabotka/pereslavl/household";"Коммерческий";"НЧ"
"помощь по хозяйству в переславле-залесском цены";"Профессии / Помощь по хозяйству / Переславль-Залесский";"https://dodelay.ru/podrabotka/pereslavl/household";"Коммерческий";"НЧ"
"помощь по хозяйству в переславле-залесском на дом";"Профессии / Помощь по хозяйству / Переславль-Залесский";"https://dodelay.ru/podrabotka/pereslavl/household";"Коммерческий";"НЧ"
"вызвать помощника по хозяйству в переславле-залесском";"Профессии / Помощь по хозяйству / Переславль-Залесский";"https://dodelay.ru/podrabotka/pereslavl/household";"Коммерческий";"НЧ"
"нанять помощника по хозяйству в переславле-залесском";"Профессии / Помощь по хозяйству / Переславль-Залесский";"https://dodelay.ru/podrabotka/pereslavl/household";"Коммерческий";"НЧ"
"найти помощника по хозяйству в переславле-залесском";"Профессии / Помощь по хозяйству / Переславль-Залесский";"https://dodelay.ru/podrabotka/pereslavl/household";"Коммерческий";"НЧ"
"услуги помощника по хозяйству в переславле-залесском";"Профессии / Помощь по хозяйству / Переславль-Залесский";"https://dodelay.ru/podrabotka/pereslavl/household";"Коммерческий";"НЧ"
"помощь по хозяйству частник в переславле-залесском";"Профессии / Помощь по хозяйству / Переславль-Залесский";"https://dodelay.ru/podrabotka/pereslavl/household";"Коммерческий";"НЧ"
"помощь по хозяйству без посредников в переславле-залесском";"Профессии / Помощь по хозяйству / Переславль-Залесский";"https://dodelay.ru/podrabotka/pereslavl/household";"Коммерческий";"НЧ"
"работа помощь по хозяйству в переславле-залесском";"Профессии / Помощь по хозяйству / Переславль-Залесский";"https://dodelay.ru/podrabotka/pereslavl/household";"Вакансия";"СЧ"
"подработка помощь по хозяйству в переславле-залесском";"Профессии / Помощь по хозяйству / Переславль-Залесский";"https://dodelay.ru/podrabotka/pereslavl/household";"Вакансия";"НЧ"
"требуется помощь по хозяйству в переславле-залесском";"Профессии / Помощь по хозяйству / Переславль-Залесский";"https://dodelay.ru/podrabotka/pereslavl/household";"Вакансия";"НЧ"
"вакансия помощь по хозяйству в переславле-залесском";"Профессии / Помощь по хозяйству / Переславль-Залесский";"https://dodelay.ru/podrabotka/pereslavl/household";"Вакансия";"НЧ"
"помощь по хозяйству в угличе";"Профессии / Помощь по хозяйству / Углич";"https://dodelay.ru/podrabotka/uglich/household";"Коммерческий";"СЧ"
"помощь по хозяйству углич";"Профессии / Помощь по хозяйству / Углич";"https://dodelay.ru/podrabotka/uglich/household";"Коммерческий";"СЧ"
"помощник по хозяйству в угличе";"Профессии / Помощь по хозяйству / Углич";"https://dodelay.ru/podrabotka/uglich/household";"Коммерческий";"СЧ"
"помощник по хозяйству углич";"Профессии / Помощь по хозяйству / Углич";"https://dodelay.ru/podrabotka/uglich/household";"Коммерческий";"СЧ"
"помощь по дому в угличе";"Профессии / Помощь по хозяйству / Углич";"https://dodelay.ru/podrabotka/uglich/household";"Коммерческий";"СЧ"
"помощь по дому углич";"Профессии / Помощь по хозяйству / Углич";"https://dodelay.ru/podrabotka/uglich/household";"Коммерческий";"СЧ"
"домработница в угличе";"Профессии / Помощь по хозяйству / Углич";"https://dodelay.ru/podrabotka/uglich/household";"Коммерческий";"СЧ"
"домработница углич";"Профессии / Помощь по хозяйству / Углич";"https://dodelay.ru/podrabotka/uglich/household";"Коммерческий";"СЧ"
"приходящая помощница в угличе";"Профессии / Помощь по хозяйству / Углич";"https://dodelay.ru/podrabotka/uglich/household";"Коммерческий";"СЧ"
"приходящая помощница углич";"Профессии / Помощь по хозяйству / Углич";"https://dodelay.ru/podrabotka/uglich/household";"Коммерческий";"СЧ"
"помощь по хозяйству в угличе недорого";"Профессии / Помощь по хозяйству / Углич";"https://dodelay.ru/podrabotka/uglich/household";"Коммерческий";"НЧ"
"помощь по хозяйству в угличе цены";"Профессии / Помощь по хозяйству / Углич";"https://dodelay.ru/podrabotka/uglich/household";"Коммерческий";"НЧ"
"помощь по хозяйству в угличе на дом";"Профессии / Помощь по хозяйству / Углич";"https://dodelay.ru/podrabotka/uglich/household";"Коммерческий";"НЧ"
"вызвать помощника по хозяйству в угличе";"Профессии / Помощь по хозяйству / Углич";"https://dodelay.ru/podrabotka/uglich/household";"Коммерческий";"НЧ"
"нанять помощника по хозяйству в угличе";"Профессии / Помощь по хозяйству / Углич";"https://dodelay.ru/podrabotka/uglich/household";"Коммерческий";"НЧ"
"найти помощника по хозяйству в угличе";"Профессии / Помощь по хозяйству / Углич";"https://dodelay.ru/podrabotka/uglich/household";"Коммерческий";"НЧ"
"услуги помощника по хозяйству в угличе";"Профессии / Помощь по хозяйству / Углич";"https://dodelay.ru/podrabotka/uglich/household";"Коммерческий";"НЧ"
"помощь по хозяйству частник в угличе";"Профессии / Помощь по хозяйству / Углич";"https://dodelay.ru/podrabotka/uglich/household";"Коммерческий";"НЧ"
"помощь по хозяйству без посредников в угличе";"Профессии / Помощь по хозяйству / Углич";"https://dodelay.ru/podrabotka/uglich/household";"Коммерческий";"НЧ"
"работа помощь по хозяйству в угличе";"Профессии / Помощь по хозяйству / Углич";"https://dodelay.ru/podrabotka/uglich/household";"Вакансия";"СЧ"
"подработка помощь по хозяйству в угличе";"Профессии / Помощь по хозяйству / Углич";"https://dodelay.ru/podrabotka/uglich/household";"Вакансия";"НЧ"
"требуется помощь по хозяйству в угличе";"Профессии / Помощь по хозяйству / Углич";"https://dodelay.ru/podrabotka/uglich/household";"Вакансия";"НЧ"
"вакансия помощь по хозяйству в угличе";"Профессии / Помощь по хозяйству / Углич";"https://dodelay.ru/podrabotka/uglich/household";"Вакансия";"НЧ"
"помощь по хозяйству в ростове великом";"Профессии / Помощь по хозяйству / Ростов Великий";"https://dodelay.ru/podrabotka/rostov/household";"Коммерческий";"СЧ"
"помощь по хозяйству ростов великий";"Профессии / Помощь по хозяйству / Ростов Великий";"https://dodelay.ru/podrabotka/rostov/household";"Коммерческий";"СЧ"
"помощник по хозяйству в ростове великом";"Профессии / Помощь по хозяйству / Ростов Великий";"https://dodelay.ru/podrabotka/rostov/household";"Коммерческий";"СЧ"
"помощник по хозяйству ростов великий";"Профессии / Помощь по хозяйству / Ростов Великий";"https://dodelay.ru/podrabotka/rostov/household";"Коммерческий";"СЧ"
"помощь по дому в ростове великом";"Профессии / Помощь по хозяйству / Ростов Великий";"https://dodelay.ru/podrabotka/rostov/household";"Коммерческий";"СЧ"
"помощь по дому ростов великий";"Профессии / Помощь по хозяйству / Ростов Великий";"https://dodelay.ru/podrabotka/rostov/household";"Коммерческий";"СЧ"
"домработница в ростове великом";"Профессии / Помощь по хозяйству / Ростов Великий";"https://dodelay.ru/podrabotka/rostov/household";"Коммерческий";"СЧ"
"домработница ростов великий";"Профессии / Помощь по хозяйству / Ростов Великий";"https://dodelay.ru/podrabotka/rostov/household";"Коммерческий";"СЧ"
"приходящая помощница в ростове великом";"Профессии / Помощь по хозяйству / Ростов Великий";"https://dodelay.ru/podrabotka/rostov/household";"Коммерческий";"СЧ"
"приходящая помощница ростов великий";"Профессии / Помощь по хозяйству / Ростов Великий";"https://dodelay.ru/podrabotka/rostov/household";"Коммерческий";"СЧ"
"помощь по хозяйству в ростове великом недорого";"Профессии / Помощь по хозяйству / Ростов Великий";"https://dodelay.ru/podrabotka/rostov/household";"Коммерческий";"НЧ"
"помощь по хозяйству в ростове великом цены";"Профессии / Помощь по хозяйству / Ростов Великий";"https://dodelay.ru/podrabotka/rostov/household";"Коммерческий";"НЧ"
"помощь по хозяйству в ростове великом на дом";"Профессии / Помощь по хозяйству / Ростов Великий";"https://dodelay.ru/podrabotka/rostov/household";"Коммерческий";"НЧ"
"вызвать помощника по хозяйству в ростове великом";"Профессии / Помощь по хозяйству / Ростов Великий";"https://dodelay.ru/podrabotka/rostov/household";"Коммерческий";"НЧ"
"нанять помощника по хозяйству в ростове великом";"Профессии / Помощь по хозяйству / Ростов Великий";"https://dodelay.ru/podrabotka/rostov/household";"Коммерческий";"НЧ"
"найти помощника по хозяйству в ростове великом";"Профессии / Помощь по хозяйству / Ростов Великий";"https://dodelay.ru/podrabotka/rostov/household";"Коммерческий";"НЧ"
"услуги помощника по хозяйству в ростове великом";"Профессии / Помощь по хозяйству / Ростов Великий";"https://dodelay.ru/podrabotka/rostov/household";"Коммерческий";"НЧ"
"помощь по хозяйству частник в ростове великом";"Профессии / Помощь по хозяйству / Ростов Великий";"https://dodelay.ru/podrabotka/rostov/household";"Коммерческий";"НЧ"
"помощь по хозяйству без посредников в ростове великом";"Профессии / Помощь по хозяйству / Ростов Великий";"https://dodelay.ru/podrabotka/rostov/household";"Коммерческий";"НЧ"
"работа помощь по хозяйству в ростове великом";"Профессии / Помощь по хозяйству / Ростов Великий";"https://dodelay.ru/podrabotka/rostov/household";"Вакансия";"СЧ"
"подработка помощь по хозяйству в ростове великом";"Профессии / Помощь по хозяйству / Ростов Великий";"https://dodelay.ru/podrabotka/rostov/household";"Вакансия";"НЧ"
"требуется помощь по хозяйству в ростове великом";"Профессии / Помощь по хозяйству / Ростов Великий";"https://dodelay.ru/podrabotka/rostov/household";"Вакансия";"НЧ"
"вакансия помощь по хозяйству в ростове великом";"Профессии / Помощь по хозяйству / Ростов Великий";"https://dodelay.ru/podrabotka/rostov/household";"Вакансия";"НЧ"
"час работы помощника в ярославле";"Профессии / Помощь по хозяйству / Задачи";"https://dodelay.ru/podrabotka/yaroslavl/household";"Инфо";"НЧ"
"час работы помощника цена";"Профессии / Помощь по хозяйству / Задачи";"https://dodelay.ru/podrabotka/yaroslavl/household";"Инфо";"НЧ"
"сколько стоит час работы помощника";"Профессии / Помощь по хозяйству / Задачи";"https://dodelay.ru/podrabotka/yaroslavl/household";"Инфо";"НЧ"
"закупка продуктов и доставка в ярославле";"Профессии / Помощь по хозяйству / Задачи";"https://dodelay.ru/podrabotka/yaroslavl/household";"Инфо";"НЧ"
"закупка продуктов и доставка цена";"Профессии / Помощь по хозяйству / Задачи";"https://dodelay.ru/podrabotka/yaroslavl/household";"Инфо";"НЧ"
"сколько стоит закупка продуктов и доставка";"Профессии / Помощь по хозяйству / Задачи";"https://dodelay.ru/podrabotka/yaroslavl/household";"Инфо";"НЧ"
"сопровождение в поликлинику в ярославле";"Профессии / Помощь по хозяйству / Задачи";"https://dodelay.ru/podrabotka/yaroslavl/household";"Инфо";"НЧ"
"сопровождение в поликлинику цена";"Профессии / Помощь по хозяйству / Задачи";"https://dodelay.ru/podrabotka/yaroslavl/household";"Инфо";"НЧ"
"сколько стоит сопровождение в поликлинику";"Профессии / Помощь по хозяйству / Задачи";"https://dodelay.ru/podrabotka/yaroslavl/household";"Инфо";"НЧ"
"разовое поручение по городу в ярославле";"Профессии / Помощь по хозяйству / Задачи";"https://dodelay.ru/podrabotka/yaroslavl/household";"Инфо";"НЧ"
"разовое поручение по городу цена";"Профессии / Помощь по хозяйству / Задачи";"https://dodelay.ru/podrabotka/yaroslavl/household";"Инфо";"НЧ"
"сколько стоит разовое поручение по городу";"Профессии / Помощь по хозяйству / Задачи";"https://dodelay.ru/podrabotka/yaroslavl/household";"Инфо";"НЧ"
"присмотр за животными в ярославле";"Профессии / Присмотр за животными / Ярославль";"https://dodelay.ru/podrabotka/yaroslavl/petcare";"Коммерческий";"СЧ"
"присмотр за животными ярославль";"Профессии / Присмотр за животными / Ярославль";"https://dodelay.ru/podrabotka/yaroslavl/petcare";"Коммерческий";"СЧ"
"присмотр за животными в ярославле недорого";"Профессии / Присмотр за животными / Ярославль";"https://dodelay.ru/podrabotka/yaroslavl/petcare";"Коммерческий";"НЧ"
"присмотр за животными в ярославле цены";"Профессии / Присмотр за животными / Ярославль";"https://dodelay.ru/podrabotka/yaroslavl/petcare";"Коммерческий";"НЧ"
"присмотр за животными в ярославле на дом";"Профессии / Присмотр за животными / Ярославль";"https://dodelay.ru/podrabotka/yaroslavl/petcare";"Коммерческий";"НЧ"
"вызвать помощника с животными в ярославле";"Профессии / Присмотр за животными / Ярославль";"https://dodelay.ru/podrabotka/yaroslavl/petcare";"Коммерческий";"НЧ"
"нанять помощника с животными в ярославле";"Профессии / Присмотр за животными / Ярославль";"https://dodelay.ru/podrabotka/yaroslavl/petcare";"Коммерческий";"НЧ"
"найти помощника с животными в ярославле";"Профессии / Присмотр за животными / Ярославль";"https://dodelay.ru/podrabotka/yaroslavl/petcare";"Коммерческий";"НЧ"
"услуги помощника с животными в ярославле";"Профессии / Присмотр за животными / Ярославль";"https://dodelay.ru/podrabotka/yaroslavl/petcare";"Коммерческий";"НЧ"
"присмотр за животными частник в ярославле";"Профессии / Присмотр за животными / Ярославль";"https://dodelay.ru/podrabotka/yaroslavl/petcare";"Коммерческий";"НЧ"
"присмотр за животными без посредников в ярославле";"Профессии / Присмотр за животными / Ярославль";"https://dodelay.ru/podrabotka/yaroslavl/petcare";"Коммерческий";"НЧ"
"работа присмотр за животными в ярославле";"Профессии / Присмотр за животными / Ярославль";"https://dodelay.ru/podrabotka/yaroslavl/petcare";"Вакансия";"СЧ"
"подработка присмотр за животными в ярославле";"Профессии / Присмотр за животными / Ярославль";"https://dodelay.ru/podrabotka/yaroslavl/petcare";"Вакансия";"НЧ"
"требуется присмотр за животными в ярославле";"Профессии / Присмотр за животными / Ярославль";"https://dodelay.ru/podrabotka/yaroslavl/petcare";"Вакансия";"НЧ"
"вакансия присмотр за животными в ярославле";"Профессии / Присмотр за животными / Ярославль";"https://dodelay.ru/podrabotka/yaroslavl/petcare";"Вакансия";"НЧ"
"присмотр за животными в рыбинске";"Профессии / Присмотр за животными / Рыбинск";"https://dodelay.ru/podrabotka/rybinsk/petcare";"Коммерческий";"СЧ"
"присмотр за животными рыбинск";"Профессии / Присмотр за животными / Рыбинск";"https://dodelay.ru/podrabotka/rybinsk/petcare";"Коммерческий";"СЧ"
"присмотр за животными в рыбинске недорого";"Профессии / Присмотр за животными / Рыбинск";"https://dodelay.ru/podrabotka/rybinsk/petcare";"Коммерческий";"НЧ"
"присмотр за животными в рыбинске цены";"Профессии / Присмотр за животными / Рыбинск";"https://dodelay.ru/podrabotka/rybinsk/petcare";"Коммерческий";"НЧ"
"присмотр за животными в рыбинске на дом";"Профессии / Присмотр за животными / Рыбинск";"https://dodelay.ru/podrabotka/rybinsk/petcare";"Коммерческий";"НЧ"
"вызвать помощника с животными в рыбинске";"Профессии / Присмотр за животными / Рыбинск";"https://dodelay.ru/podrabotka/rybinsk/petcare";"Коммерческий";"НЧ"
"нанять помощника с животными в рыбинске";"Профессии / Присмотр за животными / Рыбинск";"https://dodelay.ru/podrabotka/rybinsk/petcare";"Коммерческий";"НЧ"
"найти помощника с животными в рыбинске";"Профессии / Присмотр за животными / Рыбинск";"https://dodelay.ru/podrabotka/rybinsk/petcare";"Коммерческий";"НЧ"
"услуги помощника с животными в рыбинске";"Профессии / Присмотр за животными / Рыбинск";"https://dodelay.ru/podrabotka/rybinsk/petcare";"Коммерческий";"НЧ"
"присмотр за животными частник в рыбинске";"Профессии / Присмотр за животными / Рыбинск";"https://dodelay.ru/podrabotka/rybinsk/petcare";"Коммерческий";"НЧ"
"присмотр за животными без посредников в рыбинске";"Профессии / Присмотр за животными / Рыбинск";"https://dodelay.ru/podrabotka/rybinsk/petcare";"Коммерческий";"НЧ"
"работа присмотр за животными в рыбинске";"Профессии / Присмотр за животными / Рыбинск";"https://dodelay.ru/podrabotka/rybinsk/petcare";"Вакансия";"СЧ"
"подработка присмотр за животными в рыбинске";"Профессии / Присмотр за животными / Рыбинск";"https://dodelay.ru/podrabotka/rybinsk/petcare";"Вакансия";"НЧ"
"требуется присмотр за животными в рыбинске";"Профессии / Присмотр за животными / Рыбинск";"https://dodelay.ru/podrabotka/rybinsk/petcare";"Вакансия";"НЧ"
"вакансия присмотр за животными в рыбинске";"Профессии / Присмотр за животными / Рыбинск";"https://dodelay.ru/podrabotka/rybinsk/petcare";"Вакансия";"НЧ"
"присмотр за животными в тутаеве";"Профессии / Присмотр за животными / Тутаев";"https://dodelay.ru/podrabotka/tutaev/petcare";"Коммерческий";"СЧ"
"присмотр за животными тутаев";"Профессии / Присмотр за животными / Тутаев";"https://dodelay.ru/podrabotka/tutaev/petcare";"Коммерческий";"СЧ"
"присмотр за животными в тутаеве недорого";"Профессии / Присмотр за животными / Тутаев";"https://dodelay.ru/podrabotka/tutaev/petcare";"Коммерческий";"НЧ"
"присмотр за животными в тутаеве цены";"Профессии / Присмотр за животными / Тутаев";"https://dodelay.ru/podrabotka/tutaev/petcare";"Коммерческий";"НЧ"
"присмотр за животными в тутаеве на дом";"Профессии / Присмотр за животными / Тутаев";"https://dodelay.ru/podrabotka/tutaev/petcare";"Коммерческий";"НЧ"
"вызвать помощника с животными в тутаеве";"Профессии / Присмотр за животными / Тутаев";"https://dodelay.ru/podrabotka/tutaev/petcare";"Коммерческий";"НЧ"
"нанять помощника с животными в тутаеве";"Профессии / Присмотр за животными / Тутаев";"https://dodelay.ru/podrabotka/tutaev/petcare";"Коммерческий";"НЧ"
"найти помощника с животными в тутаеве";"Профессии / Присмотр за животными / Тутаев";"https://dodelay.ru/podrabotka/tutaev/petcare";"Коммерческий";"НЧ"
"услуги помощника с животными в тутаеве";"Профессии / Присмотр за животными / Тутаев";"https://dodelay.ru/podrabotka/tutaev/petcare";"Коммерческий";"НЧ"
"присмотр за животными частник в тутаеве";"Профессии / Присмотр за животными / Тутаев";"https://dodelay.ru/podrabotka/tutaev/petcare";"Коммерческий";"НЧ"
"присмотр за животными без посредников в тутаеве";"Профессии / Присмотр за животными / Тутаев";"https://dodelay.ru/podrabotka/tutaev/petcare";"Коммерческий";"НЧ"
"работа присмотр за животными в тутаеве";"Профессии / Присмотр за животными / Тутаев";"https://dodelay.ru/podrabotka/tutaev/petcare";"Вакансия";"СЧ"
"подработка присмотр за животными в тутаеве";"Профессии / Присмотр за животными / Тутаев";"https://dodelay.ru/podrabotka/tutaev/petcare";"Вакансия";"НЧ"
"требуется присмотр за животными в тутаеве";"Профессии / Присмотр за животными / Тутаев";"https://dodelay.ru/podrabotka/tutaev/petcare";"Вакансия";"НЧ"
"вакансия присмотр за животными в тутаеве";"Профессии / Присмотр за животными / Тутаев";"https://dodelay.ru/podrabotka/tutaev/petcare";"Вакансия";"НЧ"
"присмотр за животными в переславле-залесском";"Профессии / Присмотр за животными / Переславль-Залесский";"https://dodelay.ru/podrabotka/pereslavl/petcare";"Коммерческий";"СЧ"
"присмотр за животными переславль-залесский";"Профессии / Присмотр за животными / Переславль-Залесский";"https://dodelay.ru/podrabotka/pereslavl/petcare";"Коммерческий";"СЧ"
"присмотр за животными в переславле-залесском недорого";"Профессии / Присмотр за животными / Переславль-Залесский";"https://dodelay.ru/podrabotka/pereslavl/petcare";"Коммерческий";"НЧ"
"присмотр за животными в переславле-залесском цены";"Профессии / Присмотр за животными / Переславль-Залесский";"https://dodelay.ru/podrabotka/pereslavl/petcare";"Коммерческий";"НЧ"
"присмотр за животными в переславле-залесском на дом";"Профессии / Присмотр за животными / Переславль-Залесский";"https://dodelay.ru/podrabotka/pereslavl/petcare";"Коммерческий";"НЧ"
"вызвать помощника с животными в переславле-залесском";"Профессии / Присмотр за животными / Переславль-Залесский";"https://dodelay.ru/podrabotka/pereslavl/petcare";"Коммерческий";"НЧ"
"нанять помощника с животными в переславле-залесском";"Профессии / Присмотр за животными / Переславль-Залесский";"https://dodelay.ru/podrabotka/pereslavl/petcare";"Коммерческий";"НЧ"
"найти помощника с животными в переславле-залесском";"Профессии / Присмотр за животными / Переславль-Залесский";"https://dodelay.ru/podrabotka/pereslavl/petcare";"Коммерческий";"НЧ"
"услуги помощника с животными в переславле-залесском";"Профессии / Присмотр за животными / Переславль-Залесский";"https://dodelay.ru/podrabotka/pereslavl/petcare";"Коммерческий";"НЧ"
"присмотр за животными частник в переславле-залесском";"Профессии / Присмотр за животными / Переславль-Залесский";"https://dodelay.ru/podrabotka/pereslavl/petcare";"Коммерческий";"НЧ"
"присмотр за животными без посредников в переславле-залесском";"Профессии / Присмотр за животными / Переславль-Залесский";"https://dodelay.ru/podrabotka/pereslavl/petcare";"Коммерческий";"НЧ"
"работа присмотр за животными в переславле-залесском";"Профессии / Присмотр за животными / Переславль-Залесский";"https://dodelay.ru/podrabotka/pereslavl/petcare";"Вакансия";"СЧ"
"подработка присмотр за животными в переславле-залесском";"Профессии / Присмотр за животными / Переславль-Залесский";"https://dodelay.ru/podrabotka/pereslavl/petcare";"Вакансия";"НЧ"
"требуется присмотр за животными в переславле-залесском";"Профессии / Присмотр за животными / Переславль-Залесский";"https://dodelay.ru/podrabotka/pereslavl/petcare";"Вакансия";"НЧ"
"вакансия присмотр за животными в переславле-залесском";"Профессии / Присмотр за животными / Переславль-Залесский";"https://dodelay.ru/podrabotka/pereslavl/petcare";"Вакансия";"НЧ"
"присмотр за животными в угличе";"Профессии / Присмотр за животными / Углич";"https://dodelay.ru/podrabotka/uglich/petcare";"Коммерческий";"СЧ"
"присмотр за животными углич";"Профессии / Присмотр за животными / Углич";"https://dodelay.ru/podrabotka/uglich/petcare";"Коммерческий";"СЧ"
"присмотр за животными в угличе недорого";"Профессии / Присмотр за животными / Углич";"https://dodelay.ru/podrabotka/uglich/petcare";"Коммерческий";"НЧ"
"присмотр за животными в угличе цены";"Профессии / Присмотр за животными / Углич";"https://dodelay.ru/podrabotka/uglich/petcare";"Коммерческий";"НЧ"
"присмотр за животными в угличе на дом";"Профессии / Присмотр за животными / Углич";"https://dodelay.ru/podrabotka/uglich/petcare";"Коммерческий";"НЧ"
"вызвать помощника с животными в угличе";"Профессии / Присмотр за животными / Углич";"https://dodelay.ru/podrabotka/uglich/petcare";"Коммерческий";"НЧ"
"нанять помощника с животными в угличе";"Профессии / Присмотр за животными / Углич";"https://dodelay.ru/podrabotka/uglich/petcare";"Коммерческий";"НЧ"
"найти помощника с животными в угличе";"Профессии / Присмотр за животными / Углич";"https://dodelay.ru/podrabotka/uglich/petcare";"Коммерческий";"НЧ"
"услуги помощника с животными в угличе";"Профессии / Присмотр за животными / Углич";"https://dodelay.ru/podrabotka/uglich/petcare";"Коммерческий";"НЧ"
"присмотр за животными частник в угличе";"Профессии / Присмотр за животными / Углич";"https://dodelay.ru/podrabotka/uglich/petcare";"Коммерческий";"НЧ"
"присмотр за животными без посредников в угличе";"Профессии / Присмотр за животными / Углич";"https://dodelay.ru/podrabotka/uglich/petcare";"Коммерческий";"НЧ"
"работа присмотр за животными в угличе";"Профессии / Присмотр за животными / Углич";"https://dodelay.ru/podrabotka/uglich/petcare";"Вакансия";"СЧ"
"подработка присмотр за животными в угличе";"Профессии / Присмотр за животными / Углич";"https://dodelay.ru/podrabotka/uglich/petcare";"Вакансия";"НЧ"
"требуется присмотр за животными в угличе";"Профессии / Присмотр за животными / Углич";"https://dodelay.ru/podrabotka/uglich/petcare";"Вакансия";"НЧ"
"вакансия присмотр за животными в угличе";"Профессии / Присмотр за животными / Углич";"https://dodelay.ru/podrabotka/uglich/petcare";"Вакансия";"НЧ"
"присмотр за животными в ростове великом";"Профессии / Присмотр за животными / Ростов Великий";"https://dodelay.ru/podrabotka/rostov/petcare";"Коммерческий";"СЧ"
"присмотр за животными ростов великий";"Профессии / Присмотр за животными / Ростов Великий";"https://dodelay.ru/podrabotka/rostov/petcare";"Коммерческий";"СЧ"
"присмотр за животными в ростове великом недорого";"Профессии / Присмотр за животными / Ростов Великий";"https://dodelay.ru/podrabotka/rostov/petcare";"Коммерческий";"НЧ"
"присмотр за животными в ростове великом цены";"Профессии / Присмотр за животными / Ростов Великий";"https://dodelay.ru/podrabotka/rostov/petcare";"Коммерческий";"НЧ"
"присмотр за животными в ростове великом на дом";"Профессии / Присмотр за животными / Ростов Великий";"https://dodelay.ru/podrabotka/rostov/petcare";"Коммерческий";"НЧ"
"вызвать помощника с животными в ростове великом";"Профессии / Присмотр за животными / Ростов Великий";"https://dodelay.ru/podrabotka/rostov/petcare";"Коммерческий";"НЧ"
"нанять помощника с животными в ростове великом";"Профессии / Присмотр за животными / Ростов Великий";"https://dodelay.ru/podrabotka/rostov/petcare";"Коммерческий";"НЧ"
"найти помощника с животными в ростове великом";"Профессии / Присмотр за животными / Ростов Великий";"https://dodelay.ru/podrabotka/rostov/petcare";"Коммерческий";"НЧ"
"услуги помощника с животными в ростове великом";"Профессии / Присмотр за животными / Ростов Великий";"https://dodelay.ru/podrabotka/rostov/petcare";"Коммерческий";"НЧ"
"присмотр за животными частник в ростове великом";"Профессии / Присмотр за животными / Ростов Великий";"https://dodelay.ru/podrabotka/rostov/petcare";"Коммерческий";"НЧ"
"присмотр за животными без посредников в ростове великом";"Профессии / Присмотр за животными / Ростов Великий";"https://dodelay.ru/podrabotka/rostov/petcare";"Коммерческий";"НЧ"
"работа присмотр за животными в ростове великом";"Профессии / Присмотр за животными / Ростов Великий";"https://dodelay.ru/podrabotka/rostov/petcare";"Вакансия";"СЧ"
"подработка присмотр за животными в ростове великом";"Профессии / Присмотр за животными / Ростов Великий";"https://dodelay.ru/podrabotka/rostov/petcare";"Вакансия";"НЧ"
"требуется присмотр за животными в ростове великом";"Профессии / Присмотр за животными / Ростов Великий";"https://dodelay.ru/podrabotka/rostov/petcare";"Вакансия";"НЧ"
"вакансия присмотр за животными в ростове великом";"Профессии / Присмотр за животными / Ростов Великий";"https://dodelay.ru/podrabotka/rostov/petcare";"Вакансия";"НЧ"
"выгул собаки";"Профессии / Присмотр за животными / Задачи";"https://dodelay.ru/podrabotka/yaroslavl/petcare";"Инфо";"НЧ"
"сколько стоит выгул собаки";"Профессии / Присмотр за животными / Задачи";"https://dodelay.ru/podrabotka/yaroslavl/petcare";"Инфо";"НЧ"
"визит и кормление кота в ярославле";"Профессии / Присмотр за животными / Задачи";"https://dodelay.ru/podrabotka/yaroslavl/petcare";"Инфо";"НЧ"
"визит и кормление кота цена";"Профессии / Присмотр за животными / Задачи";"https://dodelay.ru/podrabotka/yaroslavl/petcare";"Инфо";"НЧ"
"сколько стоит визит и кормление кота";"Профессии / Присмотр за животными / Задачи";"https://dodelay.ru/podrabotka/yaroslavl/petcare";"Инфо";"НЧ"
"передержка";"Профессии / Присмотр за животными / Задачи";"https://dodelay.ru/podrabotka/yaroslavl/petcare";"Инфо";"НЧ"
"сколько стоит передержка";"Профессии / Присмотр за животными / Задачи";"https://dodelay.ru/podrabotka/yaroslavl/petcare";"Инфо";"НЧ"
"поездка к ветеринару в ярославле";"Профессии / Присмотр за животными / Задачи";"https://dodelay.ru/podrabotka/yaroslavl/petcare";"Инфо";"НЧ"
"поездка к ветеринару цена";"Профессии / Присмотр за животными / Задачи";"https://dodelay.ru/podrabotka/yaroslavl/petcare";"Инфо";"НЧ"
"сколько стоит поездка к ветеринару";"Профессии / Присмотр за животными / Задачи";"https://dodelay.ru/podrabotka/yaroslavl/petcare";"Инфо";"НЧ"
"садовые работы в ярославле";"Профессии / Садовые работы / Ярославль";"https://dodelay.ru/podrabotka/yaroslavl/gardener";"Коммерческий";"СЧ"
"садовые работы ярославль";"Профессии / Садовые работы / Ярославль";"https://dodelay.ru/podrabotka/yaroslavl/gardener";"Коммерческий";"СЧ"
"садовник в ярославле";"Профессии / Садовые работы / Ярославль";"https://dodelay.ru/podrabotka/yaroslavl/gardener";"Коммерческий";"СЧ"
"садовник ярославль";"Профессии / Садовые работы / Ярославль";"https://dodelay.ru/podrabotka/yaroslavl/gardener";"Коммерческий";"СЧ"
"ландшафтные работы в ярославле";"Профессии / Садовые работы / Ярославль";"https://dodelay.ru/podrabotka/yaroslavl/gardener";"Коммерческий";"СЧ"
"ландшафтные работы ярославль";"Профессии / Садовые работы / Ярославль";"https://dodelay.ru/podrabotka/yaroslavl/gardener";"Коммерческий";"СЧ"
"уход за участком в ярославле";"Профессии / Садовые работы / Ярославль";"https://dodelay.ru/podrabotka/yaroslavl/gardener";"Коммерческий";"СЧ"
"уход за участком ярославль";"Профессии / Садовые работы / Ярославль";"https://dodelay.ru/podrabotka/yaroslavl/gardener";"Коммерческий";"СЧ"
"покос травы в ярославле";"Профессии / Садовые работы / Ярославль";"https://dodelay.ru/podrabotka/yaroslavl/gardener";"Коммерческий";"СЧ"
"покос травы ярославль";"Профессии / Садовые работы / Ярославль";"https://dodelay.ru/podrabotka/yaroslavl/gardener";"Коммерческий";"СЧ"
"дачные работы в ярославле";"Профессии / Садовые работы / Ярославль";"https://dodelay.ru/podrabotka/yaroslavl/gardener";"Коммерческий";"СЧ"
"дачные работы ярославль";"Профессии / Садовые работы / Ярославль";"https://dodelay.ru/podrabotka/yaroslavl/gardener";"Коммерческий";"СЧ"
"садовые работы в ярославле недорого";"Профессии / Садовые работы / Ярославль";"https://dodelay.ru/podrabotka/yaroslavl/gardener";"Коммерческий";"НЧ"
"садовые работы в ярославле цены";"Профессии / Садовые работы / Ярославль";"https://dodelay.ru/podrabotka/yaroslavl/gardener";"Коммерческий";"НЧ"
"садовые работы в ярославле на дом";"Профессии / Садовые работы / Ярославль";"https://dodelay.ru/podrabotka/yaroslavl/gardener";"Коммерческий";"НЧ"
"вызвать садовника в ярославле";"Профессии / Садовые работы / Ярославль";"https://dodelay.ru/podrabotka/yaroslavl/gardener";"Коммерческий";"НЧ"
"нанять садовника в ярославле";"Профессии / Садовые работы / Ярославль";"https://dodelay.ru/podrabotka/yaroslavl/gardener";"Коммерческий";"НЧ"
"найти садовника в ярославле";"Профессии / Садовые работы / Ярославль";"https://dodelay.ru/podrabotka/yaroslavl/gardener";"Коммерческий";"НЧ"
"услуги садовника в ярославле";"Профессии / Садовые работы / Ярославль";"https://dodelay.ru/podrabotka/yaroslavl/gardener";"Коммерческий";"НЧ"
"садовые работы частник в ярославле";"Профессии / Садовые работы / Ярославль";"https://dodelay.ru/podrabotka/yaroslavl/gardener";"Коммерческий";"НЧ"
"садовые работы без посредников в ярославле";"Профессии / Садовые работы / Ярославль";"https://dodelay.ru/podrabotka/yaroslavl/gardener";"Коммерческий";"НЧ"
"работа садовые работы в ярославле";"Профессии / Садовые работы / Ярославль";"https://dodelay.ru/podrabotka/yaroslavl/gardener";"Вакансия";"СЧ"
"подработка садовые работы в ярославле";"Профессии / Садовые работы / Ярославль";"https://dodelay.ru/podrabotka/yaroslavl/gardener";"Вакансия";"НЧ"
"требуется садовые работы в ярославле";"Профессии / Садовые работы / Ярославль";"https://dodelay.ru/podrabotka/yaroslavl/gardener";"Вакансия";"НЧ"
"вакансия садовые работы в ярославле";"Профессии / Садовые работы / Ярославль";"https://dodelay.ru/podrabotka/yaroslavl/gardener";"Вакансия";"НЧ"
"садовые работы в рыбинске";"Профессии / Садовые работы / Рыбинск";"https://dodelay.ru/podrabotka/rybinsk/gardener";"Коммерческий";"СЧ"
"садовые работы рыбинск";"Профессии / Садовые работы / Рыбинск";"https://dodelay.ru/podrabotka/rybinsk/gardener";"Коммерческий";"СЧ"
"садовник в рыбинске";"Профессии / Садовые работы / Рыбинск";"https://dodelay.ru/podrabotka/rybinsk/gardener";"Коммерческий";"СЧ"
"садовник рыбинск";"Профессии / Садовые работы / Рыбинск";"https://dodelay.ru/podrabotka/rybinsk/gardener";"Коммерческий";"СЧ"
"ландшафтные работы в рыбинске";"Профессии / Садовые работы / Рыбинск";"https://dodelay.ru/podrabotka/rybinsk/gardener";"Коммерческий";"СЧ"
"ландшафтные работы рыбинск";"Профессии / Садовые работы / Рыбинск";"https://dodelay.ru/podrabotka/rybinsk/gardener";"Коммерческий";"СЧ"
"уход за участком в рыбинске";"Профессии / Садовые работы / Рыбинск";"https://dodelay.ru/podrabotka/rybinsk/gardener";"Коммерческий";"СЧ"
"уход за участком рыбинск";"Профессии / Садовые работы / Рыбинск";"https://dodelay.ru/podrabotka/rybinsk/gardener";"Коммерческий";"СЧ"
"покос травы в рыбинске";"Профессии / Садовые работы / Рыбинск";"https://dodelay.ru/podrabotka/rybinsk/gardener";"Коммерческий";"СЧ"
"покос травы рыбинск";"Профессии / Садовые работы / Рыбинск";"https://dodelay.ru/podrabotka/rybinsk/gardener";"Коммерческий";"СЧ"
"дачные работы в рыбинске";"Профессии / Садовые работы / Рыбинск";"https://dodelay.ru/podrabotka/rybinsk/gardener";"Коммерческий";"СЧ"
"дачные работы рыбинск";"Профессии / Садовые работы / Рыбинск";"https://dodelay.ru/podrabotka/rybinsk/gardener";"Коммерческий";"СЧ"
"садовые работы в рыбинске недорого";"Профессии / Садовые работы / Рыбинск";"https://dodelay.ru/podrabotka/rybinsk/gardener";"Коммерческий";"НЧ"
"садовые работы в рыбинске цены";"Профессии / Садовые работы / Рыбинск";"https://dodelay.ru/podrabotka/rybinsk/gardener";"Коммерческий";"НЧ"
"садовые работы в рыбинске на дом";"Профессии / Садовые работы / Рыбинск";"https://dodelay.ru/podrabotka/rybinsk/gardener";"Коммерческий";"НЧ"
"вызвать садовника в рыбинске";"Профессии / Садовые работы / Рыбинск";"https://dodelay.ru/podrabotka/rybinsk/gardener";"Коммерческий";"НЧ"
"нанять садовника в рыбинске";"Профессии / Садовые работы / Рыбинск";"https://dodelay.ru/podrabotka/rybinsk/gardener";"Коммерческий";"НЧ"
"найти садовника в рыбинске";"Профессии / Садовые работы / Рыбинск";"https://dodelay.ru/podrabotka/rybinsk/gardener";"Коммерческий";"НЧ"
"услуги садовника в рыбинске";"Профессии / Садовые работы / Рыбинск";"https://dodelay.ru/podrabotka/rybinsk/gardener";"Коммерческий";"НЧ"
"садовые работы частник в рыбинске";"Профессии / Садовые работы / Рыбинск";"https://dodelay.ru/podrabotka/rybinsk/gardener";"Коммерческий";"НЧ"
"садовые работы без посредников в рыбинске";"Профессии / Садовые работы / Рыбинск";"https://dodelay.ru/podrabotka/rybinsk/gardener";"Коммерческий";"НЧ"
"работа садовые работы в рыбинске";"Профессии / Садовые работы / Рыбинск";"https://dodelay.ru/podrabotka/rybinsk/gardener";"Вакансия";"СЧ"
"подработка садовые работы в рыбинске";"Профессии / Садовые работы / Рыбинск";"https://dodelay.ru/podrabotka/rybinsk/gardener";"Вакансия";"НЧ"
"требуется садовые работы в рыбинске";"Профессии / Садовые работы / Рыбинск";"https://dodelay.ru/podrabotka/rybinsk/gardener";"Вакансия";"НЧ"
"вакансия садовые работы в рыбинске";"Профессии / Садовые работы / Рыбинск";"https://dodelay.ru/podrabotka/rybinsk/gardener";"Вакансия";"НЧ"
"садовые работы в тутаеве";"Профессии / Садовые работы / Тутаев";"https://dodelay.ru/podrabotka/tutaev/gardener";"Коммерческий";"СЧ"
"садовые работы тутаев";"Профессии / Садовые работы / Тутаев";"https://dodelay.ru/podrabotka/tutaev/gardener";"Коммерческий";"СЧ"
"садовник в тутаеве";"Профессии / Садовые работы / Тутаев";"https://dodelay.ru/podrabotka/tutaev/gardener";"Коммерческий";"СЧ"
"садовник тутаев";"Профессии / Садовые работы / Тутаев";"https://dodelay.ru/podrabotka/tutaev/gardener";"Коммерческий";"СЧ"
"ландшафтные работы в тутаеве";"Профессии / Садовые работы / Тутаев";"https://dodelay.ru/podrabotka/tutaev/gardener";"Коммерческий";"СЧ"
"ландшафтные работы тутаев";"Профессии / Садовые работы / Тутаев";"https://dodelay.ru/podrabotka/tutaev/gardener";"Коммерческий";"СЧ"
"уход за участком в тутаеве";"Профессии / Садовые работы / Тутаев";"https://dodelay.ru/podrabotka/tutaev/gardener";"Коммерческий";"СЧ"
"уход за участком тутаев";"Профессии / Садовые работы / Тутаев";"https://dodelay.ru/podrabotka/tutaev/gardener";"Коммерческий";"СЧ"
"покос травы в тутаеве";"Профессии / Садовые работы / Тутаев";"https://dodelay.ru/podrabotka/tutaev/gardener";"Коммерческий";"СЧ"
"покос травы тутаев";"Профессии / Садовые работы / Тутаев";"https://dodelay.ru/podrabotka/tutaev/gardener";"Коммерческий";"СЧ"
"дачные работы в тутаеве";"Профессии / Садовые работы / Тутаев";"https://dodelay.ru/podrabotka/tutaev/gardener";"Коммерческий";"СЧ"
"дачные работы тутаев";"Профессии / Садовые работы / Тутаев";"https://dodelay.ru/podrabotka/tutaev/gardener";"Коммерческий";"СЧ"
"садовые работы в тутаеве недорого";"Профессии / Садовые работы / Тутаев";"https://dodelay.ru/podrabotka/tutaev/gardener";"Коммерческий";"НЧ"
"садовые работы в тутаеве цены";"Профессии / Садовые работы / Тутаев";"https://dodelay.ru/podrabotka/tutaev/gardener";"Коммерческий";"НЧ"
"садовые работы в тутаеве на дом";"Профессии / Садовые работы / Тутаев";"https://dodelay.ru/podrabotka/tutaev/gardener";"Коммерческий";"НЧ"
"вызвать садовника в тутаеве";"Профессии / Садовые работы / Тутаев";"https://dodelay.ru/podrabotka/tutaev/gardener";"Коммерческий";"НЧ"
"нанять садовника в тутаеве";"Профессии / Садовые работы / Тутаев";"https://dodelay.ru/podrabotka/tutaev/gardener";"Коммерческий";"НЧ"
"найти садовника в тутаеве";"Профессии / Садовые работы / Тутаев";"https://dodelay.ru/podrabotka/tutaev/gardener";"Коммерческий";"НЧ"
"услуги садовника в тутаеве";"Профессии / Садовые работы / Тутаев";"https://dodelay.ru/podrabotka/tutaev/gardener";"Коммерческий";"НЧ"
"садовые работы частник в тутаеве";"Профессии / Садовые работы / Тутаев";"https://dodelay.ru/podrabotka/tutaev/gardener";"Коммерческий";"НЧ"
"садовые работы без посредников в тутаеве";"Профессии / Садовые работы / Тутаев";"https://dodelay.ru/podrabotka/tutaev/gardener";"Коммерческий";"НЧ"
"работа садовые работы в тутаеве";"Профессии / Садовые работы / Тутаев";"https://dodelay.ru/podrabotka/tutaev/gardener";"Вакансия";"СЧ"
"подработка садовые работы в тутаеве";"Профессии / Садовые работы / Тутаев";"https://dodelay.ru/podrabotka/tutaev/gardener";"Вакансия";"НЧ"
"требуется садовые работы в тутаеве";"Профессии / Садовые работы / Тутаев";"https://dodelay.ru/podrabotka/tutaev/gardener";"Вакансия";"НЧ"
"вакансия садовые работы в тутаеве";"Профессии / Садовые работы / Тутаев";"https://dodelay.ru/podrabotka/tutaev/gardener";"Вакансия";"НЧ"
"садовые работы в переславле-залесском";"Профессии / Садовые работы / Переславль-Залесский";"https://dodelay.ru/podrabotka/pereslavl/gardener";"Коммерческий";"СЧ"
"садовые работы переславль-залесский";"Профессии / Садовые работы / Переславль-Залесский";"https://dodelay.ru/podrabotka/pereslavl/gardener";"Коммерческий";"СЧ"
"садовник в переславле-залесском";"Профессии / Садовые работы / Переславль-Залесский";"https://dodelay.ru/podrabotka/pereslavl/gardener";"Коммерческий";"СЧ"
"садовник переславль-залесский";"Профессии / Садовые работы / Переславль-Залесский";"https://dodelay.ru/podrabotka/pereslavl/gardener";"Коммерческий";"СЧ"
"ландшафтные работы в переславле-залесском";"Профессии / Садовые работы / Переславль-Залесский";"https://dodelay.ru/podrabotka/pereslavl/gardener";"Коммерческий";"СЧ"
"ландшафтные работы переславль-залесский";"Профессии / Садовые работы / Переславль-Залесский";"https://dodelay.ru/podrabotka/pereslavl/gardener";"Коммерческий";"СЧ"
"уход за участком в переславле-залесском";"Профессии / Садовые работы / Переславль-Залесский";"https://dodelay.ru/podrabotka/pereslavl/gardener";"Коммерческий";"СЧ"
"уход за участком переславль-залесский";"Профессии / Садовые работы / Переславль-Залесский";"https://dodelay.ru/podrabotka/pereslavl/gardener";"Коммерческий";"СЧ"
"покос травы в переславле-залесском";"Профессии / Садовые работы / Переславль-Залесский";"https://dodelay.ru/podrabotka/pereslavl/gardener";"Коммерческий";"СЧ"
"покос травы переславль-залесский";"Профессии / Садовые работы / Переславль-Залесский";"https://dodelay.ru/podrabotka/pereslavl/gardener";"Коммерческий";"СЧ"
"дачные работы в переславле-залесском";"Профессии / Садовые работы / Переславль-Залесский";"https://dodelay.ru/podrabotka/pereslavl/gardener";"Коммерческий";"СЧ"
"дачные работы переславль-залесский";"Профессии / Садовые работы / Переславль-Залесский";"https://dodelay.ru/podrabotka/pereslavl/gardener";"Коммерческий";"СЧ"
"садовые работы в переславле-залесском недорого";"Профессии / Садовые работы / Переславль-Залесский";"https://dodelay.ru/podrabotka/pereslavl/gardener";"Коммерческий";"НЧ"
"садовые работы в переславле-залесском цены";"Профессии / Садовые работы / Переславль-Залесский";"https://dodelay.ru/podrabotka/pereslavl/gardener";"Коммерческий";"НЧ"
"садовые работы в переславле-залесском на дом";"Профессии / Садовые работы / Переславль-Залесский";"https://dodelay.ru/podrabotka/pereslavl/gardener";"Коммерческий";"НЧ"
"вызвать садовника в переславле-залесском";"Профессии / Садовые работы / Переславль-Залесский";"https://dodelay.ru/podrabotka/pereslavl/gardener";"Коммерческий";"НЧ"
"нанять садовника в переславле-залесском";"Профессии / Садовые работы / Переславль-Залесский";"https://dodelay.ru/podrabotka/pereslavl/gardener";"Коммерческий";"НЧ"
"найти садовника в переславле-залесском";"Профессии / Садовые работы / Переславль-Залесский";"https://dodelay.ru/podrabotka/pereslavl/gardener";"Коммерческий";"НЧ"
"услуги садовника в переславле-залесском";"Профессии / Садовые работы / Переславль-Залесский";"https://dodelay.ru/podrabotka/pereslavl/gardener";"Коммерческий";"НЧ"
"садовые работы частник в переславле-залесском";"Профессии / Садовые работы / Переславль-Залесский";"https://dodelay.ru/podrabotka/pereslavl/gardener";"Коммерческий";"НЧ"
"садовые работы без посредников в переславле-залесском";"Профессии / Садовые работы / Переславль-Залесский";"https://dodelay.ru/podrabotka/pereslavl/gardener";"Коммерческий";"НЧ"
"работа садовые работы в переславле-залесском";"Профессии / Садовые работы / Переславль-Залесский";"https://dodelay.ru/podrabotka/pereslavl/gardener";"Вакансия";"СЧ"
"подработка садовые работы в переславле-залесском";"Профессии / Садовые работы / Переславль-Залесский";"https://dodelay.ru/podrabotka/pereslavl/gardener";"Вакансия";"НЧ"
"требуется садовые работы в переславле-залесском";"Профессии / Садовые работы / Переславль-Залесский";"https://dodelay.ru/podrabotka/pereslavl/gardener";"Вакансия";"НЧ"
"вакансия садовые работы в переславле-залесском";"Профессии / Садовые работы / Переславль-Залесский";"https://dodelay.ru/podrabotka/pereslavl/gardener";"Вакансия";"НЧ"
"садовые работы в угличе";"Профессии / Садовые работы / Углич";"https://dodelay.ru/podrabotka/uglich/gardener";"Коммерческий";"СЧ"
"садовые работы углич";"Профессии / Садовые работы / Углич";"https://dodelay.ru/podrabotka/uglich/gardener";"Коммерческий";"СЧ"
"садовник в угличе";"Профессии / Садовые работы / Углич";"https://dodelay.ru/podrabotka/uglich/gardener";"Коммерческий";"СЧ"
"садовник углич";"Профессии / Садовые работы / Углич";"https://dodelay.ru/podrabotka/uglich/gardener";"Коммерческий";"СЧ"
"ландшафтные работы в угличе";"Профессии / Садовые работы / Углич";"https://dodelay.ru/podrabotka/uglich/gardener";"Коммерческий";"СЧ"
"ландшафтные работы углич";"Профессии / Садовые работы / Углич";"https://dodelay.ru/podrabotka/uglich/gardener";"Коммерческий";"СЧ"
"уход за участком в угличе";"Профессии / Садовые работы / Углич";"https://dodelay.ru/podrabotka/uglich/gardener";"Коммерческий";"СЧ"
"уход за участком углич";"Профессии / Садовые работы / Углич";"https://dodelay.ru/podrabotka/uglich/gardener";"Коммерческий";"СЧ"
"покос травы в угличе";"Профессии / Садовые работы / Углич";"https://dodelay.ru/podrabotka/uglich/gardener";"Коммерческий";"СЧ"
"покос травы углич";"Профессии / Садовые работы / Углич";"https://dodelay.ru/podrabotka/uglich/gardener";"Коммерческий";"СЧ"
"дачные работы в угличе";"Профессии / Садовые работы / Углич";"https://dodelay.ru/podrabotka/uglich/gardener";"Коммерческий";"СЧ"
"дачные работы углич";"Профессии / Садовые работы / Углич";"https://dodelay.ru/podrabotka/uglich/gardener";"Коммерческий";"СЧ"
"садовые работы в угличе недорого";"Профессии / Садовые работы / Углич";"https://dodelay.ru/podrabotka/uglich/gardener";"Коммерческий";"НЧ"
"садовые работы в угличе цены";"Профессии / Садовые работы / Углич";"https://dodelay.ru/podrabotka/uglich/gardener";"Коммерческий";"НЧ"
"садовые работы в угличе на дом";"Профессии / Садовые работы / Углич";"https://dodelay.ru/podrabotka/uglich/gardener";"Коммерческий";"НЧ"
"вызвать садовника в угличе";"Профессии / Садовые работы / Углич";"https://dodelay.ru/podrabotka/uglich/gardener";"Коммерческий";"НЧ"
"нанять садовника в угличе";"Профессии / Садовые работы / Углич";"https://dodelay.ru/podrabotka/uglich/gardener";"Коммерческий";"НЧ"
"найти садовника в угличе";"Профессии / Садовые работы / Углич";"https://dodelay.ru/podrabotka/uglich/gardener";"Коммерческий";"НЧ"
"услуги садовника в угличе";"Профессии / Садовые работы / Углич";"https://dodelay.ru/podrabotka/uglich/gardener";"Коммерческий";"НЧ"
"садовые работы частник в угличе";"Профессии / Садовые работы / Углич";"https://dodelay.ru/podrabotka/uglich/gardener";"Коммерческий";"НЧ"
"садовые работы без посредников в угличе";"Профессии / Садовые работы / Углич";"https://dodelay.ru/podrabotka/uglich/gardener";"Коммерческий";"НЧ"
"работа садовые работы в угличе";"Профессии / Садовые работы / Углич";"https://dodelay.ru/podrabotka/uglich/gardener";"Вакансия";"СЧ"
"подработка садовые работы в угличе";"Профессии / Садовые работы / Углич";"https://dodelay.ru/podrabotka/uglich/gardener";"Вакансия";"НЧ"
"требуется садовые работы в угличе";"Профессии / Садовые работы / Углич";"https://dodelay.ru/podrabotka/uglich/gardener";"Вакансия";"НЧ"
"вакансия садовые работы в угличе";"Профессии / Садовые работы / Углич";"https://dodelay.ru/podrabotka/uglich/gardener";"Вакансия";"НЧ"
"садовые работы в ростове великом";"Профессии / Садовые работы / Ростов Великий";"https://dodelay.ru/podrabotka/rostov/gardener";"Коммерческий";"СЧ"
"садовые работы ростов великий";"Профессии / Садовые работы / Ростов Великий";"https://dodelay.ru/podrabotka/rostov/gardener";"Коммерческий";"СЧ"
"садовник в ростове великом";"Профессии / Садовые работы / Ростов Великий";"https://dodelay.ru/podrabotka/rostov/gardener";"Коммерческий";"СЧ"
"садовник ростов великий";"Профессии / Садовые работы / Ростов Великий";"https://dodelay.ru/podrabotka/rostov/gardener";"Коммерческий";"СЧ"
"ландшафтные работы в ростове великом";"Профессии / Садовые работы / Ростов Великий";"https://dodelay.ru/podrabotka/rostov/gardener";"Коммерческий";"СЧ"
"ландшафтные работы ростов великий";"Профессии / Садовые работы / Ростов Великий";"https://dodelay.ru/podrabotka/rostov/gardener";"Коммерческий";"СЧ"
"уход за участком в ростове великом";"Профессии / Садовые работы / Ростов Великий";"https://dodelay.ru/podrabotka/rostov/gardener";"Коммерческий";"СЧ"
"уход за участком ростов великий";"Профессии / Садовые работы / Ростов Великий";"https://dodelay.ru/podrabotka/rostov/gardener";"Коммерческий";"СЧ"
"покос травы в ростове великом";"Профессии / Садовые работы / Ростов Великий";"https://dodelay.ru/podrabotka/rostov/gardener";"Коммерческий";"СЧ"
"покос травы ростов великий";"Профессии / Садовые работы / Ростов Великий";"https://dodelay.ru/podrabotka/rostov/gardener";"Коммерческий";"СЧ"
"дачные работы в ростове великом";"Профессии / Садовые работы / Ростов Великий";"https://dodelay.ru/podrabotka/rostov/gardener";"Коммерческий";"СЧ"
"дачные работы ростов великий";"Профессии / Садовые работы / Ростов Великий";"https://dodelay.ru/podrabotka/rostov/gardener";"Коммерческий";"СЧ"
"садовые работы в ростове великом недорого";"Профессии / Садовые работы / Ростов Великий";"https://dodelay.ru/podrabotka/rostov/gardener";"Коммерческий";"НЧ"
"садовые работы в ростове великом цены";"Профессии / Садовые работы / Ростов Великий";"https://dodelay.ru/podrabotka/rostov/gardener";"Коммерческий";"НЧ"
"садовые работы в ростове великом на дом";"Профессии / Садовые работы / Ростов Великий";"https://dodelay.ru/podrabotka/rostov/gardener";"Коммерческий";"НЧ"
"вызвать садовника в ростове великом";"Профессии / Садовые работы / Ростов Великий";"https://dodelay.ru/podrabotka/rostov/gardener";"Коммерческий";"НЧ"
"нанять садовника в ростове великом";"Профессии / Садовые работы / Ростов Великий";"https://dodelay.ru/podrabotka/rostov/gardener";"Коммерческий";"НЧ"
"найти садовника в ростове великом";"Профессии / Садовые работы / Ростов Великий";"https://dodelay.ru/podrabotka/rostov/gardener";"Коммерческий";"НЧ"
"услуги садовника в ростове великом";"Профессии / Садовые работы / Ростов Великий";"https://dodelay.ru/podrabotka/rostov/gardener";"Коммерческий";"НЧ"
"садовые работы частник в ростове великом";"Профессии / Садовые работы / Ростов Великий";"https://dodelay.ru/podrabotka/rostov/gardener";"Коммерческий";"НЧ"
"садовые работы без посредников в ростове великом";"Профессии / Садовые работы / Ростов Великий";"https://dodelay.ru/podrabotka/rostov/gardener";"Коммерческий";"НЧ"
"работа садовые работы в ростове великом";"Профессии / Садовые работы / Ростов Великий";"https://dodelay.ru/podrabotka/rostov/gardener";"Вакансия";"СЧ"
"подработка садовые работы в ростове великом";"Профессии / Садовые работы / Ростов Великий";"https://dodelay.ru/podrabotka/rostov/gardener";"Вакансия";"НЧ"
"требуется садовые работы в ростове великом";"Профессии / Садовые работы / Ростов Великий";"https://dodelay.ru/podrabotka/rostov/gardener";"Вакансия";"НЧ"
"вакансия садовые работы в ростове великом";"Профессии / Садовые работы / Ростов Великий";"https://dodelay.ru/podrabotka/rostov/gardener";"Вакансия";"НЧ"
"покос травы";"Профессии / Садовые работы / Задачи";"https://dodelay.ru/podrabotka/yaroslavl/gardener";"Инфо";"НЧ"
"сколько стоит покос травы";"Профессии / Садовые работы / Задачи";"https://dodelay.ru/podrabotka/yaroslavl/gardener";"Инфо";"НЧ"
"обрезка кустарника в ярославле";"Профессии / Садовые работы / Задачи";"https://dodelay.ru/podrabotka/yaroslavl/gardener";"Инфо";"НЧ"
"обрезка кустарника цена";"Профессии / Садовые работы / Задачи";"https://dodelay.ru/podrabotka/yaroslavl/gardener";"Инфо";"НЧ"
"сколько стоит обрезка кустарника";"Профессии / Садовые работы / Задачи";"https://dodelay.ru/podrabotka/yaroslavl/gardener";"Инфо";"НЧ"
"уборка листьев";"Профессии / Садовые работы / Задачи";"https://dodelay.ru/podrabotka/yaroslavl/gardener";"Инфо";"НЧ"
"сколько стоит уборка листьев";"Профессии / Садовые работы / Задачи";"https://dodelay.ru/podrabotka/yaroslavl/gardener";"Инфо";"НЧ"
"участок 8 соток";"Профессии / Садовые работы / Задачи";"https://dodelay.ru/podrabotka/yaroslavl/gardener";"Инфо";"НЧ"
"сколько стоит участок 8 соток";"Профессии / Садовые работы / Задачи";"https://dodelay.ru/podrabotka/yaroslavl/gardener";"Инфо";"НЧ"
"спил деревьев в ярославле";"Профессии / Спил деревьев / Ярославль";"https://dodelay.ru/podrabotka/yaroslavl/treecut";"Коммерческий";"СЧ"
"спил деревьев ярославль";"Профессии / Спил деревьев / Ярославль";"https://dodelay.ru/podrabotka/yaroslavl/treecut";"Коммерческий";"СЧ"
"спил деревьев в ярославле недорого";"Профессии / Спил деревьев / Ярославль";"https://dodelay.ru/podrabotka/yaroslavl/treecut";"Коммерческий";"НЧ"
"спил деревьев в ярославле цены";"Профессии / Спил деревьев / Ярославль";"https://dodelay.ru/podrabotka/yaroslavl/treecut";"Коммерческий";"НЧ"
"спил деревьев в ярославле на дом";"Профессии / Спил деревьев / Ярославль";"https://dodelay.ru/podrabotka/yaroslavl/treecut";"Коммерческий";"НЧ"
"вызвать арбориста в ярославле";"Профессии / Спил деревьев / Ярославль";"https://dodelay.ru/podrabotka/yaroslavl/treecut";"Коммерческий";"НЧ"
"нанять арбориста в ярославле";"Профессии / Спил деревьев / Ярославль";"https://dodelay.ru/podrabotka/yaroslavl/treecut";"Коммерческий";"НЧ"
"найти арбориста в ярославле";"Профессии / Спил деревьев / Ярославль";"https://dodelay.ru/podrabotka/yaroslavl/treecut";"Коммерческий";"НЧ"
"услуги арбориста в ярославле";"Профессии / Спил деревьев / Ярославль";"https://dodelay.ru/podrabotka/yaroslavl/treecut";"Коммерческий";"НЧ"
"спил деревьев частник в ярославле";"Профессии / Спил деревьев / Ярославль";"https://dodelay.ru/podrabotka/yaroslavl/treecut";"Коммерческий";"НЧ"
"спил деревьев без посредников в ярославле";"Профессии / Спил деревьев / Ярославль";"https://dodelay.ru/podrabotka/yaroslavl/treecut";"Коммерческий";"НЧ"
"работа спил деревьев в ярославле";"Профессии / Спил деревьев / Ярославль";"https://dodelay.ru/podrabotka/yaroslavl/treecut";"Вакансия";"СЧ"
"подработка спил деревьев в ярославле";"Профессии / Спил деревьев / Ярославль";"https://dodelay.ru/podrabotka/yaroslavl/treecut";"Вакансия";"НЧ"
"требуется спил деревьев в ярославле";"Профессии / Спил деревьев / Ярославль";"https://dodelay.ru/podrabotka/yaroslavl/treecut";"Вакансия";"НЧ"
"вакансия спил деревьев в ярославле";"Профессии / Спил деревьев / Ярославль";"https://dodelay.ru/podrabotka/yaroslavl/treecut";"Вакансия";"НЧ"
"спил деревьев в рыбинске";"Профессии / Спил деревьев / Рыбинск";"https://dodelay.ru/podrabotka/rybinsk/treecut";"Коммерческий";"СЧ"
"спил деревьев рыбинск";"Профессии / Спил деревьев / Рыбинск";"https://dodelay.ru/podrabotka/rybinsk/treecut";"Коммерческий";"СЧ"
"спил деревьев в рыбинске недорого";"Профессии / Спил деревьев / Рыбинск";"https://dodelay.ru/podrabotka/rybinsk/treecut";"Коммерческий";"НЧ"
"спил деревьев в рыбинске цены";"Профессии / Спил деревьев / Рыбинск";"https://dodelay.ru/podrabotka/rybinsk/treecut";"Коммерческий";"НЧ"
"спил деревьев в рыбинске на дом";"Профессии / Спил деревьев / Рыбинск";"https://dodelay.ru/podrabotka/rybinsk/treecut";"Коммерческий";"НЧ"
"вызвать арбориста в рыбинске";"Профессии / Спил деревьев / Рыбинск";"https://dodelay.ru/podrabotka/rybinsk/treecut";"Коммерческий";"НЧ"
"нанять арбориста в рыбинске";"Профессии / Спил деревьев / Рыбинск";"https://dodelay.ru/podrabotka/rybinsk/treecut";"Коммерческий";"НЧ"
"найти арбориста в рыбинске";"Профессии / Спил деревьев / Рыбинск";"https://dodelay.ru/podrabotka/rybinsk/treecut";"Коммерческий";"НЧ"
"услуги арбориста в рыбинске";"Профессии / Спил деревьев / Рыбинск";"https://dodelay.ru/podrabotka/rybinsk/treecut";"Коммерческий";"НЧ"
"спил деревьев частник в рыбинске";"Профессии / Спил деревьев / Рыбинск";"https://dodelay.ru/podrabotka/rybinsk/treecut";"Коммерческий";"НЧ"
"спил деревьев без посредников в рыбинске";"Профессии / Спил деревьев / Рыбинск";"https://dodelay.ru/podrabotka/rybinsk/treecut";"Коммерческий";"НЧ"
"работа спил деревьев в рыбинске";"Профессии / Спил деревьев / Рыбинск";"https://dodelay.ru/podrabotka/rybinsk/treecut";"Вакансия";"СЧ"
"подработка спил деревьев в рыбинске";"Профессии / Спил деревьев / Рыбинск";"https://dodelay.ru/podrabotka/rybinsk/treecut";"Вакансия";"НЧ"
"требуется спил деревьев в рыбинске";"Профессии / Спил деревьев / Рыбинск";"https://dodelay.ru/podrabotka/rybinsk/treecut";"Вакансия";"НЧ"
"вакансия спил деревьев в рыбинске";"Профессии / Спил деревьев / Рыбинск";"https://dodelay.ru/podrabotka/rybinsk/treecut";"Вакансия";"НЧ"
"спил деревьев в тутаеве";"Профессии / Спил деревьев / Тутаев";"https://dodelay.ru/podrabotka/tutaev/treecut";"Коммерческий";"СЧ"
"спил деревьев тутаев";"Профессии / Спил деревьев / Тутаев";"https://dodelay.ru/podrabotka/tutaev/treecut";"Коммерческий";"СЧ"
"спил деревьев в тутаеве недорого";"Профессии / Спил деревьев / Тутаев";"https://dodelay.ru/podrabotka/tutaev/treecut";"Коммерческий";"НЧ"
"спил деревьев в тутаеве цены";"Профессии / Спил деревьев / Тутаев";"https://dodelay.ru/podrabotka/tutaev/treecut";"Коммерческий";"НЧ"
"спил деревьев в тутаеве на дом";"Профессии / Спил деревьев / Тутаев";"https://dodelay.ru/podrabotka/tutaev/treecut";"Коммерческий";"НЧ"
"вызвать арбориста в тутаеве";"Профессии / Спил деревьев / Тутаев";"https://dodelay.ru/podrabotka/tutaev/treecut";"Коммерческий";"НЧ"
"нанять арбориста в тутаеве";"Профессии / Спил деревьев / Тутаев";"https://dodelay.ru/podrabotka/tutaev/treecut";"Коммерческий";"НЧ"
"найти арбориста в тутаеве";"Профессии / Спил деревьев / Тутаев";"https://dodelay.ru/podrabotka/tutaev/treecut";"Коммерческий";"НЧ"
"услуги арбориста в тутаеве";"Профессии / Спил деревьев / Тутаев";"https://dodelay.ru/podrabotka/tutaev/treecut";"Коммерческий";"НЧ"
"спил деревьев частник в тутаеве";"Профессии / Спил деревьев / Тутаев";"https://dodelay.ru/podrabotka/tutaev/treecut";"Коммерческий";"НЧ"
"спил деревьев без посредников в тутаеве";"Профессии / Спил деревьев / Тутаев";"https://dodelay.ru/podrabotka/tutaev/treecut";"Коммерческий";"НЧ"
"работа спил деревьев в тутаеве";"Профессии / Спил деревьев / Тутаев";"https://dodelay.ru/podrabotka/tutaev/treecut";"Вакансия";"СЧ"
"подработка спил деревьев в тутаеве";"Профессии / Спил деревьев / Тутаев";"https://dodelay.ru/podrabotka/tutaev/treecut";"Вакансия";"НЧ"
"требуется спил деревьев в тутаеве";"Профессии / Спил деревьев / Тутаев";"https://dodelay.ru/podrabotka/tutaev/treecut";"Вакансия";"НЧ"
"вакансия спил деревьев в тутаеве";"Профессии / Спил деревьев / Тутаев";"https://dodelay.ru/podrabotka/tutaev/treecut";"Вакансия";"НЧ"
"спил деревьев в переславле-залесском";"Профессии / Спил деревьев / Переславль-Залесский";"https://dodelay.ru/podrabotka/pereslavl/treecut";"Коммерческий";"СЧ"
"спил деревьев переславль-залесский";"Профессии / Спил деревьев / Переславль-Залесский";"https://dodelay.ru/podrabotka/pereslavl/treecut";"Коммерческий";"СЧ"
"спил деревьев в переславле-залесском недорого";"Профессии / Спил деревьев / Переславль-Залесский";"https://dodelay.ru/podrabotka/pereslavl/treecut";"Коммерческий";"НЧ"
"спил деревьев в переславле-залесском цены";"Профессии / Спил деревьев / Переславль-Залесский";"https://dodelay.ru/podrabotka/pereslavl/treecut";"Коммерческий";"НЧ"
"спил деревьев в переславле-залесском на дом";"Профессии / Спил деревьев / Переславль-Залесский";"https://dodelay.ru/podrabotka/pereslavl/treecut";"Коммерческий";"НЧ"
"вызвать арбориста в переславле-залесском";"Профессии / Спил деревьев / Переславль-Залесский";"https://dodelay.ru/podrabotka/pereslavl/treecut";"Коммерческий";"НЧ"
"нанять арбориста в переславле-залесском";"Профессии / Спил деревьев / Переславль-Залесский";"https://dodelay.ru/podrabotka/pereslavl/treecut";"Коммерческий";"НЧ"
"найти арбориста в переславле-залесском";"Профессии / Спил деревьев / Переславль-Залесский";"https://dodelay.ru/podrabotka/pereslavl/treecut";"Коммерческий";"НЧ"
"услуги арбориста в переславле-залесском";"Профессии / Спил деревьев / Переславль-Залесский";"https://dodelay.ru/podrabotka/pereslavl/treecut";"Коммерческий";"НЧ"
"спил деревьев частник в переславле-залесском";"Профессии / Спил деревьев / Переславль-Залесский";"https://dodelay.ru/podrabotka/pereslavl/treecut";"Коммерческий";"НЧ"
"спил деревьев без посредников в переславле-залесском";"Профессии / Спил деревьев / Переславль-Залесский";"https://dodelay.ru/podrabotka/pereslavl/treecut";"Коммерческий";"НЧ"
"работа спил деревьев в переславле-залесском";"Профессии / Спил деревьев / Переславль-Залесский";"https://dodelay.ru/podrabotka/pereslavl/treecut";"Вакансия";"СЧ"
"подработка спил деревьев в переславле-залесском";"Профессии / Спил деревьев / Переславль-Залесский";"https://dodelay.ru/podrabotka/pereslavl/treecut";"Вакансия";"НЧ"
"требуется спил деревьев в переславле-залесском";"Профессии / Спил деревьев / Переславль-Залесский";"https://dodelay.ru/podrabotka/pereslavl/treecut";"Вакансия";"НЧ"
"вакансия спил деревьев в переславле-залесском";"Профессии / Спил деревьев / Переславль-Залесский";"https://dodelay.ru/podrabotka/pereslavl/treecut";"Вакансия";"НЧ"
"спил деревьев в угличе";"Профессии / Спил деревьев / Углич";"https://dodelay.ru/podrabotka/uglich/treecut";"Коммерческий";"СЧ"
"спил деревьев углич";"Профессии / Спил деревьев / Углич";"https://dodelay.ru/podrabotka/uglich/treecut";"Коммерческий";"СЧ"
"спил деревьев в угличе недорого";"Профессии / Спил деревьев / Углич";"https://dodelay.ru/podrabotka/uglich/treecut";"Коммерческий";"НЧ"
"спил деревьев в угличе цены";"Профессии / Спил деревьев / Углич";"https://dodelay.ru/podrabotka/uglich/treecut";"Коммерческий";"НЧ"
"спил деревьев в угличе на дом";"Профессии / Спил деревьев / Углич";"https://dodelay.ru/podrabotka/uglich/treecut";"Коммерческий";"НЧ"
"вызвать арбориста в угличе";"Профессии / Спил деревьев / Углич";"https://dodelay.ru/podrabotka/uglich/treecut";"Коммерческий";"НЧ"
"нанять арбориста в угличе";"Профессии / Спил деревьев / Углич";"https://dodelay.ru/podrabotka/uglich/treecut";"Коммерческий";"НЧ"
"найти арбориста в угличе";"Профессии / Спил деревьев / Углич";"https://dodelay.ru/podrabotka/uglich/treecut";"Коммерческий";"НЧ"
"услуги арбориста в угличе";"Профессии / Спил деревьев / Углич";"https://dodelay.ru/podrabotka/uglich/treecut";"Коммерческий";"НЧ"
"спил деревьев частник в угличе";"Профессии / Спил деревьев / Углич";"https://dodelay.ru/podrabotka/uglich/treecut";"Коммерческий";"НЧ"
"спил деревьев без посредников в угличе";"Профессии / Спил деревьев / Углич";"https://dodelay.ru/podrabotka/uglich/treecut";"Коммерческий";"НЧ"
"работа спил деревьев в угличе";"Профессии / Спил деревьев / Углич";"https://dodelay.ru/podrabotka/uglich/treecut";"Вакансия";"СЧ"
"подработка спил деревьев в угличе";"Профессии / Спил деревьев / Углич";"https://dodelay.ru/podrabotka/uglich/treecut";"Вакансия";"НЧ"
"требуется спил деревьев в угличе";"Профессии / Спил деревьев / Углич";"https://dodelay.ru/podrabotka/uglich/treecut";"Вакансия";"НЧ"
"вакансия спил деревьев в угличе";"Профессии / Спил деревьев / Углич";"https://dodelay.ru/podrabotka/uglich/treecut";"Вакансия";"НЧ"
"спил деревьев в ростове великом";"Профессии / Спил деревьев / Ростов Великий";"https://dodelay.ru/podrabotka/rostov/treecut";"Коммерческий";"СЧ"
"спил деревьев ростов великий";"Профессии / Спил деревьев / Ростов Великий";"https://dodelay.ru/podrabotka/rostov/treecut";"Коммерческий";"СЧ"
"спил деревьев в ростове великом недорого";"Профессии / Спил деревьев / Ростов Великий";"https://dodelay.ru/podrabotka/rostov/treecut";"Коммерческий";"НЧ"
"спил деревьев в ростове великом цены";"Профессии / Спил деревьев / Ростов Великий";"https://dodelay.ru/podrabotka/rostov/treecut";"Коммерческий";"НЧ"
"спил деревьев в ростове великом на дом";"Профессии / Спил деревьев / Ростов Великий";"https://dodelay.ru/podrabotka/rostov/treecut";"Коммерческий";"НЧ"
"вызвать арбориста в ростове великом";"Профессии / Спил деревьев / Ростов Великий";"https://dodelay.ru/podrabotka/rostov/treecut";"Коммерческий";"НЧ"
"нанять арбориста в ростове великом";"Профессии / Спил деревьев / Ростов Великий";"https://dodelay.ru/podrabotka/rostov/treecut";"Коммерческий";"НЧ"
"найти арбориста в ростове великом";"Профессии / Спил деревьев / Ростов Великий";"https://dodelay.ru/podrabotka/rostov/treecut";"Коммерческий";"НЧ"
"услуги арбориста в ростове великом";"Профессии / Спил деревьев / Ростов Великий";"https://dodelay.ru/podrabotka/rostov/treecut";"Коммерческий";"НЧ"
"спил деревьев частник в ростове великом";"Профессии / Спил деревьев / Ростов Великий";"https://dodelay.ru/podrabotka/rostov/treecut";"Коммерческий";"НЧ"
"спил деревьев без посредников в ростове великом";"Профессии / Спил деревьев / Ростов Великий";"https://dodelay.ru/podrabotka/rostov/treecut";"Коммерческий";"НЧ"
"работа спил деревьев в ростове великом";"Профессии / Спил деревьев / Ростов Великий";"https://dodelay.ru/podrabotka/rostov/treecut";"Вакансия";"СЧ"
"подработка спил деревьев в ростове великом";"Профессии / Спил деревьев / Ростов Великий";"https://dodelay.ru/podrabotka/rostov/treecut";"Вакансия";"НЧ"
"требуется спил деревьев в ростове великом";"Профессии / Спил деревьев / Ростов Великий";"https://dodelay.ru/podrabotka/rostov/treecut";"Вакансия";"НЧ"
"вакансия спил деревьев в ростове великом";"Профессии / Спил деревьев / Ростов Великий";"https://dodelay.ru/podrabotka/rostov/treecut";"Вакансия";"НЧ"
"спил дерева до 5 метров в ярославле";"Профессии / Спил деревьев / Задачи";"https://dodelay.ru/podrabotka/yaroslavl/treecut";"Инфо";"НЧ"
"спил дерева до 5 метров цена";"Профессии / Спил деревьев / Задачи";"https://dodelay.ru/podrabotka/yaroslavl/treecut";"Инфо";"НЧ"
"сколько стоит спил дерева до 5 метров";"Профессии / Спил деревьев / Задачи";"https://dodelay.ru/podrabotka/yaroslavl/treecut";"Инфо";"НЧ"
"спил высокого дерева частями в ярославле";"Профессии / Спил деревьев / Задачи";"https://dodelay.ru/podrabotka/yaroslavl/treecut";"Инфо";"НЧ"
"спил высокого дерева частями цена";"Профессии / Спил деревьев / Задачи";"https://dodelay.ru/podrabotka/yaroslavl/treecut";"Инфо";"НЧ"
"сколько стоит спил высокого дерева частями";"Профессии / Спил деревьев / Задачи";"https://dodelay.ru/podrabotka/yaroslavl/treecut";"Инфо";"НЧ"
"обрезка веток в ярославле";"Профессии / Спил деревьев / Задачи";"https://dodelay.ru/podrabotka/yaroslavl/treecut";"Инфо";"НЧ"
"обрезка веток цена";"Профессии / Спил деревьев / Задачи";"https://dodelay.ru/podrabotka/yaroslavl/treecut";"Инфо";"НЧ"
"сколько стоит обрезка веток";"Профессии / Спил деревьев / Задачи";"https://dodelay.ru/podrabotka/yaroslavl/treecut";"Инфо";"НЧ"
"корчевание пня в ярославле";"Профессии / Спил деревьев / Задачи";"https://dodelay.ru/podrabotka/yaroslavl/treecut";"Инфо";"НЧ"
"корчевание пня цена";"Профессии / Спил деревьев / Задачи";"https://dodelay.ru/podrabotka/yaroslavl/treecut";"Инфо";"НЧ"
"сколько стоит корчевание пня";"Профессии / Спил деревьев / Задачи";"https://dodelay.ru/podrabotka/yaroslavl/treecut";"Инфо";"НЧ"
"земляные работы в ярославле";"Профессии / Земляные работы / Ярославль";"https://dodelay.ru/podrabotka/yaroslavl/digger";"Коммерческий";"СЧ"
"земляные работы ярославль";"Профессии / Земляные работы / Ярославль";"https://dodelay.ru/podrabotka/yaroslavl/digger";"Коммерческий";"СЧ"
"земляные работы в ярославле недорого";"Профессии / Земляные работы / Ярославль";"https://dodelay.ru/podrabotka/yaroslavl/digger";"Коммерческий";"НЧ"
"земляные работы в ярославле цены";"Профессии / Земляные работы / Ярославль";"https://dodelay.ru/podrabotka/yaroslavl/digger";"Коммерческий";"НЧ"
"земляные работы в ярославле на дом";"Профессии / Земляные работы / Ярославль";"https://dodelay.ru/podrabotka/yaroslavl/digger";"Коммерческий";"НЧ"
"вызвать землекопа в ярославле";"Профессии / Земляные работы / Ярославль";"https://dodelay.ru/podrabotka/yaroslavl/digger";"Коммерческий";"НЧ"
"нанять землекопа в ярославле";"Профессии / Земляные работы / Ярославль";"https://dodelay.ru/podrabotka/yaroslavl/digger";"Коммерческий";"НЧ"
"найти землекопа в ярославле";"Профессии / Земляные работы / Ярославль";"https://dodelay.ru/podrabotka/yaroslavl/digger";"Коммерческий";"НЧ"
"услуги землекопа в ярославле";"Профессии / Земляные работы / Ярославль";"https://dodelay.ru/podrabotka/yaroslavl/digger";"Коммерческий";"НЧ"
"земляные работы частник в ярославле";"Профессии / Земляные работы / Ярославль";"https://dodelay.ru/podrabotka/yaroslavl/digger";"Коммерческий";"НЧ"
"земляные работы без посредников в ярославле";"Профессии / Земляные работы / Ярославль";"https://dodelay.ru/podrabotka/yaroslavl/digger";"Коммерческий";"НЧ"
"работа земляные работы в ярославле";"Профессии / Земляные работы / Ярославль";"https://dodelay.ru/podrabotka/yaroslavl/digger";"Вакансия";"СЧ"
"подработка земляные работы в ярославле";"Профессии / Земляные работы / Ярославль";"https://dodelay.ru/podrabotka/yaroslavl/digger";"Вакансия";"НЧ"
"требуется земляные работы в ярославле";"Профессии / Земляные работы / Ярославль";"https://dodelay.ru/podrabotka/yaroslavl/digger";"Вакансия";"НЧ"
"вакансия земляные работы в ярославле";"Профессии / Земляные работы / Ярославль";"https://dodelay.ru/podrabotka/yaroslavl/digger";"Вакансия";"НЧ"
"земляные работы в рыбинске";"Профессии / Земляные работы / Рыбинск";"https://dodelay.ru/podrabotka/rybinsk/digger";"Коммерческий";"СЧ"
"земляные работы рыбинск";"Профессии / Земляные работы / Рыбинск";"https://dodelay.ru/podrabotka/rybinsk/digger";"Коммерческий";"СЧ"
"земляные работы в рыбинске недорого";"Профессии / Земляные работы / Рыбинск";"https://dodelay.ru/podrabotka/rybinsk/digger";"Коммерческий";"НЧ"
"земляные работы в рыбинске цены";"Профессии / Земляные работы / Рыбинск";"https://dodelay.ru/podrabotka/rybinsk/digger";"Коммерческий";"НЧ"
"земляные работы в рыбинске на дом";"Профессии / Земляные работы / Рыбинск";"https://dodelay.ru/podrabotka/rybinsk/digger";"Коммерческий";"НЧ"
"вызвать землекопа в рыбинске";"Профессии / Земляные работы / Рыбинск";"https://dodelay.ru/podrabotka/rybinsk/digger";"Коммерческий";"НЧ"
"нанять землекопа в рыбинске";"Профессии / Земляные работы / Рыбинск";"https://dodelay.ru/podrabotka/rybinsk/digger";"Коммерческий";"НЧ"
"найти землекопа в рыбинске";"Профессии / Земляные работы / Рыбинск";"https://dodelay.ru/podrabotka/rybinsk/digger";"Коммерческий";"НЧ"
"услуги землекопа в рыбинске";"Профессии / Земляные работы / Рыбинск";"https://dodelay.ru/podrabotka/rybinsk/digger";"Коммерческий";"НЧ"
"земляные работы частник в рыбинске";"Профессии / Земляные работы / Рыбинск";"https://dodelay.ru/podrabotka/rybinsk/digger";"Коммерческий";"НЧ"
"земляные работы без посредников в рыбинске";"Профессии / Земляные работы / Рыбинск";"https://dodelay.ru/podrabotka/rybinsk/digger";"Коммерческий";"НЧ"
"работа земляные работы в рыбинске";"Профессии / Земляные работы / Рыбинск";"https://dodelay.ru/podrabotka/rybinsk/digger";"Вакансия";"СЧ"
"подработка земляные работы в рыбинске";"Профессии / Земляные работы / Рыбинск";"https://dodelay.ru/podrabotka/rybinsk/digger";"Вакансия";"НЧ"
"требуется земляные работы в рыбинске";"Профессии / Земляные работы / Рыбинск";"https://dodelay.ru/podrabotka/rybinsk/digger";"Вакансия";"НЧ"
"вакансия земляные работы в рыбинске";"Профессии / Земляные работы / Рыбинск";"https://dodelay.ru/podrabotka/rybinsk/digger";"Вакансия";"НЧ"
"земляные работы в тутаеве";"Профессии / Земляные работы / Тутаев";"https://dodelay.ru/podrabotka/tutaev/digger";"Коммерческий";"СЧ"
"земляные работы тутаев";"Профессии / Земляные работы / Тутаев";"https://dodelay.ru/podrabotka/tutaev/digger";"Коммерческий";"СЧ"
"земляные работы в тутаеве недорого";"Профессии / Земляные работы / Тутаев";"https://dodelay.ru/podrabotka/tutaev/digger";"Коммерческий";"НЧ"
"земляные работы в тутаеве цены";"Профессии / Земляные работы / Тутаев";"https://dodelay.ru/podrabotka/tutaev/digger";"Коммерческий";"НЧ"
"земляные работы в тутаеве на дом";"Профессии / Земляные работы / Тутаев";"https://dodelay.ru/podrabotka/tutaev/digger";"Коммерческий";"НЧ"
"вызвать землекопа в тутаеве";"Профессии / Земляные работы / Тутаев";"https://dodelay.ru/podrabotka/tutaev/digger";"Коммерческий";"НЧ"
"нанять землекопа в тутаеве";"Профессии / Земляные работы / Тутаев";"https://dodelay.ru/podrabotka/tutaev/digger";"Коммерческий";"НЧ"
"найти землекопа в тутаеве";"Профессии / Земляные работы / Тутаев";"https://dodelay.ru/podrabotka/tutaev/digger";"Коммерческий";"НЧ"
"услуги землекопа в тутаеве";"Профессии / Земляные работы / Тутаев";"https://dodelay.ru/podrabotka/tutaev/digger";"Коммерческий";"НЧ"
"земляные работы частник в тутаеве";"Профессии / Земляные работы / Тутаев";"https://dodelay.ru/podrabotka/tutaev/digger";"Коммерческий";"НЧ"
"земляные работы без посредников в тутаеве";"Профессии / Земляные работы / Тутаев";"https://dodelay.ru/podrabotka/tutaev/digger";"Коммерческий";"НЧ"
"работа земляные работы в тутаеве";"Профессии / Земляные работы / Тутаев";"https://dodelay.ru/podrabotka/tutaev/digger";"Вакансия";"СЧ"
"подработка земляные работы в тутаеве";"Профессии / Земляные работы / Тутаев";"https://dodelay.ru/podrabotka/tutaev/digger";"Вакансия";"НЧ"
"требуется земляные работы в тутаеве";"Профессии / Земляные работы / Тутаев";"https://dodelay.ru/podrabotka/tutaev/digger";"Вакансия";"НЧ"
"вакансия земляные работы в тутаеве";"Профессии / Земляные работы / Тутаев";"https://dodelay.ru/podrabotka/tutaev/digger";"Вакансия";"НЧ"
"земляные работы в переславле-залесском";"Профессии / Земляные работы / Переславль-Залесский";"https://dodelay.ru/podrabotka/pereslavl/digger";"Коммерческий";"СЧ"
"земляные работы переславль-залесский";"Профессии / Земляные работы / Переславль-Залесский";"https://dodelay.ru/podrabotka/pereslavl/digger";"Коммерческий";"СЧ"
"земляные работы в переславле-залесском недорого";"Профессии / Земляные работы / Переславль-Залесский";"https://dodelay.ru/podrabotka/pereslavl/digger";"Коммерческий";"НЧ"
"земляные работы в переславле-залесском цены";"Профессии / Земляные работы / Переславль-Залесский";"https://dodelay.ru/podrabotka/pereslavl/digger";"Коммерческий";"НЧ"
"земляные работы в переславле-залесском на дом";"Профессии / Земляные работы / Переславль-Залесский";"https://dodelay.ru/podrabotka/pereslavl/digger";"Коммерческий";"НЧ"
"вызвать землекопа в переславле-залесском";"Профессии / Земляные работы / Переславль-Залесский";"https://dodelay.ru/podrabotka/pereslavl/digger";"Коммерческий";"НЧ"
"нанять землекопа в переславле-залесском";"Профессии / Земляные работы / Переславль-Залесский";"https://dodelay.ru/podrabotka/pereslavl/digger";"Коммерческий";"НЧ"
"найти землекопа в переславле-залесском";"Профессии / Земляные работы / Переславль-Залесский";"https://dodelay.ru/podrabotka/pereslavl/digger";"Коммерческий";"НЧ"
"услуги землекопа в переславле-залесском";"Профессии / Земляные работы / Переславль-Залесский";"https://dodelay.ru/podrabotka/pereslavl/digger";"Коммерческий";"НЧ"
"земляные работы частник в переславле-залесском";"Профессии / Земляные работы / Переславль-Залесский";"https://dodelay.ru/podrabotka/pereslavl/digger";"Коммерческий";"НЧ"
"земляные работы без посредников в переславле-залесском";"Профессии / Земляные работы / Переславль-Залесский";"https://dodelay.ru/podrabotka/pereslavl/digger";"Коммерческий";"НЧ"
"работа земляные работы в переславле-залесском";"Профессии / Земляные работы / Переславль-Залесский";"https://dodelay.ru/podrabotka/pereslavl/digger";"Вакансия";"СЧ"
"подработка земляные работы в переславле-залесском";"Профессии / Земляные работы / Переславль-Залесский";"https://dodelay.ru/podrabotka/pereslavl/digger";"Вакансия";"НЧ"
"требуется земляные работы в переславле-залесском";"Профессии / Земляные работы / Переславль-Залесский";"https://dodelay.ru/podrabotka/pereslavl/digger";"Вакансия";"НЧ"
"вакансия земляные работы в переславле-залесском";"Профессии / Земляные работы / Переславль-Залесский";"https://dodelay.ru/podrabotka/pereslavl/digger";"Вакансия";"НЧ"
"земляные работы в угличе";"Профессии / Земляные работы / Углич";"https://dodelay.ru/podrabotka/uglich/digger";"Коммерческий";"СЧ"
"земляные работы углич";"Профессии / Земляные работы / Углич";"https://dodelay.ru/podrabotka/uglich/digger";"Коммерческий";"СЧ"
"земляные работы в угличе недорого";"Профессии / Земляные работы / Углич";"https://dodelay.ru/podrabotka/uglich/digger";"Коммерческий";"НЧ"
"земляные работы в угличе цены";"Профессии / Земляные работы / Углич";"https://dodelay.ru/podrabotka/uglich/digger";"Коммерческий";"НЧ"
"земляные работы в угличе на дом";"Профессии / Земляные работы / Углич";"https://dodelay.ru/podrabotka/uglich/digger";"Коммерческий";"НЧ"
"вызвать землекопа в угличе";"Профессии / Земляные работы / Углич";"https://dodelay.ru/podrabotka/uglich/digger";"Коммерческий";"НЧ"
"нанять землекопа в угличе";"Профессии / Земляные работы / Углич";"https://dodelay.ru/podrabotka/uglich/digger";"Коммерческий";"НЧ"
"найти землекопа в угличе";"Профессии / Земляные работы / Углич";"https://dodelay.ru/podrabotka/uglich/digger";"Коммерческий";"НЧ"
"услуги землекопа в угличе";"Профессии / Земляные работы / Углич";"https://dodelay.ru/podrabotka/uglich/digger";"Коммерческий";"НЧ"
"земляные работы частник в угличе";"Профессии / Земляные работы / Углич";"https://dodelay.ru/podrabotka/uglich/digger";"Коммерческий";"НЧ"
"земляные работы без посредников в угличе";"Профессии / Земляные работы / Углич";"https://dodelay.ru/podrabotka/uglich/digger";"Коммерческий";"НЧ"
"работа земляные работы в угличе";"Профессии / Земляные работы / Углич";"https://dodelay.ru/podrabotka/uglich/digger";"Вакансия";"СЧ"
"подработка земляные работы в угличе";"Профессии / Земляные работы / Углич";"https://dodelay.ru/podrabotka/uglich/digger";"Вакансия";"НЧ"
"требуется земляные работы в угличе";"Профессии / Земляные работы / Углич";"https://dodelay.ru/podrabotka/uglich/digger";"Вакансия";"НЧ"
"вакансия земляные работы в угличе";"Профессии / Земляные работы / Углич";"https://dodelay.ru/podrabotka/uglich/digger";"Вакансия";"НЧ"
"земляные работы в ростове великом";"Профессии / Земляные работы / Ростов Великий";"https://dodelay.ru/podrabotka/rostov/digger";"Коммерческий";"СЧ"
"земляные работы ростов великий";"Профессии / Земляные работы / Ростов Великий";"https://dodelay.ru/podrabotka/rostov/digger";"Коммерческий";"СЧ"
"земляные работы в ростове великом недорого";"Профессии / Земляные работы / Ростов Великий";"https://dodelay.ru/podrabotka/rostov/digger";"Коммерческий";"НЧ"
"земляные работы в ростове великом цены";"Профессии / Земляные работы / Ростов Великий";"https://dodelay.ru/podrabotka/rostov/digger";"Коммерческий";"НЧ"
"земляные работы в ростове великом на дом";"Профессии / Земляные работы / Ростов Великий";"https://dodelay.ru/podrabotka/rostov/digger";"Коммерческий";"НЧ"
"вызвать землекопа в ростове великом";"Профессии / Земляные работы / Ростов Великий";"https://dodelay.ru/podrabotka/rostov/digger";"Коммерческий";"НЧ"
"нанять землекопа в ростове великом";"Профессии / Земляные работы / Ростов Великий";"https://dodelay.ru/podrabotka/rostov/digger";"Коммерческий";"НЧ"
"найти землекопа в ростове великом";"Профессии / Земляные работы / Ростов Великий";"https://dodelay.ru/podrabotka/rostov/digger";"Коммерческий";"НЧ"
"услуги землекопа в ростове великом";"Профессии / Земляные работы / Ростов Великий";"https://dodelay.ru/podrabotka/rostov/digger";"Коммерческий";"НЧ"
"земляные работы частник в ростове великом";"Профессии / Земляные работы / Ростов Великий";"https://dodelay.ru/podrabotka/rostov/digger";"Коммерческий";"НЧ"
"земляные работы без посредников в ростове великом";"Профессии / Земляные работы / Ростов Великий";"https://dodelay.ru/podrabotka/rostov/digger";"Коммерческий";"НЧ"
"работа земляные работы в ростове великом";"Профессии / Земляные работы / Ростов Великий";"https://dodelay.ru/podrabotka/rostov/digger";"Вакансия";"СЧ"
"подработка земляные работы в ростове великом";"Профессии / Земляные работы / Ростов Великий";"https://dodelay.ru/podrabotka/rostov/digger";"Вакансия";"НЧ"
"требуется земляные работы в ростове великом";"Профессии / Земляные работы / Ростов Великий";"https://dodelay.ru/podrabotka/rostov/digger";"Вакансия";"НЧ"
"вакансия земляные работы в ростове великом";"Профессии / Земляные работы / Ростов Великий";"https://dodelay.ru/podrabotka/rostov/digger";"Вакансия";"НЧ"
"траншея";"Профессии / Земляные работы / Задачи";"https://dodelay.ru/podrabotka/yaroslavl/digger";"Инфо";"НЧ"
"сколько стоит траншея";"Профессии / Земляные работы / Задачи";"https://dodelay.ru/podrabotka/yaroslavl/digger";"Инфо";"НЧ"
"яма под септик в ярославле";"Профессии / Земляные работы / Задачи";"https://dodelay.ru/podrabotka/yaroslavl/digger";"Инфо";"НЧ"
"яма под септик цена";"Профессии / Земляные работы / Задачи";"https://dodelay.ru/podrabotka/yaroslavl/digger";"Инфо";"НЧ"
"сколько стоит яма под септик";"Профессии / Земляные работы / Задачи";"https://dodelay.ru/podrabotka/yaroslavl/digger";"Инфо";"НЧ"
"копка вручную";"Профессии / Земляные работы / Задачи";"https://dodelay.ru/podrabotka/yaroslavl/digger";"Инфо";"НЧ"
"сколько стоит копка вручную";"Профессии / Земляные работы / Задачи";"https://dodelay.ru/podrabotka/yaroslavl/digger";"Инфо";"НЧ"
"планировка участка";"Профессии / Земляные работы / Задачи";"https://dodelay.ru/podrabotka/yaroslavl/digger";"Инфо";"НЧ"
"сколько стоит планировка участка";"Профессии / Земляные работы / Задачи";"https://dodelay.ru/podrabotka/yaroslavl/digger";"Инфо";"НЧ"
"заборы и ограждения в ярославле";"Профессии / Заборы и ограждения / Ярославль";"https://dodelay.ru/podrabotka/yaroslavl/fencing";"Коммерческий";"СЧ"
"заборы и ограждения ярославль";"Профессии / Заборы и ограждения / Ярославль";"https://dodelay.ru/podrabotka/yaroslavl/fencing";"Коммерческий";"СЧ"
"заборы и ограждения в ярославле недорого";"Профессии / Заборы и ограждения / Ярославль";"https://dodelay.ru/podrabotka/yaroslavl/fencing";"Коммерческий";"НЧ"
"заборы и ограждения в ярославле цены";"Профессии / Заборы и ограждения / Ярославль";"https://dodelay.ru/podrabotka/yaroslavl/fencing";"Коммерческий";"НЧ"
"заборы и ограждения в ярославле на дом";"Профессии / Заборы и ограждения / Ярославль";"https://dodelay.ru/podrabotka/yaroslavl/fencing";"Коммерческий";"НЧ"
"вызвать мастера по заборам в ярославле";"Профессии / Заборы и ограждения / Ярославль";"https://dodelay.ru/podrabotka/yaroslavl/fencing";"Коммерческий";"НЧ"
"нанять мастера по заборам в ярославле";"Профессии / Заборы и ограждения / Ярославль";"https://dodelay.ru/podrabotka/yaroslavl/fencing";"Коммерческий";"НЧ"
"найти мастера по заборам в ярославле";"Профессии / Заборы и ограждения / Ярославль";"https://dodelay.ru/podrabotka/yaroslavl/fencing";"Коммерческий";"НЧ"
"услуги мастера по заборам в ярославле";"Профессии / Заборы и ограждения / Ярославль";"https://dodelay.ru/podrabotka/yaroslavl/fencing";"Коммерческий";"НЧ"
"заборы и ограждения частник в ярославле";"Профессии / Заборы и ограждения / Ярославль";"https://dodelay.ru/podrabotka/yaroslavl/fencing";"Коммерческий";"НЧ"
"заборы и ограждения без посредников в ярославле";"Профессии / Заборы и ограждения / Ярославль";"https://dodelay.ru/podrabotka/yaroslavl/fencing";"Коммерческий";"НЧ"
"работа заборы и ограждения в ярославле";"Профессии / Заборы и ограждения / Ярославль";"https://dodelay.ru/podrabotka/yaroslavl/fencing";"Вакансия";"СЧ"
"подработка заборы и ограждения в ярославле";"Профессии / Заборы и ограждения / Ярославль";"https://dodelay.ru/podrabotka/yaroslavl/fencing";"Вакансия";"НЧ"
"требуется заборы и ограждения в ярославле";"Профессии / Заборы и ограждения / Ярославль";"https://dodelay.ru/podrabotka/yaroslavl/fencing";"Вакансия";"НЧ"
"вакансия заборы и ограждения в ярославле";"Профессии / Заборы и ограждения / Ярославль";"https://dodelay.ru/podrabotka/yaroslavl/fencing";"Вакансия";"НЧ"
"заборы и ограждения в рыбинске";"Профессии / Заборы и ограждения / Рыбинск";"https://dodelay.ru/podrabotka/rybinsk/fencing";"Коммерческий";"СЧ"
"заборы и ограждения рыбинск";"Профессии / Заборы и ограждения / Рыбинск";"https://dodelay.ru/podrabotka/rybinsk/fencing";"Коммерческий";"СЧ"
"заборы и ограждения в рыбинске недорого";"Профессии / Заборы и ограждения / Рыбинск";"https://dodelay.ru/podrabotka/rybinsk/fencing";"Коммерческий";"НЧ"
"заборы и ограждения в рыбинске цены";"Профессии / Заборы и ограждения / Рыбинск";"https://dodelay.ru/podrabotka/rybinsk/fencing";"Коммерческий";"НЧ"
"заборы и ограждения в рыбинске на дом";"Профессии / Заборы и ограждения / Рыбинск";"https://dodelay.ru/podrabotka/rybinsk/fencing";"Коммерческий";"НЧ"
"вызвать мастера по заборам в рыбинске";"Профессии / Заборы и ограждения / Рыбинск";"https://dodelay.ru/podrabotka/rybinsk/fencing";"Коммерческий";"НЧ"
"нанять мастера по заборам в рыбинске";"Профессии / Заборы и ограждения / Рыбинск";"https://dodelay.ru/podrabotka/rybinsk/fencing";"Коммерческий";"НЧ"
"найти мастера по заборам в рыбинске";"Профессии / Заборы и ограждения / Рыбинск";"https://dodelay.ru/podrabotka/rybinsk/fencing";"Коммерческий";"НЧ"
"услуги мастера по заборам в рыбинске";"Профессии / Заборы и ограждения / Рыбинск";"https://dodelay.ru/podrabotka/rybinsk/fencing";"Коммерческий";"НЧ"
"заборы и ограждения частник в рыбинске";"Профессии / Заборы и ограждения / Рыбинск";"https://dodelay.ru/podrabotka/rybinsk/fencing";"Коммерческий";"НЧ"
"заборы и ограждения без посредников в рыбинске";"Профессии / Заборы и ограждения / Рыбинск";"https://dodelay.ru/podrabotka/rybinsk/fencing";"Коммерческий";"НЧ"
"работа заборы и ограждения в рыбинске";"Профессии / Заборы и ограждения / Рыбинск";"https://dodelay.ru/podrabotka/rybinsk/fencing";"Вакансия";"СЧ"
"подработка заборы и ограждения в рыбинске";"Профессии / Заборы и ограждения / Рыбинск";"https://dodelay.ru/podrabotka/rybinsk/fencing";"Вакансия";"НЧ"
"требуется заборы и ограждения в рыбинске";"Профессии / Заборы и ограждения / Рыбинск";"https://dodelay.ru/podrabotka/rybinsk/fencing";"Вакансия";"НЧ"
"вакансия заборы и ограждения в рыбинске";"Профессии / Заборы и ограждения / Рыбинск";"https://dodelay.ru/podrabotka/rybinsk/fencing";"Вакансия";"НЧ"
"заборы и ограждения в тутаеве";"Профессии / Заборы и ограждения / Тутаев";"https://dodelay.ru/podrabotka/tutaev/fencing";"Коммерческий";"СЧ"
"заборы и ограждения тутаев";"Профессии / Заборы и ограждения / Тутаев";"https://dodelay.ru/podrabotka/tutaev/fencing";"Коммерческий";"СЧ"
"заборы и ограждения в тутаеве недорого";"Профессии / Заборы и ограждения / Тутаев";"https://dodelay.ru/podrabotka/tutaev/fencing";"Коммерческий";"НЧ"
"заборы и ограждения в тутаеве цены";"Профессии / Заборы и ограждения / Тутаев";"https://dodelay.ru/podrabotka/tutaev/fencing";"Коммерческий";"НЧ"
"заборы и ограждения в тутаеве на дом";"Профессии / Заборы и ограждения / Тутаев";"https://dodelay.ru/podrabotka/tutaev/fencing";"Коммерческий";"НЧ"
"вызвать мастера по заборам в тутаеве";"Профессии / Заборы и ограждения / Тутаев";"https://dodelay.ru/podrabotka/tutaev/fencing";"Коммерческий";"НЧ"
"нанять мастера по заборам в тутаеве";"Профессии / Заборы и ограждения / Тутаев";"https://dodelay.ru/podrabotka/tutaev/fencing";"Коммерческий";"НЧ"
"найти мастера по заборам в тутаеве";"Профессии / Заборы и ограждения / Тутаев";"https://dodelay.ru/podrabotka/tutaev/fencing";"Коммерческий";"НЧ"
"услуги мастера по заборам в тутаеве";"Профессии / Заборы и ограждения / Тутаев";"https://dodelay.ru/podrabotka/tutaev/fencing";"Коммерческий";"НЧ"
"заборы и ограждения частник в тутаеве";"Профессии / Заборы и ограждения / Тутаев";"https://dodelay.ru/podrabotka/tutaev/fencing";"Коммерческий";"НЧ"
"заборы и ограждения без посредников в тутаеве";"Профессии / Заборы и ограждения / Тутаев";"https://dodelay.ru/podrabotka/tutaev/fencing";"Коммерческий";"НЧ"
"работа заборы и ограждения в тутаеве";"Профессии / Заборы и ограждения / Тутаев";"https://dodelay.ru/podrabotka/tutaev/fencing";"Вакансия";"СЧ"
"подработка заборы и ограждения в тутаеве";"Профессии / Заборы и ограждения / Тутаев";"https://dodelay.ru/podrabotka/tutaev/fencing";"Вакансия";"НЧ"
"требуется заборы и ограждения в тутаеве";"Профессии / Заборы и ограждения / Тутаев";"https://dodelay.ru/podrabotka/tutaev/fencing";"Вакансия";"НЧ"
"вакансия заборы и ограждения в тутаеве";"Профессии / Заборы и ограждения / Тутаев";"https://dodelay.ru/podrabotka/tutaev/fencing";"Вакансия";"НЧ"
"заборы и ограждения в переславле-залесском";"Профессии / Заборы и ограждения / Переславль-Залесский";"https://dodelay.ru/podrabotka/pereslavl/fencing";"Коммерческий";"СЧ"
"заборы и ограждения переславль-залесский";"Профессии / Заборы и ограждения / Переславль-Залесский";"https://dodelay.ru/podrabotka/pereslavl/fencing";"Коммерческий";"СЧ"
"заборы и ограждения в переславле-залесском недорого";"Профессии / Заборы и ограждения / Переславль-Залесский";"https://dodelay.ru/podrabotka/pereslavl/fencing";"Коммерческий";"НЧ"
"заборы и ограждения в переславле-залесском цены";"Профессии / Заборы и ограждения / Переславль-Залесский";"https://dodelay.ru/podrabotka/pereslavl/fencing";"Коммерческий";"НЧ"
"заборы и ограждения в переславле-залесском на дом";"Профессии / Заборы и ограждения / Переславль-Залесский";"https://dodelay.ru/podrabotka/pereslavl/fencing";"Коммерческий";"НЧ"
"вызвать мастера по заборам в переславле-залесском";"Профессии / Заборы и ограждения / Переславль-Залесский";"https://dodelay.ru/podrabotka/pereslavl/fencing";"Коммерческий";"НЧ"
"нанять мастера по заборам в переславле-залесском";"Профессии / Заборы и ограждения / Переславль-Залесский";"https://dodelay.ru/podrabotka/pereslavl/fencing";"Коммерческий";"НЧ"
"найти мастера по заборам в переславле-залесском";"Профессии / Заборы и ограждения / Переславль-Залесский";"https://dodelay.ru/podrabotka/pereslavl/fencing";"Коммерческий";"НЧ"
"услуги мастера по заборам в переславле-залесском";"Профессии / Заборы и ограждения / Переславль-Залесский";"https://dodelay.ru/podrabotka/pereslavl/fencing";"Коммерческий";"НЧ"
"заборы и ограждения частник в переславле-залесском";"Профессии / Заборы и ограждения / Переславль-Залесский";"https://dodelay.ru/podrabotka/pereslavl/fencing";"Коммерческий";"НЧ"
"заборы и ограждения без посредников в переславле-залесском";"Профессии / Заборы и ограждения / Переславль-Залесский";"https://dodelay.ru/podrabotka/pereslavl/fencing";"Коммерческий";"НЧ"
"работа заборы и ограждения в переславле-залесском";"Профессии / Заборы и ограждения / Переславль-Залесский";"https://dodelay.ru/podrabotka/pereslavl/fencing";"Вакансия";"СЧ"
"подработка заборы и ограждения в переславле-залесском";"Профессии / Заборы и ограждения / Переславль-Залесский";"https://dodelay.ru/podrabotka/pereslavl/fencing";"Вакансия";"НЧ"
"требуется заборы и ограждения в переславле-залесском";"Профессии / Заборы и ограждения / Переславль-Залесский";"https://dodelay.ru/podrabotka/pereslavl/fencing";"Вакансия";"НЧ"
"вакансия заборы и ограждения в переславле-залесском";"Профессии / Заборы и ограждения / Переславль-Залесский";"https://dodelay.ru/podrabotka/pereslavl/fencing";"Вакансия";"НЧ"
"заборы и ограждения в угличе";"Профессии / Заборы и ограждения / Углич";"https://dodelay.ru/podrabotka/uglich/fencing";"Коммерческий";"СЧ"
"заборы и ограждения углич";"Профессии / Заборы и ограждения / Углич";"https://dodelay.ru/podrabotka/uglich/fencing";"Коммерческий";"СЧ"
"заборы и ограждения в угличе недорого";"Профессии / Заборы и ограждения / Углич";"https://dodelay.ru/podrabotka/uglich/fencing";"Коммерческий";"НЧ"
"заборы и ограждения в угличе цены";"Профессии / Заборы и ограждения / Углич";"https://dodelay.ru/podrabotka/uglich/fencing";"Коммерческий";"НЧ"
"заборы и ограждения в угличе на дом";"Профессии / Заборы и ограждения / Углич";"https://dodelay.ru/podrabotka/uglich/fencing";"Коммерческий";"НЧ"
"вызвать мастера по заборам в угличе";"Профессии / Заборы и ограждения / Углич";"https://dodelay.ru/podrabotka/uglich/fencing";"Коммерческий";"НЧ"
"нанять мастера по заборам в угличе";"Профессии / Заборы и ограждения / Углич";"https://dodelay.ru/podrabotka/uglich/fencing";"Коммерческий";"НЧ"
"найти мастера по заборам в угличе";"Профессии / Заборы и ограждения / Углич";"https://dodelay.ru/podrabotka/uglich/fencing";"Коммерческий";"НЧ"
"услуги мастера по заборам в угличе";"Профессии / Заборы и ограждения / Углич";"https://dodelay.ru/podrabotka/uglich/fencing";"Коммерческий";"НЧ"
"заборы и ограждения частник в угличе";"Профессии / Заборы и ограждения / Углич";"https://dodelay.ru/podrabotka/uglich/fencing";"Коммерческий";"НЧ"
"заборы и ограждения без посредников в угличе";"Профессии / Заборы и ограждения / Углич";"https://dodelay.ru/podrabotka/uglich/fencing";"Коммерческий";"НЧ"
"работа заборы и ограждения в угличе";"Профессии / Заборы и ограждения / Углич";"https://dodelay.ru/podrabotka/uglich/fencing";"Вакансия";"СЧ"
"подработка заборы и ограждения в угличе";"Профессии / Заборы и ограждения / Углич";"https://dodelay.ru/podrabotka/uglich/fencing";"Вакансия";"НЧ"
"требуется заборы и ограждения в угличе";"Профессии / Заборы и ограждения / Углич";"https://dodelay.ru/podrabotka/uglich/fencing";"Вакансия";"НЧ"
"вакансия заборы и ограждения в угличе";"Профессии / Заборы и ограждения / Углич";"https://dodelay.ru/podrabotka/uglich/fencing";"Вакансия";"НЧ"
"заборы и ограждения в ростове великом";"Профессии / Заборы и ограждения / Ростов Великий";"https://dodelay.ru/podrabotka/rostov/fencing";"Коммерческий";"СЧ"
"заборы и ограждения ростов великий";"Профессии / Заборы и ограждения / Ростов Великий";"https://dodelay.ru/podrabotka/rostov/fencing";"Коммерческий";"СЧ"
"заборы и ограждения в ростове великом недорого";"Профессии / Заборы и ограждения / Ростов Великий";"https://dodelay.ru/podrabotka/rostov/fencing";"Коммерческий";"НЧ"
"заборы и ограждения в ростове великом цены";"Профессии / Заборы и ограждения / Ростов Великий";"https://dodelay.ru/podrabotka/rostov/fencing";"Коммерческий";"НЧ"
"заборы и ограждения в ростове великом на дом";"Профессии / Заборы и ограждения / Ростов Великий";"https://dodelay.ru/podrabotka/rostov/fencing";"Коммерческий";"НЧ"
"вызвать мастера по заборам в ростове великом";"Профессии / Заборы и ограждения / Ростов Великий";"https://dodelay.ru/podrabotka/rostov/fencing";"Коммерческий";"НЧ"
"нанять мастера по заборам в ростове великом";"Профессии / Заборы и ограждения / Ростов Великий";"https://dodelay.ru/podrabotka/rostov/fencing";"Коммерческий";"НЧ"
"найти мастера по заборам в ростове великом";"Профессии / Заборы и ограждения / Ростов Великий";"https://dodelay.ru/podrabotka/rostov/fencing";"Коммерческий";"НЧ"
"услуги мастера по заборам в ростове великом";"Профессии / Заборы и ограждения / Ростов Великий";"https://dodelay.ru/podrabotka/rostov/fencing";"Коммерческий";"НЧ"
"заборы и ограждения частник в ростове великом";"Профессии / Заборы и ограждения / Ростов Великий";"https://dodelay.ru/podrabotka/rostov/fencing";"Коммерческий";"НЧ"
"заборы и ограждения без посредников в ростове великом";"Профессии / Заборы и ограждения / Ростов Великий";"https://dodelay.ru/podrabotka/rostov/fencing";"Коммерческий";"НЧ"
"работа заборы и ограждения в ростове великом";"Профессии / Заборы и ограждения / Ростов Великий";"https://dodelay.ru/podrabotka/rostov/fencing";"Вакансия";"СЧ"
"подработка заборы и ограждения в ростове великом";"Профессии / Заборы и ограждения / Ростов Великий";"https://dodelay.ru/podrabotka/rostov/fencing";"Вакансия";"НЧ"
"требуется заборы и ограждения в ростове великом";"Профессии / Заборы и ограждения / Ростов Великий";"https://dodelay.ru/podrabotka/rostov/fencing";"Вакансия";"НЧ"
"вакансия заборы и ограждения в ростове великом";"Профессии / Заборы и ограждения / Ростов Великий";"https://dodelay.ru/podrabotka/rostov/fencing";"Вакансия";"НЧ"
"забор из профлиста";"Профессии / Заборы и ограждения / Задачи";"https://dodelay.ru/podrabotka/yaroslavl/fencing";"Инфо";"НЧ"
"сколько стоит забор из профлиста";"Профессии / Заборы и ограждения / Задачи";"https://dodelay.ru/podrabotka/yaroslavl/fencing";"Инфо";"НЧ"
"забор из сетки";"Профессии / Заборы и ограждения / Задачи";"https://dodelay.ru/podrabotka/yaroslavl/fencing";"Инфо";"НЧ"
"сколько стоит забор из сетки";"Профессии / Заборы и ограждения / Задачи";"https://dodelay.ru/podrabotka/yaroslavl/fencing";"Инфо";"НЧ"
"установка столба в ярославле";"Профессии / Заборы и ограждения / Задачи";"https://dodelay.ru/podrabotka/yaroslavl/fencing";"Инфо";"НЧ"
"установка столба цена";"Профессии / Заборы и ограждения / Задачи";"https://dodelay.ru/podrabotka/yaroslavl/fencing";"Инфо";"НЧ"
"сколько стоит установка столба";"Профессии / Заборы и ограждения / Задачи";"https://dodelay.ru/podrabotka/yaroslavl/fencing";"Инфо";"НЧ"
"калитка с установкой в ярославле";"Профессии / Заборы и ограждения / Задачи";"https://dodelay.ru/podrabotka/yaroslavl/fencing";"Инфо";"НЧ"
"калитка с установкой цена";"Профессии / Заборы и ограждения / Задачи";"https://dodelay.ru/podrabotka/yaroslavl/fencing";"Инфо";"НЧ"
"сколько стоит калитка с установкой";"Профессии / Заборы и ограждения / Задачи";"https://dodelay.ru/podrabotka/yaroslavl/fencing";"Инфо";"НЧ"
"бани и беседки в ярославле";"Профессии / Бани и беседки / Ярославль";"https://dodelay.ru/podrabotka/yaroslavl/bathhouse";"Коммерческий";"СЧ"
"бани и беседки ярославль";"Профессии / Бани и беседки / Ярославль";"https://dodelay.ru/podrabotka/yaroslavl/bathhouse";"Коммерческий";"СЧ"
"бани и беседки в ярославле недорого";"Профессии / Бани и беседки / Ярославль";"https://dodelay.ru/podrabotka/yaroslavl/bathhouse";"Коммерческий";"НЧ"
"бани и беседки в ярославле цены";"Профессии / Бани и беседки / Ярославль";"https://dodelay.ru/podrabotka/yaroslavl/bathhouse";"Коммерческий";"НЧ"
"бани и беседки в ярославле на дом";"Профессии / Бани и беседки / Ярославль";"https://dodelay.ru/podrabotka/yaroslavl/bathhouse";"Коммерческий";"НЧ"
"вызвать мастера по баням в ярославле";"Профессии / Бани и беседки / Ярославль";"https://dodelay.ru/podrabotka/yaroslavl/bathhouse";"Коммерческий";"НЧ"
"нанять мастера по баням в ярославле";"Профессии / Бани и беседки / Ярославль";"https://dodelay.ru/podrabotka/yaroslavl/bathhouse";"Коммерческий";"НЧ"
"найти мастера по баням в ярославле";"Профессии / Бани и беседки / Ярославль";"https://dodelay.ru/podrabotka/yaroslavl/bathhouse";"Коммерческий";"НЧ"
"услуги мастера по баням в ярославле";"Профессии / Бани и беседки / Ярославль";"https://dodelay.ru/podrabotka/yaroslavl/bathhouse";"Коммерческий";"НЧ"
"бани и беседки частник в ярославле";"Профессии / Бани и беседки / Ярославль";"https://dodelay.ru/podrabotka/yaroslavl/bathhouse";"Коммерческий";"НЧ"
"бани и беседки без посредников в ярославле";"Профессии / Бани и беседки / Ярославль";"https://dodelay.ru/podrabotka/yaroslavl/bathhouse";"Коммерческий";"НЧ"
"работа бани и беседки в ярославле";"Профессии / Бани и беседки / Ярославль";"https://dodelay.ru/podrabotka/yaroslavl/bathhouse";"Вакансия";"СЧ"
"подработка бани и беседки в ярославле";"Профессии / Бани и беседки / Ярославль";"https://dodelay.ru/podrabotka/yaroslavl/bathhouse";"Вакансия";"НЧ"
"требуется бани и беседки в ярославле";"Профессии / Бани и беседки / Ярославль";"https://dodelay.ru/podrabotka/yaroslavl/bathhouse";"Вакансия";"НЧ"
"вакансия бани и беседки в ярославле";"Профессии / Бани и беседки / Ярославль";"https://dodelay.ru/podrabotka/yaroslavl/bathhouse";"Вакансия";"НЧ"
"бани и беседки в рыбинске";"Профессии / Бани и беседки / Рыбинск";"https://dodelay.ru/podrabotka/rybinsk/bathhouse";"Коммерческий";"СЧ"
"бани и беседки рыбинск";"Профессии / Бани и беседки / Рыбинск";"https://dodelay.ru/podrabotka/rybinsk/bathhouse";"Коммерческий";"СЧ"
"бани и беседки в рыбинске недорого";"Профессии / Бани и беседки / Рыбинск";"https://dodelay.ru/podrabotka/rybinsk/bathhouse";"Коммерческий";"НЧ"
"бани и беседки в рыбинске цены";"Профессии / Бани и беседки / Рыбинск";"https://dodelay.ru/podrabotka/rybinsk/bathhouse";"Коммерческий";"НЧ"
"бани и беседки в рыбинске на дом";"Профессии / Бани и беседки / Рыбинск";"https://dodelay.ru/podrabotka/rybinsk/bathhouse";"Коммерческий";"НЧ"
"вызвать мастера по баням в рыбинске";"Профессии / Бани и беседки / Рыбинск";"https://dodelay.ru/podrabotka/rybinsk/bathhouse";"Коммерческий";"НЧ"
"нанять мастера по баням в рыбинске";"Профессии / Бани и беседки / Рыбинск";"https://dodelay.ru/podrabotka/rybinsk/bathhouse";"Коммерческий";"НЧ"
"найти мастера по баням в рыбинске";"Профессии / Бани и беседки / Рыбинск";"https://dodelay.ru/podrabotka/rybinsk/bathhouse";"Коммерческий";"НЧ"
"услуги мастера по баням в рыбинске";"Профессии / Бани и беседки / Рыбинск";"https://dodelay.ru/podrabotka/rybinsk/bathhouse";"Коммерческий";"НЧ"
"бани и беседки частник в рыбинске";"Профессии / Бани и беседки / Рыбинск";"https://dodelay.ru/podrabotka/rybinsk/bathhouse";"Коммерческий";"НЧ"
"бани и беседки без посредников в рыбинске";"Профессии / Бани и беседки / Рыбинск";"https://dodelay.ru/podrabotka/rybinsk/bathhouse";"Коммерческий";"НЧ"
"работа бани и беседки в рыбинске";"Профессии / Бани и беседки / Рыбинск";"https://dodelay.ru/podrabotka/rybinsk/bathhouse";"Вакансия";"СЧ"
"подработка бани и беседки в рыбинске";"Профессии / Бани и беседки / Рыбинск";"https://dodelay.ru/podrabotka/rybinsk/bathhouse";"Вакансия";"НЧ"
"требуется бани и беседки в рыбинске";"Профессии / Бани и беседки / Рыбинск";"https://dodelay.ru/podrabotka/rybinsk/bathhouse";"Вакансия";"НЧ"
"вакансия бани и беседки в рыбинске";"Профессии / Бани и беседки / Рыбинск";"https://dodelay.ru/podrabotka/rybinsk/bathhouse";"Вакансия";"НЧ"
"бани и беседки в тутаеве";"Профессии / Бани и беседки / Тутаев";"https://dodelay.ru/podrabotka/tutaev/bathhouse";"Коммерческий";"СЧ"
"бани и беседки тутаев";"Профессии / Бани и беседки / Тутаев";"https://dodelay.ru/podrabotka/tutaev/bathhouse";"Коммерческий";"СЧ"
"бани и беседки в тутаеве недорого";"Профессии / Бани и беседки / Тутаев";"https://dodelay.ru/podrabotka/tutaev/bathhouse";"Коммерческий";"НЧ"
"бани и беседки в тутаеве цены";"Профессии / Бани и беседки / Тутаев";"https://dodelay.ru/podrabotka/tutaev/bathhouse";"Коммерческий";"НЧ"
"бани и беседки в тутаеве на дом";"Профессии / Бани и беседки / Тутаев";"https://dodelay.ru/podrabotka/tutaev/bathhouse";"Коммерческий";"НЧ"
"вызвать мастера по баням в тутаеве";"Профессии / Бани и беседки / Тутаев";"https://dodelay.ru/podrabotka/tutaev/bathhouse";"Коммерческий";"НЧ"
"нанять мастера по баням в тутаеве";"Профессии / Бани и беседки / Тутаев";"https://dodelay.ru/podrabotka/tutaev/bathhouse";"Коммерческий";"НЧ"
"найти мастера по баням в тутаеве";"Профессии / Бани и беседки / Тутаев";"https://dodelay.ru/podrabotka/tutaev/bathhouse";"Коммерческий";"НЧ"
"услуги мастера по баням в тутаеве";"Профессии / Бани и беседки / Тутаев";"https://dodelay.ru/podrabotka/tutaev/bathhouse";"Коммерческий";"НЧ"
"бани и беседки частник в тутаеве";"Профессии / Бани и беседки / Тутаев";"https://dodelay.ru/podrabotka/tutaev/bathhouse";"Коммерческий";"НЧ"
"бани и беседки без посредников в тутаеве";"Профессии / Бани и беседки / Тутаев";"https://dodelay.ru/podrabotka/tutaev/bathhouse";"Коммерческий";"НЧ"
"работа бани и беседки в тутаеве";"Профессии / Бани и беседки / Тутаев";"https://dodelay.ru/podrabotka/tutaev/bathhouse";"Вакансия";"СЧ"
"подработка бани и беседки в тутаеве";"Профессии / Бани и беседки / Тутаев";"https://dodelay.ru/podrabotka/tutaev/bathhouse";"Вакансия";"НЧ"
"требуется бани и беседки в тутаеве";"Профессии / Бани и беседки / Тутаев";"https://dodelay.ru/podrabotka/tutaev/bathhouse";"Вакансия";"НЧ"
"вакансия бани и беседки в тутаеве";"Профессии / Бани и беседки / Тутаев";"https://dodelay.ru/podrabotka/tutaev/bathhouse";"Вакансия";"НЧ"
"бани и беседки в переславле-залесском";"Профессии / Бани и беседки / Переславль-Залесский";"https://dodelay.ru/podrabotka/pereslavl/bathhouse";"Коммерческий";"СЧ"
"бани и беседки переславль-залесский";"Профессии / Бани и беседки / Переславль-Залесский";"https://dodelay.ru/podrabotka/pereslavl/bathhouse";"Коммерческий";"СЧ"
"бани и беседки в переславле-залесском недорого";"Профессии / Бани и беседки / Переславль-Залесский";"https://dodelay.ru/podrabotka/pereslavl/bathhouse";"Коммерческий";"НЧ"
"бани и беседки в переславле-залесском цены";"Профессии / Бани и беседки / Переславль-Залесский";"https://dodelay.ru/podrabotka/pereslavl/bathhouse";"Коммерческий";"НЧ"
"бани и беседки в переславле-залесском на дом";"Профессии / Бани и беседки / Переславль-Залесский";"https://dodelay.ru/podrabotka/pereslavl/bathhouse";"Коммерческий";"НЧ"
"вызвать мастера по баням в переславле-залесском";"Профессии / Бани и беседки / Переславль-Залесский";"https://dodelay.ru/podrabotka/pereslavl/bathhouse";"Коммерческий";"НЧ"
"нанять мастера по баням в переславле-залесском";"Профессии / Бани и беседки / Переславль-Залесский";"https://dodelay.ru/podrabotka/pereslavl/bathhouse";"Коммерческий";"НЧ"
"найти мастера по баням в переславле-залесском";"Профессии / Бани и беседки / Переславль-Залесский";"https://dodelay.ru/podrabotka/pereslavl/bathhouse";"Коммерческий";"НЧ"
"услуги мастера по баням в переславле-залесском";"Профессии / Бани и беседки / Переславль-Залесский";"https://dodelay.ru/podrabotka/pereslavl/bathhouse";"Коммерческий";"НЧ"
"бани и беседки частник в переславле-залесском";"Профессии / Бани и беседки / Переславль-Залесский";"https://dodelay.ru/podrabotka/pereslavl/bathhouse";"Коммерческий";"НЧ"
"бани и беседки без посредников в переславле-залесском";"Профессии / Бани и беседки / Переславль-Залесский";"https://dodelay.ru/podrabotka/pereslavl/bathhouse";"Коммерческий";"НЧ"
"работа бани и беседки в переславле-залесском";"Профессии / Бани и беседки / Переславль-Залесский";"https://dodelay.ru/podrabotka/pereslavl/bathhouse";"Вакансия";"СЧ"
"подработка бани и беседки в переславле-залесском";"Профессии / Бани и беседки / Переславль-Залесский";"https://dodelay.ru/podrabotka/pereslavl/bathhouse";"Вакансия";"НЧ"
"требуется бани и беседки в переславле-залесском";"Профессии / Бани и беседки / Переславль-Залесский";"https://dodelay.ru/podrabotka/pereslavl/bathhouse";"Вакансия";"НЧ"
"вакансия бани и беседки в переславле-залесском";"Профессии / Бани и беседки / Переславль-Залесский";"https://dodelay.ru/podrabotka/pereslavl/bathhouse";"Вакансия";"НЧ"
"бани и беседки в угличе";"Профессии / Бани и беседки / Углич";"https://dodelay.ru/podrabotka/uglich/bathhouse";"Коммерческий";"СЧ"
"бани и беседки углич";"Профессии / Бани и беседки / Углич";"https://dodelay.ru/podrabotka/uglich/bathhouse";"Коммерческий";"СЧ"
"бани и беседки в угличе недорого";"Профессии / Бани и беседки / Углич";"https://dodelay.ru/podrabotka/uglich/bathhouse";"Коммерческий";"НЧ"
"бани и беседки в угличе цены";"Профессии / Бани и беседки / Углич";"https://dodelay.ru/podrabotka/uglich/bathhouse";"Коммерческий";"НЧ"
"бани и беседки в угличе на дом";"Профессии / Бани и беседки / Углич";"https://dodelay.ru/podrabotka/uglich/bathhouse";"Коммерческий";"НЧ"
"вызвать мастера по баням в угличе";"Профессии / Бани и беседки / Углич";"https://dodelay.ru/podrabotka/uglich/bathhouse";"Коммерческий";"НЧ"
"нанять мастера по баням в угличе";"Профессии / Бани и беседки / Углич";"https://dodelay.ru/podrabotka/uglich/bathhouse";"Коммерческий";"НЧ"
"найти мастера по баням в угличе";"Профессии / Бани и беседки / Углич";"https://dodelay.ru/podrabotka/uglich/bathhouse";"Коммерческий";"НЧ"
"услуги мастера по баням в угличе";"Профессии / Бани и беседки / Углич";"https://dodelay.ru/podrabotka/uglich/bathhouse";"Коммерческий";"НЧ"
"бани и беседки частник в угличе";"Профессии / Бани и беседки / Углич";"https://dodelay.ru/podrabotka/uglich/bathhouse";"Коммерческий";"НЧ"
"бани и беседки без посредников в угличе";"Профессии / Бани и беседки / Углич";"https://dodelay.ru/podrabotka/uglich/bathhouse";"Коммерческий";"НЧ"
"работа бани и беседки в угличе";"Профессии / Бани и беседки / Углич";"https://dodelay.ru/podrabotka/uglich/bathhouse";"Вакансия";"СЧ"
"подработка бани и беседки в угличе";"Профессии / Бани и беседки / Углич";"https://dodelay.ru/podrabotka/uglich/bathhouse";"Вакансия";"НЧ"
"требуется бани и беседки в угличе";"Профессии / Бани и беседки / Углич";"https://dodelay.ru/podrabotka/uglich/bathhouse";"Вакансия";"НЧ"
"вакансия бани и беседки в угличе";"Профессии / Бани и беседки / Углич";"https://dodelay.ru/podrabotka/uglich/bathhouse";"Вакансия";"НЧ"
"бани и беседки в ростове великом";"Профессии / Бани и беседки / Ростов Великий";"https://dodelay.ru/podrabotka/rostov/bathhouse";"Коммерческий";"СЧ"
"бани и беседки ростов великий";"Профессии / Бани и беседки / Ростов Великий";"https://dodelay.ru/podrabotka/rostov/bathhouse";"Коммерческий";"СЧ"
"бани и беседки в ростове великом недорого";"Профессии / Бани и беседки / Ростов Великий";"https://dodelay.ru/podrabotka/rostov/bathhouse";"Коммерческий";"НЧ"
"бани и беседки в ростове великом цены";"Профессии / Бани и беседки / Ростов Великий";"https://dodelay.ru/podrabotka/rostov/bathhouse";"Коммерческий";"НЧ"
"бани и беседки в ростове великом на дом";"Профессии / Бани и беседки / Ростов Великий";"https://dodelay.ru/podrabotka/rostov/bathhouse";"Коммерческий";"НЧ"
"вызвать мастера по баням в ростове великом";"Профессии / Бани и беседки / Ростов Великий";"https://dodelay.ru/podrabotka/rostov/bathhouse";"Коммерческий";"НЧ"
"нанять мастера по баням в ростове великом";"Профессии / Бани и беседки / Ростов Великий";"https://dodelay.ru/podrabotka/rostov/bathhouse";"Коммерческий";"НЧ"
"найти мастера по баням в ростове великом";"Профессии / Бани и беседки / Ростов Великий";"https://dodelay.ru/podrabotka/rostov/bathhouse";"Коммерческий";"НЧ"
"услуги мастера по баням в ростове великом";"Профессии / Бани и беседки / Ростов Великий";"https://dodelay.ru/podrabotka/rostov/bathhouse";"Коммерческий";"НЧ"
"бани и беседки частник в ростове великом";"Профессии / Бани и беседки / Ростов Великий";"https://dodelay.ru/podrabotka/rostov/bathhouse";"Коммерческий";"НЧ"
"бани и беседки без посредников в ростове великом";"Профессии / Бани и беседки / Ростов Великий";"https://dodelay.ru/podrabotka/rostov/bathhouse";"Коммерческий";"НЧ"
"работа бани и беседки в ростове великом";"Профессии / Бани и беседки / Ростов Великий";"https://dodelay.ru/podrabotka/rostov/bathhouse";"Вакансия";"СЧ"
"подработка бани и беседки в ростове великом";"Профессии / Бани и беседки / Ростов Великий";"https://dodelay.ru/podrabotka/rostov/bathhouse";"Вакансия";"НЧ"
"требуется бани и беседки в ростове великом";"Профессии / Бани и беседки / Ростов Великий";"https://dodelay.ru/podrabotka/rostov/bathhouse";"Вакансия";"НЧ"
"вакансия бани и беседки в ростове великом";"Профессии / Бани и беседки / Ростов Великий";"https://dodelay.ru/podrabotka/rostov/bathhouse";"Вакансия";"НЧ"
"беседка 3×3 м в ярославле";"Профессии / Бани и беседки / Задачи";"https://dodelay.ru/podrabotka/yaroslavl/bathhouse";"Инфо";"НЧ"
"беседка 3×3 м цена";"Профессии / Бани и беседки / Задачи";"https://dodelay.ru/podrabotka/yaroslavl/bathhouse";"Инфо";"НЧ"
"сколько стоит беседка 3×3 м";"Профессии / Бани и беседки / Задачи";"https://dodelay.ru/podrabotka/yaroslavl/bathhouse";"Инфо";"НЧ"
"обшивка парилки вагонкой";"Профессии / Бани и беседки / Задачи";"https://dodelay.ru/podrabotka/yaroslavl/bathhouse";"Инфо";"НЧ"
"сколько стоит обшивка парилки вагонкой";"Профессии / Бани и беседки / Задачи";"https://dodelay.ru/podrabotka/yaroslavl/bathhouse";"Инфо";"НЧ"
"ремонт полов в бане в ярославле";"Профессии / Бани и беседки / Задачи";"https://dodelay.ru/podrabotka/yaroslavl/bathhouse";"Инфо";"НЧ"
"ремонт полов в бане цена";"Профессии / Бани и беседки / Задачи";"https://dodelay.ru/podrabotka/yaroslavl/bathhouse";"Инфо";"НЧ"
"сколько стоит ремонт полов в бане";"Профессии / Бани и беседки / Задачи";"https://dodelay.ru/podrabotka/yaroslavl/bathhouse";"Инфо";"НЧ"
"установка банной печи в ярославле";"Профессии / Бани и беседки / Задачи";"https://dodelay.ru/podrabotka/yaroslavl/bathhouse";"Инфо";"НЧ"
"установка банной печи цена";"Профессии / Бани и беседки / Задачи";"https://dodelay.ru/podrabotka/yaroslavl/bathhouse";"Инфо";"НЧ"
"сколько стоит установка банной печи";"Профессии / Бани и беседки / Задачи";"https://dodelay.ru/podrabotka/yaroslavl/bathhouse";"Инфо";"НЧ"
"тротуарная плитка в ярославле";"Профессии / Тротуарная плитка / Ярославль";"https://dodelay.ru/podrabotka/yaroslavl/paving";"Коммерческий";"СЧ"
"тротуарная плитка ярославль";"Профессии / Тротуарная плитка / Ярославль";"https://dodelay.ru/podrabotka/yaroslavl/paving";"Коммерческий";"СЧ"
"тротуарная плитка в ярославле недорого";"Профессии / Тротуарная плитка / Ярославль";"https://dodelay.ru/podrabotka/yaroslavl/paving";"Коммерческий";"НЧ"
"тротуарная плитка в ярославле цены";"Профессии / Тротуарная плитка / Ярославль";"https://dodelay.ru/podrabotka/yaroslavl/paving";"Коммерческий";"НЧ"
"тротуарная плитка в ярославле на дом";"Профессии / Тротуарная плитка / Ярославль";"https://dodelay.ru/podrabotka/yaroslavl/paving";"Коммерческий";"НЧ"
"вызвать мастера по укладке плитки в ярославле";"Профессии / Тротуарная плитка / Ярославль";"https://dodelay.ru/podrabotka/yaroslavl/paving";"Коммерческий";"НЧ"
"нанять мастера по укладке плитки в ярославле";"Профессии / Тротуарная плитка / Ярославль";"https://dodelay.ru/podrabotka/yaroslavl/paving";"Коммерческий";"НЧ"
"найти мастера по укладке плитки в ярославле";"Профессии / Тротуарная плитка / Ярославль";"https://dodelay.ru/podrabotka/yaroslavl/paving";"Коммерческий";"НЧ"
"услуги мастера по укладке плитки в ярославле";"Профессии / Тротуарная плитка / Ярославль";"https://dodelay.ru/podrabotka/yaroslavl/paving";"Коммерческий";"НЧ"
"тротуарная плитка частник в ярославле";"Профессии / Тротуарная плитка / Ярославль";"https://dodelay.ru/podrabotka/yaroslavl/paving";"Коммерческий";"НЧ"
"тротуарная плитка без посредников в ярославле";"Профессии / Тротуарная плитка / Ярославль";"https://dodelay.ru/podrabotka/yaroslavl/paving";"Коммерческий";"НЧ"
"работа тротуарная плитка в ярославле";"Профессии / Тротуарная плитка / Ярославль";"https://dodelay.ru/podrabotka/yaroslavl/paving";"Вакансия";"СЧ"
"подработка тротуарная плитка в ярославле";"Профессии / Тротуарная плитка / Ярославль";"https://dodelay.ru/podrabotka/yaroslavl/paving";"Вакансия";"НЧ"
"требуется тротуарная плитка в ярославле";"Профессии / Тротуарная плитка / Ярославль";"https://dodelay.ru/podrabotka/yaroslavl/paving";"Вакансия";"НЧ"
"вакансия тротуарная плитка в ярославле";"Профессии / Тротуарная плитка / Ярославль";"https://dodelay.ru/podrabotka/yaroslavl/paving";"Вакансия";"НЧ"
"тротуарная плитка в рыбинске";"Профессии / Тротуарная плитка / Рыбинск";"https://dodelay.ru/podrabotka/rybinsk/paving";"Коммерческий";"СЧ"
"тротуарная плитка рыбинск";"Профессии / Тротуарная плитка / Рыбинск";"https://dodelay.ru/podrabotka/rybinsk/paving";"Коммерческий";"СЧ"
"тротуарная плитка в рыбинске недорого";"Профессии / Тротуарная плитка / Рыбинск";"https://dodelay.ru/podrabotka/rybinsk/paving";"Коммерческий";"НЧ"
"тротуарная плитка в рыбинске цены";"Профессии / Тротуарная плитка / Рыбинск";"https://dodelay.ru/podrabotka/rybinsk/paving";"Коммерческий";"НЧ"
"тротуарная плитка в рыбинске на дом";"Профессии / Тротуарная плитка / Рыбинск";"https://dodelay.ru/podrabotka/rybinsk/paving";"Коммерческий";"НЧ"
"вызвать мастера по укладке плитки в рыбинске";"Профессии / Тротуарная плитка / Рыбинск";"https://dodelay.ru/podrabotka/rybinsk/paving";"Коммерческий";"НЧ"
"нанять мастера по укладке плитки в рыбинске";"Профессии / Тротуарная плитка / Рыбинск";"https://dodelay.ru/podrabotka/rybinsk/paving";"Коммерческий";"НЧ"
"найти мастера по укладке плитки в рыбинске";"Профессии / Тротуарная плитка / Рыбинск";"https://dodelay.ru/podrabotka/rybinsk/paving";"Коммерческий";"НЧ"
"услуги мастера по укладке плитки в рыбинске";"Профессии / Тротуарная плитка / Рыбинск";"https://dodelay.ru/podrabotka/rybinsk/paving";"Коммерческий";"НЧ"
"тротуарная плитка частник в рыбинске";"Профессии / Тротуарная плитка / Рыбинск";"https://dodelay.ru/podrabotka/rybinsk/paving";"Коммерческий";"НЧ"
"тротуарная плитка без посредников в рыбинске";"Профессии / Тротуарная плитка / Рыбинск";"https://dodelay.ru/podrabotka/rybinsk/paving";"Коммерческий";"НЧ"
"работа тротуарная плитка в рыбинске";"Профессии / Тротуарная плитка / Рыбинск";"https://dodelay.ru/podrabotka/rybinsk/paving";"Вакансия";"СЧ"
"подработка тротуарная плитка в рыбинске";"Профессии / Тротуарная плитка / Рыбинск";"https://dodelay.ru/podrabotka/rybinsk/paving";"Вакансия";"НЧ"
"требуется тротуарная плитка в рыбинске";"Профессии / Тротуарная плитка / Рыбинск";"https://dodelay.ru/podrabotka/rybinsk/paving";"Вакансия";"НЧ"
"вакансия тротуарная плитка в рыбинске";"Профессии / Тротуарная плитка / Рыбинск";"https://dodelay.ru/podrabotka/rybinsk/paving";"Вакансия";"НЧ"
"тротуарная плитка в тутаеве";"Профессии / Тротуарная плитка / Тутаев";"https://dodelay.ru/podrabotka/tutaev/paving";"Коммерческий";"СЧ"
"тротуарная плитка тутаев";"Профессии / Тротуарная плитка / Тутаев";"https://dodelay.ru/podrabotka/tutaev/paving";"Коммерческий";"СЧ"
"тротуарная плитка в тутаеве недорого";"Профессии / Тротуарная плитка / Тутаев";"https://dodelay.ru/podrabotka/tutaev/paving";"Коммерческий";"НЧ"
"тротуарная плитка в тутаеве цены";"Профессии / Тротуарная плитка / Тутаев";"https://dodelay.ru/podrabotka/tutaev/paving";"Коммерческий";"НЧ"
"тротуарная плитка в тутаеве на дом";"Профессии / Тротуарная плитка / Тутаев";"https://dodelay.ru/podrabotka/tutaev/paving";"Коммерческий";"НЧ"
"вызвать мастера по укладке плитки в тутаеве";"Профессии / Тротуарная плитка / Тутаев";"https://dodelay.ru/podrabotka/tutaev/paving";"Коммерческий";"НЧ"
"нанять мастера по укладке плитки в тутаеве";"Профессии / Тротуарная плитка / Тутаев";"https://dodelay.ru/podrabotka/tutaev/paving";"Коммерческий";"НЧ"
"найти мастера по укладке плитки в тутаеве";"Профессии / Тротуарная плитка / Тутаев";"https://dodelay.ru/podrabotka/tutaev/paving";"Коммерческий";"НЧ"
"услуги мастера по укладке плитки в тутаеве";"Профессии / Тротуарная плитка / Тутаев";"https://dodelay.ru/podrabotka/tutaev/paving";"Коммерческий";"НЧ"
"тротуарная плитка частник в тутаеве";"Профессии / Тротуарная плитка / Тутаев";"https://dodelay.ru/podrabotka/tutaev/paving";"Коммерческий";"НЧ"
"тротуарная плитка без посредников в тутаеве";"Профессии / Тротуарная плитка / Тутаев";"https://dodelay.ru/podrabotka/tutaev/paving";"Коммерческий";"НЧ"
"работа тротуарная плитка в тутаеве";"Профессии / Тротуарная плитка / Тутаев";"https://dodelay.ru/podrabotka/tutaev/paving";"Вакансия";"СЧ"
"подработка тротуарная плитка в тутаеве";"Профессии / Тротуарная плитка / Тутаев";"https://dodelay.ru/podrabotka/tutaev/paving";"Вакансия";"НЧ"
"требуется тротуарная плитка в тутаеве";"Профессии / Тротуарная плитка / Тутаев";"https://dodelay.ru/podrabotka/tutaev/paving";"Вакансия";"НЧ"
"вакансия тротуарная плитка в тутаеве";"Профессии / Тротуарная плитка / Тутаев";"https://dodelay.ru/podrabotka/tutaev/paving";"Вакансия";"НЧ"
"тротуарная плитка в переславле-залесском";"Профессии / Тротуарная плитка / Переславль-Залесский";"https://dodelay.ru/podrabotka/pereslavl/paving";"Коммерческий";"СЧ"
"тротуарная плитка переславль-залесский";"Профессии / Тротуарная плитка / Переславль-Залесский";"https://dodelay.ru/podrabotka/pereslavl/paving";"Коммерческий";"СЧ"
"тротуарная плитка в переславле-залесском недорого";"Профессии / Тротуарная плитка / Переславль-Залесский";"https://dodelay.ru/podrabotka/pereslavl/paving";"Коммерческий";"НЧ"
"тротуарная плитка в переславле-залесском цены";"Профессии / Тротуарная плитка / Переславль-Залесский";"https://dodelay.ru/podrabotka/pereslavl/paving";"Коммерческий";"НЧ"
"тротуарная плитка в переславле-залесском на дом";"Профессии / Тротуарная плитка / Переславль-Залесский";"https://dodelay.ru/podrabotka/pereslavl/paving";"Коммерческий";"НЧ"
"вызвать мастера по укладке плитки в переславле-залесском";"Профессии / Тротуарная плитка / Переславль-Залесский";"https://dodelay.ru/podrabotka/pereslavl/paving";"Коммерческий";"НЧ"
"нанять мастера по укладке плитки в переславле-залесском";"Профессии / Тротуарная плитка / Переславль-Залесский";"https://dodelay.ru/podrabotka/pereslavl/paving";"Коммерческий";"НЧ"
"найти мастера по укладке плитки в переславле-залесском";"Профессии / Тротуарная плитка / Переславль-Залесский";"https://dodelay.ru/podrabotka/pereslavl/paving";"Коммерческий";"НЧ"
"услуги мастера по укладке плитки в переславле-залесском";"Профессии / Тротуарная плитка / Переславль-Залесский";"https://dodelay.ru/podrabotka/pereslavl/paving";"Коммерческий";"НЧ"
"тротуарная плитка частник в переславле-залесском";"Профессии / Тротуарная плитка / Переславль-Залесский";"https://dodelay.ru/podrabotka/pereslavl/paving";"Коммерческий";"НЧ"
"тротуарная плитка без посредников в переславле-залесском";"Профессии / Тротуарная плитка / Переславль-Залесский";"https://dodelay.ru/podrabotka/pereslavl/paving";"Коммерческий";"НЧ"
"работа тротуарная плитка в переславле-залесском";"Профессии / Тротуарная плитка / Переславль-Залесский";"https://dodelay.ru/podrabotka/pereslavl/paving";"Вакансия";"СЧ"
"подработка тротуарная плитка в переславле-залесском";"Профессии / Тротуарная плитка / Переславль-Залесский";"https://dodelay.ru/podrabotka/pereslavl/paving";"Вакансия";"НЧ"
"требуется тротуарная плитка в переславле-залесском";"Профессии / Тротуарная плитка / Переславль-Залесский";"https://dodelay.ru/podrabotka/pereslavl/paving";"Вакансия";"НЧ"
"вакансия тротуарная плитка в переславле-залесском";"Профессии / Тротуарная плитка / Переславль-Залесский";"https://dodelay.ru/podrabotka/pereslavl/paving";"Вакансия";"НЧ"
"тротуарная плитка в угличе";"Профессии / Тротуарная плитка / Углич";"https://dodelay.ru/podrabotka/uglich/paving";"Коммерческий";"СЧ"
"тротуарная плитка углич";"Профессии / Тротуарная плитка / Углич";"https://dodelay.ru/podrabotka/uglich/paving";"Коммерческий";"СЧ"
"тротуарная плитка в угличе недорого";"Профессии / Тротуарная плитка / Углич";"https://dodelay.ru/podrabotka/uglich/paving";"Коммерческий";"НЧ"
"тротуарная плитка в угличе цены";"Профессии / Тротуарная плитка / Углич";"https://dodelay.ru/podrabotka/uglich/paving";"Коммерческий";"НЧ"
"тротуарная плитка в угличе на дом";"Профессии / Тротуарная плитка / Углич";"https://dodelay.ru/podrabotka/uglich/paving";"Коммерческий";"НЧ"
"вызвать мастера по укладке плитки в угличе";"Профессии / Тротуарная плитка / Углич";"https://dodelay.ru/podrabotka/uglich/paving";"Коммерческий";"НЧ"
"нанять мастера по укладке плитки в угличе";"Профессии / Тротуарная плитка / Углич";"https://dodelay.ru/podrabotka/uglich/paving";"Коммерческий";"НЧ"
"найти мастера по укладке плитки в угличе";"Профессии / Тротуарная плитка / Углич";"https://dodelay.ru/podrabotka/uglich/paving";"Коммерческий";"НЧ"
"услуги мастера по укладке плитки в угличе";"Профессии / Тротуарная плитка / Углич";"https://dodelay.ru/podrabotka/uglich/paving";"Коммерческий";"НЧ"
"тротуарная плитка частник в угличе";"Профессии / Тротуарная плитка / Углич";"https://dodelay.ru/podrabotka/uglich/paving";"Коммерческий";"НЧ"
"тротуарная плитка без посредников в угличе";"Профессии / Тротуарная плитка / Углич";"https://dodelay.ru/podrabotka/uglich/paving";"Коммерческий";"НЧ"
"работа тротуарная плитка в угличе";"Профессии / Тротуарная плитка / Углич";"https://dodelay.ru/podrabotka/uglich/paving";"Вакансия";"СЧ"
"подработка тротуарная плитка в угличе";"Профессии / Тротуарная плитка / Углич";"https://dodelay.ru/podrabotka/uglich/paving";"Вакансия";"НЧ"
"требуется тротуарная плитка в угличе";"Профессии / Тротуарная плитка / Углич";"https://dodelay.ru/podrabotka/uglich/paving";"Вакансия";"НЧ"
"вакансия тротуарная плитка в угличе";"Профессии / Тротуарная плитка / Углич";"https://dodelay.ru/podrabotka/uglich/paving";"Вакансия";"НЧ"
"тротуарная плитка в ростове великом";"Профессии / Тротуарная плитка / Ростов Великий";"https://dodelay.ru/podrabotka/rostov/paving";"Коммерческий";"СЧ"
"тротуарная плитка ростов великий";"Профессии / Тротуарная плитка / Ростов Великий";"https://dodelay.ru/podrabotka/rostov/paving";"Коммерческий";"СЧ"
"тротуарная плитка в ростове великом недорого";"Профессии / Тротуарная плитка / Ростов Великий";"https://dodelay.ru/podrabotka/rostov/paving";"Коммерческий";"НЧ"
"тротуарная плитка в ростове великом цены";"Профессии / Тротуарная плитка / Ростов Великий";"https://dodelay.ru/podrabotka/rostov/paving";"Коммерческий";"НЧ"
"тротуарная плитка в ростове великом на дом";"Профессии / Тротуарная плитка / Ростов Великий";"https://dodelay.ru/podrabotka/rostov/paving";"Коммерческий";"НЧ"
"вызвать мастера по укладке плитки в ростове великом";"Профессии / Тротуарная плитка / Ростов Великий";"https://dodelay.ru/podrabotka/rostov/paving";"Коммерческий";"НЧ"
"нанять мастера по укладке плитки в ростове великом";"Профессии / Тротуарная плитка / Ростов Великий";"https://dodelay.ru/podrabotka/rostov/paving";"Коммерческий";"НЧ"
"найти мастера по укладке плитки в ростове великом";"Профессии / Тротуарная плитка / Ростов Великий";"https://dodelay.ru/podrabotka/rostov/paving";"Коммерческий";"НЧ"
"услуги мастера по укладке плитки в ростове великом";"Профессии / Тротуарная плитка / Ростов Великий";"https://dodelay.ru/podrabotka/rostov/paving";"Коммерческий";"НЧ"
"тротуарная плитка частник в ростове великом";"Профессии / Тротуарная плитка / Ростов Великий";"https://dodelay.ru/podrabotka/rostov/paving";"Коммерческий";"НЧ"
"тротуарная плитка без посредников в ростове великом";"Профессии / Тротуарная плитка / Ростов Великий";"https://dodelay.ru/podrabotka/rostov/paving";"Коммерческий";"НЧ"
"работа тротуарная плитка в ростове великом";"Профессии / Тротуарная плитка / Ростов Великий";"https://dodelay.ru/podrabotka/rostov/paving";"Вакансия";"СЧ"
"подработка тротуарная плитка в ростове великом";"Профессии / Тротуарная плитка / Ростов Великий";"https://dodelay.ru/podrabotka/rostov/paving";"Вакансия";"НЧ"
"требуется тротуарная плитка в ростове великом";"Профессии / Тротуарная плитка / Ростов Великий";"https://dodelay.ru/podrabotka/rostov/paving";"Вакансия";"НЧ"
"вакансия тротуарная плитка в ростове великом";"Профессии / Тротуарная плитка / Ростов Великий";"https://dodelay.ru/podrabotka/rostov/paving";"Вакансия";"НЧ"
"укладка тротуарной плитки";"Профессии / Тротуарная плитка / Задачи";"https://dodelay.ru/podrabotka/yaroslavl/paving";"Инфо";"НЧ"
"сколько стоит укладка тротуарной плитки";"Профессии / Тротуарная плитка / Задачи";"https://dodelay.ru/podrabotka/yaroslavl/paving";"Инфо";"НЧ"
"подготовка основания";"Профессии / Тротуарная плитка / Задачи";"https://dodelay.ru/podrabotka/yaroslavl/paving";"Инфо";"НЧ"
"сколько стоит подготовка основания";"Профессии / Тротуарная плитка / Задачи";"https://dodelay.ru/podrabotka/yaroslavl/paving";"Инфо";"НЧ"
"установка бордюра";"Профессии / Тротуарная плитка / Задачи";"https://dodelay.ru/podrabotka/yaroslavl/paving";"Инфо";"НЧ"
"сколько стоит установка бордюра";"Профессии / Тротуарная плитка / Задачи";"https://dodelay.ru/podrabotka/yaroslavl/paving";"Инфо";"НЧ"
"тракторные работы в ярославле";"Профессии / Тракторные работы / Ярославль";"https://dodelay.ru/podrabotka/yaroslavl/tractor";"Коммерческий";"СЧ"
"тракторные работы ярославль";"Профессии / Тракторные работы / Ярославль";"https://dodelay.ru/podrabotka/yaroslavl/tractor";"Коммерческий";"СЧ"
"тракторные работы в ярославле недорого";"Профессии / Тракторные работы / Ярославль";"https://dodelay.ru/podrabotka/yaroslavl/tractor";"Коммерческий";"НЧ"
"тракторные работы в ярославле цены";"Профессии / Тракторные работы / Ярославль";"https://dodelay.ru/podrabotka/yaroslavl/tractor";"Коммерческий";"НЧ"
"тракторные работы в ярославле на дом";"Профессии / Тракторные работы / Ярославль";"https://dodelay.ru/podrabotka/yaroslavl/tractor";"Коммерческий";"НЧ"
"вызвать тракториста в ярославле";"Профессии / Тракторные работы / Ярославль";"https://dodelay.ru/podrabotka/yaroslavl/tractor";"Коммерческий";"НЧ"
"нанять тракториста в ярославле";"Профессии / Тракторные работы / Ярославль";"https://dodelay.ru/podrabotka/yaroslavl/tractor";"Коммерческий";"НЧ"
"найти тракториста в ярославле";"Профессии / Тракторные работы / Ярославль";"https://dodelay.ru/podrabotka/yaroslavl/tractor";"Коммерческий";"НЧ"
"услуги тракториста в ярославле";"Профессии / Тракторные работы / Ярославль";"https://dodelay.ru/podrabotka/yaroslavl/tractor";"Коммерческий";"НЧ"
"тракторные работы частник в ярославле";"Профессии / Тракторные работы / Ярославль";"https://dodelay.ru/podrabotka/yaroslavl/tractor";"Коммерческий";"НЧ"
"тракторные работы без посредников в ярославле";"Профессии / Тракторные работы / Ярославль";"https://dodelay.ru/podrabotka/yaroslavl/tractor";"Коммерческий";"НЧ"
"работа тракторные работы в ярославле";"Профессии / Тракторные работы / Ярославль";"https://dodelay.ru/podrabotka/yaroslavl/tractor";"Вакансия";"СЧ"
"подработка тракторные работы в ярославле";"Профессии / Тракторные работы / Ярославль";"https://dodelay.ru/podrabotka/yaroslavl/tractor";"Вакансия";"НЧ"
"требуется тракторные работы в ярославле";"Профессии / Тракторные работы / Ярославль";"https://dodelay.ru/podrabotka/yaroslavl/tractor";"Вакансия";"НЧ"
"вакансия тракторные работы в ярославле";"Профессии / Тракторные работы / Ярославль";"https://dodelay.ru/podrabotka/yaroslavl/tractor";"Вакансия";"НЧ"
"тракторные работы в рыбинске";"Профессии / Тракторные работы / Рыбинск";"https://dodelay.ru/podrabotka/rybinsk/tractor";"Коммерческий";"СЧ"
"тракторные работы рыбинск";"Профессии / Тракторные работы / Рыбинск";"https://dodelay.ru/podrabotka/rybinsk/tractor";"Коммерческий";"СЧ"
"тракторные работы в рыбинске недорого";"Профессии / Тракторные работы / Рыбинск";"https://dodelay.ru/podrabotka/rybinsk/tractor";"Коммерческий";"НЧ"
"тракторные работы в рыбинске цены";"Профессии / Тракторные работы / Рыбинск";"https://dodelay.ru/podrabotka/rybinsk/tractor";"Коммерческий";"НЧ"
"тракторные работы в рыбинске на дом";"Профессии / Тракторные работы / Рыбинск";"https://dodelay.ru/podrabotka/rybinsk/tractor";"Коммерческий";"НЧ"
"вызвать тракториста в рыбинске";"Профессии / Тракторные работы / Рыбинск";"https://dodelay.ru/podrabotka/rybinsk/tractor";"Коммерческий";"НЧ"
"нанять тракториста в рыбинске";"Профессии / Тракторные работы / Рыбинск";"https://dodelay.ru/podrabotka/rybinsk/tractor";"Коммерческий";"НЧ"
"найти тракториста в рыбинске";"Профессии / Тракторные работы / Рыбинск";"https://dodelay.ru/podrabotka/rybinsk/tractor";"Коммерческий";"НЧ"
"услуги тракториста в рыбинске";"Профессии / Тракторные работы / Рыбинск";"https://dodelay.ru/podrabotka/rybinsk/tractor";"Коммерческий";"НЧ"
"тракторные работы частник в рыбинске";"Профессии / Тракторные работы / Рыбинск";"https://dodelay.ru/podrabotka/rybinsk/tractor";"Коммерческий";"НЧ"
"тракторные работы без посредников в рыбинске";"Профессии / Тракторные работы / Рыбинск";"https://dodelay.ru/podrabotka/rybinsk/tractor";"Коммерческий";"НЧ"
"работа тракторные работы в рыбинске";"Профессии / Тракторные работы / Рыбинск";"https://dodelay.ru/podrabotka/rybinsk/tractor";"Вакансия";"СЧ"
"подработка тракторные работы в рыбинске";"Профессии / Тракторные работы / Рыбинск";"https://dodelay.ru/podrabotka/rybinsk/tractor";"Вакансия";"НЧ"
"требуется тракторные работы в рыбинске";"Профессии / Тракторные работы / Рыбинск";"https://dodelay.ru/podrabotka/rybinsk/tractor";"Вакансия";"НЧ"
"вакансия тракторные работы в рыбинске";"Профессии / Тракторные работы / Рыбинск";"https://dodelay.ru/podrabotka/rybinsk/tractor";"Вакансия";"НЧ"
"тракторные работы в тутаеве";"Профессии / Тракторные работы / Тутаев";"https://dodelay.ru/podrabotka/tutaev/tractor";"Коммерческий";"СЧ"
"тракторные работы тутаев";"Профессии / Тракторные работы / Тутаев";"https://dodelay.ru/podrabotka/tutaev/tractor";"Коммерческий";"СЧ"
"тракторные работы в тутаеве недорого";"Профессии / Тракторные работы / Тутаев";"https://dodelay.ru/podrabotka/tutaev/tractor";"Коммерческий";"НЧ"
"тракторные работы в тутаеве цены";"Профессии / Тракторные работы / Тутаев";"https://dodelay.ru/podrabotka/tutaev/tractor";"Коммерческий";"НЧ"
"тракторные работы в тутаеве на дом";"Профессии / Тракторные работы / Тутаев";"https://dodelay.ru/podrabotka/tutaev/tractor";"Коммерческий";"НЧ"
"вызвать тракториста в тутаеве";"Профессии / Тракторные работы / Тутаев";"https://dodelay.ru/podrabotka/tutaev/tractor";"Коммерческий";"НЧ"
"нанять тракториста в тутаеве";"Профессии / Тракторные работы / Тутаев";"https://dodelay.ru/podrabotka/tutaev/tractor";"Коммерческий";"НЧ"
"найти тракториста в тутаеве";"Профессии / Тракторные работы / Тутаев";"https://dodelay.ru/podrabotka/tutaev/tractor";"Коммерческий";"НЧ"
"услуги тракториста в тутаеве";"Профессии / Тракторные работы / Тутаев";"https://dodelay.ru/podrabotka/tutaev/tractor";"Коммерческий";"НЧ"
"тракторные работы частник в тутаеве";"Профессии / Тракторные работы / Тутаев";"https://dodelay.ru/podrabotka/tutaev/tractor";"Коммерческий";"НЧ"
"тракторные работы без посредников в тутаеве";"Профессии / Тракторные работы / Тутаев";"https://dodelay.ru/podrabotka/tutaev/tractor";"Коммерческий";"НЧ"
"работа тракторные работы в тутаеве";"Профессии / Тракторные работы / Тутаев";"https://dodelay.ru/podrabotka/tutaev/tractor";"Вакансия";"СЧ"
"подработка тракторные работы в тутаеве";"Профессии / Тракторные работы / Тутаев";"https://dodelay.ru/podrabotka/tutaev/tractor";"Вакансия";"НЧ"
"требуется тракторные работы в тутаеве";"Профессии / Тракторные работы / Тутаев";"https://dodelay.ru/podrabotka/tutaev/tractor";"Вакансия";"НЧ"
"вакансия тракторные работы в тутаеве";"Профессии / Тракторные работы / Тутаев";"https://dodelay.ru/podrabotka/tutaev/tractor";"Вакансия";"НЧ"
"тракторные работы в переславле-залесском";"Профессии / Тракторные работы / Переславль-Залесский";"https://dodelay.ru/podrabotka/pereslavl/tractor";"Коммерческий";"СЧ"
"тракторные работы переславль-залесский";"Профессии / Тракторные работы / Переславль-Залесский";"https://dodelay.ru/podrabotka/pereslavl/tractor";"Коммерческий";"СЧ"
"тракторные работы в переславле-залесском недорого";"Профессии / Тракторные работы / Переславль-Залесский";"https://dodelay.ru/podrabotka/pereslavl/tractor";"Коммерческий";"НЧ"
"тракторные работы в переславле-залесском цены";"Профессии / Тракторные работы / Переславль-Залесский";"https://dodelay.ru/podrabotka/pereslavl/tractor";"Коммерческий";"НЧ"
"тракторные работы в переславле-залесском на дом";"Профессии / Тракторные работы / Переславль-Залесский";"https://dodelay.ru/podrabotka/pereslavl/tractor";"Коммерческий";"НЧ"
"вызвать тракториста в переславле-залесском";"Профессии / Тракторные работы / Переславль-Залесский";"https://dodelay.ru/podrabotka/pereslavl/tractor";"Коммерческий";"НЧ"
"нанять тракториста в переславле-залесском";"Профессии / Тракторные работы / Переславль-Залесский";"https://dodelay.ru/podrabotka/pereslavl/tractor";"Коммерческий";"НЧ"
"найти тракториста в переславле-залесском";"Профессии / Тракторные работы / Переславль-Залесский";"https://dodelay.ru/podrabotka/pereslavl/tractor";"Коммерческий";"НЧ"
"услуги тракториста в переславле-залесском";"Профессии / Тракторные работы / Переславль-Залесский";"https://dodelay.ru/podrabotka/pereslavl/tractor";"Коммерческий";"НЧ"
"тракторные работы частник в переславле-залесском";"Профессии / Тракторные работы / Переславль-Залесский";"https://dodelay.ru/podrabotka/pereslavl/tractor";"Коммерческий";"НЧ"
"тракторные работы без посредников в переславле-залесском";"Профессии / Тракторные работы / Переславль-Залесский";"https://dodelay.ru/podrabotka/pereslavl/tractor";"Коммерческий";"НЧ"
"работа тракторные работы в переславле-залесском";"Профессии / Тракторные работы / Переславль-Залесский";"https://dodelay.ru/podrabotka/pereslavl/tractor";"Вакансия";"СЧ"
"подработка тракторные работы в переславле-залесском";"Профессии / Тракторные работы / Переславль-Залесский";"https://dodelay.ru/podrabotka/pereslavl/tractor";"Вакансия";"НЧ"
"требуется тракторные работы в переславле-залесском";"Профессии / Тракторные работы / Переславль-Залесский";"https://dodelay.ru/podrabotka/pereslavl/tractor";"Вакансия";"НЧ"
"вакансия тракторные работы в переславле-залесском";"Профессии / Тракторные работы / Переславль-Залесский";"https://dodelay.ru/podrabotka/pereslavl/tractor";"Вакансия";"НЧ"
"тракторные работы в угличе";"Профессии / Тракторные работы / Углич";"https://dodelay.ru/podrabotka/uglich/tractor";"Коммерческий";"СЧ"
"тракторные работы углич";"Профессии / Тракторные работы / Углич";"https://dodelay.ru/podrabotka/uglich/tractor";"Коммерческий";"СЧ"
"тракторные работы в угличе недорого";"Профессии / Тракторные работы / Углич";"https://dodelay.ru/podrabotka/uglich/tractor";"Коммерческий";"НЧ"
"тракторные работы в угличе цены";"Профессии / Тракторные работы / Углич";"https://dodelay.ru/podrabotka/uglich/tractor";"Коммерческий";"НЧ"
"тракторные работы в угличе на дом";"Профессии / Тракторные работы / Углич";"https://dodelay.ru/podrabotka/uglich/tractor";"Коммерческий";"НЧ"
"вызвать тракториста в угличе";"Профессии / Тракторные работы / Углич";"https://dodelay.ru/podrabotka/uglich/tractor";"Коммерческий";"НЧ"
"нанять тракториста в угличе";"Профессии / Тракторные работы / Углич";"https://dodelay.ru/podrabotka/uglich/tractor";"Коммерческий";"НЧ"
"найти тракториста в угличе";"Профессии / Тракторные работы / Углич";"https://dodelay.ru/podrabotka/uglich/tractor";"Коммерческий";"НЧ"
"услуги тракториста в угличе";"Профессии / Тракторные работы / Углич";"https://dodelay.ru/podrabotka/uglich/tractor";"Коммерческий";"НЧ"
"тракторные работы частник в угличе";"Профессии / Тракторные работы / Углич";"https://dodelay.ru/podrabotka/uglich/tractor";"Коммерческий";"НЧ"
"тракторные работы без посредников в угличе";"Профессии / Тракторные работы / Углич";"https://dodelay.ru/podrabotka/uglich/tractor";"Коммерческий";"НЧ"
"работа тракторные работы в угличе";"Профессии / Тракторные работы / Углич";"https://dodelay.ru/podrabotka/uglich/tractor";"Вакансия";"СЧ"
"подработка тракторные работы в угличе";"Профессии / Тракторные работы / Углич";"https://dodelay.ru/podrabotka/uglich/tractor";"Вакансия";"НЧ"
"требуется тракторные работы в угличе";"Профессии / Тракторные работы / Углич";"https://dodelay.ru/podrabotka/uglich/tractor";"Вакансия";"НЧ"
"вакансия тракторные работы в угличе";"Профессии / Тракторные работы / Углич";"https://dodelay.ru/podrabotka/uglich/tractor";"Вакансия";"НЧ"
"тракторные работы в ростове великом";"Профессии / Тракторные работы / Ростов Великий";"https://dodelay.ru/podrabotka/rostov/tractor";"Коммерческий";"СЧ"
"тракторные работы ростов великий";"Профессии / Тракторные работы / Ростов Великий";"https://dodelay.ru/podrabotka/rostov/tractor";"Коммерческий";"СЧ"
"тракторные работы в ростове великом недорого";"Профессии / Тракторные работы / Ростов Великий";"https://dodelay.ru/podrabotka/rostov/tractor";"Коммерческий";"НЧ"
"тракторные работы в ростове великом цены";"Профессии / Тракторные работы / Ростов Великий";"https://dodelay.ru/podrabotka/rostov/tractor";"Коммерческий";"НЧ"
"тракторные работы в ростове великом на дом";"Профессии / Тракторные работы / Ростов Великий";"https://dodelay.ru/podrabotka/rostov/tractor";"Коммерческий";"НЧ"
"вызвать тракториста в ростове великом";"Профессии / Тракторные работы / Ростов Великий";"https://dodelay.ru/podrabotka/rostov/tractor";"Коммерческий";"НЧ"
"нанять тракториста в ростове великом";"Профессии / Тракторные работы / Ростов Великий";"https://dodelay.ru/podrabotka/rostov/tractor";"Коммерческий";"НЧ"
"найти тракториста в ростове великом";"Профессии / Тракторные работы / Ростов Великий";"https://dodelay.ru/podrabotka/rostov/tractor";"Коммерческий";"НЧ"
"услуги тракториста в ростове великом";"Профессии / Тракторные работы / Ростов Великий";"https://dodelay.ru/podrabotka/rostov/tractor";"Коммерческий";"НЧ"
"тракторные работы частник в ростове великом";"Профессии / Тракторные работы / Ростов Великий";"https://dodelay.ru/podrabotka/rostov/tractor";"Коммерческий";"НЧ"
"тракторные работы без посредников в ростове великом";"Профессии / Тракторные работы / Ростов Великий";"https://dodelay.ru/podrabotka/rostov/tractor";"Коммерческий";"НЧ"
"работа тракторные работы в ростове великом";"Профессии / Тракторные работы / Ростов Великий";"https://dodelay.ru/podrabotka/rostov/tractor";"Вакансия";"СЧ"
"подработка тракторные работы в ростове великом";"Профессии / Тракторные работы / Ростов Великий";"https://dodelay.ru/podrabotka/rostov/tractor";"Вакансия";"НЧ"
"требуется тракторные работы в ростове великом";"Профессии / Тракторные работы / Ростов Великий";"https://dodelay.ru/podrabotka/rostov/tractor";"Вакансия";"НЧ"
"вакансия тракторные работы в ростове великом";"Профессии / Тракторные работы / Ростов Великий";"https://dodelay.ru/podrabotka/rostov/tractor";"Вакансия";"НЧ"
"вспашка";"Профессии / Тракторные работы / Задачи";"https://dodelay.ru/podrabotka/yaroslavl/tractor";"Инфо";"НЧ"
"сколько стоит вспашка";"Профессии / Тракторные работы / Задачи";"https://dodelay.ru/podrabotka/yaroslavl/tractor";"Инфо";"НЧ"
"час работы экскаватора в ярославле";"Профессии / Тракторные работы / Задачи";"https://dodelay.ru/podrabotka/yaroslavl/tractor";"Инфо";"НЧ"
"час работы экскаватора цена";"Профессии / Тракторные работы / Задачи";"https://dodelay.ru/podrabotka/yaroslavl/tractor";"Инфо";"НЧ"
"сколько стоит час работы экскаватора";"Профессии / Тракторные работы / Задачи";"https://dodelay.ru/podrabotka/yaroslavl/tractor";"Инфо";"НЧ"
"смена работы техники в ярославле";"Профессии / Тракторные работы / Задачи";"https://dodelay.ru/podrabotka/yaroslavl/tractor";"Инфо";"НЧ"
"смена работы техники цена";"Профессии / Тракторные работы / Задачи";"https://dodelay.ru/podrabotka/yaroslavl/tractor";"Инфо";"НЧ"
"сколько стоит смена работы техники";"Профессии / Тракторные работы / Задачи";"https://dodelay.ru/podrabotka/yaroslavl/tractor";"Инфо";"НЧ"
"уборка снега в ярославле";"Профессии / Уборка снега / Ярославль";"https://dodelay.ru/podrabotka/yaroslavl/snow";"Коммерческий";"СЧ"
"уборка снега ярославль";"Профессии / Уборка снега / Ярославль";"https://dodelay.ru/podrabotka/yaroslavl/snow";"Коммерческий";"СЧ"
"чистка снега в ярославле";"Профессии / Уборка снега / Ярославль";"https://dodelay.ru/podrabotka/yaroslavl/snow";"Коммерческий";"СЧ"
"чистка снега ярославль";"Профессии / Уборка снега / Ярославль";"https://dodelay.ru/podrabotka/yaroslavl/snow";"Коммерческий";"СЧ"
"расчистка снега в ярославле";"Профессии / Уборка снега / Ярославль";"https://dodelay.ru/podrabotka/yaroslavl/snow";"Коммерческий";"СЧ"
"расчистка снега ярославль";"Профессии / Уборка снега / Ярославль";"https://dodelay.ru/podrabotka/yaroslavl/snow";"Коммерческий";"СЧ"
"уборка снега с крыши в ярославле";"Профессии / Уборка снега / Ярославль";"https://dodelay.ru/podrabotka/yaroslavl/snow";"Коммерческий";"СЧ"
"уборка снега с крыши ярославль";"Профессии / Уборка снега / Ярославль";"https://dodelay.ru/podrabotka/yaroslavl/snow";"Коммерческий";"СЧ"
"вывоз снега в ярославле";"Профессии / Уборка снега / Ярославль";"https://dodelay.ru/podrabotka/yaroslavl/snow";"Коммерческий";"СЧ"
"вывоз снега ярославль";"Профессии / Уборка снега / Ярославль";"https://dodelay.ru/podrabotka/yaroslavl/snow";"Коммерческий";"СЧ"
"уборка снега в ярославле недорого";"Профессии / Уборка снега / Ярославль";"https://dodelay.ru/podrabotka/yaroslavl/snow";"Коммерческий";"НЧ"
"уборка снега в ярославле цены";"Профессии / Уборка снега / Ярославль";"https://dodelay.ru/podrabotka/yaroslavl/snow";"Коммерческий";"НЧ"
"уборка снега в ярославле на дом";"Профессии / Уборка снега / Ярославль";"https://dodelay.ru/podrabotka/yaroslavl/snow";"Коммерческий";"НЧ"
"вызвать мастера по уборке снега в ярославле";"Профессии / Уборка снега / Ярославль";"https://dodelay.ru/podrabotka/yaroslavl/snow";"Коммерческий";"НЧ"
"нанять мастера по уборке снега в ярославле";"Профессии / Уборка снега / Ярославль";"https://dodelay.ru/podrabotka/yaroslavl/snow";"Коммерческий";"НЧ"
"найти мастера по уборке снега в ярославле";"Профессии / Уборка снега / Ярославль";"https://dodelay.ru/podrabotka/yaroslavl/snow";"Коммерческий";"НЧ"
"услуги мастера по уборке снега в ярославле";"Профессии / Уборка снега / Ярославль";"https://dodelay.ru/podrabotka/yaroslavl/snow";"Коммерческий";"НЧ"
"уборка снега частник в ярославле";"Профессии / Уборка снега / Ярославль";"https://dodelay.ru/podrabotka/yaroslavl/snow";"Коммерческий";"НЧ"
"уборка снега без посредников в ярославле";"Профессии / Уборка снега / Ярославль";"https://dodelay.ru/podrabotka/yaroslavl/snow";"Коммерческий";"НЧ"
"работа уборка снега в ярославле";"Профессии / Уборка снега / Ярославль";"https://dodelay.ru/podrabotka/yaroslavl/snow";"Вакансия";"СЧ"
"подработка уборка снега в ярославле";"Профессии / Уборка снега / Ярославль";"https://dodelay.ru/podrabotka/yaroslavl/snow";"Вакансия";"НЧ"
"требуется уборка снега в ярославле";"Профессии / Уборка снега / Ярославль";"https://dodelay.ru/podrabotka/yaroslavl/snow";"Вакансия";"НЧ"
"вакансия уборка снега в ярославле";"Профессии / Уборка снега / Ярославль";"https://dodelay.ru/podrabotka/yaroslavl/snow";"Вакансия";"НЧ"
"уборка снега в рыбинске";"Профессии / Уборка снега / Рыбинск";"https://dodelay.ru/podrabotka/rybinsk/snow";"Коммерческий";"СЧ"
"уборка снега рыбинск";"Профессии / Уборка снега / Рыбинск";"https://dodelay.ru/podrabotka/rybinsk/snow";"Коммерческий";"СЧ"
"чистка снега в рыбинске";"Профессии / Уборка снега / Рыбинск";"https://dodelay.ru/podrabotka/rybinsk/snow";"Коммерческий";"СЧ"
"чистка снега рыбинск";"Профессии / Уборка снега / Рыбинск";"https://dodelay.ru/podrabotka/rybinsk/snow";"Коммерческий";"СЧ"
"расчистка снега в рыбинске";"Профессии / Уборка снега / Рыбинск";"https://dodelay.ru/podrabotka/rybinsk/snow";"Коммерческий";"СЧ"
"расчистка снега рыбинск";"Профессии / Уборка снега / Рыбинск";"https://dodelay.ru/podrabotka/rybinsk/snow";"Коммерческий";"СЧ"
"уборка снега с крыши в рыбинске";"Профессии / Уборка снега / Рыбинск";"https://dodelay.ru/podrabotka/rybinsk/snow";"Коммерческий";"СЧ"
"уборка снега с крыши рыбинск";"Профессии / Уборка снега / Рыбинск";"https://dodelay.ru/podrabotka/rybinsk/snow";"Коммерческий";"СЧ"
"вывоз снега в рыбинске";"Профессии / Уборка снега / Рыбинск";"https://dodelay.ru/podrabotka/rybinsk/snow";"Коммерческий";"СЧ"
"вывоз снега рыбинск";"Профессии / Уборка снега / Рыбинск";"https://dodelay.ru/podrabotka/rybinsk/snow";"Коммерческий";"СЧ"
"уборка снега в рыбинске недорого";"Профессии / Уборка снега / Рыбинск";"https://dodelay.ru/podrabotka/rybinsk/snow";"Коммерческий";"НЧ"
"уборка снега в рыбинске цены";"Профессии / Уборка снега / Рыбинск";"https://dodelay.ru/podrabotka/rybinsk/snow";"Коммерческий";"НЧ"
"уборка снега в рыбинске на дом";"Профессии / Уборка снега / Рыбинск";"https://dodelay.ru/podrabotka/rybinsk/snow";"Коммерческий";"НЧ"
"вызвать мастера по уборке снега в рыбинске";"Профессии / Уборка снега / Рыбинск";"https://dodelay.ru/podrabotka/rybinsk/snow";"Коммерческий";"НЧ"
"нанять мастера по уборке снега в рыбинске";"Профессии / Уборка снега / Рыбинск";"https://dodelay.ru/podrabotka/rybinsk/snow";"Коммерческий";"НЧ"
"найти мастера по уборке снега в рыбинске";"Профессии / Уборка снега / Рыбинск";"https://dodelay.ru/podrabotka/rybinsk/snow";"Коммерческий";"НЧ"
"услуги мастера по уборке снега в рыбинске";"Профессии / Уборка снега / Рыбинск";"https://dodelay.ru/podrabotka/rybinsk/snow";"Коммерческий";"НЧ"
"уборка снега частник в рыбинске";"Профессии / Уборка снега / Рыбинск";"https://dodelay.ru/podrabotka/rybinsk/snow";"Коммерческий";"НЧ"
"уборка снега без посредников в рыбинске";"Профессии / Уборка снега / Рыбинск";"https://dodelay.ru/podrabotka/rybinsk/snow";"Коммерческий";"НЧ"
"работа уборка снега в рыбинске";"Профессии / Уборка снега / Рыбинск";"https://dodelay.ru/podrabotka/rybinsk/snow";"Вакансия";"СЧ"
"подработка уборка снега в рыбинске";"Профессии / Уборка снега / Рыбинск";"https://dodelay.ru/podrabotka/rybinsk/snow";"Вакансия";"НЧ"
"требуется уборка снега в рыбинске";"Профессии / Уборка снега / Рыбинск";"https://dodelay.ru/podrabotka/rybinsk/snow";"Вакансия";"НЧ"
"вакансия уборка снега в рыбинске";"Профессии / Уборка снега / Рыбинск";"https://dodelay.ru/podrabotka/rybinsk/snow";"Вакансия";"НЧ"
"уборка снега в тутаеве";"Профессии / Уборка снега / Тутаев";"https://dodelay.ru/podrabotka/tutaev/snow";"Коммерческий";"СЧ"
"уборка снега тутаев";"Профессии / Уборка снега / Тутаев";"https://dodelay.ru/podrabotka/tutaev/snow";"Коммерческий";"СЧ"
"чистка снега в тутаеве";"Профессии / Уборка снега / Тутаев";"https://dodelay.ru/podrabotka/tutaev/snow";"Коммерческий";"СЧ"
"чистка снега тутаев";"Профессии / Уборка снега / Тутаев";"https://dodelay.ru/podrabotka/tutaev/snow";"Коммерческий";"СЧ"
"расчистка снега в тутаеве";"Профессии / Уборка снега / Тутаев";"https://dodelay.ru/podrabotka/tutaev/snow";"Коммерческий";"СЧ"
"расчистка снега тутаев";"Профессии / Уборка снега / Тутаев";"https://dodelay.ru/podrabotka/tutaev/snow";"Коммерческий";"СЧ"
"уборка снега с крыши в тутаеве";"Профессии / Уборка снега / Тутаев";"https://dodelay.ru/podrabotka/tutaev/snow";"Коммерческий";"СЧ"
"уборка снега с крыши тутаев";"Профессии / Уборка снега / Тутаев";"https://dodelay.ru/podrabotka/tutaev/snow";"Коммерческий";"СЧ"
"вывоз снега в тутаеве";"Профессии / Уборка снега / Тутаев";"https://dodelay.ru/podrabotka/tutaev/snow";"Коммерческий";"СЧ"
"вывоз снега тутаев";"Профессии / Уборка снега / Тутаев";"https://dodelay.ru/podrabotka/tutaev/snow";"Коммерческий";"СЧ"
"уборка снега в тутаеве недорого";"Профессии / Уборка снега / Тутаев";"https://dodelay.ru/podrabotka/tutaev/snow";"Коммерческий";"НЧ"
"уборка снега в тутаеве цены";"Профессии / Уборка снега / Тутаев";"https://dodelay.ru/podrabotka/tutaev/snow";"Коммерческий";"НЧ"
"уборка снега в тутаеве на дом";"Профессии / Уборка снега / Тутаев";"https://dodelay.ru/podrabotka/tutaev/snow";"Коммерческий";"НЧ"
"вызвать мастера по уборке снега в тутаеве";"Профессии / Уборка снега / Тутаев";"https://dodelay.ru/podrabotka/tutaev/snow";"Коммерческий";"НЧ"
"нанять мастера по уборке снега в тутаеве";"Профессии / Уборка снега / Тутаев";"https://dodelay.ru/podrabotka/tutaev/snow";"Коммерческий";"НЧ"
"найти мастера по уборке снега в тутаеве";"Профессии / Уборка снега / Тутаев";"https://dodelay.ru/podrabotka/tutaev/snow";"Коммерческий";"НЧ"
"услуги мастера по уборке снега в тутаеве";"Профессии / Уборка снега / Тутаев";"https://dodelay.ru/podrabotka/tutaev/snow";"Коммерческий";"НЧ"
"уборка снега частник в тутаеве";"Профессии / Уборка снега / Тутаев";"https://dodelay.ru/podrabotka/tutaev/snow";"Коммерческий";"НЧ"
"уборка снега без посредников в тутаеве";"Профессии / Уборка снега / Тутаев";"https://dodelay.ru/podrabotka/tutaev/snow";"Коммерческий";"НЧ"
"работа уборка снега в тутаеве";"Профессии / Уборка снега / Тутаев";"https://dodelay.ru/podrabotka/tutaev/snow";"Вакансия";"СЧ"
"подработка уборка снега в тутаеве";"Профессии / Уборка снега / Тутаев";"https://dodelay.ru/podrabotka/tutaev/snow";"Вакансия";"НЧ"
"требуется уборка снега в тутаеве";"Профессии / Уборка снега / Тутаев";"https://dodelay.ru/podrabotka/tutaev/snow";"Вакансия";"НЧ"
"вакансия уборка снега в тутаеве";"Профессии / Уборка снега / Тутаев";"https://dodelay.ru/podrabotka/tutaev/snow";"Вакансия";"НЧ"
"уборка снега в переславле-залесском";"Профессии / Уборка снега / Переславль-Залесский";"https://dodelay.ru/podrabotka/pereslavl/snow";"Коммерческий";"СЧ"
"уборка снега переславль-залесский";"Профессии / Уборка снега / Переславль-Залесский";"https://dodelay.ru/podrabotka/pereslavl/snow";"Коммерческий";"СЧ"
"чистка снега в переславле-залесском";"Профессии / Уборка снега / Переславль-Залесский";"https://dodelay.ru/podrabotka/pereslavl/snow";"Коммерческий";"СЧ"
"чистка снега переславль-залесский";"Профессии / Уборка снега / Переславль-Залесский";"https://dodelay.ru/podrabotka/pereslavl/snow";"Коммерческий";"СЧ"
"расчистка снега в переславле-залесском";"Профессии / Уборка снега / Переславль-Залесский";"https://dodelay.ru/podrabotka/pereslavl/snow";"Коммерческий";"СЧ"
"расчистка снега переславль-залесский";"Профессии / Уборка снега / Переславль-Залесский";"https://dodelay.ru/podrabotka/pereslavl/snow";"Коммерческий";"СЧ"
"уборка снега с крыши в переславле-залесском";"Профессии / Уборка снега / Переславль-Залесский";"https://dodelay.ru/podrabotka/pereslavl/snow";"Коммерческий";"СЧ"
"уборка снега с крыши переславль-залесский";"Профессии / Уборка снега / Переславль-Залесский";"https://dodelay.ru/podrabotka/pereslavl/snow";"Коммерческий";"СЧ"
"вывоз снега в переславле-залесском";"Профессии / Уборка снега / Переславль-Залесский";"https://dodelay.ru/podrabotka/pereslavl/snow";"Коммерческий";"СЧ"
"вывоз снега переславль-залесский";"Профессии / Уборка снега / Переславль-Залесский";"https://dodelay.ru/podrabotka/pereslavl/snow";"Коммерческий";"СЧ"
"уборка снега в переславле-залесском недорого";"Профессии / Уборка снега / Переславль-Залесский";"https://dodelay.ru/podrabotka/pereslavl/snow";"Коммерческий";"НЧ"
"уборка снега в переславле-залесском цены";"Профессии / Уборка снега / Переславль-Залесский";"https://dodelay.ru/podrabotka/pereslavl/snow";"Коммерческий";"НЧ"
"уборка снега в переславле-залесском на дом";"Профессии / Уборка снега / Переславль-Залесский";"https://dodelay.ru/podrabotka/pereslavl/snow";"Коммерческий";"НЧ"
"вызвать мастера по уборке снега в переславле-залесском";"Профессии / Уборка снега / Переславль-Залесский";"https://dodelay.ru/podrabotka/pereslavl/snow";"Коммерческий";"НЧ"
"нанять мастера по уборке снега в переславле-залесском";"Профессии / Уборка снега / Переславль-Залесский";"https://dodelay.ru/podrabotka/pereslavl/snow";"Коммерческий";"НЧ"
"найти мастера по уборке снега в переславле-залесском";"Профессии / Уборка снега / Переславль-Залесский";"https://dodelay.ru/podrabotka/pereslavl/snow";"Коммерческий";"НЧ"
"услуги мастера по уборке снега в переславле-залесском";"Профессии / Уборка снега / Переславль-Залесский";"https://dodelay.ru/podrabotka/pereslavl/snow";"Коммерческий";"НЧ"
"уборка снега частник в переславле-залесском";"Профессии / Уборка снега / Переславль-Залесский";"https://dodelay.ru/podrabotka/pereslavl/snow";"Коммерческий";"НЧ"
"уборка снега без посредников в переславле-залесском";"Профессии / Уборка снега / Переславль-Залесский";"https://dodelay.ru/podrabotka/pereslavl/snow";"Коммерческий";"НЧ"
"работа уборка снега в переславле-залесском";"Профессии / Уборка снега / Переславль-Залесский";"https://dodelay.ru/podrabotka/pereslavl/snow";"Вакансия";"СЧ"
"подработка уборка снега в переславле-залесском";"Профессии / Уборка снега / Переславль-Залесский";"https://dodelay.ru/podrabotka/pereslavl/snow";"Вакансия";"НЧ"
"требуется уборка снега в переславле-залесском";"Профессии / Уборка снега / Переславль-Залесский";"https://dodelay.ru/podrabotka/pereslavl/snow";"Вакансия";"НЧ"
"вакансия уборка снега в переславле-залесском";"Профессии / Уборка снега / Переславль-Залесский";"https://dodelay.ru/podrabotka/pereslavl/snow";"Вакансия";"НЧ"
"уборка снега в угличе";"Профессии / Уборка снега / Углич";"https://dodelay.ru/podrabotka/uglich/snow";"Коммерческий";"СЧ"
"уборка снега углич";"Профессии / Уборка снега / Углич";"https://dodelay.ru/podrabotka/uglich/snow";"Коммерческий";"СЧ"
"чистка снега в угличе";"Профессии / Уборка снега / Углич";"https://dodelay.ru/podrabotka/uglich/snow";"Коммерческий";"СЧ"
"чистка снега углич";"Профессии / Уборка снега / Углич";"https://dodelay.ru/podrabotka/uglich/snow";"Коммерческий";"СЧ"
"расчистка снега в угличе";"Профессии / Уборка снега / Углич";"https://dodelay.ru/podrabotka/uglich/snow";"Коммерческий";"СЧ"
"расчистка снега углич";"Профессии / Уборка снега / Углич";"https://dodelay.ru/podrabotka/uglich/snow";"Коммерческий";"СЧ"
"уборка снега с крыши в угличе";"Профессии / Уборка снега / Углич";"https://dodelay.ru/podrabotka/uglich/snow";"Коммерческий";"СЧ"
"уборка снега с крыши углич";"Профессии / Уборка снега / Углич";"https://dodelay.ru/podrabotka/uglich/snow";"Коммерческий";"СЧ"
"вывоз снега в угличе";"Профессии / Уборка снега / Углич";"https://dodelay.ru/podrabotka/uglich/snow";"Коммерческий";"СЧ"
"вывоз снега углич";"Профессии / Уборка снега / Углич";"https://dodelay.ru/podrabotka/uglich/snow";"Коммерческий";"СЧ"
"уборка снега в угличе недорого";"Профессии / Уборка снега / Углич";"https://dodelay.ru/podrabotka/uglich/snow";"Коммерческий";"НЧ"
"уборка снега в угличе цены";"Профессии / Уборка снега / Углич";"https://dodelay.ru/podrabotka/uglich/snow";"Коммерческий";"НЧ"
"уборка снега в угличе на дом";"Профессии / Уборка снега / Углич";"https://dodelay.ru/podrabotka/uglich/snow";"Коммерческий";"НЧ"
"вызвать мастера по уборке снега в угличе";"Профессии / Уборка снега / Углич";"https://dodelay.ru/podrabotka/uglich/snow";"Коммерческий";"НЧ"
"нанять мастера по уборке снега в угличе";"Профессии / Уборка снега / Углич";"https://dodelay.ru/podrabotka/uglich/snow";"Коммерческий";"НЧ"
"найти мастера по уборке снега в угличе";"Профессии / Уборка снега / Углич";"https://dodelay.ru/podrabotka/uglich/snow";"Коммерческий";"НЧ"
"услуги мастера по уборке снега в угличе";"Профессии / Уборка снега / Углич";"https://dodelay.ru/podrabotka/uglich/snow";"Коммерческий";"НЧ"
"уборка снега частник в угличе";"Профессии / Уборка снега / Углич";"https://dodelay.ru/podrabotka/uglich/snow";"Коммерческий";"НЧ"
"уборка снега без посредников в угличе";"Профессии / Уборка снега / Углич";"https://dodelay.ru/podrabotka/uglich/snow";"Коммерческий";"НЧ"
"работа уборка снега в угличе";"Профессии / Уборка снега / Углич";"https://dodelay.ru/podrabotka/uglich/snow";"Вакансия";"СЧ"
"подработка уборка снега в угличе";"Профессии / Уборка снега / Углич";"https://dodelay.ru/podrabotka/uglich/snow";"Вакансия";"НЧ"
"требуется уборка снега в угличе";"Профессии / Уборка снега / Углич";"https://dodelay.ru/podrabotka/uglich/snow";"Вакансия";"НЧ"
"вакансия уборка снега в угличе";"Профессии / Уборка снега / Углич";"https://dodelay.ru/podrabotka/uglich/snow";"Вакансия";"НЧ"
"уборка снега в ростове великом";"Профессии / Уборка снега / Ростов Великий";"https://dodelay.ru/podrabotka/rostov/snow";"Коммерческий";"СЧ"
"уборка снега ростов великий";"Профессии / Уборка снега / Ростов Великий";"https://dodelay.ru/podrabotka/rostov/snow";"Коммерческий";"СЧ"
"чистка снега в ростове великом";"Профессии / Уборка снега / Ростов Великий";"https://dodelay.ru/podrabotka/rostov/snow";"Коммерческий";"СЧ"
"чистка снега ростов великий";"Профессии / Уборка снега / Ростов Великий";"https://dodelay.ru/podrabotka/rostov/snow";"Коммерческий";"СЧ"
"расчистка снега в ростове великом";"Профессии / Уборка снега / Ростов Великий";"https://dodelay.ru/podrabotka/rostov/snow";"Коммерческий";"СЧ"
"расчистка снега ростов великий";"Профессии / Уборка снега / Ростов Великий";"https://dodelay.ru/podrabotka/rostov/snow";"Коммерческий";"СЧ"
"уборка снега с крыши в ростове великом";"Профессии / Уборка снега / Ростов Великий";"https://dodelay.ru/podrabotka/rostov/snow";"Коммерческий";"СЧ"
"уборка снега с крыши ростов великий";"Профессии / Уборка снега / Ростов Великий";"https://dodelay.ru/podrabotka/rostov/snow";"Коммерческий";"СЧ"
"вывоз снега в ростове великом";"Профессии / Уборка снега / Ростов Великий";"https://dodelay.ru/podrabotka/rostov/snow";"Коммерческий";"СЧ"
"вывоз снега ростов великий";"Профессии / Уборка снега / Ростов Великий";"https://dodelay.ru/podrabotka/rostov/snow";"Коммерческий";"СЧ"
"уборка снега в ростове великом недорого";"Профессии / Уборка снега / Ростов Великий";"https://dodelay.ru/podrabotka/rostov/snow";"Коммерческий";"НЧ"
"уборка снега в ростове великом цены";"Профессии / Уборка снега / Ростов Великий";"https://dodelay.ru/podrabotka/rostov/snow";"Коммерческий";"НЧ"
"уборка снега в ростове великом на дом";"Профессии / Уборка снега / Ростов Великий";"https://dodelay.ru/podrabotka/rostov/snow";"Коммерческий";"НЧ"
"вызвать мастера по уборке снега в ростове великом";"Профессии / Уборка снега / Ростов Великий";"https://dodelay.ru/podrabotka/rostov/snow";"Коммерческий";"НЧ"
"нанять мастера по уборке снега в ростове великом";"Профессии / Уборка снега / Ростов Великий";"https://dodelay.ru/podrabotka/rostov/snow";"Коммерческий";"НЧ"
"найти мастера по уборке снега в ростове великом";"Профессии / Уборка снега / Ростов Великий";"https://dodelay.ru/podrabotka/rostov/snow";"Коммерческий";"НЧ"
"услуги мастера по уборке снега в ростове великом";"Профессии / Уборка снега / Ростов Великий";"https://dodelay.ru/podrabotka/rostov/snow";"Коммерческий";"НЧ"
"уборка снега частник в ростове великом";"Профессии / Уборка снега / Ростов Великий";"https://dodelay.ru/podrabotka/rostov/snow";"Коммерческий";"НЧ"
"уборка снега без посредников в ростове великом";"Профессии / Уборка снега / Ростов Великий";"https://dodelay.ru/podrabotka/rostov/snow";"Коммерческий";"НЧ"
"работа уборка снега в ростове великом";"Профессии / Уборка снега / Ростов Великий";"https://dodelay.ru/podrabotka/rostov/snow";"Вакансия";"СЧ"
"подработка уборка снега в ростове великом";"Профессии / Уборка снега / Ростов Великий";"https://dodelay.ru/podrabotka/rostov/snow";"Вакансия";"НЧ"
"требуется уборка снега в ростове великом";"Профессии / Уборка снега / Ростов Великий";"https://dodelay.ru/podrabotka/rostov/snow";"Вакансия";"НЧ"
"вакансия уборка снега в ростове великом";"Профессии / Уборка снега / Ростов Великий";"https://dodelay.ru/podrabotka/rostov/snow";"Вакансия";"НЧ"
"уборка двора вручную";"Профессии / Уборка снега / Задачи";"https://dodelay.ru/podrabotka/yaroslavl/snow";"Инфо";"НЧ"
"сколько стоит уборка двора вручную";"Профессии / Уборка снега / Задачи";"https://dodelay.ru/podrabotka/yaroslavl/snow";"Инфо";"НЧ"
"чистка крыши от снега";"Профессии / Уборка снега / Задачи";"https://dodelay.ru/podrabotka/yaroslavl/snow";"Инфо";"НЧ"
"сколько стоит чистка крыши от снега";"Профессии / Уборка снега / Задачи";"https://dodelay.ru/podrabotka/yaroslavl/snow";"Инфо";"НЧ"
"расчистка проезда трактором в ярославле";"Профессии / Уборка снега / Задачи";"https://dodelay.ru/podrabotka/yaroslavl/snow";"Инфо";"НЧ"
"расчистка проезда трактором цена";"Профессии / Уборка снега / Задачи";"https://dodelay.ru/podrabotka/yaroslavl/snow";"Инфо";"НЧ"
"сколько стоит расчистка проезда трактором";"Профессии / Уборка снега / Задачи";"https://dodelay.ru/podrabotka/yaroslavl/snow";"Инфо";"НЧ"
"уборка участка";"Профессии / Уборка снега / Задачи";"https://dodelay.ru/podrabotka/yaroslavl/snow";"Инфо";"НЧ"
"сколько стоит уборка участка";"Профессии / Уборка снега / Задачи";"https://dodelay.ru/podrabotka/yaroslavl/snow";"Инфо";"НЧ"
"газель";"Профессии / Газель, грузоперевозки / Ярославль";"https://dodelay.ru/podrabotka/yaroslavl/cargo";"Коммерческий";"СЧ"
"грузоперевозки в ярославле";"Профессии / Газель, грузоперевозки / Ярославль";"https://dodelay.ru/podrabotka/yaroslavl/cargo";"Коммерческий";"СЧ"
"грузоперевозки ярославль";"Профессии / Газель, грузоперевозки / Ярославль";"https://dodelay.ru/podrabotka/yaroslavl/cargo";"Коммерческий";"СЧ"
"газель в ярославле";"Профессии / Газель, грузоперевозки / Ярославль";"https://dodelay.ru/podrabotka/yaroslavl/cargo";"Коммерческий";"СЧ"
"газель ярославль";"Профессии / Газель, грузоперевозки / Ярославль";"https://dodelay.ru/podrabotka/yaroslavl/cargo";"Коммерческий";"СЧ"
"перевозка вещей в ярославле";"Профессии / Газель, грузоперевозки / Ярославль";"https://dodelay.ru/podrabotka/yaroslavl/cargo";"Коммерческий";"СЧ"
"перевозка вещей ярославль";"Профессии / Газель, грузоперевозки / Ярославль";"https://dodelay.ru/podrabotka/yaroslavl/cargo";"Коммерческий";"СЧ"
"квартирный переезд в ярославле";"Профессии / Газель, грузоперевозки / Ярославль";"https://dodelay.ru/podrabotka/yaroslavl/cargo";"Коммерческий";"СЧ"
"квартирный переезд ярославль";"Профессии / Газель, грузоперевозки / Ярославль";"https://dodelay.ru/podrabotka/yaroslavl/cargo";"Коммерческий";"СЧ"
"грузовое такси в ярославле";"Профессии / Газель, грузоперевозки / Ярославль";"https://dodelay.ru/podrabotka/yaroslavl/cargo";"Коммерческий";"СЧ"
"грузовое такси ярославль";"Профессии / Газель, грузоперевозки / Ярославль";"https://dodelay.ru/podrabotka/yaroslavl/cargo";"Коммерческий";"СЧ"
"вызвать водителя с газелью в ярославле";"Профессии / Газель, грузоперевозки / Ярославль";"https://dodelay.ru/podrabotka/yaroslavl/cargo";"Коммерческий";"НЧ"
"нанять водителя с газелью в ярославле";"Профессии / Газель, грузоперевозки / Ярославль";"https://dodelay.ru/podrabotka/yaroslavl/cargo";"Коммерческий";"НЧ"
"найти водителя с газелью в ярославле";"Профессии / Газель, грузоперевозки / Ярославль";"https://dodelay.ru/podrabotka/yaroslavl/cargo";"Коммерческий";"НЧ"
"услуги водителя с газелью в ярославле";"Профессии / Газель, грузоперевозки / Ярославль";"https://dodelay.ru/podrabotka/yaroslavl/cargo";"Коммерческий";"НЧ"
"работа газель";"Профессии / Газель, грузоперевозки / Ярославль";"https://dodelay.ru/podrabotka/yaroslavl/cargo";"Вакансия";"СЧ"
"подработка газель";"Профессии / Газель, грузоперевозки / Ярославль";"https://dodelay.ru/podrabotka/yaroslavl/cargo";"Вакансия";"НЧ"
"требуется газель";"Профессии / Газель, грузоперевозки / Ярославль";"https://dodelay.ru/podrabotka/yaroslavl/cargo";"Вакансия";"НЧ"
"вакансия газель";"Профессии / Газель, грузоперевозки / Ярославль";"https://dodelay.ru/podrabotka/yaroslavl/cargo";"Вакансия";"НЧ"
"грузоперевозки в рыбинске";"Профессии / Газель, грузоперевозки / Рыбинск";"https://dodelay.ru/podrabotka/rybinsk/cargo";"Коммерческий";"СЧ"
"грузоперевозки рыбинск";"Профессии / Газель, грузоперевозки / Рыбинск";"https://dodelay.ru/podrabotka/rybinsk/cargo";"Коммерческий";"СЧ"
"газель в рыбинске";"Профессии / Газель, грузоперевозки / Рыбинск";"https://dodelay.ru/podrabotka/rybinsk/cargo";"Коммерческий";"СЧ"
"газель рыбинск";"Профессии / Газель, грузоперевозки / Рыбинск";"https://dodelay.ru/podrabotka/rybinsk/cargo";"Коммерческий";"СЧ"
"перевозка вещей в рыбинске";"Профессии / Газель, грузоперевозки / Рыбинск";"https://dodelay.ru/podrabotka/rybinsk/cargo";"Коммерческий";"СЧ"
"перевозка вещей рыбинск";"Профессии / Газель, грузоперевозки / Рыбинск";"https://dodelay.ru/podrabotka/rybinsk/cargo";"Коммерческий";"СЧ"
"квартирный переезд в рыбинске";"Профессии / Газель, грузоперевозки / Рыбинск";"https://dodelay.ru/podrabotka/rybinsk/cargo";"Коммерческий";"СЧ"
"квартирный переезд рыбинск";"Профессии / Газель, грузоперевозки / Рыбинск";"https://dodelay.ru/podrabotka/rybinsk/cargo";"Коммерческий";"СЧ"
"грузовое такси в рыбинске";"Профессии / Газель, грузоперевозки / Рыбинск";"https://dodelay.ru/podrabotka/rybinsk/cargo";"Коммерческий";"СЧ"
"грузовое такси рыбинск";"Профессии / Газель, грузоперевозки / Рыбинск";"https://dodelay.ru/podrabotka/rybinsk/cargo";"Коммерческий";"СЧ"
"вызвать водителя с газелью в рыбинске";"Профессии / Газель, грузоперевозки / Рыбинск";"https://dodelay.ru/podrabotka/rybinsk/cargo";"Коммерческий";"НЧ"
"нанять водителя с газелью в рыбинске";"Профессии / Газель, грузоперевозки / Рыбинск";"https://dodelay.ru/podrabotka/rybinsk/cargo";"Коммерческий";"НЧ"
"найти водителя с газелью в рыбинске";"Профессии / Газель, грузоперевозки / Рыбинск";"https://dodelay.ru/podrabotka/rybinsk/cargo";"Коммерческий";"НЧ"
"услуги водителя с газелью в рыбинске";"Профессии / Газель, грузоперевозки / Рыбинск";"https://dodelay.ru/podrabotka/rybinsk/cargo";"Коммерческий";"НЧ"
"грузоперевозки в тутаеве";"Профессии / Газель, грузоперевозки / Тутаев";"https://dodelay.ru/podrabotka/tutaev/cargo";"Коммерческий";"СЧ"
"грузоперевозки тутаев";"Профессии / Газель, грузоперевозки / Тутаев";"https://dodelay.ru/podrabotka/tutaev/cargo";"Коммерческий";"СЧ"
"газель в тутаеве";"Профессии / Газель, грузоперевозки / Тутаев";"https://dodelay.ru/podrabotka/tutaev/cargo";"Коммерческий";"СЧ"
"газель тутаев";"Профессии / Газель, грузоперевозки / Тутаев";"https://dodelay.ru/podrabotka/tutaev/cargo";"Коммерческий";"СЧ"
"перевозка вещей в тутаеве";"Профессии / Газель, грузоперевозки / Тутаев";"https://dodelay.ru/podrabotka/tutaev/cargo";"Коммерческий";"СЧ"
"перевозка вещей тутаев";"Профессии / Газель, грузоперевозки / Тутаев";"https://dodelay.ru/podrabotka/tutaev/cargo";"Коммерческий";"СЧ"
"квартирный переезд в тутаеве";"Профессии / Газель, грузоперевозки / Тутаев";"https://dodelay.ru/podrabotka/tutaev/cargo";"Коммерческий";"СЧ"
"квартирный переезд тутаев";"Профессии / Газель, грузоперевозки / Тутаев";"https://dodelay.ru/podrabotka/tutaev/cargo";"Коммерческий";"СЧ"
"грузовое такси в тутаеве";"Профессии / Газель, грузоперевозки / Тутаев";"https://dodelay.ru/podrabotka/tutaev/cargo";"Коммерческий";"СЧ"
"грузовое такси тутаев";"Профессии / Газель, грузоперевозки / Тутаев";"https://dodelay.ru/podrabotka/tutaev/cargo";"Коммерческий";"СЧ"
"вызвать водителя с газелью в тутаеве";"Профессии / Газель, грузоперевозки / Тутаев";"https://dodelay.ru/podrabotka/tutaev/cargo";"Коммерческий";"НЧ"
"нанять водителя с газелью в тутаеве";"Профессии / Газель, грузоперевозки / Тутаев";"https://dodelay.ru/podrabotka/tutaev/cargo";"Коммерческий";"НЧ"
"найти водителя с газелью в тутаеве";"Профессии / Газель, грузоперевозки / Тутаев";"https://dodelay.ru/podrabotka/tutaev/cargo";"Коммерческий";"НЧ"
"услуги водителя с газелью в тутаеве";"Профессии / Газель, грузоперевозки / Тутаев";"https://dodelay.ru/podrabotka/tutaev/cargo";"Коммерческий";"НЧ"
"грузоперевозки в переславле-залесском";"Профессии / Газель, грузоперевозки / Переславль-Залесский";"https://dodelay.ru/podrabotka/pereslavl/cargo";"Коммерческий";"СЧ"
"грузоперевозки переславль-залесский";"Профессии / Газель, грузоперевозки / Переславль-Залесский";"https://dodelay.ru/podrabotka/pereslavl/cargo";"Коммерческий";"СЧ"
"газель в переславле-залесском";"Профессии / Газель, грузоперевозки / Переславль-Залесский";"https://dodelay.ru/podrabotka/pereslavl/cargo";"Коммерческий";"СЧ"
"газель переславль-залесский";"Профессии / Газель, грузоперевозки / Переславль-Залесский";"https://dodelay.ru/podrabotka/pereslavl/cargo";"Коммерческий";"СЧ"
"перевозка вещей в переславле-залесском";"Профессии / Газель, грузоперевозки / Переславль-Залесский";"https://dodelay.ru/podrabotka/pereslavl/cargo";"Коммерческий";"СЧ"
"перевозка вещей переславль-залесский";"Профессии / Газель, грузоперевозки / Переславль-Залесский";"https://dodelay.ru/podrabotka/pereslavl/cargo";"Коммерческий";"СЧ"
"квартирный переезд в переславле-залесском";"Профессии / Газель, грузоперевозки / Переславль-Залесский";"https://dodelay.ru/podrabotka/pereslavl/cargo";"Коммерческий";"СЧ"
"квартирный переезд переславль-залесский";"Профессии / Газель, грузоперевозки / Переславль-Залесский";"https://dodelay.ru/podrabotka/pereslavl/cargo";"Коммерческий";"СЧ"
"грузовое такси в переславле-залесском";"Профессии / Газель, грузоперевозки / Переславль-Залесский";"https://dodelay.ru/podrabotka/pereslavl/cargo";"Коммерческий";"СЧ"
"грузовое такси переславль-залесский";"Профессии / Газель, грузоперевозки / Переславль-Залесский";"https://dodelay.ru/podrabotka/pereslavl/cargo";"Коммерческий";"СЧ"
"вызвать водителя с газелью в переславле-залесском";"Профессии / Газель, грузоперевозки / Переславль-Залесский";"https://dodelay.ru/podrabotka/pereslavl/cargo";"Коммерческий";"НЧ"
"нанять водителя с газелью в переславле-залесском";"Профессии / Газель, грузоперевозки / Переславль-Залесский";"https://dodelay.ru/podrabotka/pereslavl/cargo";"Коммерческий";"НЧ"
"найти водителя с газелью в переславле-залесском";"Профессии / Газель, грузоперевозки / Переславль-Залесский";"https://dodelay.ru/podrabotka/pereslavl/cargo";"Коммерческий";"НЧ"
"услуги водителя с газелью в переславле-залесском";"Профессии / Газель, грузоперевозки / Переславль-Залесский";"https://dodelay.ru/podrabotka/pereslavl/cargo";"Коммерческий";"НЧ"
"грузоперевозки в угличе";"Профессии / Газель, грузоперевозки / Углич";"https://dodelay.ru/podrabotka/uglich/cargo";"Коммерческий";"СЧ"
"грузоперевозки углич";"Профессии / Газель, грузоперевозки / Углич";"https://dodelay.ru/podrabotka/uglich/cargo";"Коммерческий";"СЧ"
"газель в угличе";"Профессии / Газель, грузоперевозки / Углич";"https://dodelay.ru/podrabotka/uglich/cargo";"Коммерческий";"СЧ"
"газель углич";"Профессии / Газель, грузоперевозки / Углич";"https://dodelay.ru/podrabotka/uglich/cargo";"Коммерческий";"СЧ"
"перевозка вещей в угличе";"Профессии / Газель, грузоперевозки / Углич";"https://dodelay.ru/podrabotka/uglich/cargo";"Коммерческий";"СЧ"
"перевозка вещей углич";"Профессии / Газель, грузоперевозки / Углич";"https://dodelay.ru/podrabotka/uglich/cargo";"Коммерческий";"СЧ"
"квартирный переезд в угличе";"Профессии / Газель, грузоперевозки / Углич";"https://dodelay.ru/podrabotka/uglich/cargo";"Коммерческий";"СЧ"
"квартирный переезд углич";"Профессии / Газель, грузоперевозки / Углич";"https://dodelay.ru/podrabotka/uglich/cargo";"Коммерческий";"СЧ"
"грузовое такси в угличе";"Профессии / Газель, грузоперевозки / Углич";"https://dodelay.ru/podrabotka/uglich/cargo";"Коммерческий";"СЧ"
"грузовое такси углич";"Профессии / Газель, грузоперевозки / Углич";"https://dodelay.ru/podrabotka/uglich/cargo";"Коммерческий";"СЧ"
"вызвать водителя с газелью в угличе";"Профессии / Газель, грузоперевозки / Углич";"https://dodelay.ru/podrabotka/uglich/cargo";"Коммерческий";"НЧ"
"нанять водителя с газелью в угличе";"Профессии / Газель, грузоперевозки / Углич";"https://dodelay.ru/podrabotka/uglich/cargo";"Коммерческий";"НЧ"
"найти водителя с газелью в угличе";"Профессии / Газель, грузоперевозки / Углич";"https://dodelay.ru/podrabotka/uglich/cargo";"Коммерческий";"НЧ"
"услуги водителя с газелью в угличе";"Профессии / Газель, грузоперевозки / Углич";"https://dodelay.ru/podrabotka/uglich/cargo";"Коммерческий";"НЧ"
"грузоперевозки в ростове великом";"Профессии / Газель, грузоперевозки / Ростов Великий";"https://dodelay.ru/podrabotka/rostov/cargo";"Коммерческий";"СЧ"
"грузоперевозки ростов великий";"Профессии / Газель, грузоперевозки / Ростов Великий";"https://dodelay.ru/podrabotka/rostov/cargo";"Коммерческий";"СЧ"
"газель в ростове великом";"Профессии / Газель, грузоперевозки / Ростов Великий";"https://dodelay.ru/podrabotka/rostov/cargo";"Коммерческий";"СЧ"
"газель ростов великий";"Профессии / Газель, грузоперевозки / Ростов Великий";"https://dodelay.ru/podrabotka/rostov/cargo";"Коммерческий";"СЧ"
"перевозка вещей в ростове великом";"Профессии / Газель, грузоперевозки / Ростов Великий";"https://dodelay.ru/podrabotka/rostov/cargo";"Коммерческий";"СЧ"
"перевозка вещей ростов великий";"Профессии / Газель, грузоперевозки / Ростов Великий";"https://dodelay.ru/podrabotka/rostov/cargo";"Коммерческий";"СЧ"
"квартирный переезд в ростове великом";"Профессии / Газель, грузоперевозки / Ростов Великий";"https://dodelay.ru/podrabotka/rostov/cargo";"Коммерческий";"СЧ"
"квартирный переезд ростов великий";"Профессии / Газель, грузоперевозки / Ростов Великий";"https://dodelay.ru/podrabotka/rostov/cargo";"Коммерческий";"СЧ"
"грузовое такси в ростове великом";"Профессии / Газель, грузоперевозки / Ростов Великий";"https://dodelay.ru/podrabotka/rostov/cargo";"Коммерческий";"СЧ"
"грузовое такси ростов великий";"Профессии / Газель, грузоперевозки / Ростов Великий";"https://dodelay.ru/podrabotka/rostov/cargo";"Коммерческий";"СЧ"
"вызвать водителя с газелью в ростове великом";"Профессии / Газель, грузоперевозки / Ростов Великий";"https://dodelay.ru/podrabotka/rostov/cargo";"Коммерческий";"НЧ"
"нанять водителя с газелью в ростове великом";"Профессии / Газель, грузоперевозки / Ростов Великий";"https://dodelay.ru/podrabotka/rostov/cargo";"Коммерческий";"НЧ"
"найти водителя с газелью в ростове великом";"Профессии / Газель, грузоперевозки / Ростов Великий";"https://dodelay.ru/podrabotka/rostov/cargo";"Коммерческий";"НЧ"
"услуги водителя с газелью в ростове великом";"Профессии / Газель, грузоперевозки / Ростов Великий";"https://dodelay.ru/podrabotka/rostov/cargo";"Коммерческий";"НЧ"
"газель по городу";"Профессии / Газель, грузоперевозки / Задачи";"https://dodelay.ru/podrabotka/yaroslavl/cargo";"Инфо";"НЧ"
"сколько стоит газель по городу";"Профессии / Газель, грузоперевозки / Задачи";"https://dodelay.ru/podrabotka/yaroslavl/cargo";"Инфо";"НЧ"
"подача машины в ярославле";"Профессии / Газель, грузоперевозки / Задачи";"https://dodelay.ru/podrabotka/yaroslavl/cargo";"Инфо";"НЧ"
"подача машины цена";"Профессии / Газель, грузоперевозки / Задачи";"https://dodelay.ru/podrabotka/yaroslavl/cargo";"Инфо";"НЧ"
"сколько стоит подача машины";"Профессии / Газель, грузоперевозки / Задачи";"https://dodelay.ru/podrabotka/yaroslavl/cargo";"Инфо";"НЧ"
"межгород";"Профессии / Газель, грузоперевозки / Задачи";"https://dodelay.ru/podrabotka/yaroslavl/cargo";"Инфо";"НЧ"
"сколько стоит межгород";"Профессии / Газель, грузоперевозки / Задачи";"https://dodelay.ru/podrabotka/yaroslavl/cargo";"Инфо";"НЧ"
"переезд с грузчиками в ярославле";"Профессии / Газель, грузоперевозки / Задачи";"https://dodelay.ru/podrabotka/yaroslavl/cargo";"Инфо";"НЧ"
"переезд с грузчиками цена";"Профессии / Газель, грузоперевозки / Задачи";"https://dodelay.ru/podrabotka/yaroslavl/cargo";"Инфо";"НЧ"
"сколько стоит переезд с грузчиками";"Профессии / Газель, грузоперевозки / Задачи";"https://dodelay.ru/podrabotka/yaroslavl/cargo";"Инфо";"НЧ"
"водитель с авто в ярославле";"Профессии / Водитель с авто / Ярославль";"https://dodelay.ru/podrabotka/yaroslavl/driver";"Коммерческий";"СЧ"
"водитель с авто ярославль";"Профессии / Водитель с авто / Ярославль";"https://dodelay.ru/podrabotka/yaroslavl/driver";"Коммерческий";"СЧ"
"личный водитель в ярославле";"Профессии / Водитель с авто / Ярославль";"https://dodelay.ru/podrabotka/yaroslavl/driver";"Коммерческий";"СЧ"
"личный водитель ярославль";"Профессии / Водитель с авто / Ярославль";"https://dodelay.ru/podrabotka/yaroslavl/driver";"Коммерческий";"СЧ"
"водитель со своим авто в ярославле";"Профессии / Водитель с авто / Ярославль";"https://dodelay.ru/podrabotka/yaroslavl/driver";"Коммерческий";"СЧ"
"водитель со своим авто ярославль";"Профессии / Водитель с авто / Ярославль";"https://dodelay.ru/podrabotka/yaroslavl/driver";"Коммерческий";"СЧ"
"трезвый водитель в ярославле";"Профессии / Водитель с авто / Ярославль";"https://dodelay.ru/podrabotka/yaroslavl/driver";"Коммерческий";"СЧ"
"трезвый водитель ярославль";"Профессии / Водитель с авто / Ярославль";"https://dodelay.ru/podrabotka/yaroslavl/driver";"Коммерческий";"СЧ"
"водитель с авто в ярославле недорого";"Профессии / Водитель с авто / Ярославль";"https://dodelay.ru/podrabotka/yaroslavl/driver";"Коммерческий";"НЧ"
"водитель с авто в ярославле цены";"Профессии / Водитель с авто / Ярославль";"https://dodelay.ru/podrabotka/yaroslavl/driver";"Коммерческий";"НЧ"
"водитель с авто в ярославле на дом";"Профессии / Водитель с авто / Ярославль";"https://dodelay.ru/podrabotka/yaroslavl/driver";"Коммерческий";"НЧ"
"вызвать водителя в ярославле";"Профессии / Водитель с авто / Ярославль";"https://dodelay.ru/podrabotka/yaroslavl/driver";"Коммерческий";"НЧ"
"нанять водителя в ярославле";"Профессии / Водитель с авто / Ярославль";"https://dodelay.ru/podrabotka/yaroslavl/driver";"Коммерческий";"НЧ"
"найти водителя в ярославле";"Профессии / Водитель с авто / Ярославль";"https://dodelay.ru/podrabotka/yaroslavl/driver";"Коммерческий";"НЧ"
"услуги водителя в ярославле";"Профессии / Водитель с авто / Ярославль";"https://dodelay.ru/podrabotka/yaroslavl/driver";"Коммерческий";"НЧ"
"водитель с авто частник в ярославле";"Профессии / Водитель с авто / Ярославль";"https://dodelay.ru/podrabotka/yaroslavl/driver";"Коммерческий";"НЧ"
"водитель с авто без посредников в ярославле";"Профессии / Водитель с авто / Ярославль";"https://dodelay.ru/podrabotka/yaroslavl/driver";"Коммерческий";"НЧ"
"работа водитель с авто в ярославле";"Профессии / Водитель с авто / Ярославль";"https://dodelay.ru/podrabotka/yaroslavl/driver";"Вакансия";"СЧ"
"подработка водитель с авто в ярославле";"Профессии / Водитель с авто / Ярославль";"https://dodelay.ru/podrabotka/yaroslavl/driver";"Вакансия";"НЧ"
"требуется водитель с авто в ярославле";"Профессии / Водитель с авто / Ярославль";"https://dodelay.ru/podrabotka/yaroslavl/driver";"Вакансия";"НЧ"
"вакансия водитель с авто в ярославле";"Профессии / Водитель с авто / Ярославль";"https://dodelay.ru/podrabotka/yaroslavl/driver";"Вакансия";"НЧ"
"водитель с авто в рыбинске";"Профессии / Водитель с авто / Рыбинск";"https://dodelay.ru/podrabotka/rybinsk/driver";"Коммерческий";"СЧ"
"водитель с авто рыбинск";"Профессии / Водитель с авто / Рыбинск";"https://dodelay.ru/podrabotka/rybinsk/driver";"Коммерческий";"СЧ"
"личный водитель в рыбинске";"Профессии / Водитель с авто / Рыбинск";"https://dodelay.ru/podrabotka/rybinsk/driver";"Коммерческий";"СЧ"
"личный водитель рыбинск";"Профессии / Водитель с авто / Рыбинск";"https://dodelay.ru/podrabotka/rybinsk/driver";"Коммерческий";"СЧ"
"водитель со своим авто в рыбинске";"Профессии / Водитель с авто / Рыбинск";"https://dodelay.ru/podrabotka/rybinsk/driver";"Коммерческий";"СЧ"
"водитель со своим авто рыбинск";"Профессии / Водитель с авто / Рыбинск";"https://dodelay.ru/podrabotka/rybinsk/driver";"Коммерческий";"СЧ"
"трезвый водитель в рыбинске";"Профессии / Водитель с авто / Рыбинск";"https://dodelay.ru/podrabotka/rybinsk/driver";"Коммерческий";"СЧ"
"трезвый водитель рыбинск";"Профессии / Водитель с авто / Рыбинск";"https://dodelay.ru/podrabotka/rybinsk/driver";"Коммерческий";"СЧ"
"водитель с авто в рыбинске недорого";"Профессии / Водитель с авто / Рыбинск";"https://dodelay.ru/podrabotka/rybinsk/driver";"Коммерческий";"НЧ"
"водитель с авто в рыбинске цены";"Профессии / Водитель с авто / Рыбинск";"https://dodelay.ru/podrabotka/rybinsk/driver";"Коммерческий";"НЧ"
"водитель с авто в рыбинске на дом";"Профессии / Водитель с авто / Рыбинск";"https://dodelay.ru/podrabotka/rybinsk/driver";"Коммерческий";"НЧ"
"вызвать водителя в рыбинске";"Профессии / Водитель с авто / Рыбинск";"https://dodelay.ru/podrabotka/rybinsk/driver";"Коммерческий";"НЧ"
"нанять водителя в рыбинске";"Профессии / Водитель с авто / Рыбинск";"https://dodelay.ru/podrabotka/rybinsk/driver";"Коммерческий";"НЧ"
"найти водителя в рыбинске";"Профессии / Водитель с авто / Рыбинск";"https://dodelay.ru/podrabotka/rybinsk/driver";"Коммерческий";"НЧ"
"услуги водителя в рыбинске";"Профессии / Водитель с авто / Рыбинск";"https://dodelay.ru/podrabotka/rybinsk/driver";"Коммерческий";"НЧ"
"водитель с авто частник в рыбинске";"Профессии / Водитель с авто / Рыбинск";"https://dodelay.ru/podrabotka/rybinsk/driver";"Коммерческий";"НЧ"
"водитель с авто без посредников в рыбинске";"Профессии / Водитель с авто / Рыбинск";"https://dodelay.ru/podrabotka/rybinsk/driver";"Коммерческий";"НЧ"
"работа водитель с авто в рыбинске";"Профессии / Водитель с авто / Рыбинск";"https://dodelay.ru/podrabotka/rybinsk/driver";"Вакансия";"СЧ"
"подработка водитель с авто в рыбинске";"Профессии / Водитель с авто / Рыбинск";"https://dodelay.ru/podrabotka/rybinsk/driver";"Вакансия";"НЧ"
"требуется водитель с авто в рыбинске";"Профессии / Водитель с авто / Рыбинск";"https://dodelay.ru/podrabotka/rybinsk/driver";"Вакансия";"НЧ"
"вакансия водитель с авто в рыбинске";"Профессии / Водитель с авто / Рыбинск";"https://dodelay.ru/podrabotka/rybinsk/driver";"Вакансия";"НЧ"
"водитель с авто в тутаеве";"Профессии / Водитель с авто / Тутаев";"https://dodelay.ru/podrabotka/tutaev/driver";"Коммерческий";"СЧ"
"водитель с авто тутаев";"Профессии / Водитель с авто / Тутаев";"https://dodelay.ru/podrabotka/tutaev/driver";"Коммерческий";"СЧ"
"личный водитель в тутаеве";"Профессии / Водитель с авто / Тутаев";"https://dodelay.ru/podrabotka/tutaev/driver";"Коммерческий";"СЧ"
"личный водитель тутаев";"Профессии / Водитель с авто / Тутаев";"https://dodelay.ru/podrabotka/tutaev/driver";"Коммерческий";"СЧ"
"водитель со своим авто в тутаеве";"Профессии / Водитель с авто / Тутаев";"https://dodelay.ru/podrabotka/tutaev/driver";"Коммерческий";"СЧ"
"водитель со своим авто тутаев";"Профессии / Водитель с авто / Тутаев";"https://dodelay.ru/podrabotka/tutaev/driver";"Коммерческий";"СЧ"
"трезвый водитель в тутаеве";"Профессии / Водитель с авто / Тутаев";"https://dodelay.ru/podrabotka/tutaev/driver";"Коммерческий";"СЧ"
"трезвый водитель тутаев";"Профессии / Водитель с авто / Тутаев";"https://dodelay.ru/podrabotka/tutaev/driver";"Коммерческий";"СЧ"
"водитель с авто в тутаеве недорого";"Профессии / Водитель с авто / Тутаев";"https://dodelay.ru/podrabotka/tutaev/driver";"Коммерческий";"НЧ"
"водитель с авто в тутаеве цены";"Профессии / Водитель с авто / Тутаев";"https://dodelay.ru/podrabotka/tutaev/driver";"Коммерческий";"НЧ"
"водитель с авто в тутаеве на дом";"Профессии / Водитель с авто / Тутаев";"https://dodelay.ru/podrabotka/tutaev/driver";"Коммерческий";"НЧ"
"вызвать водителя в тутаеве";"Профессии / Водитель с авто / Тутаев";"https://dodelay.ru/podrabotka/tutaev/driver";"Коммерческий";"НЧ"
"нанять водителя в тутаеве";"Профессии / Водитель с авто / Тутаев";"https://dodelay.ru/podrabotka/tutaev/driver";"Коммерческий";"НЧ"
"найти водителя в тутаеве";"Профессии / Водитель с авто / Тутаев";"https://dodelay.ru/podrabotka/tutaev/driver";"Коммерческий";"НЧ"
"услуги водителя в тутаеве";"Профессии / Водитель с авто / Тутаев";"https://dodelay.ru/podrabotka/tutaev/driver";"Коммерческий";"НЧ"
"водитель с авто частник в тутаеве";"Профессии / Водитель с авто / Тутаев";"https://dodelay.ru/podrabotka/tutaev/driver";"Коммерческий";"НЧ"
"водитель с авто без посредников в тутаеве";"Профессии / Водитель с авто / Тутаев";"https://dodelay.ru/podrabotka/tutaev/driver";"Коммерческий";"НЧ"
"работа водитель с авто в тутаеве";"Профессии / Водитель с авто / Тутаев";"https://dodelay.ru/podrabotka/tutaev/driver";"Вакансия";"СЧ"
"подработка водитель с авто в тутаеве";"Профессии / Водитель с авто / Тутаев";"https://dodelay.ru/podrabotka/tutaev/driver";"Вакансия";"НЧ"
"требуется водитель с авто в тутаеве";"Профессии / Водитель с авто / Тутаев";"https://dodelay.ru/podrabotka/tutaev/driver";"Вакансия";"НЧ"
"вакансия водитель с авто в тутаеве";"Профессии / Водитель с авто / Тутаев";"https://dodelay.ru/podrabotka/tutaev/driver";"Вакансия";"НЧ"
"водитель с авто в переславле-залесском";"Профессии / Водитель с авто / Переславль-Залесский";"https://dodelay.ru/podrabotka/pereslavl/driver";"Коммерческий";"СЧ"
"водитель с авто переславль-залесский";"Профессии / Водитель с авто / Переславль-Залесский";"https://dodelay.ru/podrabotka/pereslavl/driver";"Коммерческий";"СЧ"
"личный водитель в переславле-залесском";"Профессии / Водитель с авто / Переславль-Залесский";"https://dodelay.ru/podrabotka/pereslavl/driver";"Коммерческий";"СЧ"
"личный водитель переславль-залесский";"Профессии / Водитель с авто / Переславль-Залесский";"https://dodelay.ru/podrabotka/pereslavl/driver";"Коммерческий";"СЧ"
"водитель со своим авто в переславле-залесском";"Профессии / Водитель с авто / Переславль-Залесский";"https://dodelay.ru/podrabotka/pereslavl/driver";"Коммерческий";"СЧ"
"водитель со своим авто переславль-залесский";"Профессии / Водитель с авто / Переславль-Залесский";"https://dodelay.ru/podrabotka/pereslavl/driver";"Коммерческий";"СЧ"
"трезвый водитель в переславле-залесском";"Профессии / Водитель с авто / Переславль-Залесский";"https://dodelay.ru/podrabotka/pereslavl/driver";"Коммерческий";"СЧ"
"трезвый водитель переславль-залесский";"Профессии / Водитель с авто / Переславль-Залесский";"https://dodelay.ru/podrabotka/pereslavl/driver";"Коммерческий";"СЧ"
"водитель с авто в переславле-залесском недорого";"Профессии / Водитель с авто / Переславль-Залесский";"https://dodelay.ru/podrabotka/pereslavl/driver";"Коммерческий";"НЧ"
"водитель с авто в переславле-залесском цены";"Профессии / Водитель с авто / Переславль-Залесский";"https://dodelay.ru/podrabotka/pereslavl/driver";"Коммерческий";"НЧ"
"водитель с авто в переславле-залесском на дом";"Профессии / Водитель с авто / Переславль-Залесский";"https://dodelay.ru/podrabotka/pereslavl/driver";"Коммерческий";"НЧ"
"вызвать водителя в переславле-залесском";"Профессии / Водитель с авто / Переславль-Залесский";"https://dodelay.ru/podrabotka/pereslavl/driver";"Коммерческий";"НЧ"
"нанять водителя в переславле-залесском";"Профессии / Водитель с авто / Переславль-Залесский";"https://dodelay.ru/podrabotka/pereslavl/driver";"Коммерческий";"НЧ"
"найти водителя в переславле-залесском";"Профессии / Водитель с авто / Переславль-Залесский";"https://dodelay.ru/podrabotka/pereslavl/driver";"Коммерческий";"НЧ"
"услуги водителя в переславле-залесском";"Профессии / Водитель с авто / Переславль-Залесский";"https://dodelay.ru/podrabotka/pereslavl/driver";"Коммерческий";"НЧ"
"водитель с авто частник в переславле-залесском";"Профессии / Водитель с авто / Переславль-Залесский";"https://dodelay.ru/podrabotka/pereslavl/driver";"Коммерческий";"НЧ"
"водитель с авто без посредников в переславле-залесском";"Профессии / Водитель с авто / Переславль-Залесский";"https://dodelay.ru/podrabotka/pereslavl/driver";"Коммерческий";"НЧ"
"работа водитель с авто в переславле-залесском";"Профессии / Водитель с авто / Переславль-Залесский";"https://dodelay.ru/podrabotka/pereslavl/driver";"Вакансия";"СЧ"
"подработка водитель с авто в переславле-залесском";"Профессии / Водитель с авто / Переславль-Залесский";"https://dodelay.ru/podrabotka/pereslavl/driver";"Вакансия";"НЧ"
"требуется водитель с авто в переславле-залесском";"Профессии / Водитель с авто / Переславль-Залесский";"https://dodelay.ru/podrabotka/pereslavl/driver";"Вакансия";"НЧ"
"вакансия водитель с авто в переславле-залесском";"Профессии / Водитель с авто / Переславль-Залесский";"https://dodelay.ru/podrabotka/pereslavl/driver";"Вакансия";"НЧ"
"водитель с авто в угличе";"Профессии / Водитель с авто / Углич";"https://dodelay.ru/podrabotka/uglich/driver";"Коммерческий";"СЧ"
"водитель с авто углич";"Профессии / Водитель с авто / Углич";"https://dodelay.ru/podrabotka/uglich/driver";"Коммерческий";"СЧ"
"личный водитель в угличе";"Профессии / Водитель с авто / Углич";"https://dodelay.ru/podrabotka/uglich/driver";"Коммерческий";"СЧ"
"личный водитель углич";"Профессии / Водитель с авто / Углич";"https://dodelay.ru/podrabotka/uglich/driver";"Коммерческий";"СЧ"
"водитель со своим авто в угличе";"Профессии / Водитель с авто / Углич";"https://dodelay.ru/podrabotka/uglich/driver";"Коммерческий";"СЧ"
"водитель со своим авто углич";"Профессии / Водитель с авто / Углич";"https://dodelay.ru/podrabotka/uglich/driver";"Коммерческий";"СЧ"
"трезвый водитель в угличе";"Профессии / Водитель с авто / Углич";"https://dodelay.ru/podrabotka/uglich/driver";"Коммерческий";"СЧ"
"трезвый водитель углич";"Профессии / Водитель с авто / Углич";"https://dodelay.ru/podrabotka/uglich/driver";"Коммерческий";"СЧ"
"водитель с авто в угличе недорого";"Профессии / Водитель с авто / Углич";"https://dodelay.ru/podrabotka/uglich/driver";"Коммерческий";"НЧ"
"водитель с авто в угличе цены";"Профессии / Водитель с авто / Углич";"https://dodelay.ru/podrabotka/uglich/driver";"Коммерческий";"НЧ"
"водитель с авто в угличе на дом";"Профессии / Водитель с авто / Углич";"https://dodelay.ru/podrabotka/uglich/driver";"Коммерческий";"НЧ"
"вызвать водителя в угличе";"Профессии / Водитель с авто / Углич";"https://dodelay.ru/podrabotka/uglich/driver";"Коммерческий";"НЧ"
"нанять водителя в угличе";"Профессии / Водитель с авто / Углич";"https://dodelay.ru/podrabotka/uglich/driver";"Коммерческий";"НЧ"
"найти водителя в угличе";"Профессии / Водитель с авто / Углич";"https://dodelay.ru/podrabotka/uglich/driver";"Коммерческий";"НЧ"
"услуги водителя в угличе";"Профессии / Водитель с авто / Углич";"https://dodelay.ru/podrabotka/uglich/driver";"Коммерческий";"НЧ"
"водитель с авто частник в угличе";"Профессии / Водитель с авто / Углич";"https://dodelay.ru/podrabotka/uglich/driver";"Коммерческий";"НЧ"
"водитель с авто без посредников в угличе";"Профессии / Водитель с авто / Углич";"https://dodelay.ru/podrabotka/uglich/driver";"Коммерческий";"НЧ"
"работа водитель с авто в угличе";"Профессии / Водитель с авто / Углич";"https://dodelay.ru/podrabotka/uglich/driver";"Вакансия";"СЧ"
"подработка водитель с авто в угличе";"Профессии / Водитель с авто / Углич";"https://dodelay.ru/podrabotka/uglich/driver";"Вакансия";"НЧ"
"требуется водитель с авто в угличе";"Профессии / Водитель с авто / Углич";"https://dodelay.ru/podrabotka/uglich/driver";"Вакансия";"НЧ"
"вакансия водитель с авто в угличе";"Профессии / Водитель с авто / Углич";"https://dodelay.ru/podrabotka/uglich/driver";"Вакансия";"НЧ"
"водитель с авто в ростове великом";"Профессии / Водитель с авто / Ростов Великий";"https://dodelay.ru/podrabotka/rostov/driver";"Коммерческий";"СЧ"
"водитель с авто ростов великий";"Профессии / Водитель с авто / Ростов Великий";"https://dodelay.ru/podrabotka/rostov/driver";"Коммерческий";"СЧ"
"личный водитель в ростове великом";"Профессии / Водитель с авто / Ростов Великий";"https://dodelay.ru/podrabotka/rostov/driver";"Коммерческий";"СЧ"
"личный водитель ростов великий";"Профессии / Водитель с авто / Ростов Великий";"https://dodelay.ru/podrabotka/rostov/driver";"Коммерческий";"СЧ"
"водитель со своим авто в ростове великом";"Профессии / Водитель с авто / Ростов Великий";"https://dodelay.ru/podrabotka/rostov/driver";"Коммерческий";"СЧ"
"водитель со своим авто ростов великий";"Профессии / Водитель с авто / Ростов Великий";"https://dodelay.ru/podrabotka/rostov/driver";"Коммерческий";"СЧ"
"трезвый водитель в ростове великом";"Профессии / Водитель с авто / Ростов Великий";"https://dodelay.ru/podrabotka/rostov/driver";"Коммерческий";"СЧ"
"трезвый водитель ростов великий";"Профессии / Водитель с авто / Ростов Великий";"https://dodelay.ru/podrabotka/rostov/driver";"Коммерческий";"СЧ"
"водитель с авто в ростове великом недорого";"Профессии / Водитель с авто / Ростов Великий";"https://dodelay.ru/podrabotka/rostov/driver";"Коммерческий";"НЧ"
"водитель с авто в ростове великом цены";"Профессии / Водитель с авто / Ростов Великий";"https://dodelay.ru/podrabotka/rostov/driver";"Коммерческий";"НЧ"
"водитель с авто в ростове великом на дом";"Профессии / Водитель с авто / Ростов Великий";"https://dodelay.ru/podrabotka/rostov/driver";"Коммерческий";"НЧ"
"вызвать водителя в ростове великом";"Профессии / Водитель с авто / Ростов Великий";"https://dodelay.ru/podrabotka/rostov/driver";"Коммерческий";"НЧ"
"нанять водителя в ростове великом";"Профессии / Водитель с авто / Ростов Великий";"https://dodelay.ru/podrabotka/rostov/driver";"Коммерческий";"НЧ"
"найти водителя в ростове великом";"Профессии / Водитель с авто / Ростов Великий";"https://dodelay.ru/podrabotka/rostov/driver";"Коммерческий";"НЧ"
"услуги водителя в ростове великом";"Профессии / Водитель с авто / Ростов Великий";"https://dodelay.ru/podrabotka/rostov/driver";"Коммерческий";"НЧ"
"водитель с авто частник в ростове великом";"Профессии / Водитель с авто / Ростов Великий";"https://dodelay.ru/podrabotka/rostov/driver";"Коммерческий";"НЧ"
"водитель с авто без посредников в ростове великом";"Профессии / Водитель с авто / Ростов Великий";"https://dodelay.ru/podrabotka/rostov/driver";"Коммерческий";"НЧ"
"работа водитель с авто в ростове великом";"Профессии / Водитель с авто / Ростов Великий";"https://dodelay.ru/podrabotka/rostov/driver";"Вакансия";"СЧ"
"подработка водитель с авто в ростове великом";"Профессии / Водитель с авто / Ростов Великий";"https://dodelay.ru/podrabotka/rostov/driver";"Вакансия";"НЧ"
"требуется водитель с авто в ростове великом";"Профессии / Водитель с авто / Ростов Великий";"https://dodelay.ru/podrabotka/rostov/driver";"Вакансия";"НЧ"
"вакансия водитель с авто в ростове великом";"Профессии / Водитель с авто / Ростов Великий";"https://dodelay.ru/podrabotka/rostov/driver";"Вакансия";"НЧ"
"час работы с автомобилем в ярославле";"Профессии / Водитель с авто / Задачи";"https://dodelay.ru/podrabotka/yaroslavl/driver";"Инфо";"НЧ"
"час работы с автомобилем цена";"Профессии / Водитель с авто / Задачи";"https://dodelay.ru/podrabotka/yaroslavl/driver";"Инфо";"НЧ"
"сколько стоит час работы с автомобилем";"Профессии / Водитель с авто / Задачи";"https://dodelay.ru/podrabotka/yaroslavl/driver";"Инфо";"НЧ"
"поездка по городу в ярославле";"Профессии / Водитель с авто / Задачи";"https://dodelay.ru/podrabotka/yaroslavl/driver";"Инфо";"НЧ"
"поездка по городу цена";"Профессии / Водитель с авто / Задачи";"https://dodelay.ru/podrabotka/yaroslavl/driver";"Инфо";"НЧ"
"сколько стоит поездка по городу";"Профессии / Водитель с авто / Задачи";"https://dodelay.ru/podrabotka/yaroslavl/driver";"Инфо";"НЧ"
"встретить на вокзале в ярославле";"Профессии / Водитель с авто / Задачи";"https://dodelay.ru/podrabotka/yaroslavl/driver";"Инфо";"НЧ"
"встретить на вокзале цена";"Профессии / Водитель с авто / Задачи";"https://dodelay.ru/podrabotka/yaroslavl/driver";"Инфо";"НЧ"
"сколько стоит встретить на вокзале";"Профессии / Водитель с авто / Задачи";"https://dodelay.ru/podrabotka/yaroslavl/driver";"Инфо";"НЧ"
"вывоз мусора в ярославле";"Профессии / Вывоз мусора / Ярославль";"https://dodelay.ru/podrabotka/yaroslavl/wasteremoval";"Коммерческий";"СЧ"
"вывоз мусора ярославль";"Профессии / Вывоз мусора / Ярославль";"https://dodelay.ru/podrabotka/yaroslavl/wasteremoval";"Коммерческий";"СЧ"
"вывоз хлама в ярославле";"Профессии / Вывоз мусора / Ярославль";"https://dodelay.ru/podrabotka/yaroslavl/wasteremoval";"Коммерческий";"СЧ"
"вывоз хлама ярославль";"Профессии / Вывоз мусора / Ярославль";"https://dodelay.ru/podrabotka/yaroslavl/wasteremoval";"Коммерческий";"СЧ"
"утилизация мебели в ярославле";"Профессии / Вывоз мусора / Ярославль";"https://dodelay.ru/podrabotka/yaroslavl/wasteremoval";"Коммерческий";"СЧ"
"утилизация мебели ярославль";"Профессии / Вывоз мусора / Ярославль";"https://dodelay.ru/podrabotka/yaroslavl/wasteremoval";"Коммерческий";"СЧ"
"вывоз строительного мусора в ярославле";"Профессии / Вывоз мусора / Ярославль";"https://dodelay.ru/podrabotka/yaroslavl/wasteremoval";"Коммерческий";"СЧ"
"вывоз строительного мусора ярославль";"Профессии / Вывоз мусора / Ярославль";"https://dodelay.ru/podrabotka/yaroslavl/wasteremoval";"Коммерческий";"СЧ"
"вывоз мусора в ярославле недорого";"Профессии / Вывоз мусора / Ярославль";"https://dodelay.ru/podrabotka/yaroslavl/wasteremoval";"Коммерческий";"НЧ"
"вывоз мусора в ярославле цены";"Профессии / Вывоз мусора / Ярославль";"https://dodelay.ru/podrabotka/yaroslavl/wasteremoval";"Коммерческий";"НЧ"
"вывоз мусора в ярославле на дом";"Профессии / Вывоз мусора / Ярославль";"https://dodelay.ru/podrabotka/yaroslavl/wasteremoval";"Коммерческий";"НЧ"
"вызвать мастера по вывозу мусора в ярославле";"Профессии / Вывоз мусора / Ярославль";"https://dodelay.ru/podrabotka/yaroslavl/wasteremoval";"Коммерческий";"НЧ"
"нанять мастера по вывозу мусора в ярославле";"Профессии / Вывоз мусора / Ярославль";"https://dodelay.ru/podrabotka/yaroslavl/wasteremoval";"Коммерческий";"НЧ"
"найти мастера по вывозу мусора в ярославле";"Профессии / Вывоз мусора / Ярославль";"https://dodelay.ru/podrabotka/yaroslavl/wasteremoval";"Коммерческий";"НЧ"
"услуги мастера по вывозу мусора в ярославле";"Профессии / Вывоз мусора / Ярославль";"https://dodelay.ru/podrabotka/yaroslavl/wasteremoval";"Коммерческий";"НЧ"
"вывоз мусора частник в ярославле";"Профессии / Вывоз мусора / Ярославль";"https://dodelay.ru/podrabotka/yaroslavl/wasteremoval";"Коммерческий";"НЧ"
"вывоз мусора без посредников в ярославле";"Профессии / Вывоз мусора / Ярославль";"https://dodelay.ru/podrabotka/yaroslavl/wasteremoval";"Коммерческий";"НЧ"
"работа вывоз мусора в ярославле";"Профессии / Вывоз мусора / Ярославль";"https://dodelay.ru/podrabotka/yaroslavl/wasteremoval";"Вакансия";"СЧ"
"подработка вывоз мусора в ярославле";"Профессии / Вывоз мусора / Ярославль";"https://dodelay.ru/podrabotka/yaroslavl/wasteremoval";"Вакансия";"НЧ"
"требуется вывоз мусора в ярославле";"Профессии / Вывоз мусора / Ярославль";"https://dodelay.ru/podrabotka/yaroslavl/wasteremoval";"Вакансия";"НЧ"
"вакансия вывоз мусора в ярославле";"Профессии / Вывоз мусора / Ярославль";"https://dodelay.ru/podrabotka/yaroslavl/wasteremoval";"Вакансия";"НЧ"
"вывоз мусора в рыбинске";"Профессии / Вывоз мусора / Рыбинск";"https://dodelay.ru/podrabotka/rybinsk/wasteremoval";"Коммерческий";"СЧ"
"вывоз мусора рыбинск";"Профессии / Вывоз мусора / Рыбинск";"https://dodelay.ru/podrabotka/rybinsk/wasteremoval";"Коммерческий";"СЧ"
"вывоз хлама в рыбинске";"Профессии / Вывоз мусора / Рыбинск";"https://dodelay.ru/podrabotka/rybinsk/wasteremoval";"Коммерческий";"СЧ"
"вывоз хлама рыбинск";"Профессии / Вывоз мусора / Рыбинск";"https://dodelay.ru/podrabotka/rybinsk/wasteremoval";"Коммерческий";"СЧ"
"утилизация мебели в рыбинске";"Профессии / Вывоз мусора / Рыбинск";"https://dodelay.ru/podrabotka/rybinsk/wasteremoval";"Коммерческий";"СЧ"
"утилизация мебели рыбинск";"Профессии / Вывоз мусора / Рыбинск";"https://dodelay.ru/podrabotka/rybinsk/wasteremoval";"Коммерческий";"СЧ"
"вывоз строительного мусора в рыбинске";"Профессии / Вывоз мусора / Рыбинск";"https://dodelay.ru/podrabotka/rybinsk/wasteremoval";"Коммерческий";"СЧ"
"вывоз строительного мусора рыбинск";"Профессии / Вывоз мусора / Рыбинск";"https://dodelay.ru/podrabotka/rybinsk/wasteremoval";"Коммерческий";"СЧ"
"вывоз мусора в рыбинске недорого";"Профессии / Вывоз мусора / Рыбинск";"https://dodelay.ru/podrabotka/rybinsk/wasteremoval";"Коммерческий";"НЧ"
"вывоз мусора в рыбинске цены";"Профессии / Вывоз мусора / Рыбинск";"https://dodelay.ru/podrabotka/rybinsk/wasteremoval";"Коммерческий";"НЧ"
"вывоз мусора в рыбинске на дом";"Профессии / Вывоз мусора / Рыбинск";"https://dodelay.ru/podrabotka/rybinsk/wasteremoval";"Коммерческий";"НЧ"
"вызвать мастера по вывозу мусора в рыбинске";"Профессии / Вывоз мусора / Рыбинск";"https://dodelay.ru/podrabotka/rybinsk/wasteremoval";"Коммерческий";"НЧ"
"нанять мастера по вывозу мусора в рыбинске";"Профессии / Вывоз мусора / Рыбинск";"https://dodelay.ru/podrabotka/rybinsk/wasteremoval";"Коммерческий";"НЧ"
"найти мастера по вывозу мусора в рыбинске";"Профессии / Вывоз мусора / Рыбинск";"https://dodelay.ru/podrabotka/rybinsk/wasteremoval";"Коммерческий";"НЧ"
"услуги мастера по вывозу мусора в рыбинске";"Профессии / Вывоз мусора / Рыбинск";"https://dodelay.ru/podrabotka/rybinsk/wasteremoval";"Коммерческий";"НЧ"
"вывоз мусора частник в рыбинске";"Профессии / Вывоз мусора / Рыбинск";"https://dodelay.ru/podrabotka/rybinsk/wasteremoval";"Коммерческий";"НЧ"
"вывоз мусора без посредников в рыбинске";"Профессии / Вывоз мусора / Рыбинск";"https://dodelay.ru/podrabotka/rybinsk/wasteremoval";"Коммерческий";"НЧ"
"работа вывоз мусора в рыбинске";"Профессии / Вывоз мусора / Рыбинск";"https://dodelay.ru/podrabotka/rybinsk/wasteremoval";"Вакансия";"СЧ"
"подработка вывоз мусора в рыбинске";"Профессии / Вывоз мусора / Рыбинск";"https://dodelay.ru/podrabotka/rybinsk/wasteremoval";"Вакансия";"НЧ"
"требуется вывоз мусора в рыбинске";"Профессии / Вывоз мусора / Рыбинск";"https://dodelay.ru/podrabotka/rybinsk/wasteremoval";"Вакансия";"НЧ"
"вакансия вывоз мусора в рыбинске";"Профессии / Вывоз мусора / Рыбинск";"https://dodelay.ru/podrabotka/rybinsk/wasteremoval";"Вакансия";"НЧ"
"вывоз мусора в тутаеве";"Профессии / Вывоз мусора / Тутаев";"https://dodelay.ru/podrabotka/tutaev/wasteremoval";"Коммерческий";"СЧ"
"вывоз мусора тутаев";"Профессии / Вывоз мусора / Тутаев";"https://dodelay.ru/podrabotka/tutaev/wasteremoval";"Коммерческий";"СЧ"
"вывоз хлама в тутаеве";"Профессии / Вывоз мусора / Тутаев";"https://dodelay.ru/podrabotka/tutaev/wasteremoval";"Коммерческий";"СЧ"
"вывоз хлама тутаев";"Профессии / Вывоз мусора / Тутаев";"https://dodelay.ru/podrabotka/tutaev/wasteremoval";"Коммерческий";"СЧ"
"утилизация мебели в тутаеве";"Профессии / Вывоз мусора / Тутаев";"https://dodelay.ru/podrabotka/tutaev/wasteremoval";"Коммерческий";"СЧ"
"утилизация мебели тутаев";"Профессии / Вывоз мусора / Тутаев";"https://dodelay.ru/podrabotka/tutaev/wasteremoval";"Коммерческий";"СЧ"
"вывоз строительного мусора в тутаеве";"Профессии / Вывоз мусора / Тутаев";"https://dodelay.ru/podrabotka/tutaev/wasteremoval";"Коммерческий";"СЧ"
"вывоз строительного мусора тутаев";"Профессии / Вывоз мусора / Тутаев";"https://dodelay.ru/podrabotka/tutaev/wasteremoval";"Коммерческий";"СЧ"
"вывоз мусора в тутаеве недорого";"Профессии / Вывоз мусора / Тутаев";"https://dodelay.ru/podrabotka/tutaev/wasteremoval";"Коммерческий";"НЧ"
"вывоз мусора в тутаеве цены";"Профессии / Вывоз мусора / Тутаев";"https://dodelay.ru/podrabotka/tutaev/wasteremoval";"Коммерческий";"НЧ"
"вывоз мусора в тутаеве на дом";"Профессии / Вывоз мусора / Тутаев";"https://dodelay.ru/podrabotka/tutaev/wasteremoval";"Коммерческий";"НЧ"
"вызвать мастера по вывозу мусора в тутаеве";"Профессии / Вывоз мусора / Тутаев";"https://dodelay.ru/podrabotka/tutaev/wasteremoval";"Коммерческий";"НЧ"
"нанять мастера по вывозу мусора в тутаеве";"Профессии / Вывоз мусора / Тутаев";"https://dodelay.ru/podrabotka/tutaev/wasteremoval";"Коммерческий";"НЧ"
"найти мастера по вывозу мусора в тутаеве";"Профессии / Вывоз мусора / Тутаев";"https://dodelay.ru/podrabotka/tutaev/wasteremoval";"Коммерческий";"НЧ"
"услуги мастера по вывозу мусора в тутаеве";"Профессии / Вывоз мусора / Тутаев";"https://dodelay.ru/podrabotka/tutaev/wasteremoval";"Коммерческий";"НЧ"
"вывоз мусора частник в тутаеве";"Профессии / Вывоз мусора / Тутаев";"https://dodelay.ru/podrabotka/tutaev/wasteremoval";"Коммерческий";"НЧ"
"вывоз мусора без посредников в тутаеве";"Профессии / Вывоз мусора / Тутаев";"https://dodelay.ru/podrabotka/tutaev/wasteremoval";"Коммерческий";"НЧ"
"работа вывоз мусора в тутаеве";"Профессии / Вывоз мусора / Тутаев";"https://dodelay.ru/podrabotka/tutaev/wasteremoval";"Вакансия";"СЧ"
"подработка вывоз мусора в тутаеве";"Профессии / Вывоз мусора / Тутаев";"https://dodelay.ru/podrabotka/tutaev/wasteremoval";"Вакансия";"НЧ"
"требуется вывоз мусора в тутаеве";"Профессии / Вывоз мусора / Тутаев";"https://dodelay.ru/podrabotka/tutaev/wasteremoval";"Вакансия";"НЧ"
"вакансия вывоз мусора в тутаеве";"Профессии / Вывоз мусора / Тутаев";"https://dodelay.ru/podrabotka/tutaev/wasteremoval";"Вакансия";"НЧ"
"вывоз мусора в переславле-залесском";"Профессии / Вывоз мусора / Переславль-Залесский";"https://dodelay.ru/podrabotka/pereslavl/wasteremoval";"Коммерческий";"СЧ"
"вывоз мусора переславль-залесский";"Профессии / Вывоз мусора / Переславль-Залесский";"https://dodelay.ru/podrabotka/pereslavl/wasteremoval";"Коммерческий";"СЧ"
"вывоз хлама в переславле-залесском";"Профессии / Вывоз мусора / Переславль-Залесский";"https://dodelay.ru/podrabotka/pereslavl/wasteremoval";"Коммерческий";"СЧ"
"вывоз хлама переславль-залесский";"Профессии / Вывоз мусора / Переславль-Залесский";"https://dodelay.ru/podrabotka/pereslavl/wasteremoval";"Коммерческий";"СЧ"
"утилизация мебели в переславле-залесском";"Профессии / Вывоз мусора / Переславль-Залесский";"https://dodelay.ru/podrabotka/pereslavl/wasteremoval";"Коммерческий";"СЧ"
"утилизация мебели переславль-залесский";"Профессии / Вывоз мусора / Переславль-Залесский";"https://dodelay.ru/podrabotka/pereslavl/wasteremoval";"Коммерческий";"СЧ"
"вывоз строительного мусора в переславле-залесском";"Профессии / Вывоз мусора / Переславль-Залесский";"https://dodelay.ru/podrabotka/pereslavl/wasteremoval";"Коммерческий";"СЧ"
"вывоз строительного мусора переславль-залесский";"Профессии / Вывоз мусора / Переславль-Залесский";"https://dodelay.ru/podrabotka/pereslavl/wasteremoval";"Коммерческий";"СЧ"
"вывоз мусора в переславле-залесском недорого";"Профессии / Вывоз мусора / Переславль-Залесский";"https://dodelay.ru/podrabotka/pereslavl/wasteremoval";"Коммерческий";"НЧ"
"вывоз мусора в переславле-залесском цены";"Профессии / Вывоз мусора / Переславль-Залесский";"https://dodelay.ru/podrabotka/pereslavl/wasteremoval";"Коммерческий";"НЧ"
"вывоз мусора в переславле-залесском на дом";"Профессии / Вывоз мусора / Переславль-Залесский";"https://dodelay.ru/podrabotka/pereslavl/wasteremoval";"Коммерческий";"НЧ"
"вызвать мастера по вывозу мусора в переславле-залесском";"Профессии / Вывоз мусора / Переславль-Залесский";"https://dodelay.ru/podrabotka/pereslavl/wasteremoval";"Коммерческий";"НЧ"
"нанять мастера по вывозу мусора в переславле-залесском";"Профессии / Вывоз мусора / Переславль-Залесский";"https://dodelay.ru/podrabotka/pereslavl/wasteremoval";"Коммерческий";"НЧ"
"найти мастера по вывозу мусора в переславле-залесском";"Профессии / Вывоз мусора / Переславль-Залесский";"https://dodelay.ru/podrabotka/pereslavl/wasteremoval";"Коммерческий";"НЧ"
"услуги мастера по вывозу мусора в переславле-залесском";"Профессии / Вывоз мусора / Переславль-Залесский";"https://dodelay.ru/podrabotka/pereslavl/wasteremoval";"Коммерческий";"НЧ"
"вывоз мусора частник в переславле-залесском";"Профессии / Вывоз мусора / Переславль-Залесский";"https://dodelay.ru/podrabotka/pereslavl/wasteremoval";"Коммерческий";"НЧ"
"вывоз мусора без посредников в переславле-залесском";"Профессии / Вывоз мусора / Переславль-Залесский";"https://dodelay.ru/podrabotka/pereslavl/wasteremoval";"Коммерческий";"НЧ"
"работа вывоз мусора в переславле-залесском";"Профессии / Вывоз мусора / Переславль-Залесский";"https://dodelay.ru/podrabotka/pereslavl/wasteremoval";"Вакансия";"СЧ"
"подработка вывоз мусора в переславле-залесском";"Профессии / Вывоз мусора / Переславль-Залесский";"https://dodelay.ru/podrabotka/pereslavl/wasteremoval";"Вакансия";"НЧ"
"требуется вывоз мусора в переславле-залесском";"Профессии / Вывоз мусора / Переславль-Залесский";"https://dodelay.ru/podrabotka/pereslavl/wasteremoval";"Вакансия";"НЧ"
"вакансия вывоз мусора в переславле-залесском";"Профессии / Вывоз мусора / Переславль-Залесский";"https://dodelay.ru/podrabotka/pereslavl/wasteremoval";"Вакансия";"НЧ"
"вывоз мусора в угличе";"Профессии / Вывоз мусора / Углич";"https://dodelay.ru/podrabotka/uglich/wasteremoval";"Коммерческий";"СЧ"
"вывоз мусора углич";"Профессии / Вывоз мусора / Углич";"https://dodelay.ru/podrabotka/uglich/wasteremoval";"Коммерческий";"СЧ"
"вывоз хлама в угличе";"Профессии / Вывоз мусора / Углич";"https://dodelay.ru/podrabotka/uglich/wasteremoval";"Коммерческий";"СЧ"
"вывоз хлама углич";"Профессии / Вывоз мусора / Углич";"https://dodelay.ru/podrabotka/uglich/wasteremoval";"Коммерческий";"СЧ"
"утилизация мебели в угличе";"Профессии / Вывоз мусора / Углич";"https://dodelay.ru/podrabotka/uglich/wasteremoval";"Коммерческий";"СЧ"
"утилизация мебели углич";"Профессии / Вывоз мусора / Углич";"https://dodelay.ru/podrabotka/uglich/wasteremoval";"Коммерческий";"СЧ"
"вывоз строительного мусора в угличе";"Профессии / Вывоз мусора / Углич";"https://dodelay.ru/podrabotka/uglich/wasteremoval";"Коммерческий";"СЧ"
"вывоз строительного мусора углич";"Профессии / Вывоз мусора / Углич";"https://dodelay.ru/podrabotka/uglich/wasteremoval";"Коммерческий";"СЧ"
"вывоз мусора в угличе недорого";"Профессии / Вывоз мусора / Углич";"https://dodelay.ru/podrabotka/uglich/wasteremoval";"Коммерческий";"НЧ"
"вывоз мусора в угличе цены";"Профессии / Вывоз мусора / Углич";"https://dodelay.ru/podrabotka/uglich/wasteremoval";"Коммерческий";"НЧ"
"вывоз мусора в угличе на дом";"Профессии / Вывоз мусора / Углич";"https://dodelay.ru/podrabotka/uglich/wasteremoval";"Коммерческий";"НЧ"
"вызвать мастера по вывозу мусора в угличе";"Профессии / Вывоз мусора / Углич";"https://dodelay.ru/podrabotka/uglich/wasteremoval";"Коммерческий";"НЧ"
"нанять мастера по вывозу мусора в угличе";"Профессии / Вывоз мусора / Углич";"https://dodelay.ru/podrabotka/uglich/wasteremoval";"Коммерческий";"НЧ"
"найти мастера по вывозу мусора в угличе";"Профессии / Вывоз мусора / Углич";"https://dodelay.ru/podrabotka/uglich/wasteremoval";"Коммерческий";"НЧ"
"услуги мастера по вывозу мусора в угличе";"Профессии / Вывоз мусора / Углич";"https://dodelay.ru/podrabotka/uglich/wasteremoval";"Коммерческий";"НЧ"
"вывоз мусора частник в угличе";"Профессии / Вывоз мусора / Углич";"https://dodelay.ru/podrabotka/uglich/wasteremoval";"Коммерческий";"НЧ"
"вывоз мусора без посредников в угличе";"Профессии / Вывоз мусора / Углич";"https://dodelay.ru/podrabotka/uglich/wasteremoval";"Коммерческий";"НЧ"
"работа вывоз мусора в угличе";"Профессии / Вывоз мусора / Углич";"https://dodelay.ru/podrabotka/uglich/wasteremoval";"Вакансия";"СЧ"
"подработка вывоз мусора в угличе";"Профессии / Вывоз мусора / Углич";"https://dodelay.ru/podrabotka/uglich/wasteremoval";"Вакансия";"НЧ"
"требуется вывоз мусора в угличе";"Профессии / Вывоз мусора / Углич";"https://dodelay.ru/podrabotka/uglich/wasteremoval";"Вакансия";"НЧ"
"вакансия вывоз мусора в угличе";"Профессии / Вывоз мусора / Углич";"https://dodelay.ru/podrabotka/uglich/wasteremoval";"Вакансия";"НЧ"
"вывоз мусора в ростове великом";"Профессии / Вывоз мусора / Ростов Великий";"https://dodelay.ru/podrabotka/rostov/wasteremoval";"Коммерческий";"СЧ"
"вывоз мусора ростов великий";"Профессии / Вывоз мусора / Ростов Великий";"https://dodelay.ru/podrabotka/rostov/wasteremoval";"Коммерческий";"СЧ"
"вывоз хлама в ростове великом";"Профессии / Вывоз мусора / Ростов Великий";"https://dodelay.ru/podrabotka/rostov/wasteremoval";"Коммерческий";"СЧ"
"вывоз хлама ростов великий";"Профессии / Вывоз мусора / Ростов Великий";"https://dodelay.ru/podrabotka/rostov/wasteremoval";"Коммерческий";"СЧ"
"утилизация мебели в ростове великом";"Профессии / Вывоз мусора / Ростов Великий";"https://dodelay.ru/podrabotka/rostov/wasteremoval";"Коммерческий";"СЧ"
"утилизация мебели ростов великий";"Профессии / Вывоз мусора / Ростов Великий";"https://dodelay.ru/podrabotka/rostov/wasteremoval";"Коммерческий";"СЧ"
"вывоз строительного мусора в ростове великом";"Профессии / Вывоз мусора / Ростов Великий";"https://dodelay.ru/podrabotka/rostov/wasteremoval";"Коммерческий";"СЧ"
"вывоз строительного мусора ростов великий";"Профессии / Вывоз мусора / Ростов Великий";"https://dodelay.ru/podrabotka/rostov/wasteremoval";"Коммерческий";"СЧ"
"вывоз мусора в ростове великом недорого";"Профессии / Вывоз мусора / Ростов Великий";"https://dodelay.ru/podrabotka/rostov/wasteremoval";"Коммерческий";"НЧ"
"вывоз мусора в ростове великом цены";"Профессии / Вывоз мусора / Ростов Великий";"https://dodelay.ru/podrabotka/rostov/wasteremoval";"Коммерческий";"НЧ"
"вывоз мусора в ростове великом на дом";"Профессии / Вывоз мусора / Ростов Великий";"https://dodelay.ru/podrabotka/rostov/wasteremoval";"Коммерческий";"НЧ"
"вызвать мастера по вывозу мусора в ростове великом";"Профессии / Вывоз мусора / Ростов Великий";"https://dodelay.ru/podrabotka/rostov/wasteremoval";"Коммерческий";"НЧ"
"нанять мастера по вывозу мусора в ростове великом";"Профессии / Вывоз мусора / Ростов Великий";"https://dodelay.ru/podrabotka/rostov/wasteremoval";"Коммерческий";"НЧ"
"найти мастера по вывозу мусора в ростове великом";"Профессии / Вывоз мусора / Ростов Великий";"https://dodelay.ru/podrabotka/rostov/wasteremoval";"Коммерческий";"НЧ"
"услуги мастера по вывозу мусора в ростове великом";"Профессии / Вывоз мусора / Ростов Великий";"https://dodelay.ru/podrabotka/rostov/wasteremoval";"Коммерческий";"НЧ"
"вывоз мусора частник в ростове великом";"Профессии / Вывоз мусора / Ростов Великий";"https://dodelay.ru/podrabotka/rostov/wasteremoval";"Коммерческий";"НЧ"
"вывоз мусора без посредников в ростове великом";"Профессии / Вывоз мусора / Ростов Великий";"https://dodelay.ru/podrabotka/rostov/wasteremoval";"Коммерческий";"НЧ"
"работа вывоз мусора в ростове великом";"Профессии / Вывоз мусора / Ростов Великий";"https://dodelay.ru/podrabotka/rostov/wasteremoval";"Вакансия";"СЧ"
"подработка вывоз мусора в ростове великом";"Профессии / Вывоз мусора / Ростов Великий";"https://dodelay.ru/podrabotka/rostov/wasteremoval";"Вакансия";"НЧ"
"требуется вывоз мусора в ростове великом";"Профессии / Вывоз мусора / Ростов Великий";"https://dodelay.ru/podrabotka/rostov/wasteremoval";"Вакансия";"НЧ"
"вакансия вывоз мусора в ростове великом";"Профессии / Вывоз мусора / Ростов Великий";"https://dodelay.ru/podrabotka/rostov/wasteremoval";"Вакансия";"НЧ"
"газель мусора с погрузкой в ярославле";"Профессии / Вывоз мусора / Задачи";"https://dodelay.ru/podrabotka/yaroslavl/wasteremoval";"Инфо";"НЧ"
"газель мусора с погрузкой цена";"Профессии / Вывоз мусора / Задачи";"https://dodelay.ru/podrabotka/yaroslavl/wasteremoval";"Инфо";"НЧ"
"сколько стоит газель мусора с погрузкой";"Профессии / Вывоз мусора / Задачи";"https://dodelay.ru/podrabotka/yaroslavl/wasteremoval";"Инфо";"НЧ"
"вывоз старой мебели в ярославле";"Профессии / Вывоз мусора / Задачи";"https://dodelay.ru/podrabotka/yaroslavl/wasteremoval";"Инфо";"НЧ"
"вывоз старой мебели цена";"Профессии / Вывоз мусора / Задачи";"https://dodelay.ru/podrabotka/yaroslavl/wasteremoval";"Инфо";"НЧ"
"сколько стоит вывоз старой мебели";"Профессии / Вывоз мусора / Задачи";"https://dodelay.ru/podrabotka/yaroslavl/wasteremoval";"Инфо";"НЧ"
"мешок строительного мусора в ярославле";"Профессии / Вывоз мусора / Задачи";"https://dodelay.ru/podrabotka/yaroslavl/wasteremoval";"Инфо";"НЧ"
"мешок строительного мусора цена";"Профессии / Вывоз мусора / Задачи";"https://dodelay.ru/podrabotka/yaroslavl/wasteremoval";"Инфо";"НЧ"
"сколько стоит мешок строительного мусора";"Профессии / Вывоз мусора / Задачи";"https://dodelay.ru/podrabotka/yaroslavl/wasteremoval";"Инфо";"НЧ"
"контейнер 8 м³ в ярославле";"Профессии / Вывоз мусора / Задачи";"https://dodelay.ru/podrabotka/yaroslavl/wasteremoval";"Инфо";"НЧ"
"контейнер 8 м³ цена";"Профессии / Вывоз мусора / Задачи";"https://dodelay.ru/podrabotka/yaroslavl/wasteremoval";"Инфо";"НЧ"
"сколько стоит контейнер 8 м³";"Профессии / Вывоз мусора / Задачи";"https://dodelay.ru/podrabotka/yaroslavl/wasteremoval";"Инфо";"НЧ"
"курьер в ярославле";"Профессии / Курьер / Ярославль";"https://dodelay.ru/podrabotka/yaroslavl/courier";"Коммерческий";"СЧ"
"курьер ярославль";"Профессии / Курьер / Ярославль";"https://dodelay.ru/podrabotka/yaroslavl/courier";"Коммерческий";"СЧ"
"доставка в ярославле";"Профессии / Курьер / Ярославль";"https://dodelay.ru/podrabotka/yaroslavl/courier";"Коммерческий";"СЧ"
"доставка ярославль";"Профессии / Курьер / Ярославль";"https://dodelay.ru/podrabotka/yaroslavl/courier";"Коммерческий";"СЧ"
"курьерская доставка в ярославле";"Профессии / Курьер / Ярославль";"https://dodelay.ru/podrabotka/yaroslavl/courier";"Коммерческий";"СЧ"
"курьерская доставка ярославль";"Профессии / Курьер / Ярославль";"https://dodelay.ru/podrabotka/yaroslavl/courier";"Коммерческий";"СЧ"
"пеший курьер в ярославле";"Профессии / Курьер / Ярославль";"https://dodelay.ru/podrabotka/yaroslavl/courier";"Коммерческий";"СЧ"
"пеший курьер ярославль";"Профессии / Курьер / Ярославль";"https://dodelay.ru/podrabotka/yaroslavl/courier";"Коммерческий";"СЧ"
"курьер на авто в ярославле";"Профессии / Курьер / Ярославль";"https://dodelay.ru/podrabotka/yaroslavl/courier";"Коммерческий";"СЧ"
"курьер на авто ярославль";"Профессии / Курьер / Ярославль";"https://dodelay.ru/podrabotka/yaroslavl/courier";"Коммерческий";"СЧ"
"курьер в ярославле недорого";"Профессии / Курьер / Ярославль";"https://dodelay.ru/podrabotka/yaroslavl/courier";"Коммерческий";"НЧ"
"курьер в ярославле цены";"Профессии / Курьер / Ярославль";"https://dodelay.ru/podrabotka/yaroslavl/courier";"Коммерческий";"НЧ"
"курьер в ярославле на дом";"Профессии / Курьер / Ярославль";"https://dodelay.ru/podrabotka/yaroslavl/courier";"Коммерческий";"НЧ"
"вызвать курьера в ярославле";"Профессии / Курьер / Ярославль";"https://dodelay.ru/podrabotka/yaroslavl/courier";"Коммерческий";"НЧ"
"нанять курьера в ярославле";"Профессии / Курьер / Ярославль";"https://dodelay.ru/podrabotka/yaroslavl/courier";"Коммерческий";"НЧ"
"найти курьера в ярославле";"Профессии / Курьер / Ярославль";"https://dodelay.ru/podrabotka/yaroslavl/courier";"Коммерческий";"НЧ"
"услуги курьера в ярославле";"Профессии / Курьер / Ярославль";"https://dodelay.ru/podrabotka/yaroslavl/courier";"Коммерческий";"НЧ"
"курьер частник в ярославле";"Профессии / Курьер / Ярославль";"https://dodelay.ru/podrabotka/yaroslavl/courier";"Коммерческий";"НЧ"
"курьер без посредников в ярославле";"Профессии / Курьер / Ярославль";"https://dodelay.ru/podrabotka/yaroslavl/courier";"Коммерческий";"НЧ"
"работа курьер в ярославле";"Профессии / Курьер / Ярославль";"https://dodelay.ru/podrabotka/yaroslavl/courier";"Вакансия";"СЧ"
"подработка курьер в ярославле";"Профессии / Курьер / Ярославль";"https://dodelay.ru/podrabotka/yaroslavl/courier";"Вакансия";"НЧ"
"требуется курьер в ярославле";"Профессии / Курьер / Ярославль";"https://dodelay.ru/podrabotka/yaroslavl/courier";"Вакансия";"НЧ"
"вакансия курьер в ярославле";"Профессии / Курьер / Ярославль";"https://dodelay.ru/podrabotka/yaroslavl/courier";"Вакансия";"НЧ"
"курьер в рыбинске";"Профессии / Курьер / Рыбинск";"https://dodelay.ru/podrabotka/rybinsk/courier";"Коммерческий";"СЧ"
"курьер рыбинск";"Профессии / Курьер / Рыбинск";"https://dodelay.ru/podrabotka/rybinsk/courier";"Коммерческий";"СЧ"
"доставка в рыбинске";"Профессии / Курьер / Рыбинск";"https://dodelay.ru/podrabotka/rybinsk/courier";"Коммерческий";"СЧ"
"доставка рыбинск";"Профессии / Курьер / Рыбинск";"https://dodelay.ru/podrabotka/rybinsk/courier";"Коммерческий";"СЧ"
"курьерская доставка в рыбинске";"Профессии / Курьер / Рыбинск";"https://dodelay.ru/podrabotka/rybinsk/courier";"Коммерческий";"СЧ"
"курьерская доставка рыбинск";"Профессии / Курьер / Рыбинск";"https://dodelay.ru/podrabotka/rybinsk/courier";"Коммерческий";"СЧ"
"пеший курьер в рыбинске";"Профессии / Курьер / Рыбинск";"https://dodelay.ru/podrabotka/rybinsk/courier";"Коммерческий";"СЧ"
"пеший курьер рыбинск";"Профессии / Курьер / Рыбинск";"https://dodelay.ru/podrabotka/rybinsk/courier";"Коммерческий";"СЧ"
"курьер на авто в рыбинске";"Профессии / Курьер / Рыбинск";"https://dodelay.ru/podrabotka/rybinsk/courier";"Коммерческий";"СЧ"
"курьер на авто рыбинск";"Профессии / Курьер / Рыбинск";"https://dodelay.ru/podrabotka/rybinsk/courier";"Коммерческий";"СЧ"
"курьер в рыбинске недорого";"Профессии / Курьер / Рыбинск";"https://dodelay.ru/podrabotka/rybinsk/courier";"Коммерческий";"НЧ"
"курьер в рыбинске цены";"Профессии / Курьер / Рыбинск";"https://dodelay.ru/podrabotka/rybinsk/courier";"Коммерческий";"НЧ"
"курьер в рыбинске на дом";"Профессии / Курьер / Рыбинск";"https://dodelay.ru/podrabotka/rybinsk/courier";"Коммерческий";"НЧ"
"вызвать курьера в рыбинске";"Профессии / Курьер / Рыбинск";"https://dodelay.ru/podrabotka/rybinsk/courier";"Коммерческий";"НЧ"
"нанять курьера в рыбинске";"Профессии / Курьер / Рыбинск";"https://dodelay.ru/podrabotka/rybinsk/courier";"Коммерческий";"НЧ"
"найти курьера в рыбинске";"Профессии / Курьер / Рыбинск";"https://dodelay.ru/podrabotka/rybinsk/courier";"Коммерческий";"НЧ"
"услуги курьера в рыбинске";"Профессии / Курьер / Рыбинск";"https://dodelay.ru/podrabotka/rybinsk/courier";"Коммерческий";"НЧ"
"курьер частник в рыбинске";"Профессии / Курьер / Рыбинск";"https://dodelay.ru/podrabotka/rybinsk/courier";"Коммерческий";"НЧ"
"курьер без посредников в рыбинске";"Профессии / Курьер / Рыбинск";"https://dodelay.ru/podrabotka/rybinsk/courier";"Коммерческий";"НЧ"
"работа курьер в рыбинске";"Профессии / Курьер / Рыбинск";"https://dodelay.ru/podrabotka/rybinsk/courier";"Вакансия";"СЧ"
"подработка курьер в рыбинске";"Профессии / Курьер / Рыбинск";"https://dodelay.ru/podrabotka/rybinsk/courier";"Вакансия";"НЧ"
"требуется курьер в рыбинске";"Профессии / Курьер / Рыбинск";"https://dodelay.ru/podrabotka/rybinsk/courier";"Вакансия";"НЧ"
"вакансия курьер в рыбинске";"Профессии / Курьер / Рыбинск";"https://dodelay.ru/podrabotka/rybinsk/courier";"Вакансия";"НЧ"
"курьер в тутаеве";"Профессии / Курьер / Тутаев";"https://dodelay.ru/podrabotka/tutaev/courier";"Коммерческий";"СЧ"
"курьер тутаев";"Профессии / Курьер / Тутаев";"https://dodelay.ru/podrabotka/tutaev/courier";"Коммерческий";"СЧ"
"доставка в тутаеве";"Профессии / Курьер / Тутаев";"https://dodelay.ru/podrabotka/tutaev/courier";"Коммерческий";"СЧ"
"доставка тутаев";"Профессии / Курьер / Тутаев";"https://dodelay.ru/podrabotka/tutaev/courier";"Коммерческий";"СЧ"
"курьерская доставка в тутаеве";"Профессии / Курьер / Тутаев";"https://dodelay.ru/podrabotka/tutaev/courier";"Коммерческий";"СЧ"
"курьерская доставка тутаев";"Профессии / Курьер / Тутаев";"https://dodelay.ru/podrabotka/tutaev/courier";"Коммерческий";"СЧ"
"пеший курьер в тутаеве";"Профессии / Курьер / Тутаев";"https://dodelay.ru/podrabotka/tutaev/courier";"Коммерческий";"СЧ"
"пеший курьер тутаев";"Профессии / Курьер / Тутаев";"https://dodelay.ru/podrabotka/tutaev/courier";"Коммерческий";"СЧ"
"курьер на авто в тутаеве";"Профессии / Курьер / Тутаев";"https://dodelay.ru/podrabotka/tutaev/courier";"Коммерческий";"СЧ"
"курьер на авто тутаев";"Профессии / Курьер / Тутаев";"https://dodelay.ru/podrabotka/tutaev/courier";"Коммерческий";"СЧ"
"курьер в тутаеве недорого";"Профессии / Курьер / Тутаев";"https://dodelay.ru/podrabotka/tutaev/courier";"Коммерческий";"НЧ"
"курьер в тутаеве цены";"Профессии / Курьер / Тутаев";"https://dodelay.ru/podrabotka/tutaev/courier";"Коммерческий";"НЧ"
"курьер в тутаеве на дом";"Профессии / Курьер / Тутаев";"https://dodelay.ru/podrabotka/tutaev/courier";"Коммерческий";"НЧ"
"вызвать курьера в тутаеве";"Профессии / Курьер / Тутаев";"https://dodelay.ru/podrabotka/tutaev/courier";"Коммерческий";"НЧ"
"нанять курьера в тутаеве";"Профессии / Курьер / Тутаев";"https://dodelay.ru/podrabotka/tutaev/courier";"Коммерческий";"НЧ"
"найти курьера в тутаеве";"Профессии / Курьер / Тутаев";"https://dodelay.ru/podrabotka/tutaev/courier";"Коммерческий";"НЧ"
"услуги курьера в тутаеве";"Профессии / Курьер / Тутаев";"https://dodelay.ru/podrabotka/tutaev/courier";"Коммерческий";"НЧ"
"курьер частник в тутаеве";"Профессии / Курьер / Тутаев";"https://dodelay.ru/podrabotka/tutaev/courier";"Коммерческий";"НЧ"
"курьер без посредников в тутаеве";"Профессии / Курьер / Тутаев";"https://dodelay.ru/podrabotka/tutaev/courier";"Коммерческий";"НЧ"
"работа курьер в тутаеве";"Профессии / Курьер / Тутаев";"https://dodelay.ru/podrabotka/tutaev/courier";"Вакансия";"СЧ"
"подработка курьер в тутаеве";"Профессии / Курьер / Тутаев";"https://dodelay.ru/podrabotka/tutaev/courier";"Вакансия";"НЧ"
"требуется курьер в тутаеве";"Профессии / Курьер / Тутаев";"https://dodelay.ru/podrabotka/tutaev/courier";"Вакансия";"НЧ"
"вакансия курьер в тутаеве";"Профессии / Курьер / Тутаев";"https://dodelay.ru/podrabotka/tutaev/courier";"Вакансия";"НЧ"
"курьер в переславле-залесском";"Профессии / Курьер / Переславль-Залесский";"https://dodelay.ru/podrabotka/pereslavl/courier";"Коммерческий";"СЧ"
"курьер переславль-залесский";"Профессии / Курьер / Переславль-Залесский";"https://dodelay.ru/podrabotka/pereslavl/courier";"Коммерческий";"СЧ"
"доставка в переславле-залесском";"Профессии / Курьер / Переславль-Залесский";"https://dodelay.ru/podrabotka/pereslavl/courier";"Коммерческий";"СЧ"
"доставка переславль-залесский";"Профессии / Курьер / Переславль-Залесский";"https://dodelay.ru/podrabotka/pereslavl/courier";"Коммерческий";"СЧ"
"курьерская доставка в переславле-залесском";"Профессии / Курьер / Переславль-Залесский";"https://dodelay.ru/podrabotka/pereslavl/courier";"Коммерческий";"СЧ"
"курьерская доставка переславль-залесский";"Профессии / Курьер / Переславль-Залесский";"https://dodelay.ru/podrabotka/pereslavl/courier";"Коммерческий";"СЧ"
"пеший курьер в переславле-залесском";"Профессии / Курьер / Переславль-Залесский";"https://dodelay.ru/podrabotka/pereslavl/courier";"Коммерческий";"СЧ"
"пеший курьер переславль-залесский";"Профессии / Курьер / Переславль-Залесский";"https://dodelay.ru/podrabotka/pereslavl/courier";"Коммерческий";"СЧ"
"курьер на авто в переславле-залесском";"Профессии / Курьер / Переславль-Залесский";"https://dodelay.ru/podrabotka/pereslavl/courier";"Коммерческий";"СЧ"
"курьер на авто переславль-залесский";"Профессии / Курьер / Переславль-Залесский";"https://dodelay.ru/podrabotka/pereslavl/courier";"Коммерческий";"СЧ"
"курьер в переславле-залесском недорого";"Профессии / Курьер / Переславль-Залесский";"https://dodelay.ru/podrabotka/pereslavl/courier";"Коммерческий";"НЧ"
"курьер в переславле-залесском цены";"Профессии / Курьер / Переславль-Залесский";"https://dodelay.ru/podrabotka/pereslavl/courier";"Коммерческий";"НЧ"
"курьер в переславле-залесском на дом";"Профессии / Курьер / Переславль-Залесский";"https://dodelay.ru/podrabotka/pereslavl/courier";"Коммерческий";"НЧ"
"вызвать курьера в переславле-залесском";"Профессии / Курьер / Переславль-Залесский";"https://dodelay.ru/podrabotka/pereslavl/courier";"Коммерческий";"НЧ"
"нанять курьера в переславле-залесском";"Профессии / Курьер / Переславль-Залесский";"https://dodelay.ru/podrabotka/pereslavl/courier";"Коммерческий";"НЧ"
"найти курьера в переславле-залесском";"Профессии / Курьер / Переславль-Залесский";"https://dodelay.ru/podrabotka/pereslavl/courier";"Коммерческий";"НЧ"
"услуги курьера в переславле-залесском";"Профессии / Курьер / Переславль-Залесский";"https://dodelay.ru/podrabotka/pereslavl/courier";"Коммерческий";"НЧ"
"курьер частник в переславле-залесском";"Профессии / Курьер / Переславль-Залесский";"https://dodelay.ru/podrabotka/pereslavl/courier";"Коммерческий";"НЧ"
"курьер без посредников в переславле-залесском";"Профессии / Курьер / Переславль-Залесский";"https://dodelay.ru/podrabotka/pereslavl/courier";"Коммерческий";"НЧ"
"работа курьер в переславле-залесском";"Профессии / Курьер / Переславль-Залесский";"https://dodelay.ru/podrabotka/pereslavl/courier";"Вакансия";"СЧ"
"подработка курьер в переславле-залесском";"Профессии / Курьер / Переславль-Залесский";"https://dodelay.ru/podrabotka/pereslavl/courier";"Вакансия";"НЧ"
"требуется курьер в переславле-залесском";"Профессии / Курьер / Переславль-Залесский";"https://dodelay.ru/podrabotka/pereslavl/courier";"Вакансия";"НЧ"
"вакансия курьер в переславле-залесском";"Профессии / Курьер / Переславль-Залесский";"https://dodelay.ru/podrabotka/pereslavl/courier";"Вакансия";"НЧ"
"курьер в угличе";"Профессии / Курьер / Углич";"https://dodelay.ru/podrabotka/uglich/courier";"Коммерческий";"СЧ"
"курьер углич";"Профессии / Курьер / Углич";"https://dodelay.ru/podrabotka/uglich/courier";"Коммерческий";"СЧ"
"доставка в угличе";"Профессии / Курьер / Углич";"https://dodelay.ru/podrabotka/uglich/courier";"Коммерческий";"СЧ"
"доставка углич";"Профессии / Курьер / Углич";"https://dodelay.ru/podrabotka/uglich/courier";"Коммерческий";"СЧ"
"курьерская доставка в угличе";"Профессии / Курьер / Углич";"https://dodelay.ru/podrabotka/uglich/courier";"Коммерческий";"СЧ"
"курьерская доставка углич";"Профессии / Курьер / Углич";"https://dodelay.ru/podrabotka/uglich/courier";"Коммерческий";"СЧ"
"пеший курьер в угличе";"Профессии / Курьер / Углич";"https://dodelay.ru/podrabotka/uglich/courier";"Коммерческий";"СЧ"
"пеший курьер углич";"Профессии / Курьер / Углич";"https://dodelay.ru/podrabotka/uglich/courier";"Коммерческий";"СЧ"
"курьер на авто в угличе";"Профессии / Курьер / Углич";"https://dodelay.ru/podrabotka/uglich/courier";"Коммерческий";"СЧ"
"курьер на авто углич";"Профессии / Курьер / Углич";"https://dodelay.ru/podrabotka/uglich/courier";"Коммерческий";"СЧ"
"курьер в угличе недорого";"Профессии / Курьер / Углич";"https://dodelay.ru/podrabotka/uglich/courier";"Коммерческий";"НЧ"
"курьер в угличе цены";"Профессии / Курьер / Углич";"https://dodelay.ru/podrabotka/uglich/courier";"Коммерческий";"НЧ"
"курьер в угличе на дом";"Профессии / Курьер / Углич";"https://dodelay.ru/podrabotka/uglich/courier";"Коммерческий";"НЧ"
"вызвать курьера в угличе";"Профессии / Курьер / Углич";"https://dodelay.ru/podrabotka/uglich/courier";"Коммерческий";"НЧ"
"нанять курьера в угличе";"Профессии / Курьер / Углич";"https://dodelay.ru/podrabotka/uglich/courier";"Коммерческий";"НЧ"
"найти курьера в угличе";"Профессии / Курьер / Углич";"https://dodelay.ru/podrabotka/uglich/courier";"Коммерческий";"НЧ"
"услуги курьера в угличе";"Профессии / Курьер / Углич";"https://dodelay.ru/podrabotka/uglich/courier";"Коммерческий";"НЧ"
"курьер частник в угличе";"Профессии / Курьер / Углич";"https://dodelay.ru/podrabotka/uglich/courier";"Коммерческий";"НЧ"
"курьер без посредников в угличе";"Профессии / Курьер / Углич";"https://dodelay.ru/podrabotka/uglich/courier";"Коммерческий";"НЧ"
"работа курьер в угличе";"Профессии / Курьер / Углич";"https://dodelay.ru/podrabotka/uglich/courier";"Вакансия";"СЧ"
"подработка курьер в угличе";"Профессии / Курьер / Углич";"https://dodelay.ru/podrabotka/uglich/courier";"Вакансия";"НЧ"
"требуется курьер в угличе";"Профессии / Курьер / Углич";"https://dodelay.ru/podrabotka/uglich/courier";"Вакансия";"НЧ"
"вакансия курьер в угличе";"Профессии / Курьер / Углич";"https://dodelay.ru/podrabotka/uglich/courier";"Вакансия";"НЧ"
"курьер в ростове великом";"Профессии / Курьер / Ростов Великий";"https://dodelay.ru/podrabotka/rostov/courier";"Коммерческий";"СЧ"
"курьер ростов великий";"Профессии / Курьер / Ростов Великий";"https://dodelay.ru/podrabotka/rostov/courier";"Коммерческий";"СЧ"
"доставка в ростове великом";"Профессии / Курьер / Ростов Великий";"https://dodelay.ru/podrabotka/rostov/courier";"Коммерческий";"СЧ"
"доставка ростов великий";"Профессии / Курьер / Ростов Великий";"https://dodelay.ru/podrabotka/rostov/courier";"Коммерческий";"СЧ"
"курьерская доставка в ростове великом";"Профессии / Курьер / Ростов Великий";"https://dodelay.ru/podrabotka/rostov/courier";"Коммерческий";"СЧ"
"курьерская доставка ростов великий";"Профессии / Курьер / Ростов Великий";"https://dodelay.ru/podrabotka/rostov/courier";"Коммерческий";"СЧ"
"пеший курьер в ростове великом";"Профессии / Курьер / Ростов Великий";"https://dodelay.ru/podrabotka/rostov/courier";"Коммерческий";"СЧ"
"пеший курьер ростов великий";"Профессии / Курьер / Ростов Великий";"https://dodelay.ru/podrabotka/rostov/courier";"Коммерческий";"СЧ"
"курьер на авто в ростове великом";"Профессии / Курьер / Ростов Великий";"https://dodelay.ru/podrabotka/rostov/courier";"Коммерческий";"СЧ"
"курьер на авто ростов великий";"Профессии / Курьер / Ростов Великий";"https://dodelay.ru/podrabotka/rostov/courier";"Коммерческий";"СЧ"
"курьер в ростове великом недорого";"Профессии / Курьер / Ростов Великий";"https://dodelay.ru/podrabotka/rostov/courier";"Коммерческий";"НЧ"
"курьер в ростове великом цены";"Профессии / Курьер / Ростов Великий";"https://dodelay.ru/podrabotka/rostov/courier";"Коммерческий";"НЧ"
"курьер в ростове великом на дом";"Профессии / Курьер / Ростов Великий";"https://dodelay.ru/podrabotka/rostov/courier";"Коммерческий";"НЧ"
"вызвать курьера в ростове великом";"Профессии / Курьер / Ростов Великий";"https://dodelay.ru/podrabotka/rostov/courier";"Коммерческий";"НЧ"
"нанять курьера в ростове великом";"Профессии / Курьер / Ростов Великий";"https://dodelay.ru/podrabotka/rostov/courier";"Коммерческий";"НЧ"
"найти курьера в ростове великом";"Профессии / Курьер / Ростов Великий";"https://dodelay.ru/podrabotka/rostov/courier";"Коммерческий";"НЧ"
"услуги курьера в ростове великом";"Профессии / Курьер / Ростов Великий";"https://dodelay.ru/podrabotka/rostov/courier";"Коммерческий";"НЧ"
"курьер частник в ростове великом";"Профессии / Курьер / Ростов Великий";"https://dodelay.ru/podrabotka/rostov/courier";"Коммерческий";"НЧ"
"курьер без посредников в ростове великом";"Профессии / Курьер / Ростов Великий";"https://dodelay.ru/podrabotka/rostov/courier";"Коммерческий";"НЧ"
"работа курьер в ростове великом";"Профессии / Курьер / Ростов Великий";"https://dodelay.ru/podrabotka/rostov/courier";"Вакансия";"СЧ"
"подработка курьер в ростове великом";"Профессии / Курьер / Ростов Великий";"https://dodelay.ru/podrabotka/rostov/courier";"Вакансия";"НЧ"
"требуется курьер в ростове великом";"Профессии / Курьер / Ростов Великий";"https://dodelay.ru/podrabotka/rostov/courier";"Вакансия";"НЧ"
"вакансия курьер в ростове великом";"Профессии / Курьер / Ростов Великий";"https://dodelay.ru/podrabotka/rostov/courier";"Вакансия";"НЧ"
"доставка по городу в ярославле";"Профессии / Курьер / Задачи";"https://dodelay.ru/podrabotka/yaroslavl/courier";"Инфо";"НЧ"
"доставка по городу цена";"Профессии / Курьер / Задачи";"https://dodelay.ru/podrabotka/yaroslavl/courier";"Инфо";"НЧ"
"сколько стоит доставка по городу";"Профессии / Курьер / Задачи";"https://dodelay.ru/podrabotka/yaroslavl/courier";"Инфо";"НЧ"
"срочная доставка в ярославле";"Профессии / Курьер / Задачи";"https://dodelay.ru/podrabotka/yaroslavl/courier";"Инфо";"НЧ"
"срочная доставка цена";"Профессии / Курьер / Задачи";"https://dodelay.ru/podrabotka/yaroslavl/courier";"Инфо";"НЧ"
"сколько стоит срочная доставка";"Профессии / Курьер / Задачи";"https://dodelay.ru/podrabotka/yaroslavl/courier";"Инфо";"НЧ"
"забрать и передать документы в ярославле";"Профессии / Курьер / Задачи";"https://dodelay.ru/podrabotka/yaroslavl/courier";"Инфо";"НЧ"
"забрать и передать документы цена";"Профессии / Курьер / Задачи";"https://dodelay.ru/podrabotka/yaroslavl/courier";"Инфо";"НЧ"
"сколько стоит забрать и передать документы";"Профессии / Курьер / Задачи";"https://dodelay.ru/podrabotka/yaroslavl/courier";"Инфо";"НЧ"
"несколько адресов";"Профессии / Курьер / Задачи";"https://dodelay.ru/podrabotka/yaroslavl/courier";"Инфо";"НЧ"
"сколько стоит несколько адресов";"Профессии / Курьер / Задачи";"https://dodelay.ru/podrabotka/yaroslavl/courier";"Инфо";"НЧ"
"автомастер в ярославле";"Профессии / Автомастер / Ярославль";"https://dodelay.ru/podrabotka/yaroslavl/automaster";"Коммерческий";"СЧ"
"автомастер ярославль";"Профессии / Автомастер / Ярославль";"https://dodelay.ru/podrabotka/yaroslavl/automaster";"Коммерческий";"СЧ"
"автомастер в ярославле недорого";"Профессии / Автомастер / Ярославль";"https://dodelay.ru/podrabotka/yaroslavl/automaster";"Коммерческий";"НЧ"
"автомастер в ярославле цены";"Профессии / Автомастер / Ярославль";"https://dodelay.ru/podrabotka/yaroslavl/automaster";"Коммерческий";"НЧ"
"автомастер в ярославле на дом";"Профессии / Автомастер / Ярославль";"https://dodelay.ru/podrabotka/yaroslavl/automaster";"Коммерческий";"НЧ"
"вызвать автомастера в ярославле";"Профессии / Автомастер / Ярославль";"https://dodelay.ru/podrabotka/yaroslavl/automaster";"Коммерческий";"НЧ"
"нанять автомастера в ярославле";"Профессии / Автомастер / Ярославль";"https://dodelay.ru/podrabotka/yaroslavl/automaster";"Коммерческий";"НЧ"
"найти автомастера в ярославле";"Профессии / Автомастер / Ярославль";"https://dodelay.ru/podrabotka/yaroslavl/automaster";"Коммерческий";"НЧ"
"услуги автомастера в ярославле";"Профессии / Автомастер / Ярославль";"https://dodelay.ru/podrabotka/yaroslavl/automaster";"Коммерческий";"НЧ"
"автомастер частник в ярославле";"Профессии / Автомастер / Ярославль";"https://dodelay.ru/podrabotka/yaroslavl/automaster";"Коммерческий";"НЧ"
"автомастер без посредников в ярославле";"Профессии / Автомастер / Ярославль";"https://dodelay.ru/podrabotka/yaroslavl/automaster";"Коммерческий";"НЧ"
"работа автомастер в ярославле";"Профессии / Автомастер / Ярославль";"https://dodelay.ru/podrabotka/yaroslavl/automaster";"Вакансия";"СЧ"
"подработка автомастер в ярославле";"Профессии / Автомастер / Ярославль";"https://dodelay.ru/podrabotka/yaroslavl/automaster";"Вакансия";"НЧ"
"требуется автомастер в ярославле";"Профессии / Автомастер / Ярославль";"https://dodelay.ru/podrabotka/yaroslavl/automaster";"Вакансия";"НЧ"
"вакансия автомастер в ярославле";"Профессии / Автомастер / Ярославль";"https://dodelay.ru/podrabotka/yaroslavl/automaster";"Вакансия";"НЧ"
"автомастер в рыбинске";"Профессии / Автомастер / Рыбинск";"https://dodelay.ru/podrabotka/rybinsk/automaster";"Коммерческий";"СЧ"
"автомастер рыбинск";"Профессии / Автомастер / Рыбинск";"https://dodelay.ru/podrabotka/rybinsk/automaster";"Коммерческий";"СЧ"
"автомастер в рыбинске недорого";"Профессии / Автомастер / Рыбинск";"https://dodelay.ru/podrabotka/rybinsk/automaster";"Коммерческий";"НЧ"
"автомастер в рыбинске цены";"Профессии / Автомастер / Рыбинск";"https://dodelay.ru/podrabotka/rybinsk/automaster";"Коммерческий";"НЧ"
"автомастер в рыбинске на дом";"Профессии / Автомастер / Рыбинск";"https://dodelay.ru/podrabotka/rybinsk/automaster";"Коммерческий";"НЧ"
"вызвать автомастера в рыбинске";"Профессии / Автомастер / Рыбинск";"https://dodelay.ru/podrabotka/rybinsk/automaster";"Коммерческий";"НЧ"
"нанять автомастера в рыбинске";"Профессии / Автомастер / Рыбинск";"https://dodelay.ru/podrabotka/rybinsk/automaster";"Коммерческий";"НЧ"
"найти автомастера в рыбинске";"Профессии / Автомастер / Рыбинск";"https://dodelay.ru/podrabotka/rybinsk/automaster";"Коммерческий";"НЧ"
"услуги автомастера в рыбинске";"Профессии / Автомастер / Рыбинск";"https://dodelay.ru/podrabotka/rybinsk/automaster";"Коммерческий";"НЧ"
"автомастер частник в рыбинске";"Профессии / Автомастер / Рыбинск";"https://dodelay.ru/podrabotka/rybinsk/automaster";"Коммерческий";"НЧ"
"автомастер без посредников в рыбинске";"Профессии / Автомастер / Рыбинск";"https://dodelay.ru/podrabotka/rybinsk/automaster";"Коммерческий";"НЧ"
"работа автомастер в рыбинске";"Профессии / Автомастер / Рыбинск";"https://dodelay.ru/podrabotka/rybinsk/automaster";"Вакансия";"СЧ"
"подработка автомастер в рыбинске";"Профессии / Автомастер / Рыбинск";"https://dodelay.ru/podrabotka/rybinsk/automaster";"Вакансия";"НЧ"
"требуется автомастер в рыбинске";"Профессии / Автомастер / Рыбинск";"https://dodelay.ru/podrabotka/rybinsk/automaster";"Вакансия";"НЧ"
"вакансия автомастер в рыбинске";"Профессии / Автомастер / Рыбинск";"https://dodelay.ru/podrabotka/rybinsk/automaster";"Вакансия";"НЧ"
"автомастер в тутаеве";"Профессии / Автомастер / Тутаев";"https://dodelay.ru/podrabotka/tutaev/automaster";"Коммерческий";"СЧ"
"автомастер тутаев";"Профессии / Автомастер / Тутаев";"https://dodelay.ru/podrabotka/tutaev/automaster";"Коммерческий";"СЧ"
"автомастер в тутаеве недорого";"Профессии / Автомастер / Тутаев";"https://dodelay.ru/podrabotka/tutaev/automaster";"Коммерческий";"НЧ"
"автомастер в тутаеве цены";"Профессии / Автомастер / Тутаев";"https://dodelay.ru/podrabotka/tutaev/automaster";"Коммерческий";"НЧ"
"автомастер в тутаеве на дом";"Профессии / Автомастер / Тутаев";"https://dodelay.ru/podrabotka/tutaev/automaster";"Коммерческий";"НЧ"
"вызвать автомастера в тутаеве";"Профессии / Автомастер / Тутаев";"https://dodelay.ru/podrabotka/tutaev/automaster";"Коммерческий";"НЧ"
"нанять автомастера в тутаеве";"Профессии / Автомастер / Тутаев";"https://dodelay.ru/podrabotka/tutaev/automaster";"Коммерческий";"НЧ"
"найти автомастера в тутаеве";"Профессии / Автомастер / Тутаев";"https://dodelay.ru/podrabotka/tutaev/automaster";"Коммерческий";"НЧ"
"услуги автомастера в тутаеве";"Профессии / Автомастер / Тутаев";"https://dodelay.ru/podrabotka/tutaev/automaster";"Коммерческий";"НЧ"
"автомастер частник в тутаеве";"Профессии / Автомастер / Тутаев";"https://dodelay.ru/podrabotka/tutaev/automaster";"Коммерческий";"НЧ"
"автомастер без посредников в тутаеве";"Профессии / Автомастер / Тутаев";"https://dodelay.ru/podrabotka/tutaev/automaster";"Коммерческий";"НЧ"
"работа автомастер в тутаеве";"Профессии / Автомастер / Тутаев";"https://dodelay.ru/podrabotka/tutaev/automaster";"Вакансия";"СЧ"
"подработка автомастер в тутаеве";"Профессии / Автомастер / Тутаев";"https://dodelay.ru/podrabotka/tutaev/automaster";"Вакансия";"НЧ"
"требуется автомастер в тутаеве";"Профессии / Автомастер / Тутаев";"https://dodelay.ru/podrabotka/tutaev/automaster";"Вакансия";"НЧ"
"вакансия автомастер в тутаеве";"Профессии / Автомастер / Тутаев";"https://dodelay.ru/podrabotka/tutaev/automaster";"Вакансия";"НЧ"
"автомастер в переславле-залесском";"Профессии / Автомастер / Переславль-Залесский";"https://dodelay.ru/podrabotka/pereslavl/automaster";"Коммерческий";"СЧ"
"автомастер переславль-залесский";"Профессии / Автомастер / Переславль-Залесский";"https://dodelay.ru/podrabotka/pereslavl/automaster";"Коммерческий";"СЧ"
"автомастер в переславле-залесском недорого";"Профессии / Автомастер / Переславль-Залесский";"https://dodelay.ru/podrabotka/pereslavl/automaster";"Коммерческий";"НЧ"
"автомастер в переславле-залесском цены";"Профессии / Автомастер / Переславль-Залесский";"https://dodelay.ru/podrabotka/pereslavl/automaster";"Коммерческий";"НЧ"
"автомастер в переславле-залесском на дом";"Профессии / Автомастер / Переславль-Залесский";"https://dodelay.ru/podrabotka/pereslavl/automaster";"Коммерческий";"НЧ"
"вызвать автомастера в переславле-залесском";"Профессии / Автомастер / Переславль-Залесский";"https://dodelay.ru/podrabotka/pereslavl/automaster";"Коммерческий";"НЧ"
"нанять автомастера в переславле-залесском";"Профессии / Автомастер / Переславль-Залесский";"https://dodelay.ru/podrabotka/pereslavl/automaster";"Коммерческий";"НЧ"
"найти автомастера в переславле-залесском";"Профессии / Автомастер / Переславль-Залесский";"https://dodelay.ru/podrabotka/pereslavl/automaster";"Коммерческий";"НЧ"
"услуги автомастера в переславле-залесском";"Профессии / Автомастер / Переславль-Залесский";"https://dodelay.ru/podrabotka/pereslavl/automaster";"Коммерческий";"НЧ"
"автомастер частник в переславле-залесском";"Профессии / Автомастер / Переславль-Залесский";"https://dodelay.ru/podrabotka/pereslavl/automaster";"Коммерческий";"НЧ"
"автомастер без посредников в переславле-залесском";"Профессии / Автомастер / Переславль-Залесский";"https://dodelay.ru/podrabotka/pereslavl/automaster";"Коммерческий";"НЧ"
"работа автомастер в переславле-залесском";"Профессии / Автомастер / Переславль-Залесский";"https://dodelay.ru/podrabotka/pereslavl/automaster";"Вакансия";"СЧ"
"подработка автомастер в переславле-залесском";"Профессии / Автомастер / Переславль-Залесский";"https://dodelay.ru/podrabotka/pereslavl/automaster";"Вакансия";"НЧ"
"требуется автомастер в переславле-залесском";"Профессии / Автомастер / Переславль-Залесский";"https://dodelay.ru/podrabotka/pereslavl/automaster";"Вакансия";"НЧ"
"вакансия автомастер в переславле-залесском";"Профессии / Автомастер / Переславль-Залесский";"https://dodelay.ru/podrabotka/pereslavl/automaster";"Вакансия";"НЧ"
"автомастер в угличе";"Профессии / Автомастер / Углич";"https://dodelay.ru/podrabotka/uglich/automaster";"Коммерческий";"СЧ"
"автомастер углич";"Профессии / Автомастер / Углич";"https://dodelay.ru/podrabotka/uglich/automaster";"Коммерческий";"СЧ"
"автомастер в угличе недорого";"Профессии / Автомастер / Углич";"https://dodelay.ru/podrabotka/uglich/automaster";"Коммерческий";"НЧ"
"автомастер в угличе цены";"Профессии / Автомастер / Углич";"https://dodelay.ru/podrabotka/uglich/automaster";"Коммерческий";"НЧ"
"автомастер в угличе на дом";"Профессии / Автомастер / Углич";"https://dodelay.ru/podrabotka/uglich/automaster";"Коммерческий";"НЧ"
"вызвать автомастера в угличе";"Профессии / Автомастер / Углич";"https://dodelay.ru/podrabotka/uglich/automaster";"Коммерческий";"НЧ"
"нанять автомастера в угличе";"Профессии / Автомастер / Углич";"https://dodelay.ru/podrabotka/uglich/automaster";"Коммерческий";"НЧ"
"найти автомастера в угличе";"Профессии / Автомастер / Углич";"https://dodelay.ru/podrabotka/uglich/automaster";"Коммерческий";"НЧ"
"услуги автомастера в угличе";"Профессии / Автомастер / Углич";"https://dodelay.ru/podrabotka/uglich/automaster";"Коммерческий";"НЧ"
"автомастер частник в угличе";"Профессии / Автомастер / Углич";"https://dodelay.ru/podrabotka/uglich/automaster";"Коммерческий";"НЧ"
"автомастер без посредников в угличе";"Профессии / Автомастер / Углич";"https://dodelay.ru/podrabotka/uglich/automaster";"Коммерческий";"НЧ"
"работа автомастер в угличе";"Профессии / Автомастер / Углич";"https://dodelay.ru/podrabotka/uglich/automaster";"Вакансия";"СЧ"
"подработка автомастер в угличе";"Профессии / Автомастер / Углич";"https://dodelay.ru/podrabotka/uglich/automaster";"Вакансия";"НЧ"
"требуется автомастер в угличе";"Профессии / Автомастер / Углич";"https://dodelay.ru/podrabotka/uglich/automaster";"Вакансия";"НЧ"
"вакансия автомастер в угличе";"Профессии / Автомастер / Углич";"https://dodelay.ru/podrabotka/uglich/automaster";"Вакансия";"НЧ"
"автомастер в ростове великом";"Профессии / Автомастер / Ростов Великий";"https://dodelay.ru/podrabotka/rostov/automaster";"Коммерческий";"СЧ"
"автомастер ростов великий";"Профессии / Автомастер / Ростов Великий";"https://dodelay.ru/podrabotka/rostov/automaster";"Коммерческий";"СЧ"
"автомастер в ростове великом недорого";"Профессии / Автомастер / Ростов Великий";"https://dodelay.ru/podrabotka/rostov/automaster";"Коммерческий";"НЧ"
"автомастер в ростове великом цены";"Профессии / Автомастер / Ростов Великий";"https://dodelay.ru/podrabotka/rostov/automaster";"Коммерческий";"НЧ"
"автомастер в ростове великом на дом";"Профессии / Автомастер / Ростов Великий";"https://dodelay.ru/podrabotka/rostov/automaster";"Коммерческий";"НЧ"
"вызвать автомастера в ростове великом";"Профессии / Автомастер / Ростов Великий";"https://dodelay.ru/podrabotka/rostov/automaster";"Коммерческий";"НЧ"
"нанять автомастера в ростове великом";"Профессии / Автомастер / Ростов Великий";"https://dodelay.ru/podrabotka/rostov/automaster";"Коммерческий";"НЧ"
"найти автомастера в ростове великом";"Профессии / Автомастер / Ростов Великий";"https://dodelay.ru/podrabotka/rostov/automaster";"Коммерческий";"НЧ"
"услуги автомастера в ростове великом";"Профессии / Автомастер / Ростов Великий";"https://dodelay.ru/podrabotka/rostov/automaster";"Коммерческий";"НЧ"
"автомастер частник в ростове великом";"Профессии / Автомастер / Ростов Великий";"https://dodelay.ru/podrabotka/rostov/automaster";"Коммерческий";"НЧ"
"автомастер без посредников в ростове великом";"Профессии / Автомастер / Ростов Великий";"https://dodelay.ru/podrabotka/rostov/automaster";"Коммерческий";"НЧ"
"работа автомастер в ростове великом";"Профессии / Автомастер / Ростов Великий";"https://dodelay.ru/podrabotka/rostov/automaster";"Вакансия";"СЧ"
"подработка автомастер в ростове великом";"Профессии / Автомастер / Ростов Великий";"https://dodelay.ru/podrabotka/rostov/automaster";"Вакансия";"НЧ"
"требуется автомастер в ростове великом";"Профессии / Автомастер / Ростов Великий";"https://dodelay.ru/podrabotka/rostov/automaster";"Вакансия";"НЧ"
"вакансия автомастер в ростове великом";"Профессии / Автомастер / Ростов Великий";"https://dodelay.ru/podrabotka/rostov/automaster";"Вакансия";"НЧ"
"замена масла в ярославле";"Профессии / Автомастер / Задачи";"https://dodelay.ru/podrabotka/yaroslavl/automaster";"Инфо";"НЧ"
"замена масла цена";"Профессии / Автомастер / Задачи";"https://dodelay.ru/podrabotka/yaroslavl/automaster";"Инфо";"НЧ"
"сколько стоит замена масла";"Профессии / Автомастер / Задачи";"https://dodelay.ru/podrabotka/yaroslavl/automaster";"Инфо";"НЧ"
"шиномонтаж";"Профессии / Автомастер / Задачи";"https://dodelay.ru/podrabotka/yaroslavl/automaster";"Инфо";"НЧ"
"сколько стоит шиномонтаж";"Профессии / Автомастер / Задачи";"https://dodelay.ru/podrabotka/yaroslavl/automaster";"Инфо";"НЧ"
"выездная диагностика в ярославле";"Профессии / Автомастер / Задачи";"https://dodelay.ru/podrabotka/yaroslavl/automaster";"Инфо";"НЧ"
"выездная диагностика цена";"Профессии / Автомастер / Задачи";"https://dodelay.ru/podrabotka/yaroslavl/automaster";"Инфо";"НЧ"
"сколько стоит выездная диагностика";"Профессии / Автомастер / Задачи";"https://dodelay.ru/podrabotka/yaroslavl/automaster";"Инфо";"НЧ"
"прикурить или запуск двигателя в ярославле";"Профессии / Автомастер / Задачи";"https://dodelay.ru/podrabotka/yaroslavl/automaster";"Инфо";"НЧ"
"прикурить или запуск двигателя цена";"Профессии / Автомастер / Задачи";"https://dodelay.ru/podrabotka/yaroslavl/automaster";"Инфо";"НЧ"
"сколько стоит прикурить или запуск двигателя";"Профессии / Автомастер / Задачи";"https://dodelay.ru/podrabotka/yaroslavl/automaster";"Инфо";"НЧ"
"разнорабочий в ярославле";"Профессии / Разнорабочий / Ярославль";"https://dodelay.ru/podrabotka/yaroslavl/other";"Коммерческий";"СЧ"
"разнорабочий ярославль";"Профессии / Разнорабочий / Ярославль";"https://dodelay.ru/podrabotka/yaroslavl/other";"Коммерческий";"СЧ"
"подсобный рабочий в ярославле";"Профессии / Разнорабочий / Ярославль";"https://dodelay.ru/podrabotka/yaroslavl/other";"Коммерческий";"СЧ"
"подсобный рабочий ярославль";"Профессии / Разнорабочий / Ярославль";"https://dodelay.ru/podrabotka/yaroslavl/other";"Коммерческий";"СЧ"
"рабочий на день в ярославле";"Профессии / Разнорабочий / Ярославль";"https://dodelay.ru/podrabotka/yaroslavl/other";"Коммерческий";"СЧ"
"рабочий на день ярославль";"Профессии / Разнорабочий / Ярославль";"https://dodelay.ru/podrabotka/yaroslavl/other";"Коммерческий";"СЧ"
"временный рабочий в ярославле";"Профессии / Разнорабочий / Ярославль";"https://dodelay.ru/podrabotka/yaroslavl/other";"Коммерческий";"СЧ"
"временный рабочий ярославль";"Профессии / Разнорабочий / Ярославль";"https://dodelay.ru/podrabotka/yaroslavl/other";"Коммерческий";"СЧ"
"рабочие руки в ярославле";"Профессии / Разнорабочий / Ярославль";"https://dodelay.ru/podrabotka/yaroslavl/other";"Коммерческий";"СЧ"
"рабочие руки ярославль";"Профессии / Разнорабочий / Ярославль";"https://dodelay.ru/podrabotka/yaroslavl/other";"Коммерческий";"СЧ"
"разнорабочий в ярославле недорого";"Профессии / Разнорабочий / Ярославль";"https://dodelay.ru/podrabotka/yaroslavl/other";"Коммерческий";"НЧ"
"разнорабочий в ярославле цены";"Профессии / Разнорабочий / Ярославль";"https://dodelay.ru/podrabotka/yaroslavl/other";"Коммерческий";"НЧ"
"разнорабочий в ярославле на дом";"Профессии / Разнорабочий / Ярославль";"https://dodelay.ru/podrabotka/yaroslavl/other";"Коммерческий";"НЧ"
"вызвать разнорабочего в ярославле";"Профессии / Разнорабочий / Ярославль";"https://dodelay.ru/podrabotka/yaroslavl/other";"Коммерческий";"НЧ"
"нанять разнорабочего в ярославле";"Профессии / Разнорабочий / Ярославль";"https://dodelay.ru/podrabotka/yaroslavl/other";"Коммерческий";"НЧ"
"найти разнорабочего в ярославле";"Профессии / Разнорабочий / Ярославль";"https://dodelay.ru/podrabotka/yaroslavl/other";"Коммерческий";"НЧ"
"услуги разнорабочего в ярославле";"Профессии / Разнорабочий / Ярославль";"https://dodelay.ru/podrabotka/yaroslavl/other";"Коммерческий";"НЧ"
"разнорабочий частник в ярославле";"Профессии / Разнорабочий / Ярославль";"https://dodelay.ru/podrabotka/yaroslavl/other";"Коммерческий";"НЧ"
"разнорабочий без посредников в ярославле";"Профессии / Разнорабочий / Ярославль";"https://dodelay.ru/podrabotka/yaroslavl/other";"Коммерческий";"НЧ"
"работа разнорабочий в ярославле";"Профессии / Разнорабочий / Ярославль";"https://dodelay.ru/podrabotka/yaroslavl/other";"Вакансия";"СЧ"
"подработка разнорабочий в ярославле";"Профессии / Разнорабочий / Ярославль";"https://dodelay.ru/podrabotka/yaroslavl/other";"Вакансия";"НЧ"
"требуется разнорабочий в ярославле";"Профессии / Разнорабочий / Ярославль";"https://dodelay.ru/podrabotka/yaroslavl/other";"Вакансия";"НЧ"
"вакансия разнорабочий в ярославле";"Профессии / Разнорабочий / Ярославль";"https://dodelay.ru/podrabotka/yaroslavl/other";"Вакансия";"НЧ"
"разнорабочий в рыбинске";"Профессии / Разнорабочий / Рыбинск";"https://dodelay.ru/podrabotka/rybinsk/other";"Коммерческий";"СЧ"
"разнорабочий рыбинск";"Профессии / Разнорабочий / Рыбинск";"https://dodelay.ru/podrabotka/rybinsk/other";"Коммерческий";"СЧ"
"подсобный рабочий в рыбинске";"Профессии / Разнорабочий / Рыбинск";"https://dodelay.ru/podrabotka/rybinsk/other";"Коммерческий";"СЧ"
"подсобный рабочий рыбинск";"Профессии / Разнорабочий / Рыбинск";"https://dodelay.ru/podrabotka/rybinsk/other";"Коммерческий";"СЧ"
"рабочий на день в рыбинске";"Профессии / Разнорабочий / Рыбинск";"https://dodelay.ru/podrabotka/rybinsk/other";"Коммерческий";"СЧ"
"рабочий на день рыбинск";"Профессии / Разнорабочий / Рыбинск";"https://dodelay.ru/podrabotka/rybinsk/other";"Коммерческий";"СЧ"
"временный рабочий в рыбинске";"Профессии / Разнорабочий / Рыбинск";"https://dodelay.ru/podrabotka/rybinsk/other";"Коммерческий";"СЧ"
"временный рабочий рыбинск";"Профессии / Разнорабочий / Рыбинск";"https://dodelay.ru/podrabotka/rybinsk/other";"Коммерческий";"СЧ"
"рабочие руки в рыбинске";"Профессии / Разнорабочий / Рыбинск";"https://dodelay.ru/podrabotka/rybinsk/other";"Коммерческий";"СЧ"
"рабочие руки рыбинск";"Профессии / Разнорабочий / Рыбинск";"https://dodelay.ru/podrabotka/rybinsk/other";"Коммерческий";"СЧ"
"разнорабочий в рыбинске недорого";"Профессии / Разнорабочий / Рыбинск";"https://dodelay.ru/podrabotka/rybinsk/other";"Коммерческий";"НЧ"
"разнорабочий в рыбинске цены";"Профессии / Разнорабочий / Рыбинск";"https://dodelay.ru/podrabotka/rybinsk/other";"Коммерческий";"НЧ"
"разнорабочий в рыбинске на дом";"Профессии / Разнорабочий / Рыбинск";"https://dodelay.ru/podrabotka/rybinsk/other";"Коммерческий";"НЧ"
"вызвать разнорабочего в рыбинске";"Профессии / Разнорабочий / Рыбинск";"https://dodelay.ru/podrabotka/rybinsk/other";"Коммерческий";"НЧ"
"нанять разнорабочего в рыбинске";"Профессии / Разнорабочий / Рыбинск";"https://dodelay.ru/podrabotka/rybinsk/other";"Коммерческий";"НЧ"
"найти разнорабочего в рыбинске";"Профессии / Разнорабочий / Рыбинск";"https://dodelay.ru/podrabotka/rybinsk/other";"Коммерческий";"НЧ"
"услуги разнорабочего в рыбинске";"Профессии / Разнорабочий / Рыбинск";"https://dodelay.ru/podrabotka/rybinsk/other";"Коммерческий";"НЧ"
"разнорабочий частник в рыбинске";"Профессии / Разнорабочий / Рыбинск";"https://dodelay.ru/podrabotka/rybinsk/other";"Коммерческий";"НЧ"
"разнорабочий без посредников в рыбинске";"Профессии / Разнорабочий / Рыбинск";"https://dodelay.ru/podrabotka/rybinsk/other";"Коммерческий";"НЧ"
"работа разнорабочий в рыбинске";"Профессии / Разнорабочий / Рыбинск";"https://dodelay.ru/podrabotka/rybinsk/other";"Вакансия";"СЧ"
"подработка разнорабочий в рыбинске";"Профессии / Разнорабочий / Рыбинск";"https://dodelay.ru/podrabotka/rybinsk/other";"Вакансия";"НЧ"
"требуется разнорабочий в рыбинске";"Профессии / Разнорабочий / Рыбинск";"https://dodelay.ru/podrabotka/rybinsk/other";"Вакансия";"НЧ"
"вакансия разнорабочий в рыбинске";"Профессии / Разнорабочий / Рыбинск";"https://dodelay.ru/podrabotka/rybinsk/other";"Вакансия";"НЧ"
"разнорабочий в тутаеве";"Профессии / Разнорабочий / Тутаев";"https://dodelay.ru/podrabotka/tutaev/other";"Коммерческий";"СЧ"
"разнорабочий тутаев";"Профессии / Разнорабочий / Тутаев";"https://dodelay.ru/podrabotka/tutaev/other";"Коммерческий";"СЧ"
"подсобный рабочий в тутаеве";"Профессии / Разнорабочий / Тутаев";"https://dodelay.ru/podrabotka/tutaev/other";"Коммерческий";"СЧ"
"подсобный рабочий тутаев";"Профессии / Разнорабочий / Тутаев";"https://dodelay.ru/podrabotka/tutaev/other";"Коммерческий";"СЧ"
"рабочий на день в тутаеве";"Профессии / Разнорабочий / Тутаев";"https://dodelay.ru/podrabotka/tutaev/other";"Коммерческий";"СЧ"
"рабочий на день тутаев";"Профессии / Разнорабочий / Тутаев";"https://dodelay.ru/podrabotka/tutaev/other";"Коммерческий";"СЧ"
"временный рабочий в тутаеве";"Профессии / Разнорабочий / Тутаев";"https://dodelay.ru/podrabotka/tutaev/other";"Коммерческий";"СЧ"
"временный рабочий тутаев";"Профессии / Разнорабочий / Тутаев";"https://dodelay.ru/podrabotka/tutaev/other";"Коммерческий";"СЧ"
"рабочие руки в тутаеве";"Профессии / Разнорабочий / Тутаев";"https://dodelay.ru/podrabotka/tutaev/other";"Коммерческий";"СЧ"
"рабочие руки тутаев";"Профессии / Разнорабочий / Тутаев";"https://dodelay.ru/podrabotka/tutaev/other";"Коммерческий";"СЧ"
"разнорабочий в тутаеве недорого";"Профессии / Разнорабочий / Тутаев";"https://dodelay.ru/podrabotka/tutaev/other";"Коммерческий";"НЧ"
"разнорабочий в тутаеве цены";"Профессии / Разнорабочий / Тутаев";"https://dodelay.ru/podrabotka/tutaev/other";"Коммерческий";"НЧ"
"разнорабочий в тутаеве на дом";"Профессии / Разнорабочий / Тутаев";"https://dodelay.ru/podrabotka/tutaev/other";"Коммерческий";"НЧ"
"вызвать разнорабочего в тутаеве";"Профессии / Разнорабочий / Тутаев";"https://dodelay.ru/podrabotka/tutaev/other";"Коммерческий";"НЧ"
"нанять разнорабочего в тутаеве";"Профессии / Разнорабочий / Тутаев";"https://dodelay.ru/podrabotka/tutaev/other";"Коммерческий";"НЧ"
"найти разнорабочего в тутаеве";"Профессии / Разнорабочий / Тутаев";"https://dodelay.ru/podrabotka/tutaev/other";"Коммерческий";"НЧ"
"услуги разнорабочего в тутаеве";"Профессии / Разнорабочий / Тутаев";"https://dodelay.ru/podrabotka/tutaev/other";"Коммерческий";"НЧ"
"разнорабочий частник в тутаеве";"Профессии / Разнорабочий / Тутаев";"https://dodelay.ru/podrabotka/tutaev/other";"Коммерческий";"НЧ"
"разнорабочий без посредников в тутаеве";"Профессии / Разнорабочий / Тутаев";"https://dodelay.ru/podrabotka/tutaev/other";"Коммерческий";"НЧ"
"работа разнорабочий в тутаеве";"Профессии / Разнорабочий / Тутаев";"https://dodelay.ru/podrabotka/tutaev/other";"Вакансия";"СЧ"
"подработка разнорабочий в тутаеве";"Профессии / Разнорабочий / Тутаев";"https://dodelay.ru/podrabotka/tutaev/other";"Вакансия";"НЧ"
"требуется разнорабочий в тутаеве";"Профессии / Разнорабочий / Тутаев";"https://dodelay.ru/podrabotka/tutaev/other";"Вакансия";"НЧ"
"вакансия разнорабочий в тутаеве";"Профессии / Разнорабочий / Тутаев";"https://dodelay.ru/podrabotka/tutaev/other";"Вакансия";"НЧ"
"разнорабочий в переславле-залесском";"Профессии / Разнорабочий / Переславль-Залесский";"https://dodelay.ru/podrabotka/pereslavl/other";"Коммерческий";"СЧ"
"разнорабочий переславль-залесский";"Профессии / Разнорабочий / Переславль-Залесский";"https://dodelay.ru/podrabotka/pereslavl/other";"Коммерческий";"СЧ"
"подсобный рабочий в переславле-залесском";"Профессии / Разнорабочий / Переславль-Залесский";"https://dodelay.ru/podrabotka/pereslavl/other";"Коммерческий";"СЧ"
"подсобный рабочий переславль-залесский";"Профессии / Разнорабочий / Переславль-Залесский";"https://dodelay.ru/podrabotka/pereslavl/other";"Коммерческий";"СЧ"
"рабочий на день в переславле-залесском";"Профессии / Разнорабочий / Переславль-Залесский";"https://dodelay.ru/podrabotka/pereslavl/other";"Коммерческий";"СЧ"
"рабочий на день переславль-залесский";"Профессии / Разнорабочий / Переславль-Залесский";"https://dodelay.ru/podrabotka/pereslavl/other";"Коммерческий";"СЧ"
"временный рабочий в переславле-залесском";"Профессии / Разнорабочий / Переславль-Залесский";"https://dodelay.ru/podrabotka/pereslavl/other";"Коммерческий";"СЧ"
"временный рабочий переславль-залесский";"Профессии / Разнорабочий / Переславль-Залесский";"https://dodelay.ru/podrabotka/pereslavl/other";"Коммерческий";"СЧ"
"рабочие руки в переславле-залесском";"Профессии / Разнорабочий / Переславль-Залесский";"https://dodelay.ru/podrabotka/pereslavl/other";"Коммерческий";"СЧ"
"рабочие руки переславль-залесский";"Профессии / Разнорабочий / Переславль-Залесский";"https://dodelay.ru/podrabotka/pereslavl/other";"Коммерческий";"СЧ"
"разнорабочий в переславле-залесском недорого";"Профессии / Разнорабочий / Переславль-Залесский";"https://dodelay.ru/podrabotka/pereslavl/other";"Коммерческий";"НЧ"
"разнорабочий в переславле-залесском цены";"Профессии / Разнорабочий / Переславль-Залесский";"https://dodelay.ru/podrabotka/pereslavl/other";"Коммерческий";"НЧ"
"разнорабочий в переславле-залесском на дом";"Профессии / Разнорабочий / Переславль-Залесский";"https://dodelay.ru/podrabotka/pereslavl/other";"Коммерческий";"НЧ"
"вызвать разнорабочего в переславле-залесском";"Профессии / Разнорабочий / Переславль-Залесский";"https://dodelay.ru/podrabotka/pereslavl/other";"Коммерческий";"НЧ"
"нанять разнорабочего в переславле-залесском";"Профессии / Разнорабочий / Переславль-Залесский";"https://dodelay.ru/podrabotka/pereslavl/other";"Коммерческий";"НЧ"
"найти разнорабочего в переславле-залесском";"Профессии / Разнорабочий / Переславль-Залесский";"https://dodelay.ru/podrabotka/pereslavl/other";"Коммерческий";"НЧ"
"услуги разнорабочего в переславле-залесском";"Профессии / Разнорабочий / Переславль-Залесский";"https://dodelay.ru/podrabotka/pereslavl/other";"Коммерческий";"НЧ"
"разнорабочий частник в переславле-залесском";"Профессии / Разнорабочий / Переславль-Залесский";"https://dodelay.ru/podrabotka/pereslavl/other";"Коммерческий";"НЧ"
"разнорабочий без посредников в переславле-залесском";"Профессии / Разнорабочий / Переславль-Залесский";"https://dodelay.ru/podrabotka/pereslavl/other";"Коммерческий";"НЧ"
"работа разнорабочий в переславле-залесском";"Профессии / Разнорабочий / Переславль-Залесский";"https://dodelay.ru/podrabotka/pereslavl/other";"Вакансия";"СЧ"
"подработка разнорабочий в переславле-залесском";"Профессии / Разнорабочий / Переславль-Залесский";"https://dodelay.ru/podrabotka/pereslavl/other";"Вакансия";"НЧ"
"требуется разнорабочий в переславле-залесском";"Профессии / Разнорабочий / Переславль-Залесский";"https://dodelay.ru/podrabotka/pereslavl/other";"Вакансия";"НЧ"
"вакансия разнорабочий в переславле-залесском";"Профессии / Разнорабочий / Переславль-Залесский";"https://dodelay.ru/podrabotka/pereslavl/other";"Вакансия";"НЧ"
"разнорабочий в угличе";"Профессии / Разнорабочий / Углич";"https://dodelay.ru/podrabotka/uglich/other";"Коммерческий";"СЧ"
"разнорабочий углич";"Профессии / Разнорабочий / Углич";"https://dodelay.ru/podrabotka/uglich/other";"Коммерческий";"СЧ"
"подсобный рабочий в угличе";"Профессии / Разнорабочий / Углич";"https://dodelay.ru/podrabotka/uglich/other";"Коммерческий";"СЧ"
"подсобный рабочий углич";"Профессии / Разнорабочий / Углич";"https://dodelay.ru/podrabotka/uglich/other";"Коммерческий";"СЧ"
"рабочий на день в угличе";"Профессии / Разнорабочий / Углич";"https://dodelay.ru/podrabotka/uglich/other";"Коммерческий";"СЧ"
"рабочий на день углич";"Профессии / Разнорабочий / Углич";"https://dodelay.ru/podrabotka/uglich/other";"Коммерческий";"СЧ"
"временный рабочий в угличе";"Профессии / Разнорабочий / Углич";"https://dodelay.ru/podrabotka/uglich/other";"Коммерческий";"СЧ"
"временный рабочий углич";"Профессии / Разнорабочий / Углич";"https://dodelay.ru/podrabotka/uglich/other";"Коммерческий";"СЧ"
"рабочие руки в угличе";"Профессии / Разнорабочий / Углич";"https://dodelay.ru/podrabotka/uglich/other";"Коммерческий";"СЧ"
"рабочие руки углич";"Профессии / Разнорабочий / Углич";"https://dodelay.ru/podrabotka/uglich/other";"Коммерческий";"СЧ"
"разнорабочий в угличе недорого";"Профессии / Разнорабочий / Углич";"https://dodelay.ru/podrabotka/uglich/other";"Коммерческий";"НЧ"
"разнорабочий в угличе цены";"Профессии / Разнорабочий / Углич";"https://dodelay.ru/podrabotka/uglich/other";"Коммерческий";"НЧ"
"разнорабочий в угличе на дом";"Профессии / Разнорабочий / Углич";"https://dodelay.ru/podrabotka/uglich/other";"Коммерческий";"НЧ"
"вызвать разнорабочего в угличе";"Профессии / Разнорабочий / Углич";"https://dodelay.ru/podrabotka/uglich/other";"Коммерческий";"НЧ"
"нанять разнорабочего в угличе";"Профессии / Разнорабочий / Углич";"https://dodelay.ru/podrabotka/uglich/other";"Коммерческий";"НЧ"
"найти разнорабочего в угличе";"Профессии / Разнорабочий / Углич";"https://dodelay.ru/podrabotka/uglich/other";"Коммерческий";"НЧ"
"услуги разнорабочего в угличе";"Профессии / Разнорабочий / Углич";"https://dodelay.ru/podrabotka/uglich/other";"Коммерческий";"НЧ"
"разнорабочий частник в угличе";"Профессии / Разнорабочий / Углич";"https://dodelay.ru/podrabotka/uglich/other";"Коммерческий";"НЧ"
"разнорабочий без посредников в угличе";"Профессии / Разнорабочий / Углич";"https://dodelay.ru/podrabotka/uglich/other";"Коммерческий";"НЧ"
"работа разнорабочий в угличе";"Профессии / Разнорабочий / Углич";"https://dodelay.ru/podrabotka/uglich/other";"Вакансия";"СЧ"
"подработка разнорабочий в угличе";"Профессии / Разнорабочий / Углич";"https://dodelay.ru/podrabotka/uglich/other";"Вакансия";"НЧ"
"требуется разнорабочий в угличе";"Профессии / Разнорабочий / Углич";"https://dodelay.ru/podrabotka/uglich/other";"Вакансия";"НЧ"
"вакансия разнорабочий в угличе";"Профессии / Разнорабочий / Углич";"https://dodelay.ru/podrabotka/uglich/other";"Вакансия";"НЧ"
"разнорабочий в ростове великом";"Профессии / Разнорабочий / Ростов Великий";"https://dodelay.ru/podrabotka/rostov/other";"Коммерческий";"СЧ"
"разнорабочий ростов великий";"Профессии / Разнорабочий / Ростов Великий";"https://dodelay.ru/podrabotka/rostov/other";"Коммерческий";"СЧ"
"подсобный рабочий в ростове великом";"Профессии / Разнорабочий / Ростов Великий";"https://dodelay.ru/podrabotka/rostov/other";"Коммерческий";"СЧ"
"подсобный рабочий ростов великий";"Профессии / Разнорабочий / Ростов Великий";"https://dodelay.ru/podrabotka/rostov/other";"Коммерческий";"СЧ"
"рабочий на день в ростове великом";"Профессии / Разнорабочий / Ростов Великий";"https://dodelay.ru/podrabotka/rostov/other";"Коммерческий";"СЧ"
"рабочий на день ростов великий";"Профессии / Разнорабочий / Ростов Великий";"https://dodelay.ru/podrabotka/rostov/other";"Коммерческий";"СЧ"
"временный рабочий в ростове великом";"Профессии / Разнорабочий / Ростов Великий";"https://dodelay.ru/podrabotka/rostov/other";"Коммерческий";"СЧ"
"временный рабочий ростов великий";"Профессии / Разнорабочий / Ростов Великий";"https://dodelay.ru/podrabotka/rostov/other";"Коммерческий";"СЧ"
"рабочие руки в ростове великом";"Профессии / Разнорабочий / Ростов Великий";"https://dodelay.ru/podrabotka/rostov/other";"Коммерческий";"СЧ"
"рабочие руки ростов великий";"Профессии / Разнорабочий / Ростов Великий";"https://dodelay.ru/podrabotka/rostov/other";"Коммерческий";"СЧ"
"разнорабочий в ростове великом недорого";"Профессии / Разнорабочий / Ростов Великий";"https://dodelay.ru/podrabotka/rostov/other";"Коммерческий";"НЧ"
"разнорабочий в ростове великом цены";"Профессии / Разнорабочий / Ростов Великий";"https://dodelay.ru/podrabotka/rostov/other";"Коммерческий";"НЧ"
"разнорабочий в ростове великом на дом";"Профессии / Разнорабочий / Ростов Великий";"https://dodelay.ru/podrabotka/rostov/other";"Коммерческий";"НЧ"
"вызвать разнорабочего в ростове великом";"Профессии / Разнорабочий / Ростов Великий";"https://dodelay.ru/podrabotka/rostov/other";"Коммерческий";"НЧ"
"нанять разнорабочего в ростове великом";"Профессии / Разнорабочий / Ростов Великий";"https://dodelay.ru/podrabotka/rostov/other";"Коммерческий";"НЧ"
"найти разнорабочего в ростове великом";"Профессии / Разнорабочий / Ростов Великий";"https://dodelay.ru/podrabotka/rostov/other";"Коммерческий";"НЧ"
"услуги разнорабочего в ростове великом";"Профессии / Разнорабочий / Ростов Великий";"https://dodelay.ru/podrabotka/rostov/other";"Коммерческий";"НЧ"
"разнорабочий частник в ростове великом";"Профессии / Разнорабочий / Ростов Великий";"https://dodelay.ru/podrabotka/rostov/other";"Коммерческий";"НЧ"
"разнорабочий без посредников в ростове великом";"Профессии / Разнорабочий / Ростов Великий";"https://dodelay.ru/podrabotka/rostov/other";"Коммерческий";"НЧ"
"работа разнорабочий в ростове великом";"Профессии / Разнорабочий / Ростов Великий";"https://dodelay.ru/podrabotka/rostov/other";"Вакансия";"СЧ"
"подработка разнорабочий в ростове великом";"Профессии / Разнорабочий / Ростов Великий";"https://dodelay.ru/podrabotka/rostov/other";"Вакансия";"НЧ"
"требуется разнорабочий в ростове великом";"Профессии / Разнорабочий / Ростов Великий";"https://dodelay.ru/podrabotka/rostov/other";"Вакансия";"НЧ"
"вакансия разнорабочий в ростове великом";"Профессии / Разнорабочий / Ростов Великий";"https://dodelay.ru/podrabotka/rostov/other";"Вакансия";"НЧ"
"час работы в ярославле";"Профессии / Разнорабочий / Задачи";"https://dodelay.ru/podrabotka/yaroslavl/other";"Инфо";"НЧ"
"час работы цена";"Профессии / Разнорабочий / Задачи";"https://dodelay.ru/podrabotka/yaroslavl/other";"Инфо";"НЧ"
"сколько стоит час работы";"Профессии / Разнорабочий / Задачи";"https://dodelay.ru/podrabotka/yaroslavl/other";"Инфо";"НЧ"
"смена 8 часов в ярославле";"Профессии / Разнорабочий / Задачи";"https://dodelay.ru/podrabotka/yaroslavl/other";"Инфо";"НЧ"
"смена 8 часов цена";"Профессии / Разнорабочий / Задачи";"https://dodelay.ru/podrabotka/yaroslavl/other";"Инфо";"НЧ"
"сколько стоит смена 8 часов";"Профессии / Разнорабочий / Задачи";"https://dodelay.ru/podrabotka/yaroslavl/other";"Инфо";"НЧ"
"подсобные работы на стройке в ярославле";"Профессии / Разнорабочий / Задачи";"https://dodelay.ru/podrabotka/yaroslavl/other";"Инфо";"НЧ"
"подсобные работы на стройке цена";"Профессии / Разнорабочий / Задачи";"https://dodelay.ru/podrabotka/yaroslavl/other";"Инфо";"НЧ"
"сколько стоит подсобные работы на стройке";"Профессии / Разнорабочий / Задачи";"https://dodelay.ru/podrabotka/yaroslavl/other";"Инфо";"НЧ"
"уборка территории в ярославле";"Профессии / Разнорабочий / Задачи";"https://dodelay.ru/podrabotka/yaroslavl/other";"Инфо";"НЧ"
"уборка территории цена";"Профессии / Разнорабочий / Задачи";"https://dodelay.ru/podrabotka/yaroslavl/other";"Инфо";"НЧ"
"сколько стоит уборка территории";"Профессии / Разнорабочий / Задачи";"https://dodelay.ru/podrabotka/yaroslavl/other";"Инфо";"НЧ"
"подработка в кировском районе";"Районы / Кировский район";"https://dodelay.ru/podrabotka/yaroslavl/rayon/kirovsky";"Общий";"НЧ"
"шабашка в кировском районе";"Районы / Кировский район";"https://dodelay.ru/podrabotka/yaroslavl/rayon/kirovsky";"Общий";"НЧ"
"работа в кировском районе ярославль";"Районы / Кировский район";"https://dodelay.ru/podrabotka/yaroslavl/rayon/kirovsky";"Общий";"НЧ"
"мастер в кировском районе";"Районы / Кировский район";"https://dodelay.ru/podrabotka/yaroslavl/rayon/kirovsky";"Коммерческий";"НЧ"
"вызвать мастера в кировском районе";"Районы / Кировский район";"https://dodelay.ru/podrabotka/yaroslavl/rayon/kirovsky";"Коммерческий";"НЧ"
"подработка центр ярославль";"Районы / Кировский район / Микрорайоны";"https://dodelay.ru/podrabotka/yaroslavl/rayon/kirovsky";"Общий";"НЧ"
"мастер центр ярославль";"Районы / Кировский район / Микрорайоны";"https://dodelay.ru/podrabotka/yaroslavl/rayon/kirovsky";"Коммерческий";"НЧ"
"подработка центр";"Районы / Кировский район / Микрорайоны";"https://dodelay.ru/podrabotka/yaroslavl/rayon/kirovsky";"Общий";"НЧ"
"подработка волжская набережная ярославль";"Районы / Кировский район / Микрорайоны";"https://dodelay.ru/podrabotka/yaroslavl/rayon/kirovsky";"Общий";"НЧ"
"мастер волжская набережная ярославль";"Районы / Кировский район / Микрорайоны";"https://dodelay.ru/podrabotka/yaroslavl/rayon/kirovsky";"Коммерческий";"НЧ"
"подработка волжская набережная";"Районы / Кировский район / Микрорайоны";"https://dodelay.ru/podrabotka/yaroslavl/rayon/kirovsky";"Общий";"НЧ"
"подработка стрелка ярославль";"Районы / Кировский район / Микрорайоны";"https://dodelay.ru/podrabotka/yaroslavl/rayon/kirovsky";"Общий";"НЧ"
"мастер стрелка ярославль";"Районы / Кировский район / Микрорайоны";"https://dodelay.ru/podrabotka/yaroslavl/rayon/kirovsky";"Коммерческий";"НЧ"
"подработка стрелка";"Районы / Кировский район / Микрорайоны";"https://dodelay.ru/podrabotka/yaroslavl/rayon/kirovsky";"Общий";"НЧ"
"подработка богоявленская площадь ярославль";"Районы / Кировский район / Микрорайоны";"https://dodelay.ru/podrabotka/yaroslavl/rayon/kirovsky";"Общий";"НЧ"
"мастер богоявленская площадь ярославль";"Районы / Кировский район / Микрорайоны";"https://dodelay.ru/podrabotka/yaroslavl/rayon/kirovsky";"Коммерческий";"НЧ"
"подработка богоявленская площадь";"Районы / Кировский район / Микрорайоны";"https://dodelay.ru/podrabotka/yaroslavl/rayon/kirovsky";"Общий";"НЧ"
"подработка улица кирова ярославль";"Районы / Кировский район / Микрорайоны";"https://dodelay.ru/podrabotka/yaroslavl/rayon/kirovsky";"Общий";"НЧ"
"мастер улица кирова ярославль";"Районы / Кировский район / Микрорайоны";"https://dodelay.ru/podrabotka/yaroslavl/rayon/kirovsky";"Коммерческий";"НЧ"
"подработка улица кирова";"Районы / Кировский район / Микрорайоны";"https://dodelay.ru/podrabotka/yaroslavl/rayon/kirovsky";"Общий";"НЧ"
"подработка красная площадь ярославль";"Районы / Кировский район / Микрорайоны";"https://dodelay.ru/podrabotka/yaroslavl/rayon/kirovsky";"Общий";"НЧ"
"мастер красная площадь ярославль";"Районы / Кировский район / Микрорайоны";"https://dodelay.ru/podrabotka/yaroslavl/rayon/kirovsky";"Коммерческий";"НЧ"
"подработка красная площадь";"Районы / Кировский район / Микрорайоны";"https://dodelay.ru/podrabotka/yaroslavl/rayon/kirovsky";"Общий";"НЧ"
"муж на час в кировском районе";"Районы / Кировский район / Мастера";"https://dodelay.ru/podrabotka/yaroslavl/rayon/kirovsky";"Коммерческий";"НЧ"
"электрик в кировском районе";"Районы / Кировский район / Мастера";"https://dodelay.ru/podrabotka/yaroslavl/rayon/kirovsky";"Коммерческий";"НЧ"
"грузчик в кировском районе";"Районы / Кировский район / Мастера";"https://dodelay.ru/podrabotka/yaroslavl/rayon/kirovsky";"Коммерческий";"НЧ"
"уборка в кировском районе";"Районы / Кировский район / Мастера";"https://dodelay.ru/podrabotka/yaroslavl/rayon/kirovsky";"Коммерческий";"НЧ"
"сборка мебели в кировском районе";"Районы / Кировский район / Мастера";"https://dodelay.ru/podrabotka/yaroslavl/rayon/kirovsky";"Коммерческий";"НЧ"
"подработка в ленинском районе";"Районы / Ленинский район";"https://dodelay.ru/podrabotka/yaroslavl/rayon/leninsky";"Общий";"НЧ"
"шабашка в ленинском районе";"Районы / Ленинский район";"https://dodelay.ru/podrabotka/yaroslavl/rayon/leninsky";"Общий";"НЧ"
"работа в ленинском районе ярославль";"Районы / Ленинский район";"https://dodelay.ru/podrabotka/yaroslavl/rayon/leninsky";"Общий";"НЧ"
"мастер в ленинском районе";"Районы / Ленинский район";"https://dodelay.ru/podrabotka/yaroslavl/rayon/leninsky";"Коммерческий";"НЧ"
"вызвать мастера в ленинском районе";"Районы / Ленинский район";"https://dodelay.ru/podrabotka/yaroslavl/rayon/leninsky";"Коммерческий";"НЧ"
"подработка пятёрка ярославль";"Районы / Ленинский район / Микрорайоны";"https://dodelay.ru/podrabotka/yaroslavl/rayon/leninsky";"Общий";"НЧ"
"мастер пятёрка ярославль";"Районы / Ленинский район / Микрорайоны";"https://dodelay.ru/podrabotka/yaroslavl/rayon/leninsky";"Коммерческий";"НЧ"
"подработка пятёрка";"Районы / Ленинский район / Микрорайоны";"https://dodelay.ru/podrabotka/yaroslavl/rayon/leninsky";"Общий";"НЧ"
"подработка красный перевал ярославль";"Районы / Ленинский район / Микрорайоны";"https://dodelay.ru/podrabotka/yaroslavl/rayon/leninsky";"Общий";"НЧ"
"мастер красный перевал ярославль";"Районы / Ленинский район / Микрорайоны";"https://dodelay.ru/podrabotka/yaroslavl/rayon/leninsky";"Коммерческий";"НЧ"
"подработка красный перевал";"Районы / Ленинский район / Микрорайоны";"https://dodelay.ru/podrabotka/yaroslavl/rayon/leninsky";"Общий";"НЧ"
"подработка улица свободы ярославль";"Районы / Ленинский район / Микрорайоны";"https://dodelay.ru/podrabotka/yaroslavl/rayon/leninsky";"Общий";"НЧ"
"мастер улица свободы ярославль";"Районы / Ленинский район / Микрорайоны";"https://dodelay.ru/podrabotka/yaroslavl/rayon/leninsky";"Коммерческий";"НЧ"
"подработка улица свободы";"Районы / Ленинский район / Микрорайоны";"https://dodelay.ru/podrabotka/yaroslavl/rayon/leninsky";"Общий";"НЧ"
"подработка московский проспект ярославль";"Районы / Ленинский район / Микрорайоны";"https://dodelay.ru/podrabotka/yaroslavl/rayon/leninsky";"Общий";"НЧ"
"мастер московский проспект ярославль";"Районы / Ленинский район / Микрорайоны";"https://dodelay.ru/podrabotka/yaroslavl/rayon/leninsky";"Коммерческий";"НЧ"
"подработка московский проспект";"Районы / Ленинский район / Микрорайоны";"https://dodelay.ru/podrabotka/yaroslavl/rayon/leninsky";"Общий";"НЧ"
"подработка район вокзала ярославль";"Районы / Ленинский район / Микрорайоны";"https://dodelay.ru/podrabotka/yaroslavl/rayon/leninsky";"Общий";"НЧ"
"мастер район вокзала ярославль";"Районы / Ленинский район / Микрорайоны";"https://dodelay.ru/podrabotka/yaroslavl/rayon/leninsky";"Коммерческий";"НЧ"
"подработка район вокзала";"Районы / Ленинский район / Микрорайоны";"https://dodelay.ru/podrabotka/yaroslavl/rayon/leninsky";"Общий";"НЧ"
"грузчик в ленинском районе";"Районы / Ленинский район / Мастера";"https://dodelay.ru/podrabotka/yaroslavl/rayon/leninsky";"Коммерческий";"НЧ"
"уборка в ленинском районе";"Районы / Ленинский район / Мастера";"https://dodelay.ru/podrabotka/yaroslavl/rayon/leninsky";"Коммерческий";"НЧ"
"сборка мебели в ленинском районе";"Районы / Ленинский район / Мастера";"https://dodelay.ru/podrabotka/yaroslavl/rayon/leninsky";"Коммерческий";"НЧ"
"муж на час в ленинском районе";"Районы / Ленинский район / Мастера";"https://dodelay.ru/podrabotka/yaroslavl/rayon/leninsky";"Коммерческий";"НЧ"
"курьер в ленинском районе";"Районы / Ленинский район / Мастера";"https://dodelay.ru/podrabotka/yaroslavl/rayon/leninsky";"Коммерческий";"НЧ"
"подработка в дзержинском районе";"Районы / Дзержинский район";"https://dodelay.ru/podrabotka/yaroslavl/rayon/dzerzhinsky";"Общий";"НЧ"
"шабашка в дзержинском районе";"Районы / Дзержинский район";"https://dodelay.ru/podrabotka/yaroslavl/rayon/dzerzhinsky";"Общий";"НЧ"
"работа в дзержинском районе ярославль";"Районы / Дзержинский район";"https://dodelay.ru/podrabotka/yaroslavl/rayon/dzerzhinsky";"Общий";"НЧ"
"мастер в дзержинском районе";"Районы / Дзержинский район";"https://dodelay.ru/podrabotka/yaroslavl/rayon/dzerzhinsky";"Коммерческий";"НЧ"
"вызвать мастера в дзержинском районе";"Районы / Дзержинский район";"https://dodelay.ru/podrabotka/yaroslavl/rayon/dzerzhinsky";"Коммерческий";"НЧ"
"подработка брагино ярославль";"Районы / Дзержинский район / Микрорайоны";"https://dodelay.ru/podrabotka/yaroslavl/rayon/dzerzhinsky";"Общий";"НЧ"
"мастер брагино ярославль";"Районы / Дзержинский район / Микрорайоны";"https://dodelay.ru/podrabotka/yaroslavl/rayon/dzerzhinsky";"Коммерческий";"НЧ"
"подработка брагино";"Районы / Дзержинский район / Микрорайоны";"https://dodelay.ru/podrabotka/yaroslavl/rayon/dzerzhinsky";"Общий";"НЧ"
"подработка норское ярославль";"Районы / Дзержинский район / Микрорайоны";"https://dodelay.ru/podrabotka/yaroslavl/rayon/dzerzhinsky";"Общий";"НЧ"
"мастер норское ярославль";"Районы / Дзержинский район / Микрорайоны";"https://dodelay.ru/podrabotka/yaroslavl/rayon/dzerzhinsky";"Коммерческий";"НЧ"
"подработка норское";"Районы / Дзержинский район / Микрорайоны";"https://dodelay.ru/podrabotka/yaroslavl/rayon/dzerzhinsky";"Общий";"НЧ"
"подработка пятовский ярославль";"Районы / Дзержинский район / Микрорайоны";"https://dodelay.ru/podrabotka/yaroslavl/rayon/dzerzhinsky";"Общий";"НЧ"
"мастер пятовский ярославль";"Районы / Дзержинский район / Микрорайоны";"https://dodelay.ru/podrabotka/yaroslavl/rayon/dzerzhinsky";"Коммерческий";"НЧ"
"подработка пятовский";"Районы / Дзержинский район / Микрорайоны";"https://dodelay.ru/podrabotka/yaroslavl/rayon/dzerzhinsky";"Общий";"НЧ"
"подработка улица труфанова ярославль";"Районы / Дзержинский район / Микрорайоны";"https://dodelay.ru/podrabotka/yaroslavl/rayon/dzerzhinsky";"Общий";"НЧ"
"мастер улица труфанова ярославль";"Районы / Дзержинский район / Микрорайоны";"https://dodelay.ru/podrabotka/yaroslavl/rayon/dzerzhinsky";"Коммерческий";"НЧ"
"подработка улица труфанова";"Районы / Дзержинский район / Микрорайоны";"https://dodelay.ru/podrabotka/yaroslavl/rayon/dzerzhinsky";"Общий";"НЧ"
"подработка ленинградский проспект ярославль";"Районы / Дзержинский район / Микрорайоны";"https://dodelay.ru/podrabotka/yaroslavl/rayon/dzerzhinsky";"Общий";"НЧ"
"мастер ленинградский проспект ярославль";"Районы / Дзержинский район / Микрорайоны";"https://dodelay.ru/podrabotka/yaroslavl/rayon/dzerzhinsky";"Коммерческий";"НЧ"
"подработка ленинградский проспект";"Районы / Дзержинский район / Микрорайоны";"https://dodelay.ru/podrabotka/yaroslavl/rayon/dzerzhinsky";"Общий";"НЧ"
"грузчик в дзержинском районе";"Районы / Дзержинский район / Мастера";"https://dodelay.ru/podrabotka/yaroslavl/rayon/dzerzhinsky";"Коммерческий";"НЧ"
"сборка мебели в дзержинском районе";"Районы / Дзержинский район / Мастера";"https://dodelay.ru/podrabotka/yaroslavl/rayon/dzerzhinsky";"Коммерческий";"НЧ"
"уборка в дзержинском районе";"Районы / Дзержинский район / Мастера";"https://dodelay.ru/podrabotka/yaroslavl/rayon/dzerzhinsky";"Коммерческий";"НЧ"
"муж на час в дзержинском районе";"Районы / Дзержинский район / Мастера";"https://dodelay.ru/podrabotka/yaroslavl/rayon/dzerzhinsky";"Коммерческий";"НЧ"
"сантехник в дзержинском районе";"Районы / Дзержинский район / Мастера";"https://dodelay.ru/podrabotka/yaroslavl/rayon/dzerzhinsky";"Коммерческий";"НЧ"
"подработка в заволжском районе";"Районы / Заволжский район";"https://dodelay.ru/podrabotka/yaroslavl/rayon/zavolzhsky";"Общий";"НЧ"
"шабашка в заволжском районе";"Районы / Заволжский район";"https://dodelay.ru/podrabotka/yaroslavl/rayon/zavolzhsky";"Общий";"НЧ"
"работа в заволжском районе ярославль";"Районы / Заволжский район";"https://dodelay.ru/podrabotka/yaroslavl/rayon/zavolzhsky";"Общий";"НЧ"
"мастер в заволжском районе";"Районы / Заволжский район";"https://dodelay.ru/podrabotka/yaroslavl/rayon/zavolzhsky";"Коммерческий";"НЧ"
"вызвать мастера в заволжском районе";"Районы / Заволжский район";"https://dodelay.ru/podrabotka/yaroslavl/rayon/zavolzhsky";"Коммерческий";"НЧ"
"подработка тверицы ярославль";"Районы / Заволжский район / Микрорайоны";"https://dodelay.ru/podrabotka/yaroslavl/rayon/zavolzhsky";"Общий";"НЧ"
"мастер тверицы ярославль";"Районы / Заволжский район / Микрорайоны";"https://dodelay.ru/podrabotka/yaroslavl/rayon/zavolzhsky";"Коммерческий";"НЧ"
"подработка тверицы";"Районы / Заволжский район / Микрорайоны";"https://dodelay.ru/podrabotka/yaroslavl/rayon/zavolzhsky";"Общий";"НЧ"
"подработка резинотехника ярославль";"Районы / Заволжский район / Микрорайоны";"https://dodelay.ru/podrabotka/yaroslavl/rayon/zavolzhsky";"Общий";"НЧ"
"мастер резинотехника ярославль";"Районы / Заволжский район / Микрорайоны";"https://dodelay.ru/podrabotka/yaroslavl/rayon/zavolzhsky";"Коммерческий";"НЧ"
"подработка резинотехника";"Районы / Заволжский район / Микрорайоны";"https://dodelay.ru/podrabotka/yaroslavl/rayon/zavolzhsky";"Общий";"НЧ"
"подработка липовая гора ярославль";"Районы / Заволжский район / Микрорайоны";"https://dodelay.ru/podrabotka/yaroslavl/rayon/zavolzhsky";"Общий";"НЧ"
"мастер липовая гора ярославль";"Районы / Заволжский район / Микрорайоны";"https://dodelay.ru/podrabotka/yaroslavl/rayon/zavolzhsky";"Коммерческий";"НЧ"
"подработка липовая гора";"Районы / Заволжский район / Микрорайоны";"https://dodelay.ru/podrabotka/yaroslavl/rayon/zavolzhsky";"Общий";"НЧ"
"подработка куйбышева ярославль";"Районы / Заволжский район / Микрорайоны";"https://dodelay.ru/podrabotka/yaroslavl/rayon/zavolzhsky";"Общий";"НЧ"
"мастер куйбышева ярославль";"Районы / Заволжский район / Микрорайоны";"https://dodelay.ru/podrabotka/yaroslavl/rayon/zavolzhsky";"Коммерческий";"НЧ"
"подработка куйбышева";"Районы / Заволжский район / Микрорайоны";"https://dodelay.ru/podrabotka/yaroslavl/rayon/zavolzhsky";"Общий";"НЧ"
"подработка урочь ярославль";"Районы / Заволжский район / Микрорайоны";"https://dodelay.ru/podrabotka/yaroslavl/rayon/zavolzhsky";"Общий";"НЧ"
"мастер урочь ярославль";"Районы / Заволжский район / Микрорайоны";"https://dodelay.ru/podrabotka/yaroslavl/rayon/zavolzhsky";"Коммерческий";"НЧ"
"подработка урочь";"Районы / Заволжский район / Микрорайоны";"https://dodelay.ru/podrabotka/yaroslavl/rayon/zavolzhsky";"Общий";"НЧ"
"садовые работы в заволжском районе";"Районы / Заволжский район / Мастера";"https://dodelay.ru/podrabotka/yaroslavl/rayon/zavolzhsky";"Коммерческий";"НЧ"
"муж на час в заволжском районе";"Районы / Заволжский район / Мастера";"https://dodelay.ru/podrabotka/yaroslavl/rayon/zavolzhsky";"Коммерческий";"НЧ"
"разнорабочий в заволжском районе";"Районы / Заволжский район / Мастера";"https://dodelay.ru/podrabotka/yaroslavl/rayon/zavolzhsky";"Коммерческий";"НЧ"
"заборы и ограждения в заволжском районе";"Районы / Заволжский район / Мастера";"https://dodelay.ru/podrabotka/yaroslavl/rayon/zavolzhsky";"Коммерческий";"НЧ"
"сварщик в заволжском районе";"Районы / Заволжский район / Мастера";"https://dodelay.ru/podrabotka/yaroslavl/rayon/zavolzhsky";"Коммерческий";"НЧ"
"подработка в красноперекопском районе";"Районы / Красноперекопский район";"https://dodelay.ru/podrabotka/yaroslavl/rayon/krasnoperekopsky";"Общий";"НЧ"
"шабашка в красноперекопском районе";"Районы / Красноперекопский район";"https://dodelay.ru/podrabotka/yaroslavl/rayon/krasnoperekopsky";"Общий";"НЧ"
"работа в красноперекопском районе ярославль";"Районы / Красноперекопский район";"https://dodelay.ru/podrabotka/yaroslavl/rayon/krasnoperekopsky";"Общий";"НЧ"
"мастер в красноперекопском районе";"Районы / Красноперекопский район";"https://dodelay.ru/podrabotka/yaroslavl/rayon/krasnoperekopsky";"Коммерческий";"НЧ"
"вызвать мастера в красноперекопском районе";"Районы / Красноперекопский район";"https://dodelay.ru/podrabotka/yaroslavl/rayon/krasnoperekopsky";"Коммерческий";"НЧ"
"подработка красный перекоп ярославль";"Районы / Красноперекопский район / Микрорайоны";"https://dodelay.ru/podrabotka/yaroslavl/rayon/krasnoperekopsky";"Общий";"НЧ"
"мастер красный перекоп ярославль";"Районы / Красноперекопский район / Микрорайоны";"https://dodelay.ru/podrabotka/yaroslavl/rayon/krasnoperekopsky";"Коммерческий";"НЧ"
"подработка красный перекоп";"Районы / Красноперекопский район / Микрорайоны";"https://dodelay.ru/podrabotka/yaroslavl/rayon/krasnoperekopsky";"Общий";"НЧ"
"подработка суздалка ярославль";"Районы / Красноперекопский район / Микрорайоны";"https://dodelay.ru/podrabotka/yaroslavl/rayon/krasnoperekopsky";"Общий";"НЧ"
"мастер суздалка ярославль";"Районы / Красноперекопский район / Микрорайоны";"https://dodelay.ru/podrabotka/yaroslavl/rayon/krasnoperekopsky";"Коммерческий";"НЧ"
"подработка суздалка";"Районы / Красноперекопский район / Микрорайоны";"https://dodelay.ru/podrabotka/yaroslavl/rayon/krasnoperekopsky";"Общий";"НЧ"
"подработка нефтестрой ярославль";"Районы / Красноперекопский район / Микрорайоны";"https://dodelay.ru/podrabotka/yaroslavl/rayon/krasnoperekopsky";"Общий";"НЧ"
"мастер нефтестрой ярославль";"Районы / Красноперекопский район / Микрорайоны";"https://dodelay.ru/podrabotka/yaroslavl/rayon/krasnoperekopsky";"Коммерческий";"НЧ"
"подработка нефтестрой";"Районы / Красноперекопский район / Микрорайоны";"https://dodelay.ru/podrabotka/yaroslavl/rayon/krasnoperekopsky";"Общий";"НЧ"
"подработка тормозное шоссе ярославль";"Районы / Красноперекопский район / Микрорайоны";"https://dodelay.ru/podrabotka/yaroslavl/rayon/krasnoperekopsky";"Общий";"НЧ"
"мастер тормозное шоссе ярославль";"Районы / Красноперекопский район / Микрорайоны";"https://dodelay.ru/podrabotka/yaroslavl/rayon/krasnoperekopsky";"Коммерческий";"НЧ"
"подработка тормозное шоссе";"Районы / Красноперекопский район / Микрорайоны";"https://dodelay.ru/podrabotka/yaroslavl/rayon/krasnoperekopsky";"Общий";"НЧ"
"подработка дядьково ярославль";"Районы / Красноперекопский район / Микрорайоны";"https://dodelay.ru/podrabotka/yaroslavl/rayon/krasnoperekopsky";"Общий";"НЧ"
"мастер дядьково ярославль";"Районы / Красноперекопский район / Микрорайоны";"https://dodelay.ru/podrabotka/yaroslavl/rayon/krasnoperekopsky";"Коммерческий";"НЧ"
"подработка дядьково";"Районы / Красноперекопский район / Микрорайоны";"https://dodelay.ru/podrabotka/yaroslavl/rayon/krasnoperekopsky";"Общий";"НЧ"
"сантехник в красноперекопском районе";"Районы / Красноперекопский район / Мастера";"https://dodelay.ru/podrabotka/yaroslavl/rayon/krasnoperekopsky";"Коммерческий";"НЧ"
"электрик в красноперекопском районе";"Районы / Красноперекопский район / Мастера";"https://dodelay.ru/podrabotka/yaroslavl/rayon/krasnoperekopsky";"Коммерческий";"НЧ"
"муж на час в красноперекопском районе";"Районы / Красноперекопский район / Мастера";"https://dodelay.ru/podrabotka/yaroslavl/rayon/krasnoperekopsky";"Коммерческий";"НЧ"
"установка окон в красноперекопском районе";"Районы / Красноперекопский район / Мастера";"https://dodelay.ru/podrabotka/yaroslavl/rayon/krasnoperekopsky";"Коммерческий";"НЧ"
"установка дверей в красноперекопском районе";"Районы / Красноперекопский район / Мастера";"https://dodelay.ru/podrabotka/yaroslavl/rayon/krasnoperekopsky";"Коммерческий";"НЧ"
"подработка в фрунзенском районе";"Районы / Фрунзенский район";"https://dodelay.ru/podrabotka/yaroslavl/rayon/frunzensky";"Общий";"НЧ"
"шабашка в фрунзенском районе";"Районы / Фрунзенский район";"https://dodelay.ru/podrabotka/yaroslavl/rayon/frunzensky";"Общий";"НЧ"
"работа в фрунзенском районе ярославль";"Районы / Фрунзенский район";"https://dodelay.ru/podrabotka/yaroslavl/rayon/frunzensky";"Общий";"НЧ"
"мастер в фрунзенском районе";"Районы / Фрунзенский район";"https://dodelay.ru/podrabotka/yaroslavl/rayon/frunzensky";"Коммерческий";"НЧ"
"вызвать мастера в фрунзенском районе";"Районы / Фрунзенский район";"https://dodelay.ru/podrabotka/yaroslavl/rayon/frunzensky";"Коммерческий";"НЧ"
"подработка суздальское шоссе ярославль";"Районы / Фрунзенский район / Микрорайоны";"https://dodelay.ru/podrabotka/yaroslavl/rayon/frunzensky";"Общий";"НЧ"
"мастер суздальское шоссе ярославль";"Районы / Фрунзенский район / Микрорайоны";"https://dodelay.ru/podrabotka/yaroslavl/rayon/frunzensky";"Коммерческий";"НЧ"
"подработка суздальское шоссе";"Районы / Фрунзенский район / Микрорайоны";"https://dodelay.ru/podrabotka/yaroslavl/rayon/frunzensky";"Общий";"НЧ"
"подработка сокол ярославль";"Районы / Фрунзенский район / Микрорайоны";"https://dodelay.ru/podrabotka/yaroslavl/rayon/frunzensky";"Общий";"НЧ"
"мастер сокол ярославль";"Районы / Фрунзенский район / Микрорайоны";"https://dodelay.ru/podrabotka/yaroslavl/rayon/frunzensky";"Коммерческий";"НЧ"
"подработка сокол";"Районы / Фрунзенский район / Микрорайоны";"https://dodelay.ru/podrabotka/yaroslavl/rayon/frunzensky";"Общий";"НЧ"
"подработка пашуково ярославль";"Районы / Фрунзенский район / Микрорайоны";"https://dodelay.ru/podrabotka/yaroslavl/rayon/frunzensky";"Общий";"НЧ"
"мастер пашуково ярославль";"Районы / Фрунзенский район / Микрорайоны";"https://dodelay.ru/podrabotka/yaroslavl/rayon/frunzensky";"Коммерческий";"НЧ"
"подработка пашуково";"Районы / Фрунзенский район / Микрорайоны";"https://dodelay.ru/podrabotka/yaroslavl/rayon/frunzensky";"Общий";"НЧ"
"подработка 2-я портовая ярославль";"Районы / Фрунзенский район / Микрорайоны";"https://dodelay.ru/podrabotka/yaroslavl/rayon/frunzensky";"Общий";"НЧ"
"мастер 2-я портовая ярославль";"Районы / Фрунзенский район / Микрорайоны";"https://dodelay.ru/podrabotka/yaroslavl/rayon/frunzensky";"Коммерческий";"НЧ"
"подработка 2-я портовая";"Районы / Фрунзенский район / Микрорайоны";"https://dodelay.ru/podrabotka/yaroslavl/rayon/frunzensky";"Общий";"НЧ"
"сборка мебели в фрунзенском районе";"Районы / Фрунзенский район / Мастера";"https://dodelay.ru/podrabotka/yaroslavl/rayon/frunzensky";"Коммерческий";"НЧ"
"муж на час в фрунзенском районе";"Районы / Фрунзенский район / Мастера";"https://dodelay.ru/podrabotka/yaroslavl/rayon/frunzensky";"Коммерческий";"НЧ"
"уборка в фрунзенском районе";"Районы / Фрунзенский район / Мастера";"https://dodelay.ru/podrabotka/yaroslavl/rayon/frunzensky";"Коммерческий";"НЧ"
"грузчик в фрунзенском районе";"Районы / Фрунзенский район / Мастера";"https://dodelay.ru/podrabotka/yaroslavl/rayon/frunzensky";"Коммерческий";"НЧ"
"электрик в фрунзенском районе";"Районы / Фрунзенский район / Мастера";"https://dodelay.ru/podrabotka/yaroslavl/rayon/frunzensky";"Коммерческий";"НЧ"
"доделай";"Бренд";"https://dodelay.ru/";"Навигационный";"НЧ"
"доделай ру";"Бренд";"https://dodelay.ru/";"Навигационный";"НЧ"
"dodelay";"Бренд";"https://dodelay.ru/";"Навигационный";"НЧ"
"dodelay ru";"Бренд";"https://dodelay.ru/";"Навигационный";"НЧ"
"доделай ярославль";"Бренд";"https://dodelay.ru/";"Навигационный";"НЧ"
"доделай сайт";"Бренд";"https://dodelay.ru/";"Навигационный";"НЧ"
"доделай подработка";"Бренд";"https://dodelay.ru/";"Навигационный";"НЧ"
"сайт доделай ру";"Бренд";"https://dodelay.ru/";"Навигационный";"НЧ"
"сервис подработки ярославская область";"Общие / Регион";"https://dodelay.ru/";"Общий";"СЧ"
"подработка ярославская область";"Общие / Регион";"https://dodelay.ru/";"Общий";"СЧ"
"шабашка ярославская область";"Общие / Регион";"https://dodelay.ru/";"Общий";"СЧ"
"найти работу на день ярославль";"Общие / Регион";"https://dodelay.ru/";"Общий";"СЧ"
"сайт для поиска подработки";"Общие / Регион";"https://dodelay.ru/";"Общий";"СЧ"
"приложение для подработки";"Общие / Регион";"https://dodelay.ru/";"Общий";"СЧ"
"подработка без оформления";"Общие / Регион";"https://dodelay.ru/";"Общий";"СЧ"
"подработка за наличные";"Общие / Регион";"https://dodelay.ru/";"Общий";"СЧ"