Группа;Запрос
"Города / Ярославль";"подработка в ярославле"
"Города / Ярославль";"подработка ярославль"
"Города / Ярославль";"шабашка в ярославле"
"Города / Ярославль";"шабашка ярославль"
"Города / Ярославль";"разовая работа в ярославле"
"Города / Ярославль";"разовая работа ярославль"
"Города / Ярославль";"халтура в ярославле"
"Города / Ярославль";"халтура ярославль"
"Города / Ярославль";"работа на день в ярославле"
"Города / Ярославль";"работа на день ярославль"
"Города / Ярославль";"подработка с ежедневной оплатой в ярославле"
"Города / Ярославль";"подработка с ежедневной оплатой ярославль"
"Города / Ярославль";"вакансии подработка в ярославле"
"Города / Ярославль";"вакансии подработка ярославль"
"Города / Ярославль";"найти подработку в ярославле"
"Города / Ярославль";"найти подработку ярославль"
"Города / Ярославль";"подработка для мужчин в ярославле"
"Города / Ярославль";"подработка для мужчин ярославль"
"Города / Ярославль";"подработка для женщин в ярославле"
"Города / Ярославль";"подработка для женщин ярославль"
"Города / Ярославль";"подработка для студентов в ярославле"
"Города / Ярославль";"подработка для студентов ярославль"
"Города / Ярославль";"подработка вечером в ярославле"
"Города / Ярославль";"подработка вечером ярославль"
"Города / Ярославль";"подработка на выходные в ярославле"
"Города / Ярославль";"подработка на выходные ярославль"
"Города / Ярославль";"работа без опыта в ярославле"
"Города / Ярославль";"работа без опыта ярославль"
"Города / Ярославль";"подработка на час в ярославле"
"Города / Ярославль";"подработка на час ярославль"
"Города / Ярославль";"доска объявлений работа в ярославле"
"Города / Ярославль";"объявления подработка в ярославле"
"Города / Ярославль";"биржа услуг в ярославле"
"Города / Ярославль";"найти мастера в ярославле"
"Города / Ярославль";"частные мастера в ярославле"
"Города / Ярославль";"услуги частных мастеров в ярославле"
"Города / Рыбинск";"подработка в рыбинске"
"Города / Рыбинск";"подработка рыбинск"
"Города / Рыбинск";"шабашка в рыбинске"
"Города / Рыбинск";"шабашка рыбинск"
"Города / Рыбинск";"разовая работа в рыбинске"
"Города / Рыбинск";"разовая работа рыбинск"
"Города / Рыбинск";"халтура в рыбинске"
"Города / Рыбинск";"халтура рыбинск"
"Города / Рыбинск";"работа на день в рыбинске"
"Города / Рыбинск";"работа на день рыбинск"
"Города / Рыбинск";"подработка с ежедневной оплатой в рыбинске"
"Города / Рыбинск";"подработка с ежедневной оплатой рыбинск"
"Города / Рыбинск";"вакансии подработка в рыбинске"
"Города / Рыбинск";"вакансии подработка рыбинск"
"Города / Рыбинск";"найти подработку в рыбинске"
"Города / Рыбинск";"найти подработку рыбинск"
"Города / Рыбинск";"подработка для мужчин в рыбинске"
"Города / Рыбинск";"подработка для мужчин рыбинск"
"Города / Рыбинск";"подработка для женщин в рыбинске"
"Города / Рыбинск";"подработка для женщин рыбинск"
"Города / Рыбинск";"подработка для студентов в рыбинске"
"Города / Рыбинск";"подработка для студентов рыбинск"
"Города / Рыбинск";"подработка вечером в рыбинске"
"Города / Рыбинск";"подработка вечером рыбинск"
"Города / Рыбинск";"подработка на выходные в рыбинске"
"Города / Рыбинск";"подработка на выходные рыбинск"
"Города / Рыбинск";"работа без опыта в рыбинске"
"Города / Рыбинск";"работа без опыта рыбинск"
"Города / Рыбинск";"подработка на час в рыбинске"
"Города / Рыбинск";"подработка на час рыбинск"
"Города / Рыбинск";"доска объявлений работа в рыбинске"
"Города / Рыбинск";"объявления подработка в рыбинске"
"Города / Рыбинск";"биржа услуг в рыбинске"
"Города / Рыбинск";"найти мастера в рыбинске"
"Города / Рыбинск";"частные мастера в рыбинске"
"Города / Рыбинск";"услуги частных мастеров в рыбинске"
"Города / Тутаев";"подработка в тутаеве"
"Города / Тутаев";"подработка тутаев"
"Города / Тутаев";"шабашка в тутаеве"
"Города / Тутаев";"шабашка тутаев"
"Города / Тутаев";"разовая работа в тутаеве"
"Города / Тутаев";"разовая работа тутаев"
"Города / Тутаев";"халтура в тутаеве"
"Города / Тутаев";"халтура тутаев"
"Города / Тутаев";"работа на день в тутаеве"
"Города / Тутаев";"работа на день тутаев"
"Города / Тутаев";"подработка с ежедневной оплатой в тутаеве"
"Города / Тутаев";"подработка с ежедневной оплатой тутаев"
"Города / Тутаев";"вакансии подработка в тутаеве"
"Города / Тутаев";"вакансии подработка тутаев"
"Города / Тутаев";"найти подработку в тутаеве"
"Города / Тутаев";"найти подработку тутаев"
"Города / Тутаев";"подработка для мужчин в тутаеве"
"Города / Тутаев";"подработка для мужчин тутаев"
"Города / Тутаев";"подработка для женщин в тутаеве"
"Города / Тутаев";"подработка для женщин тутаев"
"Города / Тутаев";"подработка для студентов в тутаеве"
"Города / Тутаев";"подработка для студентов тутаев"
"Города / Тутаев";"подработка вечером в тутаеве"
"Города / Тутаев";"подработка вечером тутаев"
"Города / Тутаев";"подработка на выходные в тутаеве"
"Города / Тутаев";"подработка на выходные тутаев"
"Города / Тутаев";"работа без опыта в тутаеве"
"Города / Тутаев";"работа без опыта тутаев"
"Города / Тутаев";"подработка на час в тутаеве"
"Города / Тутаев";"подработка на час тутаев"
"Города / Тутаев";"доска объявлений работа в тутаеве"
"Города / Тутаев";"объявления подработка в тутаеве"
"Города / Тутаев";"биржа услуг в тутаеве"
"Города / Тутаев";"найти мастера в тутаеве"
"Города / Тутаев";"частные мастера в тутаеве"
"Города / Тутаев";"услуги частных мастеров в тутаеве"
"Города / Переславль-Залесский";"подработка в переславле-залесском"
"Города / Переславль-Залесский";"подработка переславль-залесский"
"Города / Переславль-Залесский";"шабашка в переславле-залесском"
"Города / Переславль-Залесский";"шабашка переславль-залесский"
"Города / Переславль-Залесский";"разовая работа в переславле-залесском"
"Города / Переславль-Залесский";"разовая работа переславль-залесский"
"Города / Переславль-Залесский";"халтура в переславле-залесском"
"Города / Переславль-Залесский";"халтура переславль-залесский"
"Города / Переславль-Залесский";"работа на день в переславле-залесском"
"Города / Переславль-Залесский";"работа на день переславль-залесский"
"Города / Переславль-Залесский";"подработка с ежедневной оплатой в переславле-залесском"
"Города / Переславль-Залесский";"подработка с ежедневной оплатой переславль-залесский"
"Города / Переславль-Залесский";"вакансии подработка в переславле-залесском"
"Города / Переславль-Залесский";"вакансии подработка переславль-залесский"
"Города / Переславль-Залесский";"найти подработку в переславле-залесском"
"Города / Переславль-Залесский";"найти подработку переславль-залесский"
"Города / Переславль-Залесский";"подработка для мужчин в переславле-залесском"
"Города / Переславль-Залесский";"подработка для мужчин переславль-залесский"
"Города / Переславль-Залесский";"подработка для женщин в переславле-залесском"
"Города / Переславль-Залесский";"подработка для женщин переславль-залесский"
"Города / Переславль-Залесский";"подработка для студентов в переславле-залесском"
"Города / Переславль-Залесский";"подработка для студентов переславль-залесский"
"Города / Переславль-Залесский";"подработка вечером в переславле-залесском"
"Города / Переславль-Залесский";"подработка вечером переславль-залесский"
"Города / Переславль-Залесский";"подработка на выходные в переславле-залесском"
"Города / Переславль-Залесский";"подработка на выходные переславль-залесский"
"Города / Переславль-Залесский";"работа без опыта в переславле-залесском"
"Города / Переславль-Залесский";"работа без опыта переславль-залесский"
"Города / Переславль-Залесский";"подработка на час в переславле-залесском"
"Города / Переславль-Залесский";"подработка на час переславль-залесский"
"Города / Переславль-Залесский";"доска объявлений работа в переславле-залесском"
"Города / Переславль-Залесский";"объявления подработка в переславле-залесском"
"Города / Переславль-Залесский";"биржа услуг в переславле-залесском"
"Города / Переславль-Залесский";"найти мастера в переславле-залесском"
"Города / Переславль-Залесский";"частные мастера в переславле-залесском"
"Города / Переславль-Залесский";"услуги частных мастеров в переславле-залесском"
"Города / Углич";"подработка в угличе"
"Города / Углич";"подработка углич"
"Города / Углич";"шабашка в угличе"
"Города / Углич";"шабашка углич"
"Города / Углич";"разовая работа в угличе"
"Города / Углич";"разовая работа углич"
"Города / Углич";"халтура в угличе"
"Города / Углич";"халтура углич"
"Города / Углич";"работа на день в угличе"
"Города / Углич";"работа на день углич"
"Города / Углич";"подработка с ежедневной оплатой в угличе"
"Города / Углич";"подработка с ежедневной оплатой углич"
"Города / Углич";"вакансии подработка в угличе"
"Города / Углич";"вакансии подработка углич"
"Города / Углич";"найти подработку в угличе"
"Города / Углич";"найти подработку углич"
"Города / Углич";"подработка для мужчин в угличе"
"Города / Углич";"подработка для мужчин углич"
"Города / Углич";"подработка для женщин в угличе"
"Города / Углич";"подработка для женщин углич"
"Города / Углич";"подработка для студентов в угличе"
"Города / Углич";"подработка для студентов углич"
"Города / Углич";"подработка вечером в угличе"
"Города / Углич";"подработка вечером углич"
"Города / Углич";"подработка на выходные в угличе"
"Города / Углич";"подработка на выходные углич"
"Города / Углич";"работа без опыта в угличе"
"Города / Углич";"работа без опыта углич"
"Города / Углич";"подработка на час в угличе"
"Города / Углич";"подработка на час углич"
"Города / Углич";"доска объявлений работа в угличе"
"Города / Углич";"объявления подработка в угличе"
"Города / Углич";"биржа услуг в угличе"
"Города / Углич";"найти мастера в угличе"
"Города / Углич";"частные мастера в угличе"
"Города / Углич";"услуги частных мастеров в угличе"
"Города / Ростов Великий";"подработка в ростове великом"
"Города / Ростов Великий";"подработка ростов великий"
"Города / Ростов Великий";"шабашка в ростове великом"
"Города / Ростов Великий";"шабашка ростов великий"
"Города / Ростов Великий";"разовая работа в ростове великом"
"Города / Ростов Великий";"разовая работа ростов великий"
"Города / Ростов Великий";"халтура в ростове великом"
"Города / Ростов Великий";"халтура ростов великий"
"Города / Ростов Великий";"работа на день в ростове великом"
"Города / Ростов Великий";"работа на день ростов великий"
"Города / Ростов Великий";"подработка с ежедневной оплатой в ростове великом"
"Города / Ростов Великий";"подработка с ежедневной оплатой ростов великий"
"Города / Ростов Великий";"вакансии подработка в ростове великом"
"Города / Ростов Великий";"вакансии подработка ростов великий"
"Города / Ростов Великий";"найти подработку в ростове великом"
"Города / Ростов Великий";"найти подработку ростов великий"
"Города / Ростов Великий";"подработка для мужчин в ростове великом"
"Города / Ростов Великий";"подработка для мужчин ростов великий"
"Города / Ростов Великий";"подработка для женщин в ростове великом"
"Города / Ростов Великий";"подработка для женщин ростов великий"
"Города / Ростов Великий";"подработка для студентов в ростове великом"
"Города / Ростов Великий";"подработка для студентов ростов великий"
"Города / Ростов Великий";"подработка вечером в ростове великом"
"Города / Ростов Великий";"подработка вечером ростов великий"
"Города / Ростов Великий";"подработка на выходные в ростове великом"
"Города / Ростов Великий";"подработка на выходные ростов великий"
"Города / Ростов Великий";"работа без опыта в ростове великом"
"Города / Ростов Великий";"работа без опыта ростов великий"
"Города / Ростов Великий";"подработка на час в ростове великом"
"Города / Ростов Великий";"подработка на час ростов великий"
"Города / Ростов Великий";"доска объявлений работа в ростове великом"
"Города / Ростов Великий";"объявления подработка в ростове великом"
"Города / Ростов Великий";"биржа услуг в ростове великом"
"Города / Ростов Великий";"найти мастера в ростове великом"
"Города / Ростов Великий";"частные мастера в ростове великом"
"Города / Ростов Великий";"услуги частных мастеров в ростове великом"
"Профессии / Муж на час / Ярославль";"муж на час в ярославле"
"Профессии / Муж на час / Ярославль";"муж на час ярославль"
"Профессии / Муж на час / Ярославль";"мастер на час в ярославле"
"Профессии / Муж на час / Ярославль";"мастер на час ярославль"
"Профессии / Муж на час / Ярославль";"домашний мастер в ярославле"
"Профессии / Муж на час / Ярославль";"домашний мастер ярославль"
"Профессии / Муж на час / Ярославль";"мелкий ремонт в ярославле"
"Профессии / Муж на час / Ярославль";"мелкий ремонт ярославль"
"Профессии / Муж на час / Ярославль";"мастер на все руки в ярославле"
"Профессии / Муж на час / Ярославль";"мастер на все руки ярославль"
"Профессии / Муж на час / Ярославль";"муж на час в ярославле недорого"
"Профессии / Муж на час / Ярославль";"муж на час в ярославле цены"
"Профессии / Муж на час / Ярославль";"муж на час в ярославле на дом"
"Профессии / Муж на час / Ярославль";"вызвать мужа на час в ярославле"
"Профессии / Муж на час / Ярославль";"нанять мужа на час в ярославле"
"Профессии / Муж на час / Ярославль";"найти мужа на час в ярославле"
"Профессии / Муж на час / Ярославль";"услуги мужа на час в ярославле"
"Профессии / Муж на час / Ярославль";"муж на час частник в ярославле"
"Профессии / Муж на час / Ярославль";"муж на час без посредников в ярославле"
"Профессии / Муж на час / Ярославль";"работа муж на час в ярославле"
"Профессии / Муж на час / Ярославль";"подработка муж на час в ярославле"
"Профессии / Муж на час / Ярославль";"требуется муж на час в ярославле"
"Профессии / Муж на час / Ярославль";"вакансия муж на час в ярославле"
"Профессии / Муж на час / Рыбинск";"муж на час в рыбинске"
"Профессии / Муж на час / Рыбинск";"муж на час рыбинск"
"Профессии / Муж на час / Рыбинск";"мастер на час в рыбинске"
"Профессии / Муж на час / Рыбинск";"мастер на час рыбинск"
"Профессии / Муж на час / Рыбинск";"домашний мастер в рыбинске"
"Профессии / Муж на час / Рыбинск";"домашний мастер рыбинск"
"Профессии / Муж на час / Рыбинск";"мелкий ремонт в рыбинске"
"Профессии / Муж на час / Рыбинск";"мелкий ремонт рыбинск"
"Профессии / Муж на час / Рыбинск";"мастер на все руки в рыбинске"
"Профессии / Муж на час / Рыбинск";"мастер на все руки рыбинск"
"Профессии / Муж на час / Рыбинск";"муж на час в рыбинске недорого"
"Профессии / Муж на час / Рыбинск";"муж на час в рыбинске цены"
"Профессии / Муж на час / Рыбинск";"муж на час в рыбинске на дом"
"Профессии / Муж на час / Рыбинск";"вызвать мужа на час в рыбинске"
"Профессии / Муж на час / Рыбинск";"нанять мужа на час в рыбинске"
"Профессии / Муж на час / Рыбинск";"найти мужа на час в рыбинске"
"Профессии / Муж на час / Рыбинск";"услуги мужа на час в рыбинске"
"Профессии / Муж на час / Рыбинск";"муж на час частник в рыбинске"
"Профессии / Муж на час / Рыбинск";"муж на час без посредников в рыбинске"
"Профессии / Муж на час / Рыбинск";"работа муж на час в рыбинске"
"Профессии / Муж на час / Рыбинск";"подработка муж на час в рыбинске"
"Профессии / Муж на час / Рыбинск";"требуется муж на час в рыбинске"
"Профессии / Муж на час / Рыбинск";"вакансия муж на час в рыбинске"
"Профессии / Муж на час / Тутаев";"муж на час в тутаеве"
"Профессии / Муж на час / Тутаев";"муж на час тутаев"
"Профессии / Муж на час / Тутаев";"мастер на час в тутаеве"
"Профессии / Муж на час / Тутаев";"мастер на час тутаев"
"Профессии / Муж на час / Тутаев";"домашний мастер в тутаеве"
"Профессии / Муж на час / Тутаев";"домашний мастер тутаев"
"Профессии / Муж на час / Тутаев";"мелкий ремонт в тутаеве"
"Профессии / Муж на час / Тутаев";"мелкий ремонт тутаев"
"Профессии / Муж на час / Тутаев";"мастер на все руки в тутаеве"
"Профессии / Муж на час / Тутаев";"мастер на все руки тутаев"
"Профессии / Муж на час / Тутаев";"муж на час в тутаеве недорого"
"Профессии / Муж на час / Тутаев";"муж на час в тутаеве цены"
"Профессии / Муж на час / Тутаев";"муж на час в тутаеве на дом"
"Профессии / Муж на час / Тутаев";"вызвать мужа на час в тутаеве"
"Профессии / Муж на час / Тутаев";"нанять мужа на час в тутаеве"
"Профессии / Муж на час / Тутаев";"найти мужа на час в тутаеве"
"Профессии / Муж на час / Тутаев";"услуги мужа на час в тутаеве"
"Профессии / Муж на час / Тутаев";"муж на час частник в тутаеве"
"Профессии / Муж на час / Тутаев";"муж на час без посредников в тутаеве"
"Профессии / Муж на час / Тутаев";"работа муж на час в тутаеве"
"Профессии / Муж на час / Тутаев";"подработка муж на час в тутаеве"
"Профессии / Муж на час / Тутаев";"требуется муж на час в тутаеве"
"Профессии / Муж на час / Тутаев";"вакансия муж на час в тутаеве"
"Профессии / Муж на час / Переславль-Залесский";"муж на час в переславле-залесском"
"Профессии / Муж на час / Переславль-Залесский";"муж на час переславль-залесский"
"Профессии / Муж на час / Переславль-Залесский";"мастер на час в переславле-залесском"
"Профессии / Муж на час / Переславль-Залесский";"мастер на час переславль-залесский"
"Профессии / Муж на час / Переславль-Залесский";"домашний мастер в переславле-залесском"
"Профессии / Муж на час / Переславль-Залесский";"домашний мастер переславль-залесский"
"Профессии / Муж на час / Переславль-Залесский";"мелкий ремонт в переславле-залесском"
"Профессии / Муж на час / Переславль-Залесский";"мелкий ремонт переславль-залесский"
"Профессии / Муж на час / Переславль-Залесский";"мастер на все руки в переславле-залесском"
"Профессии / Муж на час / Переславль-Залесский";"мастер на все руки переславль-залесский"
"Профессии / Муж на час / Переславль-Залесский";"муж на час в переславле-залесском недорого"
"Профессии / Муж на час / Переславль-Залесский";"муж на час в переславле-залесском цены"
"Профессии / Муж на час / Переславль-Залесский";"муж на час в переславле-залесском на дом"
"Профессии / Муж на час / Переславль-Залесский";"вызвать мужа на час в переславле-залесском"
"Профессии / Муж на час / Переславль-Залесский";"нанять мужа на час в переславле-залесском"
"Профессии / Муж на час / Переславль-Залесский";"найти мужа на час в переславле-залесском"
"Профессии / Муж на час / Переславль-Залесский";"услуги мужа на час в переславле-залесском"
"Профессии / Муж на час / Переславль-Залесский";"муж на час частник в переславле-залесском"
"Профессии / Муж на час / Переславль-Залесский";"муж на час без посредников в переславле-залесском"
"Профессии / Муж на час / Переславль-Залесский";"работа муж на час в переславле-залесском"
"Профессии / Муж на час / Переславль-Залесский";"подработка муж на час в переславле-залесском"
"Профессии / Муж на час / Переславль-Залесский";"требуется муж на час в переславле-залесском"
"Профессии / Муж на час / Переславль-Залесский";"вакансия муж на час в переславле-залесском"
"Профессии / Муж на час / Углич";"муж на час в угличе"
"Профессии / Муж на час / Углич";"муж на час углич"
"Профессии / Муж на час / Углич";"мастер на час в угличе"
"Профессии / Муж на час / Углич";"мастер на час углич"
"Профессии / Муж на час / Углич";"домашний мастер в угличе"
"Профессии / Муж на час / Углич";"домашний мастер углич"
"Профессии / Муж на час / Углич";"мелкий ремонт в угличе"
"Профессии / Муж на час / Углич";"мелкий ремонт углич"
"Профессии / Муж на час / Углич";"мастер на все руки в угличе"
"Профессии / Муж на час / Углич";"мастер на все руки углич"
"Профессии / Муж на час / Углич";"муж на час в угличе недорого"
"Профессии / Муж на час / Углич";"муж на час в угличе цены"
"Профессии / Муж на час / Углич";"муж на час в угличе на дом"
"Профессии / Муж на час / Углич";"вызвать мужа на час в угличе"
"Профессии / Муж на час / Углич";"нанять мужа на час в угличе"
"Профессии / Муж на час / Углич";"найти мужа на час в угличе"
"Профессии / Муж на час / Углич";"услуги мужа на час в угличе"
"Профессии / Муж на час / Углич";"муж на час частник в угличе"
"Профессии / Муж на час / Углич";"муж на час без посредников в угличе"
"Профессии / Муж на час / Углич";"работа муж на час в угличе"
"Профессии / Муж на час / Углич";"подработка муж на час в угличе"
"Профессии / Муж на час / Углич";"требуется муж на час в угличе"
"Профессии / Муж на час / Углич";"вакансия муж на час в угличе"
"Профессии / Муж на час / Ростов Великий";"муж на час в ростове великом"
"Профессии / Муж на час / Ростов Великий";"муж на час ростов великий"
"Профессии / Муж на час / Ростов Великий";"мастер на час в ростове великом"
"Профессии / Муж на час / Ростов Великий";"мастер на час ростов великий"
"Профессии / Муж на час / Ростов Великий";"домашний мастер в ростове великом"
"Профессии / Муж на час / Ростов Великий";"домашний мастер ростов великий"
"Профессии / Муж на час / Ростов Великий";"мелкий ремонт в ростове великом"
"Профессии / Муж на час / Ростов Великий";"мелкий ремонт ростов великий"
"Профессии / Муж на час / Ростов Великий";"мастер на все руки в ростове великом"
"Профессии / Муж на час / Ростов Великий";"мастер на все руки ростов великий"
"Профессии / Муж на час / Ростов Великий";"муж на час в ростове великом недорого"
"Профессии / Муж на час / Ростов Великий";"муж на час в ростове великом цены"
"Профессии / Муж на час / Ростов Великий";"муж на час в ростове великом на дом"
"Профессии / Муж на час / Ростов Великий";"вызвать мужа на час в ростове великом"
"Профессии / Муж на час / Ростов Великий";"нанять мужа на час в ростове великом"
"Профессии / Муж на час / Ростов Великий";"найти мужа на час в ростове великом"
"Профессии / Муж на час / Ростов Великий";"услуги мужа на час в ростове великом"
"Профессии / Муж на час / Ростов Великий";"муж на час частник в ростове великом"
"Профессии / Муж на час / Ростов Великий";"муж на час без посредников в ростове великом"
"Профессии / Муж на час / Ростов Великий";"работа муж на час в ростове великом"
"Профессии / Муж на час / Ростов Великий";"подработка муж на час в ростове великом"
"Профессии / Муж на час / Ростов Великий";"требуется муж на час в ростове великом"
"Профессии / Муж на час / Ростов Великий";"вакансия муж на час в ростове великом"
"Профессии / Муж на час / Задачи";"повесить полку или картину в ярославле"
"Профессии / Муж на час / Задачи";"повесить полку или картину цена"
"Профессии / Муж на час / Задачи";"сколько стоит повесить полку или картину"
"Профессии / Муж на час / Задачи";"установить карниз для штор в ярославле"
"Профессии / Муж на час / Задачи";"установить карниз для штор цена"
"Профессии / Муж на час / Задачи";"сколько стоит установить карниз для штор"
"Профессии / Муж на час / Задачи";"замена дверного замка в ярославле"
"Профессии / Муж на час / Задачи";"замена дверного замка цена"
"Профессии / Муж на час / Задачи";"сколько стоит замена дверного замка"
"Профессии / Муж на час / Задачи";"мелкий ремонт списком"
"Профессии / Муж на час / Задачи";"сколько стоит мелкий ремонт списком"
"Профессии / Электрик / Ярославль";"электрик в ярославле"
"Профессии / Электрик / Ярославль";"электрик ярославль"
"Профессии / Электрик / Ярославль";"электромонтаж в ярославле"
"Профессии / Электрик / Ярославль";"электромонтаж ярославль"
"Профессии / Электрик / Ярославль";"электрик на дом в ярославле"
"Профессии / Электрик / Ярославль";"электрик на дом ярославль"
"Профессии / Электрик / Ярославль";"электромонтажные работы в ярославле"
"Профессии / Электрик / Ярославль";"электромонтажные работы ярославль"
"Профессии / Электрик / Ярославль";"вызвать электрика в ярославле"
"Профессии / Электрик / Ярославль";"вызвать электрика ярославль"
"Профессии / Электрик / Ярославль";"электрик в ярославле недорого"
"Профессии / Электрик / Ярославль";"электрик в ярославле цены"
"Профессии / Электрик / Ярославль";"электрик в ярославле на дом"
"Профессии / Электрик / Ярославль";"нанять электрика в ярославле"
"Профессии / Электрик / Ярославль";"найти электрика в ярославле"
"Профессии / Электрик / Ярославль";"услуги электрика в ярославле"
"Профессии / Электрик / Ярославль";"электрик частник в ярославле"
"Профессии / Электрик / Ярославль";"электрик без посредников в ярославле"
"Профессии / Электрик / Ярославль";"работа электрик в ярославле"
"Профессии / Электрик / Ярославль";"подработка электрик в ярославле"
"Профессии / Электрик / Ярославль";"требуется электрик в ярославле"
"Профессии / Электрик / Ярославль";"вакансия электрик в ярославле"
"Профессии / Электрик / Рыбинск";"электрик в рыбинске"
"Профессии / Электрик / Рыбинск";"электрик рыбинск"
"Профессии / Электрик / Рыбинск";"электромонтаж в рыбинске"
"Профессии / Электрик / Рыбинск";"электромонтаж рыбинск"
"Профессии / Электрик / Рыбинск";"электрик на дом в рыбинске"
"Профессии / Электрик / Рыбинск";"электрик на дом рыбинск"
"Профессии / Электрик / Рыбинск";"электромонтажные работы в рыбинске"
"Профессии / Электрик / Рыбинск";"электромонтажные работы рыбинск"
"Профессии / Электрик / Рыбинск";"вызвать электрика в рыбинске"
"Профессии / Электрик / Рыбинск";"вызвать электрика рыбинск"
"Профессии / Электрик / Рыбинск";"электрик в рыбинске недорого"
"Профессии / Электрик / Рыбинск";"электрик в рыбинске цены"
"Профессии / Электрик / Рыбинск";"электрик в рыбинске на дом"
"Профессии / Электрик / Рыбинск";"нанять электрика в рыбинске"
"Профессии / Электрик / Рыбинск";"найти электрика в рыбинске"
"Профессии / Электрик / Рыбинск";"услуги электрика в рыбинске"
"Профессии / Электрик / Рыбинск";"электрик частник в рыбинске"
"Профессии / Электрик / Рыбинск";"электрик без посредников в рыбинске"
"Профессии / Электрик / Рыбинск";"работа электрик в рыбинске"
"Профессии / Электрик / Рыбинск";"подработка электрик в рыбинске"
"Профессии / Электрик / Рыбинск";"требуется электрик в рыбинске"
"Профессии / Электрик / Рыбинск";"вакансия электрик в рыбинске"
"Профессии / Электрик / Тутаев";"электрик в тутаеве"
"Профессии / Электрик / Тутаев";"электрик тутаев"
"Профессии / Электрик / Тутаев";"электромонтаж в тутаеве"
"Профессии / Электрик / Тутаев";"электромонтаж тутаев"
"Профессии / Электрик / Тутаев";"электрик на дом в тутаеве"
"Профессии / Электрик / Тутаев";"электрик на дом тутаев"
"Профессии / Электрик / Тутаев";"электромонтажные работы в тутаеве"
"Профессии / Электрик / Тутаев";"электромонтажные работы тутаев"
"Профессии / Электрик / Тутаев";"вызвать электрика в тутаеве"
"Профессии / Электрик / Тутаев";"вызвать электрика тутаев"
"Профессии / Электрик / Тутаев";"электрик в тутаеве недорого"
"Профессии / Электрик / Тутаев";"электрик в тутаеве цены"
"Профессии / Электрик / Тутаев";"электрик в тутаеве на дом"
"Профессии / Электрик / Тутаев";"нанять электрика в тутаеве"
"Профессии / Электрик / Тутаев";"найти электрика в тутаеве"
"Профессии / Электрик / Тутаев";"услуги электрика в тутаеве"
"Профессии / Электрик / Тутаев";"электрик частник в тутаеве"
"Профессии / Электрик / Тутаев";"электрик без посредников в тутаеве"
"Профессии / Электрик / Тутаев";"работа электрик в тутаеве"
"Профессии / Электрик / Тутаев";"подработка электрик в тутаеве"
"Профессии / Электрик / Тутаев";"требуется электрик в тутаеве"
"Профессии / Электрик / Тутаев";"вакансия электрик в тутаеве"
"Профессии / Электрик / Переславль-Залесский";"электрик в переславле-залесском"
"Профессии / Электрик / Переславль-Залесский";"электрик переславль-залесский"
"Профессии / Электрик / Переславль-Залесский";"электромонтаж в переславле-залесском"
"Профессии / Электрик / Переславль-Залесский";"электромонтаж переславль-залесский"
"Профессии / Электрик / Переславль-Залесский";"электрик на дом в переславле-залесском"
"Профессии / Электрик / Переславль-Залесский";"электрик на дом переславль-залесский"
"Профессии / Электрик / Переславль-Залесский";"электромонтажные работы в переславле-залесском"
"Профессии / Электрик / Переславль-Залесский";"электромонтажные работы переславль-залесский"
"Профессии / Электрик / Переславль-Залесский";"вызвать электрика в переславле-залесском"
"Профессии / Электрик / Переславль-Залесский";"вызвать электрика переславль-залесский"
"Профессии / Электрик / Переславль-Залесский";"электрик в переславле-залесском недорого"
"Профессии / Электрик / Переславль-Залесский";"электрик в переславле-залесском цены"
"Профессии / Электрик / Переславль-Залесский";"электрик в переславле-залесском на дом"
"Профессии / Электрик / Переславль-Залесский";"нанять электрика в переславле-залесском"
"Профессии / Электрик / Переславль-Залесский";"найти электрика в переславле-залесском"
"Профессии / Электрик / Переславль-Залесский";"услуги электрика в переславле-залесском"
"Профессии / Электрик / Переславль-Залесский";"электрик частник в переславле-залесском"
"Профессии / Электрик / Переславль-Залесский";"электрик без посредников в переславле-залесском"
"Профессии / Электрик / Переславль-Залесский";"работа электрик в переславле-залесском"
"Профессии / Электрик / Переславль-Залесский";"подработка электрик в переславле-залесском"
"Профессии / Электрик / Переславль-Залесский";"требуется электрик в переславле-залесском"
"Профессии / Электрик / Переславль-Залесский";"вакансия электрик в переславле-залесском"
"Профессии / Электрик / Углич";"электрик в угличе"
"Профессии / Электрик / Углич";"электрик углич"
"Профессии / Электрик / Углич";"электромонтаж в угличе"
"Профессии / Электрик / Углич";"электромонтаж углич"
"Профессии / Электрик / Углич";"электрик на дом в угличе"
"Профессии / Электрик / Углич";"электрик на дом углич"
"Профессии / Электрик / Углич";"электромонтажные работы в угличе"
"Профессии / Электрик / Углич";"электромонтажные работы углич"
"Профессии / Электрик / Углич";"вызвать электрика в угличе"
"Профессии / Электрик / Углич";"вызвать электрика углич"
"Профессии / Электрик / Углич";"электрик в угличе недорого"
"Профессии / Электрик / Углич";"электрик в угличе цены"
"Профессии / Электрик / Углич";"электрик в угличе на дом"
"Профессии / Электрик / Углич";"нанять электрика в угличе"
"Профессии / Электрик / Углич";"найти электрика в угличе"
"Профессии / Электрик / Углич";"услуги электрика в угличе"
"Профессии / Электрик / Углич";"электрик частник в угличе"
"Профессии / Электрик / Углич";"электрик без посредников в угличе"
"Профессии / Электрик / Углич";"работа электрик в угличе"
"Профессии / Электрик / Углич";"подработка электрик в угличе"
"Профессии / Электрик / Углич";"требуется электрик в угличе"
"Профессии / Электрик / Углич";"вакансия электрик в угличе"
"Профессии / Электрик / Ростов Великий";"электрик в ростове великом"
"Профессии / Электрик / Ростов Великий";"электрик ростов великий"
"Профессии / Электрик / Ростов Великий";"электромонтаж в ростове великом"
"Профессии / Электрик / Ростов Великий";"электромонтаж ростов великий"
"Профессии / Электрик / Ростов Великий";"электрик на дом в ростове великом"
"Профессии / Электрик / Ростов Великий";"электрик на дом ростов великий"
"Профессии / Электрик / Ростов Великий";"электромонтажные работы в ростове великом"
"Профессии / Электрик / Ростов Великий";"электромонтажные работы ростов великий"
"Профессии / Электрик / Ростов Великий";"вызвать электрика в ростове великом"
"Профессии / Электрик / Ростов Великий";"вызвать электрика ростов великий"
"Профессии / Электрик / Ростов Великий";"электрик в ростове великом недорого"
"Профессии / Электрик / Ростов Великий";"электрик в ростове великом цены"
"Профессии / Электрик / Ростов Великий";"электрик в ростове великом на дом"
"Профессии / Электрик / Ростов Великий";"нанять электрика в ростове великом"
"Профессии / Электрик / Ростов Великий";"найти электрика в ростове великом"
"Профессии / Электрик / Ростов Великий";"услуги электрика в ростове великом"
"Профессии / Электрик / Ростов Великий";"электрик частник в ростове великом"
"Профессии / Электрик / Ростов Великий";"электрик без посредников в ростове великом"
"Профессии / Электрик / Ростов Великий";"работа электрик в ростове великом"
"Профессии / Электрик / Ростов Великий";"подработка электрик в ростове великом"
"Профессии / Электрик / Ростов Великий";"требуется электрик в ростове великом"
"Профессии / Электрик / Ростов Великий";"вакансия электрик в ростове великом"
"Профессии / Электрик / Задачи";"замена розетки или выключателя в ярославле"
"Профессии / Электрик / Задачи";"замена розетки или выключателя цена"
"Профессии / Электрик / Задачи";"сколько стоит замена розетки или выключателя"
"Профессии / Электрик / Задачи";"установка люстры в ярославле"
"Профессии / Электрик / Задачи";"установка люстры цена"
"Профессии / Электрик / Задачи";"сколько стоит установка люстры"
"Профессии / Электрик / Задачи";"замена автомата в щитке в ярославле"
"Профессии / Электрик / Задачи";"замена автомата в щитке цена"
"Профессии / Электрик / Задачи";"сколько стоит замена автомата в щитке"
"Профессии / Электрик / Задачи";"разводка проводки в квартире в ярославле"
"Профессии / Электрик / Задачи";"разводка проводки в квартире цена"
"Профессии / Электрик / Задачи";"сколько стоит разводка проводки в квартире"
"Профессии / Сантехник / Ярославль";"сантехник в ярославле"
"Профессии / Сантехник / Ярославль";"сантехник ярославль"
"Профессии / Сантехник / Ярославль";"сантехнические работы в ярославле"
"Профессии / Сантехник / Ярославль";"сантехнические работы ярославль"
"Профессии / Сантехник / Ярославль";"водопроводчик в ярославле"
"Профессии / Сантехник / Ярославль";"водопроводчик ярославль"
"Профессии / Сантехник / Ярославль";"сантехник на дом в ярославле"
"Профессии / Сантехник / Ярославль";"сантехник на дом ярославль"
"Профессии / Сантехник / Ярославль";"установка сантехники в ярославле"
"Профессии / Сантехник / Ярославль";"установка сантехники ярославль"
"Профессии / Сантехник / Ярославль";"сантехник в ярославле недорого"
"Профессии / Сантехник / Ярославль";"сантехник в ярославле цены"
"Профессии / Сантехник / Ярославль";"сантехник в ярославле на дом"
"Профессии / Сантехник / Ярославль";"вызвать сантехника в ярославле"
"Профессии / Сантехник / Ярославль";"нанять сантехника в ярославле"
"Профессии / Сантехник / Ярославль";"найти сантехника в ярославле"
"Профессии / Сантехник / Ярославль";"услуги сантехника в ярославле"
"Профессии / Сантехник / Ярославль";"сантехник частник в ярославле"
"Профессии / Сантехник / Ярославль";"сантехник без посредников в ярославле"
"Профессии / Сантехник / Ярославль";"работа сантехник в ярославле"
"Профессии / Сантехник / Ярославль";"подработка сантехник в ярославле"
"Профессии / Сантехник / Ярославль";"требуется сантехник в ярославле"
"Профессии / Сантехник / Ярославль";"вакансия сантехник в ярославле"
"Профессии / Сантехник / Рыбинск";"сантехник в рыбинске"
"Профессии / Сантехник / Рыбинск";"сантехник рыбинск"
"Профессии / Сантехник / Рыбинск";"сантехнические работы в рыбинске"
"Профессии / Сантехник / Рыбинск";"сантехнические работы рыбинск"
"Профессии / Сантехник / Рыбинск";"водопроводчик в рыбинске"
"Профессии / Сантехник / Рыбинск";"водопроводчик рыбинск"
"Профессии / Сантехник / Рыбинск";"сантехник на дом в рыбинске"
"Профессии / Сантехник / Рыбинск";"сантехник на дом рыбинск"
"Профессии / Сантехник / Рыбинск";"установка сантехники в рыбинске"
"Профессии / Сантехник / Рыбинск";"установка сантехники рыбинск"
"Профессии / Сантехник / Рыбинск";"сантехник в рыбинске недорого"
"Профессии / Сантехник / Рыбинск";"сантехник в рыбинске цены"
"Профессии / Сантехник / Рыбинск";"сантехник в рыбинске на дом"
"Профессии / Сантехник / Рыбинск";"вызвать сантехника в рыбинске"
"Профессии / Сантехник / Рыбинск";"нанять сантехника в рыбинске"
"Профессии / Сантехник / Рыбинск";"найти сантехника в рыбинске"
"Профессии / Сантехник / Рыбинск";"услуги сантехника в рыбинске"
"Профессии / Сантехник / Рыбинск";"сантехник частник в рыбинске"
"Профессии / Сантехник / Рыбинск";"сантехник без посредников в рыбинске"
"Профессии / Сантехник / Рыбинск";"работа сантехник в рыбинске"
"Профессии / Сантехник / Рыбинск";"подработка сантехник в рыбинске"
"Профессии / Сантехник / Рыбинск";"требуется сантехник в рыбинске"
"Профессии / Сантехник / Рыбинск";"вакансия сантехник в рыбинске"
"Профессии / Сантехник / Тутаев";"сантехник в тутаеве"
"Профессии / Сантехник / Тутаев";"сантехник тутаев"
"Профессии / Сантехник / Тутаев";"сантехнические работы в тутаеве"
"Профессии / Сантехник / Тутаев";"сантехнические работы тутаев"
"Профессии / Сантехник / Тутаев";"водопроводчик в тутаеве"
"Профессии / Сантехник / Тутаев";"водопроводчик тутаев"
"Профессии / Сантехник / Тутаев";"сантехник на дом в тутаеве"
"Профессии / Сантехник / Тутаев";"сантехник на дом тутаев"
"Профессии / Сантехник / Тутаев";"установка сантехники в тутаеве"
"Профессии / Сантехник / Тутаев";"установка сантехники тутаев"
"Профессии / Сантехник / Тутаев";"сантехник в тутаеве недорого"
"Профессии / Сантехник / Тутаев";"сантехник в тутаеве цены"
"Профессии / Сантехник / Тутаев";"сантехник в тутаеве на дом"
"Профессии / Сантехник / Тутаев";"вызвать сантехника в тутаеве"
"Профессии / Сантехник / Тутаев";"нанять сантехника в тутаеве"
"Профессии / Сантехник / Тутаев";"найти сантехника в тутаеве"
"Профессии / Сантехник / Тутаев";"услуги сантехника в тутаеве"
"Профессии / Сантехник / Тутаев";"сантехник частник в тутаеве"
"Профессии / Сантехник / Тутаев";"сантехник без посредников в тутаеве"
"Профессии / Сантехник / Тутаев";"работа сантехник в тутаеве"
"Профессии / Сантехник / Тутаев";"подработка сантехник в тутаеве"
"Профессии / Сантехник / Тутаев";"требуется сантехник в тутаеве"
"Профессии / Сантехник / Тутаев";"вакансия сантехник в тутаеве"
"Профессии / Сантехник / Переславль-Залесский";"сантехник в переславле-залесском"
"Профессии / Сантехник / Переславль-Залесский";"сантехник переславль-залесский"
"Профессии / Сантехник / Переславль-Залесский";"сантехнические работы в переславле-залесском"
"Профессии / Сантехник / Переславль-Залесский";"сантехнические работы переславль-залесский"
"Профессии / Сантехник / Переславль-Залесский";"водопроводчик в переславле-залесском"
"Профессии / Сантехник / Переславль-Залесский";"водопроводчик переславль-залесский"
"Профессии / Сантехник / Переславль-Залесский";"сантехник на дом в переславле-залесском"
"Профессии / Сантехник / Переславль-Залесский";"сантехник на дом переславль-залесский"
"Профессии / Сантехник / Переславль-Залесский";"установка сантехники в переславле-залесском"
"Профессии / Сантехник / Переславль-Залесский";"установка сантехники переславль-залесский"
"Профессии / Сантехник / Переславль-Залесский";"сантехник в переславле-залесском недорого"
"Профессии / Сантехник / Переславль-Залесский";"сантехник в переславле-залесском цены"
"Профессии / Сантехник / Переславль-Залесский";"сантехник в переславле-залесском на дом"
"Профессии / Сантехник / Переславль-Залесский";"вызвать сантехника в переславле-залесском"
"Профессии / Сантехник / Переславль-Залесский";"нанять сантехника в переславле-залесском"
"Профессии / Сантехник / Переславль-Залесский";"найти сантехника в переславле-залесском"
"Профессии / Сантехник / Переславль-Залесский";"услуги сантехника в переславле-залесском"
"Профессии / Сантехник / Переславль-Залесский";"сантехник частник в переславле-залесском"
"Профессии / Сантехник / Переславль-Залесский";"сантехник без посредников в переславле-залесском"
"Профессии / Сантехник / Переславль-Залесский";"работа сантехник в переславле-залесском"
"Профессии / Сантехник / Переславль-Залесский";"подработка сантехник в переславле-залесском"
"Профессии / Сантехник / Переславль-Залесский";"требуется сантехник в переславле-залесском"
"Профессии / Сантехник / Переславль-Залесский";"вакансия сантехник в переславле-залесском"
"Профессии / Сантехник / Углич";"сантехник в угличе"
"Профессии / Сантехник / Углич";"сантехник углич"
"Профессии / Сантехник / Углич";"сантехнические работы в угличе"
"Профессии / Сантехник / Углич";"сантехнические работы углич"
"Профессии / Сантехник / Углич";"водопроводчик в угличе"
"Профессии / Сантехник / Углич";"водопроводчик углич"
"Профессии / Сантехник / Углич";"сантехник на дом в угличе"
"Профессии / Сантехник / Углич";"сантехник на дом углич"
"Профессии / Сантехник / Углич";"установка сантехники в угличе"
"Профессии / Сантехник / Углич";"установка сантехники углич"
"Профессии / Сантехник / Углич";"сантехник в угличе недорого"
"Профессии / Сантехник / Углич";"сантехник в угличе цены"
"Профессии / Сантехник / Углич";"сантехник в угличе на дом"
"Профессии / Сантехник / Углич";"вызвать сантехника в угличе"
"Профессии / Сантехник / Углич";"нанять сантехника в угличе"
"Профессии / Сантехник / Углич";"найти сантехника в угличе"
"Профессии / Сантехник / Углич";"услуги сантехника в угличе"
"Профессии / Сантехник / Углич";"сантехник частник в угличе"
"Профессии / Сантехник / Углич";"сантехник без посредников в угличе"
"Профессии / Сантехник / Углич";"работа сантехник в угличе"
"Профессии / Сантехник / Углич";"подработка сантехник в угличе"
"Профессии / Сантехник / Углич";"требуется сантехник в угличе"
"Профессии / Сантехник / Углич";"вакансия сантехник в угличе"
"Профессии / Сантехник / Ростов Великий";"сантехник в ростове великом"
"Профессии / Сантехник / Ростов Великий";"сантехник ростов великий"
"Профессии / Сантехник / Ростов Великий";"сантехнические работы в ростове великом"
"Профессии / Сантехник / Ростов Великий";"сантехнические работы ростов великий"
"Профессии / Сантехник / Ростов Великий";"водопроводчик в ростове великом"
"Профессии / Сантехник / Ростов Великий";"водопроводчик ростов великий"
"Профессии / Сантехник / Ростов Великий";"сантехник на дом в ростове великом"
"Профессии / Сантехник / Ростов Великий";"сантехник на дом ростов великий"
"Профессии / Сантехник / Ростов Великий";"установка сантехники в ростове великом"
"Профессии / Сантехник / Ростов Великий";"установка сантехники ростов великий"
"Профессии / Сантехник / Ростов Великий";"сантехник в ростове великом недорого"
"Профессии / Сантехник / Ростов Великий";"сантехник в ростове великом цены"
"Профессии / Сантехник / Ростов Великий";"сантехник в ростове великом на дом"
"Профессии / Сантехник / Ростов Великий";"вызвать сантехника в ростове великом"
"Профессии / Сантехник / Ростов Великий";"нанять сантехника в ростове великом"
"Профессии / Сантехник / Ростов Великий";"найти сантехника в ростове великом"
"Профессии / Сантехник / Ростов Великий";"услуги сантехника в ростове великом"
"Профессии / Сантехник / Ростов Великий";"сантехник частник в ростове великом"
"Профессии / Сантехник / Ростов Великий";"сантехник без посредников в ростове великом"
"Профессии / Сантехник / Ростов Великий";"работа сантехник в ростове великом"
"Профессии / Сантехник / Ростов Великий";"подработка сантехник в ростове великом"
"Профессии / Сантехник / Ростов Великий";"требуется сантехник в ростове великом"
"Профессии / Сантехник / Ростов Великий";"вакансия сантехник в ростове великом"
"Профессии / Сантехник / Задачи";"замена смесителя в ярославле"
"Профессии / Сантехник / Задачи";"замена смесителя цена"
"Профессии / Сантехник / Задачи";"сколько стоит замена смесителя"
"Профессии / Сантехник / Задачи";"устранение засора в ярославле"
"Профессии / Сантехник / Задачи";"устранение засора цена"
"Профессии / Сантехник / Задачи";"сколько стоит устранение засора"
"Профессии / Сантехник / Задачи";"установка унитаза в ярославле"
"Профессии / Сантехник / Задачи";"установка унитаза цена"
"Профессии / Сантехник / Задачи";"сколько стоит установка унитаза"
"Профессии / Сантехник / Задачи";"подключение стиральной машины в ярославле"
"Профессии / Сантехник / Задачи";"подключение стиральной машины цена"
"Профессии / Сантехник / Задачи";"сколько стоит подключение стиральной машины"
"Профессии / Сборка мебели / Ярославль";"сборка мебели в ярославле"
"Профессии / Сборка мебели / Ярославль";"сборка мебели ярославль"
"Профессии / Сборка мебели / Ярославль";"сборщик мебели в ярославле"
"Профессии / Сборка мебели / Ярославль";"сборщик мебели ярославль"
"Профессии / Сборка мебели / Ярославль";"сборка шкафов в ярославле"
"Профессии / Сборка мебели / Ярославль";"сборка шкафов ярославль"
"Профессии / Сборка мебели / Ярославль";"сборка кухни в ярославле"
"Профессии / Сборка мебели / Ярославль";"сборка кухни ярославль"
"Профессии / Сборка мебели / Ярославль";"монтаж мебели в ярославле"
"Профессии / Сборка мебели / Ярославль";"монтаж мебели ярославль"
"Профессии / Сборка мебели / Ярославль";"сборка мебели в ярославле недорого"
"Профессии / Сборка мебели / Ярославль";"сборка мебели в ярославле цены"
"Профессии / Сборка мебели / Ярославль";"сборка мебели в ярославле на дом"
"Профессии / Сборка мебели / Ярославль";"вызвать сборщика мебели в ярославле"
"Профессии / Сборка мебели / Ярославль";"нанять сборщика мебели в ярославле"
"Профессии / Сборка мебели / Ярославль";"найти сборщика мебели в ярославле"
"Профессии / Сборка мебели / Ярославль";"услуги сборщика мебели в ярославле"
"Профессии / Сборка мебели / Ярославль";"сборка мебели частник в ярославле"
"Профессии / Сборка мебели / Ярославль";"сборка мебели без посредников в ярославле"
"Профессии / Сборка мебели / Ярославль";"работа сборка мебели в ярославле"
"Профессии / Сборка мебели / Ярославль";"подработка сборка мебели в ярославле"
"Профессии / Сборка мебели / Ярославль";"требуется сборка мебели в ярославле"
"Профессии / Сборка мебели / Ярославль";"вакансия сборка мебели в ярославле"
"Профессии / Сборка мебели / Рыбинск";"сборка мебели в рыбинске"
"Профессии / Сборка мебели / Рыбинск";"сборка мебели рыбинск"
"Профессии / Сборка мебели / Рыбинск";"сборщик мебели в рыбинске"
"Профессии / Сборка мебели / Рыбинск";"сборщик мебели рыбинск"
"Профессии / Сборка мебели / Рыбинск";"сборка шкафов в рыбинске"
"Профессии / Сборка мебели / Рыбинск";"сборка шкафов рыбинск"
"Профессии / Сборка мебели / Рыбинск";"сборка кухни в рыбинске"
"Профессии / Сборка мебели / Рыбинск";"сборка кухни рыбинск"
"Профессии / Сборка мебели / Рыбинск";"монтаж мебели в рыбинске"
"Профессии / Сборка мебели / Рыбинск";"монтаж мебели рыбинск"
"Профессии / Сборка мебели / Рыбинск";"сборка мебели в рыбинске недорого"
"Профессии / Сборка мебели / Рыбинск";"сборка мебели в рыбинске цены"
"Профессии / Сборка мебели / Рыбинск";"сборка мебели в рыбинске на дом"
"Профессии / Сборка мебели / Рыбинск";"вызвать сборщика мебели в рыбинске"
"Профессии / Сборка мебели / Рыбинск";"нанять сборщика мебели в рыбинске"
"Профессии / Сборка мебели / Рыбинск";"найти сборщика мебели в рыбинске"
"Профессии / Сборка мебели / Рыбинск";"услуги сборщика мебели в рыбинске"
"Профессии / Сборка мебели / Рыбинск";"сборка мебели частник в рыбинске"
"Профессии / Сборка мебели / Рыбинск";"сборка мебели без посредников в рыбинске"
"Профессии / Сборка мебели / Рыбинск";"работа сборка мебели в рыбинске"
"Профессии / Сборка мебели / Рыбинск";"подработка сборка мебели в рыбинске"
"Профессии / Сборка мебели / Рыбинск";"требуется сборка мебели в рыбинске"
"Профессии / Сборка мебели / Рыбинск";"вакансия сборка мебели в рыбинске"
"Профессии / Сборка мебели / Тутаев";"сборка мебели в тутаеве"
"Профессии / Сборка мебели / Тутаев";"сборка мебели тутаев"
"Профессии / Сборка мебели / Тутаев";"сборщик мебели в тутаеве"
"Профессии / Сборка мебели / Тутаев";"сборщик мебели тутаев"
"Профессии / Сборка мебели / Тутаев";"сборка шкафов в тутаеве"
"Профессии / Сборка мебели / Тутаев";"сборка шкафов тутаев"
"Профессии / Сборка мебели / Тутаев";"сборка кухни в тутаеве"
"Профессии / Сборка мебели / Тутаев";"сборка кухни тутаев"
"Профессии / Сборка мебели / Тутаев";"монтаж мебели в тутаеве"
"Профессии / Сборка мебели / Тутаев";"монтаж мебели тутаев"
"Профессии / Сборка мебели / Тутаев";"сборка мебели в тутаеве недорого"
"Профессии / Сборка мебели / Тутаев";"сборка мебели в тутаеве цены"
"Профессии / Сборка мебели / Тутаев";"сборка мебели в тутаеве на дом"
"Профессии / Сборка мебели / Тутаев";"вызвать сборщика мебели в тутаеве"
"Профессии / Сборка мебели / Тутаев";"нанять сборщика мебели в тутаеве"
"Профессии / Сборка мебели / Тутаев";"найти сборщика мебели в тутаеве"
"Профессии / Сборка мебели / Тутаев";"услуги сборщика мебели в тутаеве"
"Профессии / Сборка мебели / Тутаев";"сборка мебели частник в тутаеве"
"Профессии / Сборка мебели / Тутаев";"сборка мебели без посредников в тутаеве"
"Профессии / Сборка мебели / Тутаев";"работа сборка мебели в тутаеве"
"Профессии / Сборка мебели / Тутаев";"подработка сборка мебели в тутаеве"
"Профессии / Сборка мебели / Тутаев";"требуется сборка мебели в тутаеве"
"Профессии / Сборка мебели / Тутаев";"вакансия сборка мебели в тутаеве"
"Профессии / Сборка мебели / Переславль-Залесский";"сборка мебели в переславле-залесском"
"Профессии / Сборка мебели / Переславль-Залесский";"сборка мебели переславль-залесский"
"Профессии / Сборка мебели / Переславль-Залесский";"сборщик мебели в переславле-залесском"
"Профессии / Сборка мебели / Переславль-Залесский";"сборщик мебели переславль-залесский"
"Профессии / Сборка мебели / Переславль-Залесский";"сборка шкафов в переславле-залесском"
"Профессии / Сборка мебели / Переславль-Залесский";"сборка шкафов переславль-залесский"
"Профессии / Сборка мебели / Переславль-Залесский";"сборка кухни в переславле-залесском"
"Профессии / Сборка мебели / Переславль-Залесский";"сборка кухни переславль-залесский"
"Профессии / Сборка мебели / Переславль-Залесский";"монтаж мебели в переславле-залесском"
"Профессии / Сборка мебели / Переславль-Залесский";"монтаж мебели переславль-залесский"
"Профессии / Сборка мебели / Переславль-Залесский";"сборка мебели в переславле-залесском недорого"
"Профессии / Сборка мебели / Переславль-Залесский";"сборка мебели в переславле-залесском цены"
"Профессии / Сборка мебели / Переславль-Залесский";"сборка мебели в переславле-залесском на дом"
"Профессии / Сборка мебели / Переславль-Залесский";"вызвать сборщика мебели в переславле-залесском"
"Профессии / Сборка мебели / Переславль-Залесский";"нанять сборщика мебели в переславле-залесском"
"Профессии / Сборка мебели / Переславль-Залесский";"найти сборщика мебели в переславле-залесском"
"Профессии / Сборка мебели / Переславль-Залесский";"услуги сборщика мебели в переславле-залесском"
"Профессии / Сборка мебели / Переславль-Залесский";"сборка мебели частник в переславле-залесском"
"Профессии / Сборка мебели / Переславль-Залесский";"сборка мебели без посредников в переславле-залесском"
"Профессии / Сборка мебели / Переславль-Залесский";"работа сборка мебели в переславле-залесском"
"Профессии / Сборка мебели / Переславль-Залесский";"подработка сборка мебели в переславле-залесском"
"Профессии / Сборка мебели / Переславль-Залесский";"требуется сборка мебели в переславле-залесском"
"Профессии / Сборка мебели / Переславль-Залесский";"вакансия сборка мебели в переславле-залесском"
"Профессии / Сборка мебели / Углич";"сборка мебели в угличе"
"Профессии / Сборка мебели / Углич";"сборка мебели углич"
"Профессии / Сборка мебели / Углич";"сборщик мебели в угличе"
"Профессии / Сборка мебели / Углич";"сборщик мебели углич"
"Профессии / Сборка мебели / Углич";"сборка шкафов в угличе"
"Профессии / Сборка мебели / Углич";"сборка шкафов углич"
"Профессии / Сборка мебели / Углич";"сборка кухни в угличе"
"Профессии / Сборка мебели / Углич";"сборка кухни углич"
"Профессии / Сборка мебели / Углич";"монтаж мебели в угличе"
"Профессии / Сборка мебели / Углич";"монтаж мебели углич"
"Профессии / Сборка мебели / Углич";"сборка мебели в угличе недорого"
"Профессии / Сборка мебели / Углич";"сборка мебели в угличе цены"
"Профессии / Сборка мебели / Углич";"сборка мебели в угличе на дом"
"Профессии / Сборка мебели / Углич";"вызвать сборщика мебели в угличе"
"Профессии / Сборка мебели / Углич";"нанять сборщика мебели в угличе"
"Профессии / Сборка мебели / Углич";"найти сборщика мебели в угличе"
"Профессии / Сборка мебели / Углич";"услуги сборщика мебели в угличе"
"Профессии / Сборка мебели / Углич";"сборка мебели частник в угличе"
"Профессии / Сборка мебели / Углич";"сборка мебели без посредников в угличе"
"Профессии / Сборка мебели / Углич";"работа сборка мебели в угличе"
"Профессии / Сборка мебели / Углич";"подработка сборка мебели в угличе"
"Профессии / Сборка мебели / Углич";"требуется сборка мебели в угличе"
"Профессии / Сборка мебели / Углич";"вакансия сборка мебели в угличе"
"Профессии / Сборка мебели / Ростов Великий";"сборка мебели в ростове великом"
"Профессии / Сборка мебели / Ростов Великий";"сборка мебели ростов великий"
"Профессии / Сборка мебели / Ростов Великий";"сборщик мебели в ростове великом"
"Профессии / Сборка мебели / Ростов Великий";"сборщик мебели ростов великий"
"Профессии / Сборка мебели / Ростов Великий";"сборка шкафов в ростове великом"
"Профессии / Сборка мебели / Ростов Великий";"сборка шкафов ростов великий"
"Профессии / Сборка мебели / Ростов Великий";"сборка кухни в ростове великом"
"Профессии / Сборка мебели / Ростов Великий";"сборка кухни ростов великий"
"Профессии / Сборка мебели / Ростов Великий";"монтаж мебели в ростове великом"
"Профессии / Сборка мебели / Ростов Великий";"монтаж мебели ростов великий"
"Профессии / Сборка мебели / Ростов Великий";"сборка мебели в ростове великом недорого"
"Профессии / Сборка мебели / Ростов Великий";"сборка мебели в ростове великом цены"
"Профессии / Сборка мебели / Ростов Великий";"сборка мебели в ростове великом на дом"
"Профессии / Сборка мебели / Ростов Великий";"вызвать сборщика мебели в ростове великом"
"Профессии / Сборка мебели / Ростов Великий";"нанять сборщика мебели в ростове великом"
"Профессии / Сборка мебели / Ростов Великий";"найти сборщика мебели в ростове великом"
"Профессии / Сборка мебели / Ростов Великий";"услуги сборщика мебели в ростове великом"
"Профессии / Сборка мебели / Ростов Великий";"сборка мебели частник в ростове великом"
"Профессии / Сборка мебели / Ростов Великий";"сборка мебели без посредников в ростове великом"
"Профессии / Сборка мебели / Ростов Великий";"работа сборка мебели в ростове великом"
"Профессии / Сборка мебели / Ростов Великий";"подработка сборка мебели в ростове великом"
"Профессии / Сборка мебели / Ростов Великий";"требуется сборка мебели в ростове великом"
"Профессии / Сборка мебели / Ростов Великий";"вакансия сборка мебели в ростове великом"
"Профессии / Сборка мебели / Задачи";"сборка шкафа в ярославле"
"Профессии / Сборка мебели / Задачи";"сборка шкафа цена"
"Профессии / Сборка мебели / Задачи";"сколько стоит сборка шкафа"
"Профессии / Сборка мебели / Задачи";"сборка кровати в ярославле"
"Профессии / Сборка мебели / Задачи";"сборка кровати цена"
"Профессии / Сборка мебели / Задачи";"сколько стоит сборка кровати"
"Профессии / Сборка мебели / Задачи";"сборка кухонного гарнитура в ярославле"
"Профессии / Сборка мебели / Задачи";"сборка кухонного гарнитура цена"
"Профессии / Сборка мебели / Задачи";"сколько стоит сборка кухонного гарнитура"
"Профессии / Сборка мебели / Задачи";"разборка мебели перед переездом в ярославле"
"Профессии / Сборка мебели / Задачи";"разборка мебели перед переездом цена"
"Профессии / Сборка мебели / Задачи";"сколько стоит разборка мебели перед переездом"
"Профессии / Грузчик / Ярославль";"грузчик в ярославле"
"Профессии / Грузчик / Ярославль";"грузчик ярославль"
"Профессии / Грузчик / Ярославль";"грузчики в ярославле"
"Профессии / Грузчик / Ярославль";"грузчики ярославль"
"Профессии / Грузчик / Ярославль";"такелажник в ярославле"
"Профессии / Грузчик / Ярославль";"такелажник ярославль"
"Профессии / Грузчик / Ярославль";"разнорабочий на погрузку в ярославле"
"Профессии / Грузчик / Ярославль";"разнорабочий на погрузку ярославль"
"Профессии / Грузчик / Ярославль";"подсобник в ярославле"
"Профессии / Грузчик / Ярославль";"подсобник ярославль"
"Профессии / Грузчик / Ярославль";"помощь при переезде в ярославле"
"Профессии / Грузчик / Ярославль";"помощь при переезде ярославль"
"Профессии / Грузчик / Ярославль";"грузчик на час в ярославле"
"Профессии / Грузчик / Ярославль";"грузчик на час ярославль"
"Профессии / Грузчик / Ярославль";"грузчик в ярославле недорого"
"Профессии / Грузчик / Ярославль";"грузчик в ярославле цены"
"Профессии / Грузчик / Ярославль";"грузчик в ярославле на дом"
"Профессии / Грузчик / Ярославль";"вызвать грузчика в ярославле"
"Профессии / Грузчик / Ярославль";"нанять грузчика в ярославле"
"Профессии / Грузчик / Ярославль";"найти грузчика в ярославле"
"Профессии / Грузчик / Ярославль";"услуги грузчика в ярославле"
"Профессии / Грузчик / Ярославль";"грузчик частник в ярославле"
"Профессии / Грузчик / Ярославль";"грузчик без посредников в ярославле"
"Профессии / Грузчик / Ярославль";"работа грузчик в ярославле"
"Профессии / Грузчик / Ярославль";"подработка грузчик в ярославле"
"Профессии / Грузчик / Ярославль";"требуется грузчик в ярославле"
"Профессии / Грузчик / Ярославль";"вакансия грузчик в ярославле"
"Профессии / Грузчик / Рыбинск";"грузчик в рыбинске"
"Профессии / Грузчик / Рыбинск";"грузчик рыбинск"
"Профессии / Грузчик / Рыбинск";"грузчики в рыбинске"
"Профессии / Грузчик / Рыбинск";"грузчики рыбинск"
"Профессии / Грузчик / Рыбинск";"такелажник в рыбинске"
"Профессии / Грузчик / Рыбинск";"такелажник рыбинск"
"Профессии / Грузчик / Рыбинск";"разнорабочий на погрузку в рыбинске"
"Профессии / Грузчик / Рыбинск";"разнорабочий на погрузку рыбинск"
"Профессии / Грузчик / Рыбинск";"подсобник в рыбинске"
"Профессии / Грузчик / Рыбинск";"подсобник рыбинск"
"Профессии / Грузчик / Рыбинск";"помощь при переезде в рыбинске"
"Профессии / Грузчик / Рыбинск";"помощь при переезде рыбинск"
"Профессии / Грузчик / Рыбинск";"грузчик на час в рыбинске"
"Профессии / Грузчик / Рыбинск";"грузчик на час рыбинск"
"Профессии / Грузчик / Рыбинск";"грузчик в рыбинске недорого"
"Профессии / Грузчик / Рыбинск";"грузчик в рыбинске цены"
"Профессии / Грузчик / Рыбинск";"грузчик в рыбинске на дом"
"Профессии / Грузчик / Рыбинск";"вызвать грузчика в рыбинске"
"Профессии / Грузчик / Рыбинск";"нанять грузчика в рыбинске"
"Профессии / Грузчик / Рыбинск";"найти грузчика в рыбинске"
"Профессии / Грузчик / Рыбинск";"услуги грузчика в рыбинске"
"Профессии / Грузчик / Рыбинск";"грузчик частник в рыбинске"
"Профессии / Грузчик / Рыбинск";"грузчик без посредников в рыбинске"
"Профессии / Грузчик / Рыбинск";"работа грузчик в рыбинске"
"Профессии / Грузчик / Рыбинск";"подработка грузчик в рыбинске"
"Профессии / Грузчик / Рыбинск";"требуется грузчик в рыбинске"
"Профессии / Грузчик / Рыбинск";"вакансия грузчик в рыбинске"
"Профессии / Грузчик / Тутаев";"грузчик в тутаеве"
"Профессии / Грузчик / Тутаев";"грузчик тутаев"
"Профессии / Грузчик / Тутаев";"грузчики в тутаеве"
"Профессии / Грузчик / Тутаев";"грузчики тутаев"
"Профессии / Грузчик / Тутаев";"такелажник в тутаеве"
"Профессии / Грузчик / Тутаев";"такелажник тутаев"
"Профессии / Грузчик / Тутаев";"разнорабочий на погрузку в тутаеве"
"Профессии / Грузчик / Тутаев";"разнорабочий на погрузку тутаев"
"Профессии / Грузчик / Тутаев";"подсобник в тутаеве"
"Профессии / Грузчик / Тутаев";"подсобник тутаев"
"Профессии / Грузчик / Тутаев";"помощь при переезде в тутаеве"
"Профессии / Грузчик / Тутаев";"помощь при переезде тутаев"
"Профессии / Грузчик / Тутаев";"грузчик на час в тутаеве"
"Профессии / Грузчик / Тутаев";"грузчик на час тутаев"
"Профессии / Грузчик / Тутаев";"грузчик в тутаеве недорого"
"Профессии / Грузчик / Тутаев";"грузчик в тутаеве цены"
"Профессии / Грузчик / Тутаев";"грузчик в тутаеве на дом"
"Профессии / Грузчик / Тутаев";"вызвать грузчика в тутаеве"
"Профессии / Грузчик / Тутаев";"нанять грузчика в тутаеве"
"Профессии / Грузчик / Тутаев";"найти грузчика в тутаеве"
"Профессии / Грузчик / Тутаев";"услуги грузчика в тутаеве"
"Профессии / Грузчик / Тутаев";"грузчик частник в тутаеве"
"Профессии / Грузчик / Тутаев";"грузчик без посредников в тутаеве"
"Профессии / Грузчик / Тутаев";"работа грузчик в тутаеве"
"Профессии / Грузчик / Тутаев";"подработка грузчик в тутаеве"
"Профессии / Грузчик / Тутаев";"требуется грузчик в тутаеве"
"Профессии / Грузчик / Тутаев";"вакансия грузчик в тутаеве"
"Профессии / Грузчик / Переславль-Залесский";"грузчик в переславле-залесском"
"Профессии / Грузчик / Переславль-Залесский";"грузчик переславль-залесский"
"Профессии / Грузчик / Переславль-Залесский";"грузчики в переславле-залесском"
"Профессии / Грузчик / Переславль-Залесский";"грузчики переславль-залесский"
"Профессии / Грузчик / Переславль-Залесский";"такелажник в переславле-залесском"
"Профессии / Грузчик / Переславль-Залесский";"такелажник переславль-залесский"
"Профессии / Грузчик / Переславль-Залесский";"разнорабочий на погрузку в переславле-залесском"
"Профессии / Грузчик / Переславль-Залесский";"разнорабочий на погрузку переславль-залесский"
"Профессии / Грузчик / Переславль-Залесский";"подсобник в переславле-залесском"
"Профессии / Грузчик / Переславль-Залесский";"подсобник переславль-залесский"
"Профессии / Грузчик / Переславль-Залесский";"помощь при переезде в переславле-залесском"
"Профессии / Грузчик / Переславль-Залесский";"помощь при переезде переславль-залесский"
"Профессии / Грузчик / Переславль-Залесский";"грузчик на час в переславле-залесском"
"Профессии / Грузчик / Переславль-Залесский";"грузчик на час переславль-залесский"
"Профессии / Грузчик / Переславль-Залесский";"грузчик в переславле-залесском недорого"
"Профессии / Грузчик / Переславль-Залесский";"грузчик в переславле-залесском цены"
"Профессии / Грузчик / Переславль-Залесский";"грузчик в переславле-залесском на дом"
"Профессии / Грузчик / Переславль-Залесский";"вызвать грузчика в переславле-залесском"
"Профессии / Грузчик / Переславль-Залесский";"нанять грузчика в переславле-залесском"
"Профессии / Грузчик / Переславль-Залесский";"найти грузчика в переславле-залесском"
"Профессии / Грузчик / Переславль-Залесский";"услуги грузчика в переславле-залесском"
"Профессии / Грузчик / Переславль-Залесский";"грузчик частник в переславле-залесском"
"Профессии / Грузчик / Переславль-Залесский";"грузчик без посредников в переславле-залесском"
"Профессии / Грузчик / Переславль-Залесский";"работа грузчик в переславле-залесском"
"Профессии / Грузчик / Переславль-Залесский";"подработка грузчик в переславле-залесском"
"Профессии / Грузчик / Переславль-Залесский";"требуется грузчик в переславле-залесском"
"Профессии / Грузчик / Переславль-Залесский";"вакансия грузчик в переславле-залесском"
"Профессии / Грузчик / Углич";"грузчик в угличе"
"Профессии / Грузчик / Углич";"грузчик углич"
"Профессии / Грузчик / Углич";"грузчики в угличе"
"Профессии / Грузчик / Углич";"грузчики углич"
"Профессии / Грузчик / Углич";"такелажник в угличе"
"Профессии / Грузчик / Углич";"такелажник углич"
"Профессии / Грузчик / Углич";"разнорабочий на погрузку в угличе"
"Профессии / Грузчик / Углич";"разнорабочий на погрузку углич"
"Профессии / Грузчик / Углич";"подсобник в угличе"
"Профессии / Грузчик / Углич";"подсобник углич"
"Профессии / Грузчик / Углич";"помощь при переезде в угличе"
"Профессии / Грузчик / Углич";"помощь при переезде углич"
"Профессии / Грузчик / Углич";"грузчик на час в угличе"
"Профессии / Грузчик / Углич";"грузчик на час углич"
"Профессии / Грузчик / Углич";"грузчик в угличе недорого"
"Профессии / Грузчик / Углич";"грузчик в угличе цены"
"Профессии / Грузчик / Углич";"грузчик в угличе на дом"
"Профессии / Грузчик / Углич";"вызвать грузчика в угличе"
"Профессии / Грузчик / Углич";"нанять грузчика в угличе"
"Профессии / Грузчик / Углич";"найти грузчика в угличе"
"Профессии / Грузчик / Углич";"услуги грузчика в угличе"
"Профессии / Грузчик / Углич";"грузчик частник в угличе"
"Профессии / Грузчик / Углич";"грузчик без посредников в угличе"
"Профессии / Грузчик / Углич";"работа грузчик в угличе"
"Профессии / Грузчик / Углич";"подработка грузчик в угличе"
"Профессии / Грузчик / Углич";"требуется грузчик в угличе"
"Профессии / Грузчик / Углич";"вакансия грузчик в угличе"
"Профессии / Грузчик / Ростов Великий";"грузчик в ростове великом"
"Профессии / Грузчик / Ростов Великий";"грузчик ростов великий"
"Профессии / Грузчик / Ростов Великий";"грузчики в ростове великом"
"Профессии / Грузчик / Ростов Великий";"грузчики ростов великий"
"Профессии / Грузчик / Ростов Великий";"такелажник в ростове великом"
"Профессии / Грузчик / Ростов Великий";"такелажник ростов великий"
"Профессии / Грузчик / Ростов Великий";"разнорабочий на погрузку в ростове великом"
"Профессии / Грузчик / Ростов Великий";"разнорабочий на погрузку ростов великий"
"Профессии / Грузчик / Ростов Великий";"подсобник в ростове великом"
"Профессии / Грузчик / Ростов Великий";"подсобник ростов великий"
"Профессии / Грузчик / Ростов Великий";"помощь при переезде в ростове великом"
"Профессии / Грузчик / Ростов Великий";"помощь при переезде ростов великий"
"Профессии / Грузчик / Ростов Великий";"грузчик на час в ростове великом"
"Профессии / Грузчик / Ростов Великий";"грузчик на час ростов великий"
"Профессии / Грузчик / Ростов Великий";"грузчик в ростове великом недорого"
"Профессии / Грузчик / Ростов Великий";"грузчик в ростове великом цены"
"Профессии / Грузчик / Ростов Великий";"грузчик в ростове великом на дом"
"Профессии / Грузчик / Ростов Великий";"вызвать грузчика в ростове великом"
"Профессии / Грузчик / Ростов Великий";"нанять грузчика в ростове великом"
"Профессии / Грузчик / Ростов Великий";"найти грузчика в ростове великом"
"Профессии / Грузчик / Ростов Великий";"услуги грузчика в ростове великом"
"Профессии / Грузчик / Ростов Великий";"грузчик частник в ростове великом"
"Профессии / Грузчик / Ростов Великий";"грузчик без посредников в ростове великом"
"Профессии / Грузчик / Ростов Великий";"работа грузчик в ростове великом"
"Профессии / Грузчик / Ростов Великий";"подработка грузчик в ростове великом"
"Профессии / Грузчик / Ростов Великий";"требуется грузчик в ростове великом"
"Профессии / Грузчик / Ростов Великий";"вакансия грузчик в ростове великом"
"Профессии / Грузчик / Задачи";"погрузка-разгрузка"
"Профессии / Грузчик / Задачи";"сколько стоит погрузка-разгрузка"
"Профессии / Грузчик / Задачи";"подъём на этаж без лифта в ярославле"
"Профессии / Грузчик / Задачи";"подъём на этаж без лифта цена"
"Профессии / Грузчик / Задачи";"сколько стоит подъём на этаж без лифта"
"Профессии / Грузчик / Задачи";"квартирный переезд"
"Профессии / Грузчик / Задачи";"сколько стоит квартирный переезд"
"Профессии / Грузчик / Задачи";"вынос старой мебели в ярославле"
"Профессии / Грузчик / Задачи";"вынос старой мебели цена"
"Профессии / Грузчик / Задачи";"сколько стоит вынос старой мебели"
"Профессии / Сварщик / Ярославль";"сварщик в ярославле"
"Профессии / Сварщик / Ярославль";"сварщик ярославль"
"Профессии / Сварщик / Ярославль";"сварщик в ярославле недорого"
"Профессии / Сварщик / Ярославль";"сварщик в ярославле цены"
"Профессии / Сварщик / Ярославль";"сварщик в ярославле на дом"
"Профессии / Сварщик / Ярославль";"вызвать сварщика в ярославле"
"Профессии / Сварщик / Ярославль";"нанять сварщика в ярославле"
"Профессии / Сварщик / Ярославль";"найти сварщика в ярославле"
"Профессии / Сварщик / Ярославль";"услуги сварщика в ярославле"
"Профессии / Сварщик / Ярославль";"сварщик частник в ярославле"
"Профессии / Сварщик / Ярославль";"сварщик без посредников в ярославле"
"Профессии / Сварщик / Ярославль";"работа сварщик в ярославле"
"Профессии / Сварщик / Ярославль";"подработка сварщик в ярославле"
"Профессии / Сварщик / Ярославль";"требуется сварщик в ярославле"
"Профессии / Сварщик / Ярославль";"вакансия сварщик в ярославле"
"Профессии / Сварщик / Рыбинск";"сварщик в рыбинске"
"Профессии / Сварщик / Рыбинск";"сварщик рыбинск"
"Профессии / Сварщик / Рыбинск";"сварщик в рыбинске недорого"
"Профессии / Сварщик / Рыбинск";"сварщик в рыбинске цены"
"Профессии / Сварщик / Рыбинск";"сварщик в рыбинске на дом"
"Профессии / Сварщик / Рыбинск";"вызвать сварщика в рыбинске"
"Профессии / Сварщик / Рыбинск";"нанять сварщика в рыбинске"
"Профессии / Сварщик / Рыбинск";"найти сварщика в рыбинске"
"Профессии / Сварщик / Рыбинск";"услуги сварщика в рыбинске"
"Профессии / Сварщик / Рыбинск";"сварщик частник в рыбинске"
"Профессии / Сварщик / Рыбинск";"сварщик без посредников в рыбинске"
"Профессии / Сварщик / Рыбинск";"работа сварщик в рыбинске"
"Профессии / Сварщик / Рыбинск";"подработка сварщик в рыбинске"
"Профессии / Сварщик / Рыбинск";"требуется сварщик в рыбинске"
"Профессии / Сварщик / Рыбинск";"вакансия сварщик в рыбинске"
"Профессии / Сварщик / Тутаев";"сварщик в тутаеве"
"Профессии / Сварщик / Тутаев";"сварщик тутаев"
"Профессии / Сварщик / Тутаев";"сварщик в тутаеве недорого"
"Профессии / Сварщик / Тутаев";"сварщик в тутаеве цены"
"Профессии / Сварщик / Тутаев";"сварщик в тутаеве на дом"
"Профессии / Сварщик / Тутаев";"вызвать сварщика в тутаеве"
"Профессии / Сварщик / Тутаев";"нанять сварщика в тутаеве"
"Профессии / Сварщик / Тутаев";"найти сварщика в тутаеве"
"Профессии / Сварщик / Тутаев";"услуги сварщика в тутаеве"
"Профессии / Сварщик / Тутаев";"сварщик частник в тутаеве"
"Профессии / Сварщик / Тутаев";"сварщик без посредников в тутаеве"
"Профессии / Сварщик / Тутаев";"работа сварщик в тутаеве"
"Профессии / Сварщик / Тутаев";"подработка сварщик в тутаеве"
"Профессии / Сварщик / Тутаев";"требуется сварщик в тутаеве"
"Профессии / Сварщик / Тутаев";"вакансия сварщик в тутаеве"
"Профессии / Сварщик / Переславль-Залесский";"сварщик в переславле-залесском"
"Профессии / Сварщик / Переславль-Залесский";"сварщик переславль-залесский"
"Профессии / Сварщик / Переславль-Залесский";"сварщик в переславле-залесском недорого"
"Профессии / Сварщик / Переславль-Залесский";"сварщик в переславле-залесском цены"
"Профессии / Сварщик / Переславль-Залесский";"сварщик в переславле-залесском на дом"
"Профессии / Сварщик / Переславль-Залесский";"вызвать сварщика в переславле-залесском"
"Профессии / Сварщик / Переславль-Залесский";"нанять сварщика в переславле-залесском"
"Профессии / Сварщик / Переславль-Залесский";"найти сварщика в переславле-залесском"
"Профессии / Сварщик / Переславль-Залесский";"услуги сварщика в переславле-залесском"
"Профессии / Сварщик / Переславль-Залесский";"сварщик частник в переславле-залесском"
"Профессии / Сварщик / Переславль-Залесский";"сварщик без посредников в переславле-залесском"
"Профессии / Сварщик / Переславль-Залесский";"работа сварщик в переславле-залесском"
"Профессии / Сварщик / Переславль-Залесский";"подработка сварщик в переславле-залесском"
"Профессии / Сварщик / Переславль-Залесский";"требуется сварщик в переславле-залесском"
"Профессии / Сварщик / Переславль-Залесский";"вакансия сварщик в переславле-залесском"
"Профессии / Сварщик / Углич";"сварщик в угличе"
"Профессии / Сварщик / Углич";"сварщик углич"
"Профессии / Сварщик / Углич";"сварщик в угличе недорого"
"Профессии / Сварщик / Углич";"сварщик в угличе цены"
"Профессии / Сварщик / Углич";"сварщик в угличе на дом"
"Профессии / Сварщик / Углич";"вызвать сварщика в угличе"
"Профессии / Сварщик / Углич";"нанять сварщика в угличе"
"Профессии / Сварщик / Углич";"найти сварщика в угличе"
"Профессии / Сварщик / Углич";"услуги сварщика в угличе"
"Профессии / Сварщик / Углич";"сварщик частник в угличе"
"Профессии / Сварщик / Углич";"сварщик без посредников в угличе"
"Профессии / Сварщик / Углич";"работа сварщик в угличе"
"Профессии / Сварщик / Углич";"подработка сварщик в угличе"
"Профессии / Сварщик / Углич";"требуется сварщик в угличе"
"Профессии / Сварщик / Углич";"вакансия сварщик в угличе"
"Профессии / Сварщик / Ростов Великий";"сварщик в ростове великом"
"Профессии / Сварщик / Ростов Великий";"сварщик ростов великий"
"Профессии / Сварщик / Ростов Великий";"сварщик в ростове великом недорого"
"Профессии / Сварщик / Ростов Великий";"сварщик в ростове великом цены"
"Профессии / Сварщик / Ростов Великий";"сварщик в ростове великом на дом"
"Профессии / Сварщик / Ростов Великий";"вызвать сварщика в ростове великом"
"Профессии / Сварщик / Ростов Великий";"нанять сварщика в ростове великом"
"Профессии / Сварщик / Ростов Великий";"найти сварщика в ростове великом"
"Профессии / Сварщик / Ростов Великий";"услуги сварщика в ростове великом"
"Профессии / Сварщик / Ростов Великий";"сварщик частник в ростове великом"
"Профессии / Сварщик / Ростов Великий";"сварщик без посредников в ростове великом"
"Профессии / Сварщик / Ростов Великий";"работа сварщик в ростове великом"
"Профессии / Сварщик / Ростов Великий";"подработка сварщик в ростове великом"
"Профессии / Сварщик / Ростов Великий";"требуется сварщик в ростове великом"
"Профессии / Сварщик / Ростов Великий";"вакансия сварщик в ростове великом"
"Профессии / Сварщик / Задачи";"сварочный шов"
"Профессии / Сварщик / Задачи";"сколько стоит сварочный шов"
"Профессии / Сварщик / Задачи";"ремонт ворот или калитки в ярославле"
"Профессии / Сварщик / Задачи";"ремонт ворот или калитки цена"
"Профессии / Сварщик / Задачи";"сколько стоит ремонт ворот или калитки"
"Профессии / Сварщик / Задачи";"изготовление навеса в ярославле"
"Профессии / Сварщик / Задачи";"изготовление навеса цена"
"Профессии / Сварщик / Задачи";"сколько стоит изготовление навеса"
"Профессии / Сварщик / Задачи";"металлокаркас под лестницу в ярославле"
"Профессии / Сварщик / Задачи";"металлокаркас под лестницу цена"
"Профессии / Сварщик / Задачи";"сколько стоит металлокаркас под лестницу"
"Профессии / Плиточник / Ярославль";"плиточник в ярославле"
"Профессии / Плиточник / Ярославль";"плиточник ярославль"
"Профессии / Плиточник / Ярославль";"плиточник в ярославле недорого"
"Профессии / Плиточник / Ярославль";"плиточник в ярославле цены"
"Профессии / Плиточник / Ярославль";"плиточник в ярославле на дом"
"Профессии / Плиточник / Ярославль";"вызвать плиточника в ярославле"
"Профессии / Плиточник / Ярославль";"нанять плиточника в ярославле"
"Профессии / Плиточник / Ярославль";"найти плиточника в ярославле"
"Профессии / Плиточник / Ярославль";"услуги плиточника в ярославле"
"Профессии / Плиточник / Ярославль";"плиточник частник в ярославле"
"Профессии / Плиточник / Ярославль";"плиточник без посредников в ярославле"
"Профессии / Плиточник / Ярославль";"работа плиточник в ярославле"
"Профессии / Плиточник / Ярославль";"подработка плиточник в ярославле"
"Профессии / Плиточник / Ярославль";"требуется плиточник в ярославле"
"Профессии / Плиточник / Ярославль";"вакансия плиточник в ярославле"
"Профессии / Плиточник / Рыбинск";"плиточник в рыбинске"
"Профессии / Плиточник / Рыбинск";"плиточник рыбинск"
"Профессии / Плиточник / Рыбинск";"плиточник в рыбинске недорого"
"Профессии / Плиточник / Рыбинск";"плиточник в рыбинске цены"
"Профессии / Плиточник / Рыбинск";"плиточник в рыбинске на дом"
"Профессии / Плиточник / Рыбинск";"вызвать плиточника в рыбинске"
"Профессии / Плиточник / Рыбинск";"нанять плиточника в рыбинске"
"Профессии / Плиточник / Рыбинск";"найти плиточника в рыбинске"
"Профессии / Плиточник / Рыбинск";"услуги плиточника в рыбинске"
"Профессии / Плиточник / Рыбинск";"плиточник частник в рыбинске"
"Профессии / Плиточник / Рыбинск";"плиточник без посредников в рыбинске"
"Профессии / Плиточник / Рыбинск";"работа плиточник в рыбинске"
"Профессии / Плиточник / Рыбинск";"подработка плиточник в рыбинске"
"Профессии / Плиточник / Рыбинск";"требуется плиточник в рыбинске"
"Профессии / Плиточник / Рыбинск";"вакансия плиточник в рыбинске"
"Профессии / Плиточник / Тутаев";"плиточник в тутаеве"
"Профессии / Плиточник / Тутаев";"плиточник тутаев"
"Профессии / Плиточник / Тутаев";"плиточник в тутаеве недорого"
"Профессии / Плиточник / Тутаев";"плиточник в тутаеве цены"
"Профессии / Плиточник / Тутаев";"плиточник в тутаеве на дом"
"Профессии / Плиточник / Тутаев";"вызвать плиточника в тутаеве"
"Профессии / Плиточник / Тутаев";"нанять плиточника в тутаеве"
"Профессии / Плиточник / Тутаев";"найти плиточника в тутаеве"
"Профессии / Плиточник / Тутаев";"услуги плиточника в тутаеве"
"Профессии / Плиточник / Тутаев";"плиточник частник в тутаеве"
"Профессии / Плиточник / Тутаев";"плиточник без посредников в тутаеве"
"Профессии / Плиточник / Тутаев";"работа плиточник в тутаеве"
"Профессии / Плиточник / Тутаев";"подработка плиточник в тутаеве"
"Профессии / Плиточник / Тутаев";"требуется плиточник в тутаеве"
"Профессии / Плиточник / Тутаев";"вакансия плиточник в тутаеве"
"Профессии / Плиточник / Переславль-Залесский";"плиточник в переславле-залесском"
"Профессии / Плиточник / Переславль-Залесский";"плиточник переславль-залесский"
"Профессии / Плиточник / Переславль-Залесский";"плиточник в переславле-залесском недорого"
"Профессии / Плиточник / Переславль-Залесский";"плиточник в переславле-залесском цены"
"Профессии / Плиточник / Переславль-Залесский";"плиточник в переславле-залесском на дом"
"Профессии / Плиточник / Переславль-Залесский";"вызвать плиточника в переславле-залесском"
"Профессии / Плиточник / Переславль-Залесский";"нанять плиточника в переславле-залесском"
"Профессии / Плиточник / Переславль-Залесский";"найти плиточника в переславле-залесском"
"Профессии / Плиточник / Переславль-Залесский";"услуги плиточника в переславле-залесском"
"Профессии / Плиточник / Переславль-Залесский";"плиточник частник в переславле-залесском"
"Профессии / Плиточник / Переславль-Залесский";"плиточник без посредников в переславле-залесском"
"Профессии / Плиточник / Переславль-Залесский";"работа плиточник в переславле-залесском"
"Профессии / Плиточник / Переславль-Залесский";"подработка плиточник в переславле-залесском"
"Профессии / Плиточник / Переславль-Залесский";"требуется плиточник в переславле-залесском"
"Профессии / Плиточник / Переславль-Залесский";"вакансия плиточник в переславле-залесском"
"Профессии / Плиточник / Углич";"плиточник в угличе"
"Профессии / Плиточник / Углич";"плиточник углич"
"Профессии / Плиточник / Углич";"плиточник в угличе недорого"
"Профессии / Плиточник / Углич";"плиточник в угличе цены"
"Профессии / Плиточник / Углич";"плиточник в угличе на дом"
"Профессии / Плиточник / Углич";"вызвать плиточника в угличе"
"Профессии / Плиточник / Углич";"нанять плиточника в угличе"
"Профессии / Плиточник / Углич";"найти плиточника в угличе"
"Профессии / Плиточник / Углич";"услуги плиточника в угличе"
"Профессии / Плиточник / Углич";"плиточник частник в угличе"
"Профессии / Плиточник / Углич";"плиточник без посредников в угличе"
"Профессии / Плиточник / Углич";"работа плиточник в угличе"
"Профессии / Плиточник / Углич";"подработка плиточник в угличе"
"Профессии / Плиточник / Углич";"требуется плиточник в угличе"
"Профессии / Плиточник / Углич";"вакансия плиточник в угличе"
"Профессии / Плиточник / Ростов Великий";"плиточник в ростове великом"
"Профессии / Плиточник / Ростов Великий";"плиточник ростов великий"
"Профессии / Плиточник / Ростов Великий";"плиточник в ростове великом недорого"
"Профессии / Плиточник / Ростов Великий";"плиточник в ростове великом цены"
"Профессии / Плиточник / Ростов Великий";"плиточник в ростове великом на дом"
"Профессии / Плиточник / Ростов Великий";"вызвать плиточника в ростове великом"
"Профессии / Плиточник / Ростов Великий";"нанять плиточника в ростове великом"
"Профессии / Плиточник / Ростов Великий";"найти плиточника в ростове великом"
"Профессии / Плиточник / Ростов Великий";"услуги плиточника в ростове великом"
"Профессии / Плиточник / Ростов Великий";"плиточник частник в ростове великом"
"Профессии / Плиточник / Ростов Великий";"плиточник без посредников в ростове великом"
"Профессии / Плиточник / Ростов Великий";"работа плиточник в ростове великом"
"Профессии / Плиточник / Ростов Великий";"подработка плиточник в ростове великом"
"Профессии / Плиточник / Ростов Великий";"требуется плиточник в ростове великом"
"Профессии / Плиточник / Ростов Великий";"вакансия плиточник в ростове великом"
"Профессии / Плиточник / Задачи";"укладка плитки на стену"
"Профессии / Плиточник / Задачи";"сколько стоит укладка плитки на стену"
"Профессии / Плиточник / Задачи";"укладка плитки на пол"
"Профессии / Плиточник / Задачи";"сколько стоит укладка плитки на пол"
"Профессии / Плиточник / Задачи";"кухонный фартук под ключ в ярославле"
"Профессии / Плиточник / Задачи";"кухонный фартук под ключ цена"
"Профессии / Плиточник / Задачи";"сколько стоит кухонный фартук под ключ"
"Профессии / Плиточник / Задачи";"санузел под ключ в ярославле"
"Профессии / Плиточник / Задачи";"санузел под ключ цена"
"Профессии / Плиточник / Задачи";"сколько стоит санузел под ключ"
"Профессии / Маляр / Ярославль";"маляр в ярославле"
"Профессии / Маляр / Ярославль";"маляр ярославль"
"Профессии / Маляр / Ярославль";"маляр в ярославле недорого"
"Профессии / Маляр / Ярославль";"маляр в ярославле цены"
"Профессии / Маляр / Ярославль";"маляр в ярославле на дом"
"Профессии / Маляр / Ярославль";"вызвать маляра в ярославле"
"Профессии / Маляр / Ярославль";"нанять маляра в ярославле"
"Профессии / Маляр / Ярославль";"найти маляра в ярославле"
"Профессии / Маляр / Ярославль";"услуги маляра в ярославле"
"Профессии / Маляр / Ярославль";"маляр частник в ярославле"
"Профессии / Маляр / Ярославль";"маляр без посредников в ярославле"
"Профессии / Маляр / Ярославль";"работа маляр в ярославле"
"Профессии / Маляр / Ярославль";"подработка маляр в ярославле"
"Профессии / Маляр / Ярославль";"требуется маляр в ярославле"
"Профессии / Маляр / Ярославль";"вакансия маляр в ярославле"
"Профессии / Маляр / Рыбинск";"маляр в рыбинске"
"Профессии / Маляр / Рыбинск";"маляр рыбинск"
"Профессии / Маляр / Рыбинск";"маляр в рыбинске недорого"
"Профессии / Маляр / Рыбинск";"маляр в рыбинске цены"
"Профессии / Маляр / Рыбинск";"маляр в рыбинске на дом"
"Профессии / Маляр / Рыбинск";"вызвать маляра в рыбинске"
"Профессии / Маляр / Рыбинск";"нанять маляра в рыбинске"
"Профессии / Маляр / Рыбинск";"найти маляра в рыбинске"
"Профессии / Маляр / Рыбинск";"услуги маляра в рыбинске"
"Профессии / Маляр / Рыбинск";"маляр частник в рыбинске"
"Профессии / Маляр / Рыбинск";"маляр без посредников в рыбинске"
"Профессии / Маляр / Рыбинск";"работа маляр в рыбинске"
"Профессии / Маляр / Рыбинск";"подработка маляр в рыбинске"
"Профессии / Маляр / Рыбинск";"требуется маляр в рыбинске"
"Профессии / Маляр / Рыбинск";"вакансия маляр в рыбинске"
"Профессии / Маляр / Тутаев";"маляр в тутаеве"
"Профессии / Маляр / Тутаев";"маляр тутаев"
"Профессии / Маляр / Тутаев";"маляр в тутаеве недорого"
"Профессии / Маляр / Тутаев";"маляр в тутаеве цены"
"Профессии / Маляр / Тутаев";"маляр в тутаеве на дом"
"Профессии / Маляр / Тутаев";"вызвать маляра в тутаеве"
"Профессии / Маляр / Тутаев";"нанять маляра в тутаеве"
"Профессии / Маляр / Тутаев";"найти маляра в тутаеве"
"Профессии / Маляр / Тутаев";"услуги маляра в тутаеве"
"Профессии / Маляр / Тутаев";"маляр частник в тутаеве"
"Профессии / Маляр / Тутаев";"маляр без посредников в тутаеве"
"Профессии / Маляр / Тутаев";"работа маляр в тутаеве"
"Профессии / Маляр / Тутаев";"подработка маляр в тутаеве"
"Профессии / Маляр / Тутаев";"требуется маляр в тутаеве"
"Профессии / Маляр / Тутаев";"вакансия маляр в тутаеве"
"Профессии / Маляр / Переславль-Залесский";"маляр в переславле-залесском"
"Профессии / Маляр / Переславль-Залесский";"маляр переславль-залесский"
"Профессии / Маляр / Переславль-Залесский";"маляр в переславле-залесском недорого"
"Профессии / Маляр / Переславль-Залесский";"маляр в переславле-залесском цены"
"Профессии / Маляр / Переславль-Залесский";"маляр в переславле-залесском на дом"
"Профессии / Маляр / Переславль-Залесский";"вызвать маляра в переславле-залесском"
"Профессии / Маляр / Переславль-Залесский";"нанять маляра в переславле-залесском"
"Профессии / Маляр / Переславль-Залесский";"найти маляра в переславле-залесском"
"Профессии / Маляр / Переславль-Залесский";"услуги маляра в переславле-залесском"
"Профессии / Маляр / Переславль-Залесский";"маляр частник в переславле-залесском"
"Профессии / Маляр / Переславль-Залесский";"маляр без посредников в переславле-залесском"
"Профессии / Маляр / Переславль-Залесский";"работа маляр в переславле-залесском"
"Профессии / Маляр / Переславль-Залесский";"подработка маляр в переславле-залесском"
"Профессии / Маляр / Переславль-Залесский";"требуется маляр в переславле-залесском"
"Профессии / Маляр / Переславль-Залесский";"вакансия маляр в переславле-залесском"
"Профессии / Маляр / Углич";"маляр в угличе"
"Профессии / Маляр / Углич";"маляр углич"
"Профессии / Маляр / Углич";"маляр в угличе недорого"
"Профессии / Маляр / Углич";"маляр в угличе цены"
"Профессии / Маляр / Углич";"маляр в угличе на дом"
"Профессии / Маляр / Углич";"вызвать маляра в угличе"
"Профессии / Маляр / Углич";"нанять маляра в угличе"
"Профессии / Маляр / Углич";"найти маляра в угличе"
"Профессии / Маляр / Углич";"услуги маляра в угличе"
"Профессии / Маляр / Углич";"маляр частник в угличе"
"Профессии / Маляр / Углич";"маляр без посредников в угличе"
"Профессии / Маляр / Углич";"работа маляр в угличе"
"Профессии / Маляр / Углич";"подработка маляр в угличе"
"Профессии / Маляр / Углич";"требуется маляр в угличе"
"Профессии / Маляр / Углич";"вакансия маляр в угличе"
"Профессии / Маляр / Ростов Великий";"маляр в ростове великом"
"Профессии / Маляр / Ростов Великий";"маляр ростов великий"
"Профессии / Маляр / Ростов Великий";"маляр в ростове великом недорого"
"Профессии / Маляр / Ростов Великий";"маляр в ростове великом цены"
"Профессии / Маляр / Ростов Великий";"маляр в ростове великом на дом"
"Профессии / Маляр / Ростов Великий";"вызвать маляра в ростове великом"
"Профессии / Маляр / Ростов Великий";"нанять маляра в ростове великом"
"Профессии / Маляр / Ростов Великий";"найти маляра в ростове великом"
"Профессии / Маляр / Ростов Великий";"услуги маляра в ростове великом"
"Профессии / Маляр / Ростов Великий";"маляр частник в ростове великом"
"Профессии / Маляр / Ростов Великий";"маляр без посредников в ростове великом"
"Профессии / Маляр / Ростов Великий";"работа маляр в ростове великом"
"Профессии / Маляр / Ростов Великий";"подработка маляр в ростове великом"
"Профессии / Маляр / Ростов Великий";"требуется маляр в ростове великом"
"Профессии / Маляр / Ростов Великий";"вакансия маляр в ростове великом"
"Профессии / Маляр / Задачи";"покраска стен"
"Профессии / Маляр / Задачи";"сколько стоит покраска стен"
"Профессии / Маляр / Задачи";"покраска потолка"
"Профессии / Маляр / Задачи";"сколько стоит покраска потолка"
"Профессии / Маляр / Задачи";"покраска батареи в ярославле"
"Профессии / Маляр / Задачи";"покраска батареи цена"
"Профессии / Маляр / Задачи";"сколько стоит покраска батареи"
"Профессии / Маляр / Задачи";"покраска забора"
"Профессии / Маляр / Задачи";"сколько стоит покраска забора"
"Профессии / Отделочник / Ярославль";"отделочник в ярославле"
"Профессии / Отделочник / Ярославль";"отделочник ярославль"
"Профессии / Отделочник / Ярославль";"отделочные работы в ярославле"
"Профессии / Отделочник / Ярославль";"отделочные работы ярославль"
"Профессии / Отделочник / Ярославль";"ремонт квартир в ярославле"
"Профессии / Отделочник / Ярославль";"ремонт квартир ярославль"
"Профессии / Отделочник / Ярославль";"отделка под ключ в ярославле"
"Профессии / Отделочник / Ярославль";"отделка под ключ ярославль"
"Профессии / Отделочник / Ярославль";"ремонт под ключ в ярославле"
"Профессии / Отделочник / Ярославль";"ремонт под ключ ярославль"
"Профессии / Отделочник / Ярославль";"чистовая отделка в ярославле"
"Профессии / Отделочник / Ярославль";"чистовая отделка ярославль"
"Профессии / Отделочник / Ярославль";"отделочник в ярославле недорого"
"Профессии / Отделочник / Ярославль";"отделочник в ярославле цены"
"Профессии / Отделочник / Ярославль";"отделочник в ярославле на дом"
"Профессии / Отделочник / Ярославль";"вызвать отделочника в ярославле"
"Профессии / Отделочник / Ярославль";"нанять отделочника в ярославле"
"Профессии / Отделочник / Ярославль";"найти отделочника в ярославле"
"Профессии / Отделочник / Ярославль";"услуги отделочника в ярославле"
"Профессии / Отделочник / Ярославль";"отделочник частник в ярославле"
"Профессии / Отделочник / Ярославль";"отделочник без посредников в ярославле"
"Профессии / Отделочник / Ярославль";"работа отделочник в ярославле"
"Профессии / Отделочник / Ярославль";"подработка отделочник в ярославле"
"Профессии / Отделочник / Ярославль";"требуется отделочник в ярославле"
"Профессии / Отделочник / Ярославль";"вакансия отделочник в ярославле"
"Профессии / Отделочник / Рыбинск";"отделочник в рыбинске"
"Профессии / Отделочник / Рыбинск";"отделочник рыбинск"
"Профессии / Отделочник / Рыбинск";"отделочные работы в рыбинске"
"Профессии / Отделочник / Рыбинск";"отделочные работы рыбинск"
"Профессии / Отделочник / Рыбинск";"ремонт квартир в рыбинске"
"Профессии / Отделочник / Рыбинск";"ремонт квартир рыбинск"
"Профессии / Отделочник / Рыбинск";"отделка под ключ в рыбинске"
"Профессии / Отделочник / Рыбинск";"отделка под ключ рыбинск"
"Профессии / Отделочник / Рыбинск";"ремонт под ключ в рыбинске"
"Профессии / Отделочник / Рыбинск";"ремонт под ключ рыбинск"
"Профессии / Отделочник / Рыбинск";"чистовая отделка в рыбинске"
"Профессии / Отделочник / Рыбинск";"чистовая отделка рыбинск"
"Профессии / Отделочник / Рыбинск";"отделочник в рыбинске недорого"
"Профессии / Отделочник / Рыбинск";"отделочник в рыбинске цены"
"Профессии / Отделочник / Рыбинск";"отделочник в рыбинске на дом"
"Профессии / Отделочник / Рыбинск";"вызвать отделочника в рыбинске"
"Профессии / Отделочник / Рыбинск";"нанять отделочника в рыбинске"
"Профессии / Отделочник / Рыбинск";"найти отделочника в рыбинске"
"Профессии / Отделочник / Рыбинск";"услуги отделочника в рыбинске"
"Профессии / Отделочник / Рыбинск";"отделочник частник в рыбинске"
"Профессии / Отделочник / Рыбинск";"отделочник без посредников в рыбинске"
"Профессии / Отделочник / Рыбинск";"работа отделочник в рыбинске"
"Профессии / Отделочник / Рыбинск";"подработка отделочник в рыбинске"
"Профессии / Отделочник / Рыбинск";"требуется отделочник в рыбинске"
"Профессии / Отделочник / Рыбинск";"вакансия отделочник в рыбинске"
"Профессии / Отделочник / Тутаев";"отделочник в тутаеве"
"Профессии / Отделочник / Тутаев";"отделочник тутаев"
"Профессии / Отделочник / Тутаев";"отделочные работы в тутаеве"
"Профессии / Отделочник / Тутаев";"отделочные работы тутаев"
"Профессии / Отделочник / Тутаев";"ремонт квартир в тутаеве"
"Профессии / Отделочник / Тутаев";"ремонт квартир тутаев"
"Профессии / Отделочник / Тутаев";"отделка под ключ в тутаеве"
"Профессии / Отделочник / Тутаев";"отделка под ключ тутаев"
"Профессии / Отделочник / Тутаев";"ремонт под ключ в тутаеве"
"Профессии / Отделочник / Тутаев";"ремонт под ключ тутаев"
"Профессии / Отделочник / Тутаев";"чистовая отделка в тутаеве"
"Профессии / Отделочник / Тутаев";"чистовая отделка тутаев"
"Профессии / Отделочник / Тутаев";"отделочник в тутаеве недорого"
"Профессии / Отделочник / Тутаев";"отделочник в тутаеве цены"
"Профессии / Отделочник / Тутаев";"отделочник в тутаеве на дом"
"Профессии / Отделочник / Тутаев";"вызвать отделочника в тутаеве"
"Профессии / Отделочник / Тутаев";"нанять отделочника в тутаеве"
"Профессии / Отделочник / Тутаев";"найти отделочника в тутаеве"
"Профессии / Отделочник / Тутаев";"услуги отделочника в тутаеве"
"Профессии / Отделочник / Тутаев";"отделочник частник в тутаеве"
"Профессии / Отделочник / Тутаев";"отделочник без посредников в тутаеве"
"Профессии / Отделочник / Тутаев";"работа отделочник в тутаеве"
"Профессии / Отделочник / Тутаев";"подработка отделочник в тутаеве"
"Профессии / Отделочник / Тутаев";"требуется отделочник в тутаеве"
"Профессии / Отделочник / Тутаев";"вакансия отделочник в тутаеве"
"Профессии / Отделочник / Переславль-Залесский";"отделочник в переславле-залесском"
"Профессии / Отделочник / Переславль-Залесский";"отделочник переславль-залесский"
"Профессии / Отделочник / Переславль-Залесский";"отделочные работы в переславле-залесском"
"Профессии / Отделочник / Переславль-Залесский";"отделочные работы переславль-залесский"
"Профессии / Отделочник / Переславль-Залесский";"ремонт квартир в переславле-залесском"
"Профессии / Отделочник / Переславль-Залесский";"ремонт квартир переславль-залесский"
"Профессии / Отделочник / Переславль-Залесский";"отделка под ключ в переславле-залесском"
"Профессии / Отделочник / Переславль-Залесский";"отделка под ключ переславль-залесский"
"Профессии / Отделочник / Переславль-Залесский";"ремонт под ключ в переславле-залесском"
"Профессии / Отделочник / Переславль-Залесский";"ремонт под ключ переславль-залесский"
"Профессии / Отделочник / Переславль-Залесский";"чистовая отделка в переславле-залесском"
"Профессии / Отделочник / Переславль-Залесский";"чистовая отделка переславль-залесский"
"Профессии / Отделочник / Переславль-Залесский";"отделочник в переславле-залесском недорого"
"Профессии / Отделочник / Переславль-Залесский";"отделочник в переславле-залесском цены"
"Профессии / Отделочник / Переславль-Залесский";"отделочник в переславле-залесском на дом"
"Профессии / Отделочник / Переславль-Залесский";"вызвать отделочника в переславле-залесском"
"Профессии / Отделочник / Переславль-Залесский";"нанять отделочника в переславле-залесском"
"Профессии / Отделочник / Переславль-Залесский";"найти отделочника в переславле-залесском"
"Профессии / Отделочник / Переславль-Залесский";"услуги отделочника в переславле-залесском"
"Профессии / Отделочник / Переславль-Залесский";"отделочник частник в переславле-залесском"
"Профессии / Отделочник / Переславль-Залесский";"отделочник без посредников в переславле-залесском"
"Профессии / Отделочник / Переславль-Залесский";"работа отделочник в переславле-залесском"
"Профессии / Отделочник / Переславль-Залесский";"подработка отделочник в переславле-залесском"
"Профессии / Отделочник / Переславль-Залесский";"требуется отделочник в переславле-залесском"
"Профессии / Отделочник / Переславль-Залесский";"вакансия отделочник в переславле-залесском"
"Профессии / Отделочник / Углич";"отделочник в угличе"
"Профессии / Отделочник / Углич";"отделочник углич"
"Профессии / Отделочник / Углич";"отделочные работы в угличе"
"Профессии / Отделочник / Углич";"отделочные работы углич"
"Профессии / Отделочник / Углич";"ремонт квартир в угличе"
"Профессии / Отделочник / Углич";"ремонт квартир углич"
"Профессии / Отделочник / Углич";"отделка под ключ в угличе"
"Профессии / Отделочник / Углич";"отделка под ключ углич"
"Профессии / Отделочник / Углич";"ремонт под ключ в угличе"
"Профессии / Отделочник / Углич";"ремонт под ключ углич"
"Профессии / Отделочник / Углич";"чистовая отделка в угличе"
"Профессии / Отделочник / Углич";"чистовая отделка углич"
"Профессии / Отделочник / Углич";"отделочник в угличе недорого"
"Профессии / Отделочник / Углич";"отделочник в угличе цены"
"Профессии / Отделочник / Углич";"отделочник в угличе на дом"
"Профессии / Отделочник / Углич";"вызвать отделочника в угличе"
"Профессии / Отделочник / Углич";"нанять отделочника в угличе"
"Профессии / Отделочник / Углич";"найти отделочника в угличе"
"Профессии / Отделочник / Углич";"услуги отделочника в угличе"
"Профессии / Отделочник / Углич";"отделочник частник в угличе"
"Профессии / Отделочник / Углич";"отделочник без посредников в угличе"
"Профессии / Отделочник / Углич";"работа отделочник в угличе"
"Профессии / Отделочник / Углич";"подработка отделочник в угличе"
"Профессии / Отделочник / Углич";"требуется отделочник в угличе"
"Профессии / Отделочник / Углич";"вакансия отделочник в угличе"
"Профессии / Отделочник / Ростов Великий";"отделочник в ростове великом"
"Профессии / Отделочник / Ростов Великий";"отделочник ростов великий"
"Профессии / Отделочник / Ростов Великий";"отделочные работы в ростове великом"
"Профессии / Отделочник / Ростов Великий";"отделочные работы ростов великий"
"Профессии / Отделочник / Ростов Великий";"ремонт квартир в ростове великом"
"Профессии / Отделочник / Ростов Великий";"ремонт квартир ростов великий"
"Профессии / Отделочник / Ростов Великий";"отделка под ключ в ростове великом"
"Профессии / Отделочник / Ростов Великий";"отделка под ключ ростов великий"
"Профессии / Отделочник / Ростов Великий";"ремонт под ключ в ростове великом"
"Профессии / Отделочник / Ростов Великий";"ремонт под ключ ростов великий"
"Профессии / Отделочник / Ростов Великий";"чистовая отделка в ростове великом"
"Профессии / Отделочник / Ростов Великий";"чистовая отделка ростов великий"
"Профессии / Отделочник / Ростов Великий";"отделочник в ростове великом недорого"
"Профессии / Отделочник / Ростов Великий";"отделочник в ростове великом цены"
"Профессии / Отделочник / Ростов Великий";"отделочник в ростове великом на дом"
"Профессии / Отделочник / Ростов Великий";"вызвать отделочника в ростове великом"
"Профессии / Отделочник / Ростов Великий";"нанять отделочника в ростове великом"
"Профессии / Отделочник / Ростов Великий";"найти отделочника в ростове великом"
"Профессии / Отделочник / Ростов Великий";"услуги отделочника в ростове великом"
"Профессии / Отделочник / Ростов Великий";"отделочник частник в ростове великом"
"Профессии / Отделочник / Ростов Великий";"отделочник без посредников в ростове великом"
"Профессии / Отделочник / Ростов Великий";"работа отделочник в ростове великом"
"Профессии / Отделочник / Ростов Великий";"подработка отделочник в ростове великом"
"Профессии / Отделочник / Ростов Великий";"требуется отделочник в ростове великом"
"Профессии / Отделочник / Ростов Великий";"вакансия отделочник в ростове великом"
"Профессии / Отделочник / Задачи";"ремонт комнаты под ключ"
"Профессии / Отделочник / Задачи";"сколько стоит ремонт комнаты под ключ"
"Профессии / Отделочник / Задачи";"выравнивание стен"
"Профессии / Отделочник / Задачи";"сколько стоит выравнивание стен"
"Профессии / Отделочник / Задачи";"монтаж плинтуса"
"Профессии / Отделочник / Задачи";"сколько стоит монтаж плинтуса"
"Профессии / Отделочник / Задачи";"косметический ремонт комнаты в ярославле"
"Профессии / Отделочник / Задачи";"косметический ремонт комнаты цена"
"Профессии / Отделочник / Задачи";"сколько стоит косметический ремонт комнаты"
"Профессии / Плотник, столяр / Ярославль";"плотник"
"Профессии / Плотник, столяр / Ярославль";"вызвать плотника в ярославле"
"Профессии / Плотник, столяр / Ярославль";"нанять плотника в ярославле"
"Профессии / Плотник, столяр / Ярославль";"найти плотника в ярославле"
"Профессии / Плотник, столяр / Ярославль";"услуги плотника в ярославле"
"Профессии / Плотник, столяр / Ярославль";"работа плотник"
"Профессии / Плотник, столяр / Ярославль";"подработка плотник"
"Профессии / Плотник, столяр / Ярославль";"требуется плотник"
"Профессии / Плотник, столяр / Ярославль";"вакансия плотник"
"Профессии / Плотник, столяр / Рыбинск";"вызвать плотника в рыбинске"
"Профессии / Плотник, столяр / Рыбинск";"нанять плотника в рыбинске"
"Профессии / Плотник, столяр / Рыбинск";"найти плотника в рыбинске"
"Профессии / Плотник, столяр / Рыбинск";"услуги плотника в рыбинске"
"Профессии / Плотник, столяр / Тутаев";"вызвать плотника в тутаеве"
"Профессии / Плотник, столяр / Тутаев";"нанять плотника в тутаеве"
"Профессии / Плотник, столяр / Тутаев";"найти плотника в тутаеве"
"Профессии / Плотник, столяр / Тутаев";"услуги плотника в тутаеве"
"Профессии / Плотник, столяр / Переславль-Залесский";"вызвать плотника в переславле-залесском"
"Профессии / Плотник, столяр / Переславль-Залесский";"нанять плотника в переславле-залесском"
"Профессии / Плотник, столяр / Переславль-Залесский";"найти плотника в переславле-залесском"
"Профессии / Плотник, столяр / Переславль-Залесский";"услуги плотника в переславле-залесском"
"Профессии / Плотник, столяр / Углич";"вызвать плотника в угличе"
"Профессии / Плотник, столяр / Углич";"нанять плотника в угличе"
"Профессии / Плотник, столяр / Углич";"найти плотника в угличе"
"Профессии / Плотник, столяр / Углич";"услуги плотника в угличе"
"Профессии / Плотник, столяр / Ростов Великий";"вызвать плотника в ростове великом"
"Профессии / Плотник, столяр / Ростов Великий";"нанять плотника в ростове великом"
"Профессии / Плотник, столяр / Ростов Великий";"найти плотника в ростове великом"
"Профессии / Плотник, столяр / Ростов Великий";"услуги плотника в ростове великом"
"Профессии / Плотник, столяр / Задачи";"настил половой доски"
"Профессии / Плотник, столяр / Задачи";"сколько стоит настил половой доски"
"Профессии / Плотник, столяр / Задачи";"ремонт крыльца в ярославле"
"Профессии / Плотник, столяр / Задачи";"ремонт крыльца цена"
"Профессии / Плотник, столяр / Задачи";"сколько стоит ремонт крыльца"
"Профессии / Плотник, столяр / Задачи";"изготовление стеллажа в ярославле"
"Профессии / Плотник, столяр / Задачи";"изготовление стеллажа цена"
"Профессии / Плотник, столяр / Задачи";"сколько стоит изготовление стеллажа"
"Профессии / Плотник, столяр / Задачи";"деревянная лестница в ярославле"
"Профессии / Плотник, столяр / Задачи";"деревянная лестница цена"
"Профессии / Плотник, столяр / Задачи";"сколько стоит деревянная лестница"
"Профессии / Каменщик / Ярославль";"каменщик в ярославле"
"Профессии / Каменщик / Ярославль";"каменщик ярославль"
"Профессии / Каменщик / Ярославль";"каменщик в ярославле недорого"
"Профессии / Каменщик / Ярославль";"каменщик в ярославле цены"
"Профессии / Каменщик / Ярославль";"каменщик в ярославле на дом"
"Профессии / Каменщик / Ярославль";"вызвать каменщика в ярославле"
"Профессии / Каменщик / Ярославль";"нанять каменщика в ярославле"
"Профессии / Каменщик / Ярославль";"найти каменщика в ярославле"
"Профессии / Каменщик / Ярославль";"услуги каменщика в ярославле"
"Профессии / Каменщик / Ярославль";"каменщик частник в ярославле"
"Профессии / Каменщик / Ярославль";"каменщик без посредников в ярославле"
"Профессии / Каменщик / Ярославль";"работа каменщик в ярославле"
"Профессии / Каменщик / Ярославль";"подработка каменщик в ярославле"
"Профессии / Каменщик / Ярославль";"требуется каменщик в ярославле"
"Профессии / Каменщик / Ярославль";"вакансия каменщик в ярославле"
"Профессии / Каменщик / Рыбинск";"каменщик в рыбинске"
"Профессии / Каменщик / Рыбинск";"каменщик рыбинск"
"Профессии / Каменщик / Рыбинск";"каменщик в рыбинске недорого"
"Профессии / Каменщик / Рыбинск";"каменщик в рыбинске цены"
"Профессии / Каменщик / Рыбинск";"каменщик в рыбинске на дом"
"Профессии / Каменщик / Рыбинск";"вызвать каменщика в рыбинске"
"Профессии / Каменщик / Рыбинск";"нанять каменщика в рыбинске"
"Профессии / Каменщик / Рыбинск";"найти каменщика в рыбинске"
"Профессии / Каменщик / Рыбинск";"услуги каменщика в рыбинске"
"Профессии / Каменщик / Рыбинск";"каменщик частник в рыбинске"
"Профессии / Каменщик / Рыбинск";"каменщик без посредников в рыбинске"
"Профессии / Каменщик / Рыбинск";"работа каменщик в рыбинске"
"Профессии / Каменщик / Рыбинск";"подработка каменщик в рыбинске"
"Профессии / Каменщик / Рыбинск";"требуется каменщик в рыбинске"
"Профессии / Каменщик / Рыбинск";"вакансия каменщик в рыбинске"
"Профессии / Каменщик / Тутаев";"каменщик в тутаеве"
"Профессии / Каменщик / Тутаев";"каменщик тутаев"
"Профессии / Каменщик / Тутаев";"каменщик в тутаеве недорого"
"Профессии / Каменщик / Тутаев";"каменщик в тутаеве цены"
"Профессии / Каменщик / Тутаев";"каменщик в тутаеве на дом"
"Профессии / Каменщик / Тутаев";"вызвать каменщика в тутаеве"
"Профессии / Каменщик / Тутаев";"нанять каменщика в тутаеве"
"Профессии / Каменщик / Тутаев";"найти каменщика в тутаеве"
"Профессии / Каменщик / Тутаев";"услуги каменщика в тутаеве"
"Профессии / Каменщик / Тутаев";"каменщик частник в тутаеве"
"Профессии / Каменщик / Тутаев";"каменщик без посредников в тутаеве"
"Профессии / Каменщик / Тутаев";"работа каменщик в тутаеве"
"Профессии / Каменщик / Тутаев";"подработка каменщик в тутаеве"
"Профессии / Каменщик / Тутаев";"требуется каменщик в тутаеве"
"Профессии / Каменщик / Тутаев";"вакансия каменщик в тутаеве"
"Профессии / Каменщик / Переславль-Залесский";"каменщик в переславле-залесском"
"Профессии / Каменщик / Переславль-Залесский";"каменщик переславль-залесский"
"Профессии / Каменщик / Переславль-Залесский";"каменщик в переславле-залесском недорого"
"Профессии / Каменщик / Переславль-Залесский";"каменщик в переславле-залесском цены"
"Профессии / Каменщик / Переславль-Залесский";"каменщик в переславле-залесском на дом"
"Профессии / Каменщик / Переславль-Залесский";"вызвать каменщика в переславле-залесском"
"Профессии / Каменщик / Переславль-Залесский";"нанять каменщика в переславле-залесском"
"Профессии / Каменщик / Переславль-Залесский";"найти каменщика в переславле-залесском"
"Профессии / Каменщик / Переславль-Залесский";"услуги каменщика в переславле-залесском"
"Профессии / Каменщик / Переславль-Залесский";"каменщик частник в переславле-залесском"
"Профессии / Каменщик / Переславль-Залесский";"каменщик без посредников в переславле-залесском"
"Профессии / Каменщик / Переславль-Залесский";"работа каменщик в переславле-залесском"
"Профессии / Каменщик / Переславль-Залесский";"подработка каменщик в переславле-залесском"
"Профессии / Каменщик / Переславль-Залесский";"требуется каменщик в переславле-залесском"
"Профессии / Каменщик / Переславль-Залесский";"вакансия каменщик в переславле-залесском"
"Профессии / Каменщик / Углич";"каменщик в угличе"
"Профессии / Каменщик / Углич";"каменщик углич"
"Профессии / Каменщик / Углич";"каменщик в угличе недорого"
"Профессии / Каменщик / Углич";"каменщик в угличе цены"
"Профессии / Каменщик / Углич";"каменщик в угличе на дом"
"Профессии / Каменщик / Углич";"вызвать каменщика в угличе"
"Профессии / Каменщик / Углич";"нанять каменщика в угличе"
"Профессии / Каменщик / Углич";"найти каменщика в угличе"
"Профессии / Каменщик / Углич";"услуги каменщика в угличе"
"Профессии / Каменщик / Углич";"каменщик частник в угличе"
"Профессии / Каменщик / Углич";"каменщик без посредников в угличе"
"Профессии / Каменщик / Углич";"работа каменщик в угличе"
"Профессии / Каменщик / Углич";"подработка каменщик в угличе"
"Профессии / Каменщик / Углич";"требуется каменщик в угличе"
"Профессии / Каменщик / Углич";"вакансия каменщик в угличе"
"Профессии / Каменщик / Ростов Великий";"каменщик в ростове великом"
"Профессии / Каменщик / Ростов Великий";"каменщик ростов великий"
"Профессии / Каменщик / Ростов Великий";"каменщик в ростове великом недорого"
"Профессии / Каменщик / Ростов Великий";"каменщик в ростове великом цены"
"Профессии / Каменщик / Ростов Великий";"каменщик в ростове великом на дом"
"Профессии / Каменщик / Ростов Великий";"вызвать каменщика в ростове великом"
"Профессии / Каменщик / Ростов Великий";"нанять каменщика в ростове великом"
"Профессии / Каменщик / Ростов Великий";"найти каменщика в ростове великом"
"Профессии / Каменщик / Ростов Великий";"услуги каменщика в ростове великом"
"Профессии / Каменщик / Ростов Великий";"каменщик частник в ростове великом"
"Профессии / Каменщик / Ростов Великий";"каменщик без посредников в ростове великом"
"Профессии / Каменщик / Ростов Великий";"работа каменщик в ростове великом"
"Профессии / Каменщик / Ростов Великий";"подработка каменщик в ростове великом"
"Профессии / Каменщик / Ростов Великий";"требуется каменщик в ростове великом"
"Профессии / Каменщик / Ростов Великий";"вакансия каменщик в ростове великом"
"Профессии / Каменщик / Задачи";"кладка кирпича"
"Профессии / Каменщик / Задачи";"сколько стоит кладка кирпича"
"Профессии / Каменщик / Задачи";"кладка газоблока"
"Профессии / Каменщик / Задачи";"сколько стоит кладка газоблока"
"Профессии / Каменщик / Задачи";"кирпичный мангал в ярославле"
"Профессии / Каменщик / Задачи";"кирпичный мангал цена"
"Профессии / Каменщик / Задачи";"сколько стоит кирпичный мангал"
"Профессии / Каменщик / Задачи";"ленточный фундамент"
"Профессии / Каменщик / Задачи";"сколько стоит ленточный фундамент"
"Профессии / Штукатур / Ярославль";"штукатур в ярославле"
"Профессии / Штукатур / Ярославль";"штукатур ярославль"
"Профессии / Штукатур / Ярославль";"штукатур в ярославле недорого"
"Профессии / Штукатур / Ярославль";"штукатур в ярославле цены"
"Профессии / Штукатур / Ярославль";"штукатур в ярославле на дом"
"Профессии / Штукатур / Ярославль";"вызвать штукатура в ярославле"
"Профессии / Штукатур / Ярославль";"нанять штукатура в ярославле"
"Профессии / Штукатур / Ярославль";"найти штукатура в ярославле"
"Профессии / Штукатур / Ярославль";"услуги штукатура в ярославле"
"Профессии / Штукатур / Ярославль";"штукатур частник в ярославле"
"Профессии / Штукатур / Ярославль";"штукатур без посредников в ярославле"
"Профессии / Штукатур / Ярославль";"работа штукатур в ярославле"
"Профессии / Штукатур / Ярославль";"подработка штукатур в ярославле"
"Профессии / Штукатур / Ярославль";"требуется штукатур в ярославле"
"Профессии / Штукатур / Ярославль";"вакансия штукатур в ярославле"
"Профессии / Штукатур / Рыбинск";"штукатур в рыбинске"
"Профессии / Штукатур / Рыбинск";"штукатур рыбинск"
"Профессии / Штукатур / Рыбинск";"штукатур в рыбинске недорого"
"Профессии / Штукатур / Рыбинск";"штукатур в рыбинске цены"
"Профессии / Штукатур / Рыбинск";"штукатур в рыбинске на дом"
"Профессии / Штукатур / Рыбинск";"вызвать штукатура в рыбинске"
"Профессии / Штукатур / Рыбинск";"нанять штукатура в рыбинске"
"Профессии / Штукатур / Рыбинск";"найти штукатура в рыбинске"
"Профессии / Штукатур / Рыбинск";"услуги штукатура в рыбинске"
"Профессии / Штукатур / Рыбинск";"штукатур частник в рыбинске"
"Профессии / Штукатур / Рыбинск";"штукатур без посредников в рыбинске"
"Профессии / Штукатур / Рыбинск";"работа штукатур в рыбинске"
"Профессии / Штукатур / Рыбинск";"подработка штукатур в рыбинске"
"Профессии / Штукатур / Рыбинск";"требуется штукатур в рыбинске"
"Профессии / Штукатур / Рыбинск";"вакансия штукатур в рыбинске"
"Профессии / Штукатур / Тутаев";"штукатур в тутаеве"
"Профессии / Штукатур / Тутаев";"штукатур тутаев"
"Профессии / Штукатур / Тутаев";"штукатур в тутаеве недорого"
"Профессии / Штукатур / Тутаев";"штукатур в тутаеве цены"
"Профессии / Штукатур / Тутаев";"штукатур в тутаеве на дом"
"Профессии / Штукатур / Тутаев";"вызвать штукатура в тутаеве"
"Профессии / Штукатур / Тутаев";"нанять штукатура в тутаеве"
"Профессии / Штукатур / Тутаев";"найти штукатура в тутаеве"
"Профессии / Штукатур / Тутаев";"услуги штукатура в тутаеве"
"Профессии / Штукатур / Тутаев";"штукатур частник в тутаеве"
"Профессии / Штукатур / Тутаев";"штукатур без посредников в тутаеве"
"Профессии / Штукатур / Тутаев";"работа штукатур в тутаеве"
"Профессии / Штукатур / Тутаев";"подработка штукатур в тутаеве"
"Профессии / Штукатур / Тутаев";"требуется штукатур в тутаеве"
"Профессии / Штукатур / Тутаев";"вакансия штукатур в тутаеве"
"Профессии / Штукатур / Переславль-Залесский";"штукатур в переславле-залесском"
"Профессии / Штукатур / Переславль-Залесский";"штукатур переславль-залесский"
"Профессии / Штукатур / Переславль-Залесский";"штукатур в переславле-залесском недорого"
"Профессии / Штукатур / Переславль-Залесский";"штукатур в переславле-залесском цены"
"Профессии / Штукатур / Переславль-Залесский";"штукатур в переславле-залесском на дом"
"Профессии / Штукатур / Переславль-Залесский";"вызвать штукатура в переславле-залесском"
"Профессии / Штукатур / Переславль-Залесский";"нанять штукатура в переславле-залесском"
"Профессии / Штукатур / Переславль-Залесский";"найти штукатура в переславле-залесском"
"Профессии / Штукатур / Переславль-Залесский";"услуги штукатура в переславле-залесском"
"Профессии / Штукатур / Переславль-Залесский";"штукатур частник в переславле-залесском"
"Профессии / Штукатур / Переславль-Залесский";"штукатур без посредников в переславле-залесском"
"Профессии / Штукатур / Переславль-Залесский";"работа штукатур в переславле-залесском"
"Профессии / Штукатур / Переславль-Залесский";"подработка штукатур в переславле-залесском"
"Профессии / Штукатур / Переславль-Залесский";"требуется штукатур в переславле-залесском"
"Профессии / Штукатур / Переславль-Залесский";"вакансия штукатур в переславле-залесском"
"Профессии / Штукатур / Углич";"штукатур в угличе"
"Профессии / Штукатур / Углич";"штукатур углич"
"Профессии / Штукатур / Углич";"штукатур в угличе недорого"
"Профессии / Штукатур / Углич";"штукатур в угличе цены"
"Профессии / Штукатур / Углич";"штукатур в угличе на дом"
"Профессии / Штукатур / Углич";"вызвать штукатура в угличе"
"Профессии / Штукатур / Углич";"нанять штукатура в угличе"
"Профессии / Штукатур / Углич";"найти штукатура в угличе"
"Профессии / Штукатур / Углич";"услуги штукатура в угличе"
"Профессии / Штукатур / Углич";"штукатур частник в угличе"
"Профессии / Штукатур / Углич";"штукатур без посредников в угличе"
"Профессии / Штукатур / Углич";"работа штукатур в угличе"
"Профессии / Штукатур / Углич";"подработка штукатур в угличе"
"Профессии / Штукатур / Углич";"требуется штукатур в угличе"
"Профессии / Штукатур / Углич";"вакансия штукатур в угличе"
"Профессии / Штукатур / Ростов Великий";"штукатур в ростове великом"
"Профессии / Штукатур / Ростов Великий";"штукатур ростов великий"
"Профессии / Штукатур / Ростов Великий";"штукатур в ростове великом недорого"
"Профессии / Штукатур / Ростов Великий";"штукатур в ростове великом цены"
"Профессии / Штукатур / Ростов Великий";"штукатур в ростове великом на дом"
"Профессии / Штукатур / Ростов Великий";"вызвать штукатура в ростове великом"
"Профессии / Штукатур / Ростов Великий";"нанять штукатура в ростове великом"
"Профессии / Штукатур / Ростов Великий";"найти штукатура в ростове великом"
"Профессии / Штукатур / Ростов Великий";"услуги штукатура в ростове великом"
"Профессии / Штукатур / Ростов Великий";"штукатур частник в ростове великом"
"Профессии / Штукатур / Ростов Великий";"штукатур без посредников в ростове великом"
"Профессии / Штукатур / Ростов Великий";"работа штукатур в ростове великом"
"Профессии / Штукатур / Ростов Великий";"подработка штукатур в ростове великом"
"Профессии / Штукатур / Ростов Великий";"требуется штукатур в ростове великом"
"Профессии / Штукатур / Ростов Великий";"вакансия штукатур в ростове великом"
"Профессии / Штукатур / Задачи";"штукатурка стен по маякам"
"Профессии / Штукатур / Задачи";"сколько стоит штукатурка стен по маякам"
"Профессии / Штукатур / Задачи";"шпаклёвка под покраску"
"Профессии / Штукатур / Задачи";"сколько стоит шпаклёвка под покраску"
"Профессии / Штукатур / Задачи";"штукатурка откосов"
"Профессии / Штукатур / Задачи";"сколько стоит штукатурка откосов"
"Профессии / Штукатур / Задачи";"машинная штукатурка"
"Профессии / Штукатур / Задачи";"сколько стоит машинная штукатурка"
"Профессии / Обойщик / Ярославль";"обойщик в ярославле"
"Профессии / Обойщик / Ярославль";"обойщик ярославль"
"Профессии / Обойщик / Ярославль";"обойщик в ярославле недорого"
"Профессии / Обойщик / Ярославль";"обойщик в ярославле цены"
"Профессии / Обойщик / Ярославль";"обойщик в ярославле на дом"
"Профессии / Обойщик / Ярославль";"вызвать мастера по обоям в ярославле"
"Профессии / Обойщик / Ярославль";"нанять мастера по обоям в ярославле"
"Профессии / Обойщик / Ярославль";"найти мастера по обоям в ярославле"
"Профессии / Обойщик / Ярославль";"услуги мастера по обоям в ярославле"
"Профессии / Обойщик / Ярославль";"обойщик частник в ярославле"
"Профессии / Обойщик / Ярославль";"обойщик без посредников в ярославле"
"Профессии / Обойщик / Ярославль";"работа обойщик в ярославле"
"Профессии / Обойщик / Ярославль";"подработка обойщик в ярославле"
"Профессии / Обойщик / Ярославль";"требуется обойщик в ярославле"
"Профессии / Обойщик / Ярославль";"вакансия обойщик в ярославле"
"Профессии / Обойщик / Рыбинск";"обойщик в рыбинске"
"Профессии / Обойщик / Рыбинск";"обойщик рыбинск"
"Профессии / Обойщик / Рыбинск";"обойщик в рыбинске недорого"
"Профессии / Обойщик / Рыбинск";"обойщик в рыбинске цены"
"Профессии / Обойщик / Рыбинск";"обойщик в рыбинске на дом"
"Профессии / Обойщик / Рыбинск";"вызвать мастера по обоям в рыбинске"
"Профессии / Обойщик / Рыбинск";"нанять мастера по обоям в рыбинске"
"Профессии / Обойщик / Рыбинск";"найти мастера по обоям в рыбинске"
"Профессии / Обойщик / Рыбинск";"услуги мастера по обоям в рыбинске"
"Профессии / Обойщик / Рыбинск";"обойщик частник в рыбинске"
"Профессии / Обойщик / Рыбинск";"обойщик без посредников в рыбинске"
"Профессии / Обойщик / Рыбинск";"работа обойщик в рыбинске"
"Профессии / Обойщик / Рыбинск";"подработка обойщик в рыбинске"
"Профессии / Обойщик / Рыбинск";"требуется обойщик в рыбинске"
"Профессии / Обойщик / Рыбинск";"вакансия обойщик в рыбинске"
"Профессии / Обойщик / Тутаев";"обойщик в тутаеве"
"Профессии / Обойщик / Тутаев";"обойщик тутаев"
"Профессии / Обойщик / Тутаев";"обойщик в тутаеве недорого"
"Профессии / Обойщик / Тутаев";"обойщик в тутаеве цены"
"Профессии / Обойщик / Тутаев";"обойщик в тутаеве на дом"
"Профессии / Обойщик / Тутаев";"вызвать мастера по обоям в тутаеве"
"Профессии / Обойщик / Тутаев";"нанять мастера по обоям в тутаеве"
"Профессии / Обойщик / Тутаев";"найти мастера по обоям в тутаеве"
"Профессии / Обойщик / Тутаев";"услуги мастера по обоям в тутаеве"
"Профессии / Обойщик / Тутаев";"обойщик частник в тутаеве"
"Профессии / Обойщик / Тутаев";"обойщик без посредников в тутаеве"
"Профессии / Обойщик / Тутаев";"работа обойщик в тутаеве"
"Профессии / Обойщик / Тутаев";"подработка обойщик в тутаеве"
"Профессии / Обойщик / Тутаев";"требуется обойщик в тутаеве"
"Профессии / Обойщик / Тутаев";"вакансия обойщик в тутаеве"
"Профессии / Обойщик / Переславль-Залесский";"обойщик в переславле-залесском"
"Профессии / Обойщик / Переславль-Залесский";"обойщик переславль-залесский"
"Профессии / Обойщик / Переславль-Залесский";"обойщик в переславле-залесском недорого"
"Профессии / Обойщик / Переславль-Залесский";"обойщик в переславле-залесском цены"
"Профессии / Обойщик / Переславль-Залесский";"обойщик в переславле-залесском на дом"
"Профессии / Обойщик / Переславль-Залесский";"вызвать мастера по обоям в переславле-залесском"
"Профессии / Обойщик / Переславль-Залесский";"нанять мастера по обоям в переславле-залесском"
"Профессии / Обойщик / Переславль-Залесский";"найти мастера по обоям в переславле-залесском"
"Профессии / Обойщик / Переславль-Залесский";"услуги мастера по обоям в переславле-залесском"
"Профессии / Обойщик / Переславль-Залесский";"обойщик частник в переславле-залесском"
"Профессии / Обойщик / Переславль-Залесский";"обойщик без посредников в переславле-залесском"
"Профессии / Обойщик / Переславль-Залесский";"работа обойщик в переславле-залесском"
"Профессии / Обойщик / Переславль-Залесский";"подработка обойщик в переславле-залесском"
"Профессии / Обойщик / Переславль-Залесский";"требуется обойщик в переславле-залесском"
"Профессии / Обойщик / Переславль-Залесский";"вакансия обойщик в переславле-залесском"
"Профессии / Обойщик / Углич";"обойщик в угличе"
"Профессии / Обойщик / Углич";"обойщик углич"
"Профессии / Обойщик / Углич";"обойщик в угличе недорого"
"Профессии / Обойщик / Углич";"обойщик в угличе цены"
"Профессии / Обойщик / Углич";"обойщик в угличе на дом"
"Профессии / Обойщик / Углич";"вызвать мастера по обоям в угличе"
"Профессии / Обойщик / Углич";"нанять мастера по обоям в угличе"
"Профессии / Обойщик / Углич";"найти мастера по обоям в угличе"
"Профессии / Обойщик / Углич";"услуги мастера по обоям в угличе"
"Профессии / Обойщик / Углич";"обойщик частник в угличе"
"Профессии / Обойщик / Углич";"обойщик без посредников в угличе"
"Профессии / Обойщик / Углич";"работа обойщик в угличе"
"Профессии / Обойщик / Углич";"подработка обойщик в угличе"
"Профессии / Обойщик / Углич";"требуется обойщик в угличе"
"Профессии / Обойщик / Углич";"вакансия обойщик в угличе"
"Профессии / Обойщик / Ростов Великий";"обойщик в ростове великом"
"Профессии / Обойщик / Ростов Великий";"обойщик ростов великий"
"Профессии / Обойщик / Ростов Великий";"обойщик в ростове великом недорого"
"Профессии / Обойщик / Ростов Великий";"обойщик в ростове великом цены"
"Профессии / Обойщик / Ростов Великий";"обойщик в ростове великом на дом"
"Профессии / Обойщик / Ростов Великий";"вызвать мастера по обоям в ростове великом"
"Профессии / Обойщик / Ростов Великий";"нанять мастера по обоям в ростове великом"
"Профессии / Обойщик / Ростов Великий";"найти мастера по обоям в ростове великом"
"Профессии / Обойщик / Ростов Великий";"услуги мастера по обоям в ростове великом"
"Профессии / Обойщик / Ростов Великий";"обойщик частник в ростове великом"
"Профессии / Обойщик / Ростов Великий";"обойщик без посредников в ростове великом"
"Профессии / Обойщик / Ростов Великий";"работа обойщик в ростове великом"
"Профессии / Обойщик / Ростов Великий";"подработка обойщик в ростове великом"
"Профессии / Обойщик / Ростов Великий";"требуется обойщик в ростове великом"
"Профессии / Обойщик / Ростов Великий";"вакансия обойщик в ростове великом"
"Профессии / Обойщик / Задачи";"поклейка обоев"
"Профессии / Обойщик / Задачи";"сколько стоит поклейка обоев"
"Профессии / Обойщик / Задачи";"снятие старых обоев"
"Профессии / Обойщик / Задачи";"сколько стоит снятие старых обоев"
"Профессии / Обойщик / Задачи";"поклейка флизелина под покраску"
"Профессии / Обойщик / Задачи";"сколько стоит поклейка флизелина под покраску"
"Профессии / Укладка полов / Ярославль";"укладка полов в ярославле"
"Профессии / Укладка полов / Ярославль";"укладка полов ярославль"
"Профессии / Укладка полов / Ярославль";"укладка полов в ярославле недорого"
"Профессии / Укладка полов / Ярославль";"укладка полов в ярославле цены"
"Профессии / Укладка полов / Ярославль";"укладка полов в ярославле на дом"
"Профессии / Укладка полов / Ярославль";"вызвать мастера по полам в ярославле"
"Профессии / Укладка полов / Ярославль";"нанять мастера по полам в ярославле"
"Профессии / Укладка полов / Ярославль";"найти мастера по полам в ярославле"
"Профессии / Укладка полов / Ярославль";"услуги мастера по полам в ярославле"
"Профессии / Укладка полов / Ярославль";"укладка полов частник в ярославле"
"Профессии / Укладка полов / Ярославль";"укладка полов без посредников в ярославле"
"Профессии / Укладка полов / Ярославль";"работа укладка полов в ярославле"
"Профессии / Укладка полов / Ярославль";"подработка укладка полов в ярославле"
"Профессии / Укладка полов / Ярославль";"требуется укладка полов в ярославле"
"Профессии / Укладка полов / Ярославль";"вакансия укладка полов в ярославле"
"Профессии / Укладка полов / Рыбинск";"укладка полов в рыбинске"
"Профессии / Укладка полов / Рыбинск";"укладка полов рыбинск"
"Профессии / Укладка полов / Рыбинск";"укладка полов в рыбинске недорого"
"Профессии / Укладка полов / Рыбинск";"укладка полов в рыбинске цены"
"Профессии / Укладка полов / Рыбинск";"укладка полов в рыбинске на дом"
"Профессии / Укладка полов / Рыбинск";"вызвать мастера по полам в рыбинске"
"Профессии / Укладка полов / Рыбинск";"нанять мастера по полам в рыбинске"
"Профессии / Укладка полов / Рыбинск";"найти мастера по полам в рыбинске"
"Профессии / Укладка полов / Рыбинск";"услуги мастера по полам в рыбинске"
"Профессии / Укладка полов / Рыбинск";"укладка полов частник в рыбинске"
"Профессии / Укладка полов / Рыбинск";"укладка полов без посредников в рыбинске"
"Профессии / Укладка полов / Рыбинск";"работа укладка полов в рыбинске"
"Профессии / Укладка полов / Рыбинск";"подработка укладка полов в рыбинске"
"Профессии / Укладка полов / Рыбинск";"требуется укладка полов в рыбинске"
"Профессии / Укладка полов / Рыбинск";"вакансия укладка полов в рыбинске"
"Профессии / Укладка полов / Тутаев";"укладка полов в тутаеве"
"Профессии / Укладка полов / Тутаев";"укладка полов тутаев"
"Профессии / Укладка полов / Тутаев";"укладка полов в тутаеве недорого"
"Профессии / Укладка полов / Тутаев";"укладка полов в тутаеве цены"
"Профессии / Укладка полов / Тутаев";"укладка полов в тутаеве на дом"
"Профессии / Укладка полов / Тутаев";"вызвать мастера по полам в тутаеве"
"Профессии / Укладка полов / Тутаев";"нанять мастера по полам в тутаеве"
"Профессии / Укладка полов / Тутаев";"найти мастера по полам в тутаеве"
"Профессии / Укладка полов / Тутаев";"услуги мастера по полам в тутаеве"
"Профессии / Укладка полов / Тутаев";"укладка полов частник в тутаеве"
"Профессии / Укладка полов / Тутаев";"укладка полов без посредников в тутаеве"
"Профессии / Укладка полов / Тутаев";"работа укладка полов в тутаеве"
"Профессии / Укладка полов / Тутаев";"подработка укладка полов в тутаеве"
"Профессии / Укладка полов / Тутаев";"требуется укладка полов в тутаеве"
"Профессии / Укладка полов / Тутаев";"вакансия укладка полов в тутаеве"
"Профессии / Укладка полов / Переславль-Залесский";"укладка полов в переславле-залесском"
"Профессии / Укладка полов / Переславль-Залесский";"укладка полов переславль-залесский"
"Профессии / Укладка полов / Переславль-Залесский";"укладка полов в переславле-залесском недорого"
"Профессии / Укладка полов / Переславль-Залесский";"укладка полов в переславле-залесском цены"
"Профессии / Укладка полов / Переславль-Залесский";"укладка полов в переславле-залесском на дом"
"Профессии / Укладка полов / Переславль-Залесский";"вызвать мастера по полам в переславле-залесском"
"Профессии / Укладка полов / Переславль-Залесский";"нанять мастера по полам в переславле-залесском"
"Профессии / Укладка полов / Переславль-Залесский";"найти мастера по полам в переславле-залесском"
"Профессии / Укладка полов / Переславль-Залесский";"услуги мастера по полам в переславле-залесском"
"Профессии / Укладка полов / Переславль-Залесский";"укладка полов частник в переславле-залесском"
"Профессии / Укладка полов / Переславль-Залесский";"укладка полов без посредников в переславле-залесском"
"Профессии / Укладка полов / Переславль-Залесский";"работа укладка полов в переславле-залесском"
"Профессии / Укладка полов / Переславль-Залесский";"подработка укладка полов в переславле-залесском"
"Профессии / Укладка полов / Переславль-Залесский";"требуется укладка полов в переславле-залесском"
"Профессии / Укладка полов / Переславль-Залесский";"вакансия укладка полов в переславле-залесском"
"Профессии / Укладка полов / Углич";"укладка полов в угличе"
"Профессии / Укладка полов / Углич";"укладка полов углич"
"Профессии / Укладка полов / Углич";"укладка полов в угличе недорого"
"Профессии / Укладка полов / Углич";"укладка полов в угличе цены"
"Профессии / Укладка полов / Углич";"укладка полов в угличе на дом"
"Профессии / Укладка полов / Углич";"вызвать мастера по полам в угличе"
"Профессии / Укладка полов / Углич";"нанять мастера по полам в угличе"
"Профессии / Укладка полов / Углич";"найти мастера по полам в угличе"
"Профессии / Укладка полов / Углич";"услуги мастера по полам в угличе"
"Профессии / Укладка полов / Углич";"укладка полов частник в угличе"
"Профессии / Укладка полов / Углич";"укладка полов без посредников в угличе"
"Профессии / Укладка полов / Углич";"работа укладка полов в угличе"
"Профессии / Укладка полов / Углич";"подработка укладка полов в угличе"
"Профессии / Укладка полов / Углич";"требуется укладка полов в угличе"
"Профессии / Укладка полов / Углич";"вакансия укладка полов в угличе"
"Профессии / Укладка полов / Ростов Великий";"укладка полов в ростове великом"
"Профессии / Укладка полов / Ростов Великий";"укладка полов ростов великий"
"Профессии / Укладка полов / Ростов Великий";"укладка полов в ростове великом недорого"
"Профессии / Укладка полов / Ростов Великий";"укладка полов в ростове великом цены"
"Профессии / Укладка полов / Ростов Великий";"укладка полов в ростове великом на дом"
"Профессии / Укладка полов / Ростов Великий";"вызвать мастера по полам в ростове великом"
"Профессии / Укладка полов / Ростов Великий";"нанять мастера по полам в ростове великом"
"Профессии / Укладка полов / Ростов Великий";"найти мастера по полам в ростове великом"
"Профессии / Укладка полов / Ростов Великий";"услуги мастера по полам в ростове великом"
"Профессии / Укладка полов / Ростов Великий";"укладка полов частник в ростове великом"
"Профессии / Укладка полов / Ростов Великий";"укладка полов без посредников в ростове великом"
"Профессии / Укладка полов / Ростов Великий";"работа укладка полов в ростове великом"
"Профессии / Укладка полов / Ростов Великий";"подработка укладка полов в ростове великом"
"Профессии / Укладка полов / Ростов Великий";"требуется укладка полов в ростове великом"
"Профессии / Укладка полов / Ростов Великий";"вакансия укладка полов в ростове великом"
"Профессии / Укладка полов / Задачи";"укладка ламината"
"Профессии / Укладка полов / Задачи";"сколько стоит укладка ламината"
"Профессии / Укладка полов / Задачи";"укладка линолеума"
"Профессии / Укладка полов / Задачи";"сколько стоит укладка линолеума"
"Профессии / Укладка полов / Задачи";"стяжка пола"
"Профессии / Укладка полов / Задачи";"сколько стоит стяжка пола"
"Профессии / Гипсокартон / Ярославль";"гипсокартон в ярославле"
"Профессии / Гипсокартон / Ярославль";"гипсокартон ярославль"
"Профессии / Гипсокартон / Ярославль";"гипсокартон в ярославле недорого"
"Профессии / Гипсокартон / Ярославль";"гипсокартон в ярославле цены"
"Профессии / Гипсокартон / Ярославль";"гипсокартон в ярославле на дом"
"Профессии / Гипсокартон / Ярославль";"вызвать мастера по гипсокартону в ярославле"
"Профессии / Гипсокартон / Ярославль";"нанять мастера по гипсокартону в ярославле"
"Профессии / Гипсокартон / Ярославль";"найти мастера по гипсокартону в ярославле"
"Профессии / Гипсокартон / Ярославль";"услуги мастера по гипсокартону в ярославле"
"Профессии / Гипсокартон / Ярославль";"гипсокартон частник в ярославле"
"Профессии / Гипсокартон / Ярославль";"гипсокартон без посредников в ярославле"
"Профессии / Гипсокартон / Ярославль";"работа гипсокартон в ярославле"
"Профессии / Гипсокартон / Ярославль";"подработка гипсокартон в ярославле"
"Профессии / Гипсокартон / Ярославль";"требуется гипсокартон в ярославле"
"Профессии / Гипсокартон / Ярославль";"вакансия гипсокартон в ярославле"
"Профессии / Гипсокартон / Рыбинск";"гипсокартон в рыбинске"
"Профессии / Гипсокартон / Рыбинск";"гипсокартон рыбинск"
"Профессии / Гипсокартон / Рыбинск";"гипсокартон в рыбинске недорого"
"Профессии / Гипсокартон / Рыбинск";"гипсокартон в рыбинске цены"
"Профессии / Гипсокартон / Рыбинск";"гипсокартон в рыбинске на дом"
"Профессии / Гипсокартон / Рыбинск";"вызвать мастера по гипсокартону в рыбинске"
"Профессии / Гипсокартон / Рыбинск";"нанять мастера по гипсокартону в рыбинске"
"Профессии / Гипсокартон / Рыбинск";"найти мастера по гипсокартону в рыбинске"
"Профессии / Гипсокартон / Рыбинск";"услуги мастера по гипсокартону в рыбинске"
"Профессии / Гипсокартон / Рыбинск";"гипсокартон частник в рыбинске"
"Профессии / Гипсокартон / Рыбинск";"гипсокартон без посредников в рыбинске"
"Профессии / Гипсокартон / Рыбинск";"работа гипсокартон в рыбинске"
"Профессии / Гипсокартон / Рыбинск";"подработка гипсокартон в рыбинске"
"Профессии / Гипсокартон / Рыбинск";"требуется гипсокартон в рыбинске"
"Профессии / Гипсокартон / Рыбинск";"вакансия гипсокартон в рыбинске"
"Профессии / Гипсокартон / Тутаев";"гипсокартон в тутаеве"
"Профессии / Гипсокартон / Тутаев";"гипсокартон тутаев"
"Профессии / Гипсокартон / Тутаев";"гипсокартон в тутаеве недорого"
"Профессии / Гипсокартон / Тутаев";"гипсокартон в тутаеве цены"
"Профессии / Гипсокартон / Тутаев";"гипсокартон в тутаеве на дом"
"Профессии / Гипсокартон / Тутаев";"вызвать мастера по гипсокартону в тутаеве"
"Профессии / Гипсокартон / Тутаев";"нанять мастера по гипсокартону в тутаеве"
"Профессии / Гипсокартон / Тутаев";"найти мастера по гипсокартону в тутаеве"
"Профессии / Гипсокартон / Тутаев";"услуги мастера по гипсокартону в тутаеве"
"Профессии / Гипсокартон / Тутаев";"гипсокартон частник в тутаеве"
"Профессии / Гипсокартон / Тутаев";"гипсокартон без посредников в тутаеве"
"Профессии / Гипсокартон / Тутаев";"работа гипсокартон в тутаеве"
"Профессии / Гипсокартон / Тутаев";"подработка гипсокартон в тутаеве"
"Профессии / Гипсокартон / Тутаев";"требуется гипсокартон в тутаеве"
"Профессии / Гипсокартон / Тутаев";"вакансия гипсокартон в тутаеве"
"Профессии / Гипсокартон / Переславль-Залесский";"гипсокартон в переславле-залесском"
"Профессии / Гипсокартон / Переславль-Залесский";"гипсокартон переславль-залесский"
"Профессии / Гипсокартон / Переславль-Залесский";"гипсокартон в переславле-залесском недорого"
"Профессии / Гипсокартон / Переславль-Залесский";"гипсокартон в переславле-залесском цены"
"Профессии / Гипсокартон / Переславль-Залесский";"гипсокартон в переславле-залесском на дом"
"Профессии / Гипсокартон / Переславль-Залесский";"вызвать мастера по гипсокартону в переславле-залесском"
"Профессии / Гипсокартон / Переславль-Залесский";"нанять мастера по гипсокартону в переславле-залесском"
"Профессии / Гипсокартон / Переславль-Залесский";"найти мастера по гипсокартону в переславле-залесском"
"Профессии / Гипсокартон / Переславль-Залесский";"услуги мастера по гипсокартону в переславле-залесском"
"Профессии / Гипсокартон / Переславль-Залесский";"гипсокартон частник в переславле-залесском"
"Профессии / Гипсокартон / Переславль-Залесский";"гипсокартон без посредников в переславле-залесском"
"Профессии / Гипсокартон / Переславль-Залесский";"работа гипсокартон в переславле-залесском"
"Профессии / Гипсокартон / Переславль-Залесский";"подработка гипсокартон в переславле-залесском"
"Профессии / Гипсокартон / Переславль-Залесский";"требуется гипсокартон в переславле-залесском"
"Профессии / Гипсокартон / Переславль-Залесский";"вакансия гипсокартон в переславле-залесском"
"Профессии / Гипсокартон / Углич";"гипсокартон в угличе"
"Профессии / Гипсокартон / Углич";"гипсокартон углич"
"Профессии / Гипсокартон / Углич";"гипсокартон в угличе недорого"
"Профессии / Гипсокартон / Углич";"гипсокартон в угличе цены"
"Профессии / Гипсокартон / Углич";"гипсокартон в угличе на дом"
"Профессии / Гипсокартон / Углич";"вызвать мастера по гипсокартону в угличе"
"Профессии / Гипсокартон / Углич";"нанять мастера по гипсокартону в угличе"
"Профессии / Гипсокартон / Углич";"найти мастера по гипсокартону в угличе"
"Профессии / Гипсокартон / Углич";"услуги мастера по гипсокартону в угличе"
"Профессии / Гипсокартон / Углич";"гипсокартон частник в угличе"
"Профессии / Гипсокартон / Углич";"гипсокартон без посредников в угличе"
"Профессии / Гипсокартон / Углич";"работа гипсокартон в угличе"
"Профессии / Гипсокартон / Углич";"подработка гипсокартон в угличе"
"Профессии / Гипсокартон / Углич";"требуется гипсокартон в угличе"
"Профессии / Гипсокартон / Углич";"вакансия гипсокартон в угличе"
"Профессии / Гипсокартон / Ростов Великий";"гипсокартон в ростове великом"
"Профессии / Гипсокартон / Ростов Великий";"гипсокартон ростов великий"
"Профессии / Гипсокартон / Ростов Великий";"гипсокартон в ростове великом недорого"
"Профессии / Гипсокартон / Ростов Великий";"гипсокартон в ростове великом цены"
"Профессии / Гипсокартон / Ростов Великий";"гипсокартон в ростове великом на дом"
"Профессии / Гипсокартон / Ростов Великий";"вызвать мастера по гипсокартону в ростове великом"
"Профессии / Гипсокартон / Ростов Великий";"нанять мастера по гипсокартону в ростове великом"
"Профессии / Гипсокартон / Ростов Великий";"найти мастера по гипсокартону в ростове великом"
"Профессии / Гипсокартон / Ростов Великий";"услуги мастера по гипсокартону в ростове великом"
"Профессии / Гипсокартон / Ростов Великий";"гипсокартон частник в ростове великом"
"Профессии / Гипсокартон / Ростов Великий";"гипсокартон без посредников в ростове великом"
"Профессии / Гипсокартон / Ростов Великий";"работа гипсокартон в ростове великом"
"Профессии / Гипсокартон / Ростов Великий";"подработка гипсокартон в ростове великом"
"Профессии / Гипсокартон / Ростов Великий";"требуется гипсокартон в ростове великом"
"Профессии / Гипсокартон / Ростов Великий";"вакансия гипсокартон в ростове великом"
"Профессии / Гипсокартон / Задачи";"перегородка из гипсокартона"
"Профессии / Гипсокартон / Задачи";"сколько стоит перегородка из гипсокартона"
"Профессии / Гипсокартон / Задачи";"потолок из гипсокартона"
"Профессии / Гипсокартон / Задачи";"сколько стоит потолок из гипсокартона"
"Профессии / Гипсокартон / Задачи";"короб для труб"
"Профессии / Гипсокартон / Задачи";"сколько стоит короб для труб"
"Профессии / Гипсокартон / Задачи";"ниша под телевизор в ярославле"
"Профессии / Гипсокартон / Задачи";"ниша под телевизор цена"
"Профессии / Гипсокартон / Задачи";"сколько стоит ниша под телевизор"
"Профессии / Установка дверей / Ярославль";"установка дверей в ярославле"
"Профессии / Установка дверей / Ярославль";"установка дверей ярославль"
"Профессии / Установка дверей / Ярославль";"установка дверей в ярославле недорого"
"Профессии / Установка дверей / Ярославль";"установка дверей в ярославле цены"
"Профессии / Установка дверей / Ярославль";"установка дверей в ярославле на дом"
"Профессии / Установка дверей / Ярославль";"вызвать мастера по дверям в ярославле"
"Профессии / Установка дверей / Ярославль";"нанять мастера по дверям в ярославле"
"Профессии / Установка дверей / Ярославль";"найти мастера по дверям в ярославле"
"Профессии / Установка дверей / Ярославль";"услуги мастера по дверям в ярославле"
"Профессии / Установка дверей / Ярославль";"установка дверей частник в ярославле"
"Профессии / Установка дверей / Ярославль";"установка дверей без посредников в ярославле"
"Профессии / Установка дверей / Ярославль";"работа установка дверей в ярославле"
"Профессии / Установка дверей / Ярославль";"подработка установка дверей в ярославле"
"Профессии / Установка дверей / Ярославль";"требуется установка дверей в ярославле"
"Профессии / Установка дверей / Ярославль";"вакансия установка дверей в ярославле"
"Профессии / Установка дверей / Рыбинск";"установка дверей в рыбинске"
"Профессии / Установка дверей / Рыбинск";"установка дверей рыбинск"
"Профессии / Установка дверей / Рыбинск";"установка дверей в рыбинске недорого"
"Профессии / Установка дверей / Рыбинск";"установка дверей в рыбинске цены"
"Профессии / Установка дверей / Рыбинск";"установка дверей в рыбинске на дом"
"Профессии / Установка дверей / Рыбинск";"вызвать мастера по дверям в рыбинске"
"Профессии / Установка дверей / Рыбинск";"нанять мастера по дверям в рыбинске"
"Профессии / Установка дверей / Рыбинск";"найти мастера по дверям в рыбинске"
"Профессии / Установка дверей / Рыбинск";"услуги мастера по дверям в рыбинске"
"Профессии / Установка дверей / Рыбинск";"установка дверей частник в рыбинске"
"Профессии / Установка дверей / Рыбинск";"установка дверей без посредников в рыбинске"
"Профессии / Установка дверей / Рыбинск";"работа установка дверей в рыбинске"
"Профессии / Установка дверей / Рыбинск";"подработка установка дверей в рыбинске"
"Профессии / Установка дверей / Рыбинск";"требуется установка дверей в рыбинске"
"Профессии / Установка дверей / Рыбинск";"вакансия установка дверей в рыбинске"
"Профессии / Установка дверей / Тутаев";"установка дверей в тутаеве"
"Профессии / Установка дверей / Тутаев";"установка дверей тутаев"
"Профессии / Установка дверей / Тутаев";"установка дверей в тутаеве недорого"
"Профессии / Установка дверей / Тутаев";"установка дверей в тутаеве цены"
"Профессии / Установка дверей / Тутаев";"установка дверей в тутаеве на дом"
"Профессии / Установка дверей / Тутаев";"вызвать мастера по дверям в тутаеве"
"Профессии / Установка дверей / Тутаев";"нанять мастера по дверям в тутаеве"
"Профессии / Установка дверей / Тутаев";"найти мастера по дверям в тутаеве"
"Профессии / Установка дверей / Тутаев";"услуги мастера по дверям в тутаеве"
"Профессии / Установка дверей / Тутаев";"установка дверей частник в тутаеве"
"Профессии / Установка дверей / Тутаев";"установка дверей без посредников в тутаеве"
"Профессии / Установка дверей / Тутаев";"работа установка дверей в тутаеве"
"Профессии / Установка дверей / Тутаев";"подработка установка дверей в тутаеве"
"Профессии / Установка дверей / Тутаев";"требуется установка дверей в тутаеве"
"Профессии / Установка дверей / Тутаев";"вакансия установка дверей в тутаеве"
"Профессии / Установка дверей / Переславль-Залесский";"установка дверей в переславле-залесском"
"Профессии / Установка дверей / Переславль-Залесский";"установка дверей переславль-залесский"
"Профессии / Установка дверей / Переславль-Залесский";"установка дверей в переславле-залесском недорого"
"Профессии / Установка дверей / Переславль-Залесский";"установка дверей в переславле-залесском цены"
"Профессии / Установка дверей / Переславль-Залесский";"установка дверей в переславле-залесском на дом"
"Профессии / Установка дверей / Переславль-Залесский";"вызвать мастера по дверям в переславле-залесском"
"Профессии / Установка дверей / Переславль-Залесский";"нанять мастера по дверям в переславле-залесском"
"Профессии / Установка дверей / Переславль-Залесский";"найти мастера по дверям в переславле-залесском"
"Профессии / Установка дверей / Переславль-Залесский";"услуги мастера по дверям в переславле-залесском"
"Профессии / Установка дверей / Переславль-Залесский";"установка дверей частник в переславле-залесском"
"Профессии / Установка дверей / Переславль-Залесский";"установка дверей без посредников в переславле-залесском"
"Профессии / Установка дверей / Переславль-Залесский";"работа установка дверей в переславле-залесском"
"Профессии / Установка дверей / Переславль-Залесский";"подработка установка дверей в переславле-залесском"
"Профессии / Установка дверей / Переславль-Залесский";"требуется установка дверей в переславле-залесском"
"Профессии / Установка дверей / Переславль-Залесский";"вакансия установка дверей в переславле-залесском"
"Профессии / Установка дверей / Углич";"установка дверей в угличе"
"Профессии / Установка дверей / Углич";"установка дверей углич"
"Профессии / Установка дверей / Углич";"установка дверей в угличе недорого"
"Профессии / Установка дверей / Углич";"установка дверей в угличе цены"
"Профессии / Установка дверей / Углич";"установка дверей в угличе на дом"
"Профессии / Установка дверей / Углич";"вызвать мастера по дверям в угличе"
"Профессии / Установка дверей / Углич";"нанять мастера по дверям в угличе"
"Профессии / Установка дверей / Углич";"найти мастера по дверям в угличе"
"Профессии / Установка дверей / Углич";"услуги мастера по дверям в угличе"
"Профессии / Установка дверей / Углич";"установка дверей частник в угличе"
"Профессии / Установка дверей / Углич";"установка дверей без посредников в угличе"
"Профессии / Установка дверей / Углич";"работа установка дверей в угличе"
"Профессии / Установка дверей / Углич";"подработка установка дверей в угличе"
"Профессии / Установка дверей / Углич";"требуется установка дверей в угличе"
"Профессии / Установка дверей / Углич";"вакансия установка дверей в угличе"
"Профессии / Установка дверей / Ростов Великий";"установка дверей в ростове великом"
"Профессии / Установка дверей / Ростов Великий";"установка дверей ростов великий"
"Профессии / Установка дверей / Ростов Великий";"установка дверей в ростове великом недорого"
"Профессии / Установка дверей / Ростов Великий";"установка дверей в ростове великом цены"
"Профессии / Установка дверей / Ростов Великий";"установка дверей в ростове великом на дом"
"Профессии / Установка дверей / Ростов Великий";"вызвать мастера по дверям в ростове великом"
"Профессии / Установка дверей / Ростов Великий";"нанять мастера по дверям в ростове великом"
"Профессии / Установка дверей / Ростов Великий";"найти мастера по дверям в ростове великом"
"Профессии / Установка дверей / Ростов Великий";"услуги мастера по дверям в ростове великом"
"Профессии / Установка дверей / Ростов Великий";"установка дверей частник в ростове великом"
"Профессии / Установка дверей / Ростов Великий";"установка дверей без посредников в ростове великом"
"Профессии / Установка дверей / Ростов Великий";"работа установка дверей в ростове великом"
"Профессии / Установка дверей / Ростов Великий";"подработка установка дверей в ростове великом"
"Профессии / Установка дверей / Ростов Великий";"требуется установка дверей в ростове великом"
"Профессии / Установка дверей / Ростов Великий";"вакансия установка дверей в ростове великом"
"Профессии / Установка дверей / Задачи";"установка межкомнатной двери в ярославле"
"Профессии / Установка дверей / Задачи";"установка межкомнатной двери цена"
"Профессии / Установка дверей / Задачи";"сколько стоит установка межкомнатной двери"
"Профессии / Установка дверей / Задачи";"установка входной двери в ярославле"
"Профессии / Установка дверей / Задачи";"установка входной двери цена"
"Профессии / Установка дверей / Задачи";"сколько стоит установка входной двери"
"Профессии / Установка дверей / Задачи";"демонтаж старой двери в ярославле"
"Профессии / Установка дверей / Задачи";"демонтаж старой двери цена"
"Профессии / Установка дверей / Задачи";"сколько стоит демонтаж старой двери"
"Профессии / Установка дверей / Задачи";"установка доборов и наличников в ярославле"
"Профессии / Установка дверей / Задачи";"установка доборов и наличников цена"
"Профессии / Установка дверей / Задачи";"сколько стоит установка доборов и наличников"
"Профессии / Установка окон / Ярославль";"установка окон в ярославле"
"Профессии / Установка окон / Ярославль";"установка окон ярославль"
"Профессии / Установка окон / Ярославль";"установка окон в ярославле недорого"
"Профессии / Установка окон / Ярославль";"установка окон в ярославле цены"
"Профессии / Установка окон / Ярославль";"установка окон в ярославле на дом"
"Профессии / Установка окон / Ярославль";"вызвать мастера по окнам в ярославле"
"Профессии / Установка окон / Ярославль";"нанять мастера по окнам в ярославле"
"Профессии / Установка окон / Ярославль";"найти мастера по окнам в ярославле"
"Профессии / Установка окон / Ярославль";"услуги мастера по окнам в ярославле"
"Профессии / Установка окон / Ярославль";"установка окон частник в ярославле"
"Профессии / Установка окон / Ярославль";"установка окон без посредников в ярославле"
"Профессии / Установка окон / Ярославль";"работа установка окон в ярославле"
"Профессии / Установка окон / Ярославль";"подработка установка окон в ярославле"
"Профессии / Установка окон / Ярославль";"требуется установка окон в ярославле"
"Профессии / Установка окон / Ярославль";"вакансия установка окон в ярославле"
"Профессии / Установка окон / Рыбинск";"установка окон в рыбинске"
"Профессии / Установка окон / Рыбинск";"установка окон рыбинск"
"Профессии / Установка окон / Рыбинск";"установка окон в рыбинске недорого"
"Профессии / Установка окон / Рыбинск";"установка окон в рыбинске цены"
"Профессии / Установка окон / Рыбинск";"установка окон в рыбинске на дом"
"Профессии / Установка окон / Рыбинск";"вызвать мастера по окнам в рыбинске"
"Профессии / Установка окон / Рыбинск";"нанять мастера по окнам в рыбинске"
"Профессии / Установка окон / Рыбинск";"найти мастера по окнам в рыбинске"
"Профессии / Установка окон / Рыбинск";"услуги мастера по окнам в рыбинске"
"Профессии / Установка окон / Рыбинск";"установка окон частник в рыбинске"
"Профессии / Установка окон / Рыбинск";"установка окон без посредников в рыбинске"
"Профессии / Установка окон / Рыбинск";"работа установка окон в рыбинске"
"Профессии / Установка окон / Рыбинск";"подработка установка окон в рыбинске"
"Профессии / Установка окон / Рыбинск";"требуется установка окон в рыбинске"
"Профессии / Установка окон / Рыбинск";"вакансия установка окон в рыбинске"
"Профессии / Установка окон / Тутаев";"установка окон в тутаеве"
"Профессии / Установка окон / Тутаев";"установка окон тутаев"
"Профессии / Установка окон / Тутаев";"установка окон в тутаеве недорого"
"Профессии / Установка окон / Тутаев";"установка окон в тутаеве цены"
"Профессии / Установка окон / Тутаев";"установка окон в тутаеве на дом"
"Профессии / Установка окон / Тутаев";"вызвать мастера по окнам в тутаеве"
"Профессии / Установка окон / Тутаев";"нанять мастера по окнам в тутаеве"
"Профессии / Установка окон / Тутаев";"найти мастера по окнам в тутаеве"
"Профессии / Установка окон / Тутаев";"услуги мастера по окнам в тутаеве"
"Профессии / Установка окон / Тутаев";"установка окон частник в тутаеве"
"Профессии / Установка окон / Тутаев";"установка окон без посредников в тутаеве"
"Профессии / Установка окон / Тутаев";"работа установка окон в тутаеве"
"Профессии / Установка окон / Тутаев";"подработка установка окон в тутаеве"
"Профессии / Установка окон / Тутаев";"требуется установка окон в тутаеве"
"Профессии / Установка окон / Тутаев";"вакансия установка окон в тутаеве"
"Профессии / Установка окон / Переславль-Залесский";"установка окон в переславле-залесском"
"Профессии / Установка окон / Переславль-Залесский";"установка окон переславль-залесский"
"Профессии / Установка окон / Переславль-Залесский";"установка окон в переславле-залесском недорого"
"Профессии / Установка окон / Переславль-Залесский";"установка окон в переславле-залесском цены"
"Профессии / Установка окон / Переславль-Залесский";"установка окон в переславле-залесском на дом"
"Профессии / Установка окон / Переславль-Залесский";"вызвать мастера по окнам в переславле-залесском"
"Профессии / Установка окон / Переславль-Залесский";"нанять мастера по окнам в переславле-залесском"
"Профессии / Установка окон / Переславль-Залесский";"найти мастера по окнам в переславле-залесском"
"Профессии / Установка окон / Переславль-Залесский";"услуги мастера по окнам в переславле-залесском"
"Профессии / Установка окон / Переславль-Залесский";"установка окон частник в переславле-залесском"
"Профессии / Установка окон / Переславль-Залесский";"установка окон без посредников в переславле-залесском"
"Профессии / Установка окон / Переславль-Залесский";"работа установка окон в переславле-залесском"
"Профессии / Установка окон / Переславль-Залесский";"подработка установка окон в переславле-залесском"
"Профессии / Установка окон / Переславль-Залесский";"требуется установка окон в переславле-залесском"
"Профессии / Установка окон / Переславль-Залесский";"вакансия установка окон в переславле-залесском"
"Профессии / Установка окон / Углич";"установка окон в угличе"
"Профессии / Установка окон / Углич";"установка окон углич"
"Профессии / Установка окон / Углич";"установка окон в угличе недорого"
"Профессии / Установка окон / Углич";"установка окон в угличе цены"
"Профессии / Установка окон / Углич";"установка окон в угличе на дом"
"Профессии / Установка окон / Углич";"вызвать мастера по окнам в угличе"
"Профессии / Установка окон / Углич";"нанять мастера по окнам в угличе"
"Профессии / Установка окон / Углич";"найти мастера по окнам в угличе"
"Профессии / Установка окон / Углич";"услуги мастера по окнам в угличе"
"Профессии / Установка окон / Углич";"установка окон частник в угличе"
"Профессии / Установка окон / Углич";"установка окон без посредников в угличе"
"Профессии / Установка окон / Углич";"работа установка окон в угличе"
"Профессии / Установка окон / Углич";"подработка установка окон в угличе"
"Профессии / Установка окон / Углич";"требуется установка окон в угличе"
"Профессии / Установка окон / Углич";"вакансия установка окон в угличе"
"Профессии / Установка окон / Ростов Великий";"установка окон в ростове великом"
"Профессии / Установка окон / Ростов Великий";"установка окон ростов великий"
"Профессии / Установка окон / Ростов Великий";"установка окон в ростове великом недорого"
"Профессии / Установка окон / Ростов Великий";"установка окон в ростове великом цены"
"Профессии / Установка окон / Ростов Великий";"установка окон в ростове великом на дом"
"Профессии / Установка окон / Ростов Великий";"вызвать мастера по окнам в ростове великом"
"Профессии / Установка окон / Ростов Великий";"нанять мастера по окнам в ростове великом"
"Профессии / Установка окон / Ростов Великий";"найти мастера по окнам в ростове великом"
"Профессии / Установка окон / Ростов Великий";"услуги мастера по окнам в ростове великом"
"Профессии / Установка окон / Ростов Великий";"установка окон частник в ростове великом"
"Профессии / Установка окон / Ростов Великий";"установка окон без посредников в ростове великом"
"Профессии / Установка окон / Ростов Великий";"работа установка окон в ростове великом"
"Профессии / Установка окон / Ростов Великий";"подработка установка окон в ростове великом"
"Профессии / Установка окон / Ростов Великий";"требуется установка окон в ростове великом"
"Профессии / Установка окон / Ростов Великий";"вакансия установка окон в ростове великом"
"Профессии / Установка окон / Задачи";"установка окна в ярославле"
"Профессии / Установка окон / Задачи";"установка окна цена"
"Профессии / Установка окон / Задачи";"сколько стоит установка окна"
"Профессии / Установка окон / Задачи";"отделка откосов в ярославле"
"Профессии / Установка окон / Задачи";"отделка откосов цена"
"Профессии / Установка окон / Задачи";"сколько стоит отделка откосов"
"Профессии / Установка окон / Задачи";"регулировка створок в ярославле"
"Профессии / Установка окон / Задачи";"регулировка створок цена"
"Профессии / Установка окон / Задачи";"сколько стоит регулировка створок"
"Профессии / Установка окон / Задачи";"замена уплотнителя"
"Профессии / Установка окон / Задачи";"сколько стоит замена уплотнителя"
"Профессии / Натяжные потолки / Ярославль";"натяжные потолки в ярославле"
"Профессии / Натяжные потолки / Ярославль";"натяжные потолки ярославль"
"Профессии / Натяжные потолки / Ярославль";"натяжные потолки в ярославле недорого"
"Профессии / Натяжные потолки / Ярославль";"натяжные потолки в ярославле цены"
"Профессии / Натяжные потолки / Ярославль";"натяжные потолки в ярославле на дом"
"Профессии / Натяжные потолки / Ярославль";"вызвать мастера по натяжным потолкам в ярославле"
"Профессии / Натяжные потолки / Ярославль";"нанять мастера по натяжным потолкам в ярославле"
"Профессии / Натяжные потолки / Ярославль";"найти мастера по натяжным потолкам в ярославле"
"Профессии / Натяжные потолки / Ярославль";"услуги мастера по натяжным потолкам в ярославле"
"Профессии / Натяжные потолки / Ярославль";"натяжные потолки частник в ярославле"
"Профессии / Натяжные потолки / Ярославль";"натяжные потолки без посредников в ярославле"
"Профессии / Натяжные потолки / Ярославль";"работа натяжные потолки в ярославле"
"Профессии / Натяжные потолки / Ярославль";"подработка натяжные потолки в ярославле"
"Профессии / Натяжные потолки / Ярославль";"требуется натяжные потолки в ярославле"
"Профессии / Натяжные потолки / Ярославль";"вакансия натяжные потолки в ярославле"
"Профессии / Натяжные потолки / Рыбинск";"натяжные потолки в рыбинске"
"Профессии / Натяжные потолки / Рыбинск";"натяжные потолки рыбинск"
"Профессии / Натяжные потолки / Рыбинск";"натяжные потолки в рыбинске недорого"
"Профессии / Натяжные потолки / Рыбинск";"натяжные потолки в рыбинске цены"
"Профессии / Натяжные потолки / Рыбинск";"натяжные потолки в рыбинске на дом"
"Профессии / Натяжные потолки / Рыбинск";"вызвать мастера по натяжным потолкам в рыбинске"
"Профессии / Натяжные потолки / Рыбинск";"нанять мастера по натяжным потолкам в рыбинске"
"Профессии / Натяжные потолки / Рыбинск";"найти мастера по натяжным потолкам в рыбинске"
"Профессии / Натяжные потолки / Рыбинск";"услуги мастера по натяжным потолкам в рыбинске"
"Профессии / Натяжные потолки / Рыбинск";"натяжные потолки частник в рыбинске"
"Профессии / Натяжные потолки / Рыбинск";"натяжные потолки без посредников в рыбинске"
"Профессии / Натяжные потолки / Рыбинск";"работа натяжные потолки в рыбинске"
"Профессии / Натяжные потолки / Рыбинск";"подработка натяжные потолки в рыбинске"
"Профессии / Натяжные потолки / Рыбинск";"требуется натяжные потолки в рыбинске"
"Профессии / Натяжные потолки / Рыбинск";"вакансия натяжные потолки в рыбинске"
"Профессии / Натяжные потолки / Тутаев";"натяжные потолки в тутаеве"
"Профессии / Натяжные потолки / Тутаев";"натяжные потолки тутаев"
"Профессии / Натяжные потолки / Тутаев";"натяжные потолки в тутаеве недорого"
"Профессии / Натяжные потолки / Тутаев";"натяжные потолки в тутаеве цены"
"Профессии / Натяжные потолки / Тутаев";"натяжные потолки в тутаеве на дом"
"Профессии / Натяжные потолки / Тутаев";"вызвать мастера по натяжным потолкам в тутаеве"
"Профессии / Натяжные потолки / Тутаев";"нанять мастера по натяжным потолкам в тутаеве"
"Профессии / Натяжные потолки / Тутаев";"найти мастера по натяжным потолкам в тутаеве"
"Профессии / Натяжные потолки / Тутаев";"услуги мастера по натяжным потолкам в тутаеве"
"Профессии / Натяжные потолки / Тутаев";"натяжные потолки частник в тутаеве"
"Профессии / Натяжные потолки / Тутаев";"натяжные потолки без посредников в тутаеве"
"Профессии / Натяжные потолки / Тутаев";"работа натяжные потолки в тутаеве"
"Профессии / Натяжные потолки / Тутаев";"подработка натяжные потолки в тутаеве"
"Профессии / Натяжные потолки / Тутаев";"требуется натяжные потолки в тутаеве"
"Профессии / Натяжные потолки / Тутаев";"вакансия натяжные потолки в тутаеве"
"Профессии / Натяжные потолки / Переславль-Залесский";"натяжные потолки в переславле-залесском"
"Профессии / Натяжные потолки / Переславль-Залесский";"натяжные потолки переславль-залесский"
"Профессии / Натяжные потолки / Переславль-Залесский";"натяжные потолки в переславле-залесском недорого"
"Профессии / Натяжные потолки / Переславль-Залесский";"натяжные потолки в переславле-залесском цены"
"Профессии / Натяжные потолки / Переславль-Залесский";"натяжные потолки в переславле-залесском на дом"
"Профессии / Натяжные потолки / Переславль-Залесский";"вызвать мастера по натяжным потолкам в переславле-залесском"
"Профессии / Натяжные потолки / Переславль-Залесский";"нанять мастера по натяжным потолкам в переславле-залесском"
"Профессии / Натяжные потолки / Переславль-Залесский";"найти мастера по натяжным потолкам в переславле-залесском"
"Профессии / Натяжные потолки / Переславль-Залесский";"услуги мастера по натяжным потолкам в переславле-залесском"
"Профессии / Натяжные потолки / Переславль-Залесский";"натяжные потолки частник в переславле-залесском"
"Профессии / Натяжные потолки / Переславль-Залесский";"натяжные потолки без посредников в переславле-залесском"
"Профессии / Натяжные потолки / Переславль-Залесский";"работа натяжные потолки в переславле-залесском"
"Профессии / Натяжные потолки / Переславль-Залесский";"подработка натяжные потолки в переславле-залесском"
"Профессии / Натяжные потолки / Переславль-Залесский";"требуется натяжные потолки в переславле-залесском"
"Профессии / Натяжные потолки / Переславль-Залесский";"вакансия натяжные потолки в переславле-залесском"
"Профессии / Натяжные потолки / Углич";"натяжные потолки в угличе"
"Профессии / Натяжные потолки / Углич";"натяжные потолки углич"
"Профессии / Натяжные потолки / Углич";"натяжные потолки в угличе недорого"
"Профессии / Натяжные потолки / Углич";"натяжные потолки в угличе цены"
"Профессии / Натяжные потолки / Углич";"натяжные потолки в угличе на дом"
"Профессии / Натяжные потолки / Углич";"вызвать мастера по натяжным потолкам в угличе"
"Профессии / Натяжные потолки / Углич";"нанять мастера по натяжным потолкам в угличе"
"Профессии / Натяжные потолки / Углич";"найти мастера по натяжным потолкам в угличе"
"Профессии / Натяжные потолки / Углич";"услуги мастера по натяжным потолкам в угличе"
"Профессии / Натяжные потолки / Углич";"натяжные потолки частник в угличе"
"Профессии / Натяжные потолки / Углич";"натяжные потолки без посредников в угличе"
"Профессии / Натяжные потолки / Углич";"работа натяжные потолки в угличе"
"Профессии / Натяжные потолки / Углич";"подработка натяжные потолки в угличе"
"Профессии / Натяжные потолки / Углич";"требуется натяжные потолки в угличе"
"Профессии / Натяжные потолки / Углич";"вакансия натяжные потолки в угличе"
"Профессии / Натяжные потолки / Ростов Великий";"натяжные потолки в ростове великом"
"Профессии / Натяжные потолки / Ростов Великий";"натяжные потолки ростов великий"
"Профессии / Натяжные потолки / Ростов Великий";"натяжные потолки в ростове великом недорого"
"Профессии / Натяжные потолки / Ростов Великий";"натяжные потолки в ростове великом цены"
"Профессии / Натяжные потолки / Ростов Великий";"натяжные потолки в ростове великом на дом"
"Профессии / Натяжные потолки / Ростов Великий";"вызвать мастера по натяжным потолкам в ростове великом"
"Профессии / Натяжные потолки / Ростов Великий";"нанять мастера по натяжным потолкам в ростове великом"
"Профессии / Натяжные потолки / Ростов Великий";"найти мастера по натяжным потолкам в ростове великом"
"Профессии / Натяжные потолки / Ростов Великий";"услуги мастера по натяжным потолкам в ростове великом"
"Профессии / Натяжные потолки / Ростов Великий";"натяжные потолки частник в ростове великом"
"Профессии / Натяжные потолки / Ростов Великий";"натяжные потолки без посредников в ростове великом"
"Профессии / Натяжные потолки / Ростов Великий";"работа натяжные потолки в ростове великом"
"Профессии / Натяжные потолки / Ростов Великий";"подработка натяжные потолки в ростове великом"
"Профессии / Натяжные потолки / Ростов Великий";"требуется натяжные потолки в ростове великом"
"Профессии / Натяжные потолки / Ростов Великий";"вакансия натяжные потолки в ростове великом"
"Профессии / Натяжные потолки / Задачи";"натяжной потолок"
"Профессии / Натяжные потолки / Задачи";"сколько стоит натяжной потолок"
"Профессии / Натяжные потолки / Задачи";"установка светильника в потолок в ярославле"
"Профессии / Натяжные потолки / Задачи";"установка светильника в потолок цена"
"Профессии / Натяжные потолки / Задачи";"сколько стоит установка светильника в потолок"
"Профессии / Натяжные потолки / Задачи";"обвод трубы в ярославле"
"Профессии / Натяжные потолки / Задачи";"обвод трубы цена"
"Профессии / Натяжные потолки / Задачи";"сколько стоит обвод трубы"
"Профессии / Кровельщик / Ярославль";"кровельщик в ярославле"
"Профессии / Кровельщик / Ярославль";"кровельщик ярославль"
"Профессии / Кровельщик / Ярославль";"кровельщик в ярославле недорого"
"Профессии / Кровельщик / Ярославль";"кровельщик в ярославле цены"
"Профессии / Кровельщик / Ярославль";"кровельщик в ярославле на дом"
"Профессии / Кровельщик / Ярославль";"вызвать кровельщика в ярославле"
"Профессии / Кровельщик / Ярославль";"нанять кровельщика в ярославле"
"Профессии / Кровельщик / Ярославль";"найти кровельщика в ярославле"
"Профессии / Кровельщик / Ярославль";"услуги кровельщика в ярославле"
"Профессии / Кровельщик / Ярославль";"кровельщик частник в ярославле"
"Профессии / Кровельщик / Ярославль";"кровельщик без посредников в ярославле"
"Профессии / Кровельщик / Ярославль";"работа кровельщик в ярославле"
"Профессии / Кровельщик / Ярославль";"подработка кровельщик в ярославле"
"Профессии / Кровельщик / Ярославль";"требуется кровельщик в ярославле"
"Профессии / Кровельщик / Ярославль";"вакансия кровельщик в ярославле"
"Профессии / Кровельщик / Рыбинск";"кровельщик в рыбинске"
"Профессии / Кровельщик / Рыбинск";"кровельщик рыбинск"
"Профессии / Кровельщик / Рыбинск";"кровельщик в рыбинске недорого"
"Профессии / Кровельщик / Рыбинск";"кровельщик в рыбинске цены"
"Профессии / Кровельщик / Рыбинск";"кровельщик в рыбинске на дом"
"Профессии / Кровельщик / Рыбинск";"вызвать кровельщика в рыбинске"
"Профессии / Кровельщик / Рыбинск";"нанять кровельщика в рыбинске"
"Профессии / Кровельщик / Рыбинск";"найти кровельщика в рыбинске"
"Профессии / Кровельщик / Рыбинск";"услуги кровельщика в рыбинске"
"Профессии / Кровельщик / Рыбинск";"кровельщик частник в рыбинске"
"Профессии / Кровельщик / Рыбинск";"кровельщик без посредников в рыбинске"
"Профессии / Кровельщик / Рыбинск";"работа кровельщик в рыбинске"
"Профессии / Кровельщик / Рыбинск";"подработка кровельщик в рыбинске"
"Профессии / Кровельщик / Рыбинск";"требуется кровельщик в рыбинске"
"Профессии / Кровельщик / Рыбинск";"вакансия кровельщик в рыбинске"
"Профессии / Кровельщик / Тутаев";"кровельщик в тутаеве"
"Профессии / Кровельщик / Тутаев";"кровельщик тутаев"
"Профессии / Кровельщик / Тутаев";"кровельщик в тутаеве недорого"
"Профессии / Кровельщик / Тутаев";"кровельщик в тутаеве цены"
"Профессии / Кровельщик / Тутаев";"кровельщик в тутаеве на дом"
"Профессии / Кровельщик / Тутаев";"вызвать кровельщика в тутаеве"
"Профессии / Кровельщик / Тутаев";"нанять кровельщика в тутаеве"
"Профессии / Кровельщик / Тутаев";"найти кровельщика в тутаеве"
"Профессии / Кровельщик / Тутаев";"услуги кровельщика в тутаеве"
"Профессии / Кровельщик / Тутаев";"кровельщик частник в тутаеве"
"Профессии / Кровельщик / Тутаев";"кровельщик без посредников в тутаеве"
"Профессии / Кровельщик / Тутаев";"работа кровельщик в тутаеве"
"Профессии / Кровельщик / Тутаев";"подработка кровельщик в тутаеве"
"Профессии / Кровельщик / Тутаев";"требуется кровельщик в тутаеве"
"Профессии / Кровельщик / Тутаев";"вакансия кровельщик в тутаеве"
"Профессии / Кровельщик / Переславль-Залесский";"кровельщик в переславле-залесском"
"Профессии / Кровельщик / Переславль-Залесский";"кровельщик переславль-залесский"
"Профессии / Кровельщик / Переславль-Залесский";"кровельщик в переславле-залесском недорого"
"Профессии / Кровельщик / Переславль-Залесский";"кровельщик в переславле-залесском цены"
"Профессии / Кровельщик / Переславль-Залесский";"кровельщик в переславле-залесском на дом"
"Профессии / Кровельщик / Переславль-Залесский";"вызвать кровельщика в переславле-залесском"
"Профессии / Кровельщик / Переславль-Залесский";"нанять кровельщика в переславле-залесском"
"Профессии / Кровельщик / Переславль-Залесский";"найти кровельщика в переславле-залесском"
"Профессии / Кровельщик / Переславль-Залесский";"услуги кровельщика в переславле-залесском"
"Профессии / Кровельщик / Переславль-Залесский";"кровельщик частник в переславле-залесском"
"Профессии / Кровельщик / Переславль-Залесский";"кровельщик без посредников в переславле-залесском"
"Профессии / Кровельщик / Переславль-Залесский";"работа кровельщик в переславле-залесском"
"Профессии / Кровельщик / Переславль-Залесский";"подработка кровельщик в переславле-залесском"
"Профессии / Кровельщик / Переславль-Залесский";"требуется кровельщик в переславле-залесском"
"Профессии / Кровельщик / Переславль-Залесский";"вакансия кровельщик в переславле-залесском"
"Профессии / Кровельщик / Углич";"кровельщик в угличе"
"Профессии / Кровельщик / Углич";"кровельщик углич"
"Профессии / Кровельщик / Углич";"кровельщик в угличе недорого"
"Профессии / Кровельщик / Углич";"кровельщик в угличе цены"
"Профессии / Кровельщик / Углич";"кровельщик в угличе на дом"
"Профессии / Кровельщик / Углич";"вызвать кровельщика в угличе"
"Профессии / Кровельщик / Углич";"нанять кровельщика в угличе"
"Профессии / Кровельщик / Углич";"найти кровельщика в угличе"
"Профессии / Кровельщик / Углич";"услуги кровельщика в угличе"
"Профессии / Кровельщик / Углич";"кровельщик частник в угличе"
"Профессии / Кровельщик / Углич";"кровельщик без посредников в угличе"
"Профессии / Кровельщик / Углич";"работа кровельщик в угличе"
"Профессии / Кровельщик / Углич";"подработка кровельщик в угличе"
"Профессии / Кровельщик / Углич";"требуется кровельщик в угличе"
"Профессии / Кровельщик / Углич";"вакансия кровельщик в угличе"
"Профессии / Кровельщик / Ростов Великий";"кровельщик в ростове великом"
"Профессии / Кровельщик / Ростов Великий";"кровельщик ростов великий"
"Профессии / Кровельщик / Ростов Великий";"кровельщик в ростове великом недорого"
"Профессии / Кровельщик / Ростов Великий";"кровельщик в ростове великом цены"
"Профессии / Кровельщик / Ростов Великий";"кровельщик в ростове великом на дом"
"Профессии / Кровельщик / Ростов Великий";"вызвать кровельщика в ростове великом"
"Профессии / Кровельщик / Ростов Великий";"нанять кровельщика в ростове великом"
"Профессии / Кровельщик / Ростов Великий";"найти кровельщика в ростове великом"
"Профессии / Кровельщик / Ростов Великий";"услуги кровельщика в ростове великом"
"Профессии / Кровельщик / Ростов Великий";"кровельщик частник в ростове великом"
"Профессии / Кровельщик / Ростов Великий";"кровельщик без посредников в ростове великом"
"Профессии / Кровельщик / Ростов Великий";"работа кровельщик в ростове великом"
"Профессии / Кровельщик / Ростов Великий";"подработка кровельщик в ростове великом"
"Профессии / Кровельщик / Ростов Великий";"требуется кровельщик в ростове великом"
"Профессии / Кровельщик / Ростов Великий";"вакансия кровельщик в ростове великом"
"Профессии / Кровельщик / Задачи";"монтаж кровли"
"Профессии / Кровельщик / Задачи";"сколько стоит монтаж кровли"
"Профессии / Кровельщик / Задачи";"ремонт протечки в ярославле"
"Профессии / Кровельщик / Задачи";"ремонт протечки цена"
"Профессии / Кровельщик / Задачи";"сколько стоит ремонт протечки"
"Профессии / Кровельщик / Задачи";"монтаж водостока"
"Профессии / Кровельщик / Задачи";"сколько стоит монтаж водостока"
"Профессии / Кровельщик / Задачи";"замена шифера на профлист"
"Профессии / Кровельщик / Задачи";"сколько стоит замена шифера на профлист"
"Профессии / Демонтаж / Ярославль";"демонтаж в ярославле"
"Профессии / Демонтаж / Ярославль";"демонтаж ярославль"
"Профессии / Демонтаж / Ярославль";"демонтаж в ярославле недорого"
"Профессии / Демонтаж / Ярославль";"демонтаж в ярославле цены"
"Профессии / Демонтаж / Ярославль";"демонтаж в ярославле на дом"
"Профессии / Демонтаж / Ярославль";"вызвать мастера по демонтажу в ярославле"
"Профессии / Демонтаж / Ярославль";"нанять мастера по демонтажу в ярославле"
"Профессии / Демонтаж / Ярославль";"найти мастера по демонтажу в ярославле"
"Профессии / Демонтаж / Ярославль";"услуги мастера по демонтажу в ярославле"
"Профессии / Демонтаж / Ярославль";"демонтаж частник в ярославле"
"Профессии / Демонтаж / Ярославль";"демонтаж без посредников в ярославле"
"Профессии / Демонтаж / Ярославль";"работа демонтаж в ярославле"
"Профессии / Демонтаж / Ярославль";"подработка демонтаж в ярославле"
"Профессии / Демонтаж / Ярославль";"требуется демонтаж в ярославле"
"Профессии / Демонтаж / Ярославль";"вакансия демонтаж в ярославле"
"Профессии / Демонтаж / Рыбинск";"демонтаж в рыбинске"
"Профессии / Демонтаж / Рыбинск";"демонтаж рыбинск"
"Профессии / Демонтаж / Рыбинск";"демонтаж в рыбинске недорого"
"Профессии / Демонтаж / Рыбинск";"демонтаж в рыбинске цены"
"Профессии / Демонтаж / Рыбинск";"демонтаж в рыбинске на дом"
"Профессии / Демонтаж / Рыбинск";"вызвать мастера по демонтажу в рыбинске"
"Профессии / Демонтаж / Рыбинск";"нанять мастера по демонтажу в рыбинске"
"Профессии / Демонтаж / Рыбинск";"найти мастера по демонтажу в рыбинске"
"Профессии / Демонтаж / Рыбинск";"услуги мастера по демонтажу в рыбинске"
"Профессии / Демонтаж / Рыбинск";"демонтаж частник в рыбинске"
"Профессии / Демонтаж / Рыбинск";"демонтаж без посредников в рыбинске"
"Профессии / Демонтаж / Рыбинск";"работа демонтаж в рыбинске"
"Профессии / Демонтаж / Рыбинск";"подработка демонтаж в рыбинске"
"Профессии / Демонтаж / Рыбинск";"требуется демонтаж в рыбинске"
"Профессии / Демонтаж / Рыбинск";"вакансия демонтаж в рыбинске"
"Профессии / Демонтаж / Тутаев";"демонтаж в тутаеве"
"Профессии / Демонтаж / Тутаев";"демонтаж тутаев"
"Профессии / Демонтаж / Тутаев";"демонтаж в тутаеве недорого"
"Профессии / Демонтаж / Тутаев";"демонтаж в тутаеве цены"
"Профессии / Демонтаж / Тутаев";"демонтаж в тутаеве на дом"
"Профессии / Демонтаж / Тутаев";"вызвать мастера по демонтажу в тутаеве"
"Профессии / Демонтаж / Тутаев";"нанять мастера по демонтажу в тутаеве"
"Профессии / Демонтаж / Тутаев";"найти мастера по демонтажу в тутаеве"
"Профессии / Демонтаж / Тутаев";"услуги мастера по демонтажу в тутаеве"
"Профессии / Демонтаж / Тутаев";"демонтаж частник в тутаеве"
"Профессии / Демонтаж / Тутаев";"демонтаж без посредников в тутаеве"
"Профессии / Демонтаж / Тутаев";"работа демонтаж в тутаеве"
"Профессии / Демонтаж / Тутаев";"подработка демонтаж в тутаеве"
"Профессии / Демонтаж / Тутаев";"требуется демонтаж в тутаеве"
"Профессии / Демонтаж / Тутаев";"вакансия демонтаж в тутаеве"
"Профессии / Демонтаж / Переславль-Залесский";"демонтаж в переславле-залесском"
"Профессии / Демонтаж / Переславль-Залесский";"демонтаж переславль-залесский"
"Профессии / Демонтаж / Переславль-Залесский";"демонтаж в переславле-залесском недорого"
"Профессии / Демонтаж / Переславль-Залесский";"демонтаж в переславле-залесском цены"
"Профессии / Демонтаж / Переславль-Залесский";"демонтаж в переславле-залесском на дом"
"Профессии / Демонтаж / Переславль-Залесский";"вызвать мастера по демонтажу в переславле-залесском"
"Профессии / Демонтаж / Переславль-Залесский";"нанять мастера по демонтажу в переславле-залесском"
"Профессии / Демонтаж / Переславль-Залесский";"найти мастера по демонтажу в переславле-залесском"
"Профессии / Демонтаж / Переславль-Залесский";"услуги мастера по демонтажу в переславле-залесском"
"Профессии / Демонтаж / Переславль-Залесский";"демонтаж частник в переславле-залесском"
"Профессии / Демонтаж / Переславль-Залесский";"демонтаж без посредников в переславле-залесском"
"Профессии / Демонтаж / Переславль-Залесский";"работа демонтаж в переславле-залесском"
"Профессии / Демонтаж / Переславль-Залесский";"подработка демонтаж в переславле-залесском"
"Профессии / Демонтаж / Переславль-Залесский";"требуется демонтаж в переславле-залесском"
"Профессии / Демонтаж / Переславль-Залесский";"вакансия демонтаж в переславле-залесском"
"Профессии / Демонтаж / Углич";"демонтаж в угличе"
"Профессии / Демонтаж / Углич";"демонтаж углич"
"Профессии / Демонтаж / Углич";"демонтаж в угличе недорого"
"Профессии / Демонтаж / Углич";"демонтаж в угличе цены"
"Профессии / Демонтаж / Углич";"демонтаж в угличе на дом"
"Профессии / Демонтаж / Углич";"вызвать мастера по демонтажу в угличе"
"Профессии / Демонтаж / Углич";"нанять мастера по демонтажу в угличе"
"Профессии / Демонтаж / Углич";"найти мастера по демонтажу в угличе"
"Профессии / Демонтаж / Углич";"услуги мастера по демонтажу в угличе"
"Профессии / Демонтаж / Углич";"демонтаж частник в угличе"
"Профессии / Демонтаж / Углич";"демонтаж без посредников в угличе"
"Профессии / Демонтаж / Углич";"работа демонтаж в угличе"
"Профессии / Демонтаж / Углич";"подработка демонтаж в угличе"
"Профессии / Демонтаж / Углич";"требуется демонтаж в угличе"
"Профессии / Демонтаж / Углич";"вакансия демонтаж в угличе"
"Профессии / Демонтаж / Ростов Великий";"демонтаж в ростове великом"
"Профессии / Демонтаж / Ростов Великий";"демонтаж ростов великий"
"Профессии / Демонтаж / Ростов Великий";"демонтаж в ростове великом недорого"
"Профессии / Демонтаж / Ростов Великий";"демонтаж в ростове великом цены"
"Профессии / Демонтаж / Ростов Великий";"демонтаж в ростове великом на дом"
"Профессии / Демонтаж / Ростов Великий";"вызвать мастера по демонтажу в ростове великом"
"Профессии / Демонтаж / Ростов Великий";"нанять мастера по демонтажу в ростове великом"
"Профессии / Демонтаж / Ростов Великий";"найти мастера по демонтажу в ростове великом"
"Профессии / Демонтаж / Ростов Великий";"услуги мастера по демонтажу в ростове великом"
"Профессии / Демонтаж / Ростов Великий";"демонтаж частник в ростове великом"
"Профессии / Демонтаж / Ростов Великий";"демонтаж без посредников в ростове великом"
"Профессии / Демонтаж / Ростов Великий";"работа демонтаж в ростове великом"
"Профессии / Демонтаж / Ростов Великий";"подработка демонтаж в ростове великом"
"Профессии / Демонтаж / Ростов Великий";"требуется демонтаж в ростове великом"
"Профессии / Демонтаж / Ростов Великий";"вакансия демонтаж в ростове великом"
"Профессии / Демонтаж / Задачи";"демонтаж перегородки"
"Профессии / Демонтаж / Задачи";"сколько стоит демонтаж перегородки"
"Профессии / Демонтаж / Задачи";"снятие плитки"
"Профессии / Демонтаж / Задачи";"сколько стоит снятие плитки"
"Профессии / Демонтаж / Задачи";"демонтаж старого пола"
"Профессии / Демонтаж / Задачи";"сколько стоит демонтаж старого пола"
"Профессии / Демонтаж / Задачи";"разбор сарая или пристройки в ярославле"
"Профессии / Демонтаж / Задачи";"разбор сарая или пристройки цена"
"Профессии / Демонтаж / Задачи";"сколько стоит разбор сарая или пристройки"
"Профессии / Отопление и котлы / Ярославль";"отопление и котлы в ярославле"
"Профессии / Отопление и котлы / Ярославль";"отопление и котлы ярославль"
"Профессии / Отопление и котлы / Ярославль";"отопление и котлы в ярославле недорого"
"Профессии / Отопление и котлы / Ярославль";"отопление и котлы в ярославле цены"
"Профессии / Отопление и котлы / Ярославль";"отопление и котлы в ярославле на дом"
"Профессии / Отопление и котлы / Ярославль";"вызвать мастера по отоплению в ярославле"
"Профессии / Отопление и котлы / Ярославль";"нанять мастера по отоплению в ярославле"
"Профессии / Отопление и котлы / Ярославль";"найти мастера по отоплению в ярославле"
"Профессии / Отопление и котлы / Ярославль";"услуги мастера по отоплению в ярославле"
"Профессии / Отопление и котлы / Ярославль";"отопление и котлы частник в ярославле"
"Профессии / Отопление и котлы / Ярославль";"отопление и котлы без посредников в ярославле"
"Профессии / Отопление и котлы / Ярославль";"работа отопление и котлы в ярославле"
"Профессии / Отопление и котлы / Ярославль";"подработка отопление и котлы в ярославле"
"Профессии / Отопление и котлы / Ярославль";"требуется отопление и котлы в ярославле"
"Профессии / Отопление и котлы / Ярославль";"вакансия отопление и котлы в ярославле"
"Профессии / Отопление и котлы / Рыбинск";"отопление и котлы в рыбинске"
"Профессии / Отопление и котлы / Рыбинск";"отопление и котлы рыбинск"
"Профессии / Отопление и котлы / Рыбинск";"отопление и котлы в рыбинске недорого"
"Профессии / Отопление и котлы / Рыбинск";"отопление и котлы в рыбинске цены"
"Профессии / Отопление и котлы / Рыбинск";"отопление и котлы в рыбинске на дом"
"Профессии / Отопление и котлы / Рыбинск";"вызвать мастера по отоплению в рыбинске"
"Профессии / Отопление и котлы / Рыбинск";"нанять мастера по отоплению в рыбинске"
"Профессии / Отопление и котлы / Рыбинск";"найти мастера по отоплению в рыбинске"
"Профессии / Отопление и котлы / Рыбинск";"услуги мастера по отоплению в рыбинске"
"Профессии / Отопление и котлы / Рыбинск";"отопление и котлы частник в рыбинске"
"Профессии / Отопление и котлы / Рыбинск";"отопление и котлы без посредников в рыбинске"
"Профессии / Отопление и котлы / Рыбинск";"работа отопление и котлы в рыбинске"
"Профессии / Отопление и котлы / Рыбинск";"подработка отопление и котлы в рыбинске"
"Профессии / Отопление и котлы / Рыбинск";"требуется отопление и котлы в рыбинске"
"Профессии / Отопление и котлы / Рыбинск";"вакансия отопление и котлы в рыбинске"
"Профессии / Отопление и котлы / Тутаев";"отопление и котлы в тутаеве"
"Профессии / Отопление и котлы / Тутаев";"отопление и котлы тутаев"
"Профессии / Отопление и котлы / Тутаев";"отопление и котлы в тутаеве недорого"
"Профессии / Отопление и котлы / Тутаев";"отопление и котлы в тутаеве цены"
"Профессии / Отопление и котлы / Тутаев";"отопление и котлы в тутаеве на дом"
"Профессии / Отопление и котлы / Тутаев";"вызвать мастера по отоплению в тутаеве"
"Профессии / Отопление и котлы / Тутаев";"нанять мастера по отоплению в тутаеве"
"Профессии / Отопление и котлы / Тутаев";"найти мастера по отоплению в тутаеве"
"Профессии / Отопление и котлы / Тутаев";"услуги мастера по отоплению в тутаеве"
"Профессии / Отопление и котлы / Тутаев";"отопление и котлы частник в тутаеве"
"Профессии / Отопление и котлы / Тутаев";"отопление и котлы без посредников в тутаеве"
"Профессии / Отопление и котлы / Тутаев";"работа отопление и котлы в тутаеве"
"Профессии / Отопление и котлы / Тутаев";"подработка отопление и котлы в тутаеве"
"Профессии / Отопление и котлы / Тутаев";"требуется отопление и котлы в тутаеве"
"Профессии / Отопление и котлы / Тутаев";"вакансия отопление и котлы в тутаеве"
"Профессии / Отопление и котлы / Переславль-Залесский";"отопление и котлы в переславле-залесском"
"Профессии / Отопление и котлы / Переславль-Залесский";"отопление и котлы переславль-залесский"
"Профессии / Отопление и котлы / Переславль-Залесский";"отопление и котлы в переславле-залесском недорого"
"Профессии / Отопление и котлы / Переславль-Залесский";"отопление и котлы в переславле-залесском цены"
"Профессии / Отопление и котлы / Переславль-Залесский";"отопление и котлы в переславле-залесском на дом"
"Профессии / Отопление и котлы / Переславль-Залесский";"вызвать мастера по отоплению в переславле-залесском"
"Профессии / Отопление и котлы / Переславль-Залесский";"нанять мастера по отоплению в переславле-залесском"
"Профессии / Отопление и котлы / Переславль-Залесский";"найти мастера по отоплению в переславле-залесском"
"Профессии / Отопление и котлы / Переславль-Залесский";"услуги мастера по отоплению в переславле-залесском"
"Профессии / Отопление и котлы / Переславль-Залесский";"отопление и котлы частник в переславле-залесском"
"Профессии / Отопление и котлы / Переславль-Залесский";"отопление и котлы без посредников в переславле-залесском"
"Профессии / Отопление и котлы / Переславль-Залесский";"работа отопление и котлы в переславле-залесском"
"Профессии / Отопление и котлы / Переславль-Залесский";"подработка отопление и котлы в переславле-залесском"
"Профессии / Отопление и котлы / Переславль-Залесский";"требуется отопление и котлы в переславле-залесском"
"Профессии / Отопление и котлы / Переславль-Залесский";"вакансия отопление и котлы в переславле-залесском"
"Профессии / Отопление и котлы / Углич";"отопление и котлы в угличе"
"Профессии / Отопление и котлы / Углич";"отопление и котлы углич"
"Профессии / Отопление и котлы / Углич";"отопление и котлы в угличе недорого"
"Профессии / Отопление и котлы / Углич";"отопление и котлы в угличе цены"
"Профессии / Отопление и котлы / Углич";"отопление и котлы в угличе на дом"
"Профессии / Отопление и котлы / Углич";"вызвать мастера по отоплению в угличе"
"Профессии / Отопление и котлы / Углич";"нанять мастера по отоплению в угличе"
"Профессии / Отопление и котлы / Углич";"найти мастера по отоплению в угличе"
"Профессии / Отопление и котлы / Углич";"услуги мастера по отоплению в угличе"
"Профессии / Отопление и котлы / Углич";"отопление и котлы частник в угличе"
"Профессии / Отопление и котлы / Углич";"отопление и котлы без посредников в угличе"
"Профессии / Отопление и котлы / Углич";"работа отопление и котлы в угличе"
"Профессии / Отопление и котлы / Углич";"подработка отопление и котлы в угличе"
"Профессии / Отопление и котлы / Углич";"требуется отопление и котлы в угличе"
"Профессии / Отопление и котлы / Углич";"вакансия отопление и котлы в угличе"
"Профессии / Отопление и котлы / Ростов Великий";"отопление и котлы в ростове великом"
"Профессии / Отопление и котлы / Ростов Великий";"отопление и котлы ростов великий"
"Профессии / Отопление и котлы / Ростов Великий";"отопление и котлы в ростове великом недорого"
"Профессии / Отопление и котлы / Ростов Великий";"отопление и котлы в ростове великом цены"
"Профессии / Отопление и котлы / Ростов Великий";"отопление и котлы в ростове великом на дом"
"Профессии / Отопление и котлы / Ростов Великий";"вызвать мастера по отоплению в ростове великом"
"Профессии / Отопление и котлы / Ростов Великий";"нанять мастера по отоплению в ростове великом"
"Профессии / Отопление и котлы / Ростов Великий";"найти мастера по отоплению в ростове великом"
"Профессии / Отопление и котлы / Ростов Великий";"услуги мастера по отоплению в ростове великом"
"Профессии / Отопление и котлы / Ростов Великий";"отопление и котлы частник в ростове великом"
"Профессии / Отопление и котлы / Ростов Великий";"отопление и котлы без посредников в ростове великом"
"Профессии / Отопление и котлы / Ростов Великий";"работа отопление и котлы в ростове великом"
"Профессии / Отопление и котлы / Ростов Великий";"подработка отопление и котлы в ростове великом"
"Профессии / Отопление и котлы / Ростов Великий";"требуется отопление и котлы в ростове великом"
"Профессии / Отопление и котлы / Ростов Великий";"вакансия отопление и котлы в ростове великом"
"Профессии / Отопление и котлы / Задачи";"замена радиатора в ярославле"
"Профессии / Отопление и котлы / Задачи";"замена радиатора цена"
"Профессии / Отопление и котлы / Задачи";"сколько стоит замена радиатора"
"Профессии / Отопление и котлы / Задачи";"установка котла в ярославле"
"Профессии / Отопление и котлы / Задачи";"установка котла цена"
"Профессии / Отопление и котлы / Задачи";"сколько стоит установка котла"
"Профессии / Отопление и котлы / Задачи";"монтаж тёплого пола"
"Профессии / Отопление и котлы / Задачи";"сколько стоит монтаж тёплого пола"
"Профессии / Отопление и котлы / Задачи";"промывка системы отопления в ярославле"
"Профессии / Отопление и котлы / Задачи";"промывка системы отопления цена"
"Профессии / Отопление и котлы / Задачи";"сколько стоит промывка системы отопления"
"Профессии / Кондиционеры / Ярославль";"кондиционеры в ярославле"
"Профессии / Кондиционеры / Ярославль";"кондиционеры ярославль"
"Профессии / Кондиционеры / Ярославль";"кондиционеры в ярославле недорого"
"Профессии / Кондиционеры / Ярославль";"кондиционеры в ярославле цены"
"Профессии / Кондиционеры / Ярославль";"кондиционеры в ярославле на дом"
"Профессии / Кондиционеры / Ярославль";"вызвать мастера по кондиционерам в ярославле"
"Профессии / Кондиционеры / Ярославль";"нанять мастера по кондиционерам в ярославле"
"Профессии / Кондиционеры / Ярославль";"найти мастера по кондиционерам в ярославле"
"Профессии / Кондиционеры / Ярославль";"услуги мастера по кондиционерам в ярославле"
"Профессии / Кондиционеры / Ярославль";"кондиционеры частник в ярославле"
"Профессии / Кондиционеры / Ярославль";"кондиционеры без посредников в ярославле"
"Профессии / Кондиционеры / Ярославль";"работа кондиционеры в ярославле"
"Профессии / Кондиционеры / Ярославль";"подработка кондиционеры в ярославле"
"Профессии / Кондиционеры / Ярославль";"требуется кондиционеры в ярославле"
"Профессии / Кондиционеры / Ярославль";"вакансия кондиционеры в ярославле"
"Профессии / Кондиционеры / Рыбинск";"кондиционеры в рыбинске"
"Профессии / Кондиционеры / Рыбинск";"кондиционеры рыбинск"
"Профессии / Кондиционеры / Рыбинск";"кондиционеры в рыбинске недорого"
"Профессии / Кондиционеры / Рыбинск";"кондиционеры в рыбинске цены"
"Профессии / Кондиционеры / Рыбинск";"кондиционеры в рыбинске на дом"
"Профессии / Кондиционеры / Рыбинск";"вызвать мастера по кондиционерам в рыбинске"
"Профессии / Кондиционеры / Рыбинск";"нанять мастера по кондиционерам в рыбинске"
"Профессии / Кондиционеры / Рыбинск";"найти мастера по кондиционерам в рыбинске"
"Профессии / Кондиционеры / Рыбинск";"услуги мастера по кондиционерам в рыбинске"
"Профессии / Кондиционеры / Рыбинск";"кондиционеры частник в рыбинске"
"Профессии / Кондиционеры / Рыбинск";"кондиционеры без посредников в рыбинске"
"Профессии / Кондиционеры / Рыбинск";"работа кондиционеры в рыбинске"
"Профессии / Кондиционеры / Рыбинск";"подработка кондиционеры в рыбинске"
"Профессии / Кондиционеры / Рыбинск";"требуется кондиционеры в рыбинске"
"Профессии / Кондиционеры / Рыбинск";"вакансия кондиционеры в рыбинске"
"Профессии / Кондиционеры / Тутаев";"кондиционеры в тутаеве"
"Профессии / Кондиционеры / Тутаев";"кондиционеры тутаев"
"Профессии / Кондиционеры / Тутаев";"кондиционеры в тутаеве недорого"
"Профессии / Кондиционеры / Тутаев";"кондиционеры в тутаеве цены"
"Профессии / Кондиционеры / Тутаев";"кондиционеры в тутаеве на дом"
"Профессии / Кондиционеры / Тутаев";"вызвать мастера по кондиционерам в тутаеве"
"Профессии / Кондиционеры / Тутаев";"нанять мастера по кондиционерам в тутаеве"
"Профессии / Кондиционеры / Тутаев";"найти мастера по кондиционерам в тутаеве"
"Профессии / Кондиционеры / Тутаев";"услуги мастера по кондиционерам в тутаеве"
"Профессии / Кондиционеры / Тутаев";"кондиционеры частник в тутаеве"
"Профессии / Кондиционеры / Тутаев";"кондиционеры без посредников в тутаеве"
"Профессии / Кондиционеры / Тутаев";"работа кондиционеры в тутаеве"
"Профессии / Кондиционеры / Тутаев";"подработка кондиционеры в тутаеве"
"Профессии / Кондиционеры / Тутаев";"требуется кондиционеры в тутаеве"
"Профессии / Кондиционеры / Тутаев";"вакансия кондиционеры в тутаеве"
"Профессии / Кондиционеры / Переславль-Залесский";"кондиционеры в переславле-залесском"
"Профессии / Кондиционеры / Переславль-Залесский";"кондиционеры переславль-залесский"
"Профессии / Кондиционеры / Переславль-Залесский";"кондиционеры в переславле-залесском недорого"
"Профессии / Кондиционеры / Переславль-Залесский";"кондиционеры в переславле-залесском цены"
"Профессии / Кондиционеры / Переславль-Залесский";"кондиционеры в переславле-залесском на дом"
"Профессии / Кондиционеры / Переславль-Залесский";"вызвать мастера по кондиционерам в переславле-залесском"
"Профессии / Кондиционеры / Переславль-Залесский";"нанять мастера по кондиционерам в переславле-залесском"
"Профессии / Кондиционеры / Переславль-Залесский";"найти мастера по кондиционерам в переславле-залесском"
"Профессии / Кондиционеры / Переславль-Залесский";"услуги мастера по кондиционерам в переславле-залесском"
"Профессии / Кондиционеры / Переславль-Залесский";"кондиционеры частник в переславле-залесском"
"Профессии / Кондиционеры / Переславль-Залесский";"кондиционеры без посредников в переславле-залесском"
"Профессии / Кондиционеры / Переславль-Залесский";"работа кондиционеры в переславле-залесском"
"Профессии / Кондиционеры / Переславль-Залесский";"подработка кондиционеры в переславле-залесском"
"Профессии / Кондиционеры / Переславль-Залесский";"требуется кондиционеры в переславле-залесском"
"Профессии / Кондиционеры / Переславль-Залесский";"вакансия кондиционеры в переславле-залесском"
"Профессии / Кондиционеры / Углич";"кондиционеры в угличе"
"Профессии / Кондиционеры / Углич";"кондиционеры углич"
"Профессии / Кондиционеры / Углич";"кондиционеры в угличе недорого"
"Профессии / Кондиционеры / Углич";"кондиционеры в угличе цены"
"Профессии / Кондиционеры / Углич";"кондиционеры в угличе на дом"
"Профессии / Кондиционеры / Углич";"вызвать мастера по кондиционерам в угличе"
"Профессии / Кондиционеры / Углич";"нанять мастера по кондиционерам в угличе"
"Профессии / Кондиционеры / Углич";"найти мастера по кондиционерам в угличе"
"Профессии / Кондиционеры / Углич";"услуги мастера по кондиционерам в угличе"
"Профессии / Кондиционеры / Углич";"кондиционеры частник в угличе"
"Профессии / Кондиционеры / Углич";"кондиционеры без посредников в угличе"
"Профессии / Кондиционеры / Углич";"работа кондиционеры в угличе"
"Профессии / Кондиционеры / Углич";"подработка кондиционеры в угличе"
"Профессии / Кондиционеры / Углич";"требуется кондиционеры в угличе"
"Профессии / Кондиционеры / Углич";"вакансия кондиционеры в угличе"
"Профессии / Кондиционеры / Ростов Великий";"кондиционеры в ростове великом"
"Профессии / Кондиционеры / Ростов Великий";"кондиционеры ростов великий"
"Профессии / Кондиционеры / Ростов Великий";"кондиционеры в ростове великом недорого"
"Профессии / Кондиционеры / Ростов Великий";"кондиционеры в ростове великом цены"
"Профессии / Кондиционеры / Ростов Великий";"кондиционеры в ростове великом на дом"
"Профессии / Кондиционеры / Ростов Великий";"вызвать мастера по кондиционерам в ростове великом"
"Профессии / Кондиционеры / Ростов Великий";"нанять мастера по кондиционерам в ростове великом"
"Профессии / Кондиционеры / Ростов Великий";"найти мастера по кондиционерам в ростове великом"
"Профессии / Кондиционеры / Ростов Великий";"услуги мастера по кондиционерам в ростове великом"
"Профессии / Кондиционеры / Ростов Великий";"кондиционеры частник в ростове великом"
"Профессии / Кондиционеры / Ростов Великий";"кондиционеры без посредников в ростове великом"
"Профессии / Кондиционеры / Ростов Великий";"работа кондиционеры в ростове великом"
"Профессии / Кондиционеры / Ростов Великий";"подработка кондиционеры в ростове великом"
"Профессии / Кондиционеры / Ростов Великий";"требуется кондиционеры в ростове великом"
"Профессии / Кондиционеры / Ростов Великий";"вакансия кондиционеры в ростове великом"
"Профессии / Кондиционеры / Задачи";"установка сплит-системы в ярославле"
"Профессии / Кондиционеры / Задачи";"установка сплит-системы цена"
"Профессии / Кондиционеры / Задачи";"сколько стоит установка сплит-системы"
"Профессии / Кондиционеры / Задачи";"чистка кондиционера в ярославле"
"Профессии / Кондиционеры / Задачи";"чистка кондиционера цена"
"Профессии / Кондиционеры / Задачи";"сколько стоит чистка кондиционера"
"Профессии / Кондиционеры / Задачи";"заправка фреоном в ярославле"
"Профессии / Кондиционеры / Задачи";"заправка фреоном цена"
"Профессии / Кондиционеры / Задачи";"сколько стоит заправка фреоном"
"Профессии / Кондиционеры / Задачи";"демонтаж кондиционера в ярославле"
"Профессии / Кондиционеры / Задачи";"демонтаж кондиционера цена"
"Профессии / Кондиционеры / Задачи";"сколько стоит демонтаж кондиционера"
"Профессии / Вентиляция / Ярославль";"вентиляция в ярославле"
"Профессии / Вентиляция / Ярославль";"вентиляция ярославль"
"Профессии / Вентиляция / Ярославль";"вентиляция в ярославле недорого"
"Профессии / Вентиляция / Ярославль";"вентиляция в ярославле цены"
"Профессии / Вентиляция / Ярославль";"вентиляция в ярославле на дом"
"Профессии / Вентиляция / Ярославль";"вызвать мастера по вентиляции в ярославле"
"Профессии / Вентиляция / Ярославль";"нанять мастера по вентиляции в ярославле"
"Профессии / Вентиляция / Ярославль";"найти мастера по вентиляции в ярославле"
"Профессии / Вентиляция / Ярославль";"услуги мастера по вентиляции в ярославле"
"Профессии / Вентиляция / Ярославль";"вентиляция частник в ярославле"
"Профессии / Вентиляция / Ярославль";"вентиляция без посредников в ярославле"
"Профессии / Вентиляция / Ярославль";"работа вентиляция в ярославле"
"Профессии / Вентиляция / Ярославль";"подработка вентиляция в ярославле"
"Профессии / Вентиляция / Ярославль";"требуется вентиляция в ярославле"
"Профессии / Вентиляция / Ярославль";"вакансия вентиляция в ярославле"
"Профессии / Вентиляция / Рыбинск";"вентиляция в рыбинске"
"Профессии / Вентиляция / Рыбинск";"вентиляция рыбинск"
"Профессии / Вентиляция / Рыбинск";"вентиляция в рыбинске недорого"
"Профессии / Вентиляция / Рыбинск";"вентиляция в рыбинске цены"
"Профессии / Вентиляция / Рыбинск";"вентиляция в рыбинске на дом"
"Профессии / Вентиляция / Рыбинск";"вызвать мастера по вентиляции в рыбинске"
"Профессии / Вентиляция / Рыбинск";"нанять мастера по вентиляции в рыбинске"
"Профессии / Вентиляция / Рыбинск";"найти мастера по вентиляции в рыбинске"
"Профессии / Вентиляция / Рыбинск";"услуги мастера по вентиляции в рыбинске"
"Профессии / Вентиляция / Рыбинск";"вентиляция частник в рыбинске"
"Профессии / Вентиляция / Рыбинск";"вентиляция без посредников в рыбинске"
"Профессии / Вентиляция / Рыбинск";"работа вентиляция в рыбинске"
"Профессии / Вентиляция / Рыбинск";"подработка вентиляция в рыбинске"
"Профессии / Вентиляция / Рыбинск";"требуется вентиляция в рыбинске"
"Профессии / Вентиляция / Рыбинск";"вакансия вентиляция в рыбинске"
"Профессии / Вентиляция / Тутаев";"вентиляция в тутаеве"
"Профессии / Вентиляция / Тутаев";"вентиляция тутаев"
"Профессии / Вентиляция / Тутаев";"вентиляция в тутаеве недорого"
"Профессии / Вентиляция / Тутаев";"вентиляция в тутаеве цены"
"Профессии / Вентиляция / Тутаев";"вентиляция в тутаеве на дом"
"Профессии / Вентиляция / Тутаев";"вызвать мастера по вентиляции в тутаеве"
"Профессии / Вентиляция / Тутаев";"нанять мастера по вентиляции в тутаеве"
"Профессии / Вентиляция / Тутаев";"найти мастера по вентиляции в тутаеве"
"Профессии / Вентиляция / Тутаев";"услуги мастера по вентиляции в тутаеве"
"Профессии / Вентиляция / Тутаев";"вентиляция частник в тутаеве"
"Профессии / Вентиляция / Тутаев";"вентиляция без посредников в тутаеве"
"Профессии / Вентиляция / Тутаев";"работа вентиляция в тутаеве"
"Профессии / Вентиляция / Тутаев";"подработка вентиляция в тутаеве"
"Профессии / Вентиляция / Тутаев";"требуется вентиляция в тутаеве"
"Профессии / Вентиляция / Тутаев";"вакансия вентиляция в тутаеве"
"Профессии / Вентиляция / Переславль-Залесский";"вентиляция в переславле-залесском"
"Профессии / Вентиляция / Переславль-Залесский";"вентиляция переславль-залесский"
"Профессии / Вентиляция / Переславль-Залесский";"вентиляция в переславле-залесском недорого"
"Профессии / Вентиляция / Переславль-Залесский";"вентиляция в переславле-залесском цены"
"Профессии / Вентиляция / Переславль-Залесский";"вентиляция в переславле-залесском на дом"
"Профессии / Вентиляция / Переславль-Залесский";"вызвать мастера по вентиляции в переславле-залесском"
"Профессии / Вентиляция / Переславль-Залесский";"нанять мастера по вентиляции в переславле-залесском"
"Профессии / Вентиляция / Переславль-Залесский";"найти мастера по вентиляции в переславле-залесском"
"Профессии / Вентиляция / Переславль-Залесский";"услуги мастера по вентиляции в переславле-залесском"
"Профессии / Вентиляция / Переславль-Залесский";"вентиляция частник в переславле-залесском"
"Профессии / Вентиляция / Переславль-Залесский";"вентиляция без посредников в переславле-залесском"
"Профессии / Вентиляция / Переславль-Залесский";"работа вентиляция в переславле-залесском"
"Профессии / Вентиляция / Переславль-Залесский";"подработка вентиляция в переславле-залесском"
"Профессии / Вентиляция / Переславль-Залесский";"требуется вентиляция в переславле-залесском"
"Профессии / Вентиляция / Переславль-Залесский";"вакансия вентиляция в переславле-залесском"
"Профессии / Вентиляция / Углич";"вентиляция в угличе"
"Профессии / Вентиляция / Углич";"вентиляция углич"
"Профессии / Вентиляция / Углич";"вентиляция в угличе недорого"
"Профессии / Вентиляция / Углич";"вентиляция в угличе цены"
"Профессии / Вентиляция / Углич";"вентиляция в угличе на дом"
"Профессии / Вентиляция / Углич";"вызвать мастера по вентиляции в угличе"
"Профессии / Вентиляция / Углич";"нанять мастера по вентиляции в угличе"
"Профессии / Вентиляция / Углич";"найти мастера по вентиляции в угличе"
"Профессии / Вентиляция / Углич";"услуги мастера по вентиляции в угличе"
"Профессии / Вентиляция / Углич";"вентиляция частник в угличе"
"Профессии / Вентиляция / Углич";"вентиляция без посредников в угличе"
"Профессии / Вентиляция / Углич";"работа вентиляция в угличе"
"Профессии / Вентиляция / Углич";"подработка вентиляция в угличе"
"Профессии / Вентиляция / Углич";"требуется вентиляция в угличе"
"Профессии / Вентиляция / Углич";"вакансия вентиляция в угличе"
"Профессии / Вентиляция / Ростов Великий";"вентиляция в ростове великом"
"Профессии / Вентиляция / Ростов Великий";"вентиляция ростов великий"
"Профессии / Вентиляция / Ростов Великий";"вентиляция в ростове великом недорого"
"Профессии / Вентиляция / Ростов Великий";"вентиляция в ростове великом цены"
"Профессии / Вентиляция / Ростов Великий";"вентиляция в ростове великом на дом"
"Профессии / Вентиляция / Ростов Великий";"вызвать мастера по вентиляции в ростове великом"
"Профессии / Вентиляция / Ростов Великий";"нанять мастера по вентиляции в ростове великом"
"Профессии / Вентиляция / Ростов Великий";"найти мастера по вентиляции в ростове великом"
"Профессии / Вентиляция / Ростов Великий";"услуги мастера по вентиляции в ростове великом"
"Профессии / Вентиляция / Ростов Великий";"вентиляция частник в ростове великом"
"Профессии / Вентиляция / Ростов Великий";"вентиляция без посредников в ростове великом"
"Профессии / Вентиляция / Ростов Великий";"работа вентиляция в ростове великом"
"Профессии / Вентиляция / Ростов Великий";"подработка вентиляция в ростове великом"
"Профессии / Вентиляция / Ростов Великий";"требуется вентиляция в ростове великом"
"Профессии / Вентиляция / Ростов Великий";"вакансия вентиляция в ростове великом"
"Профессии / Вентиляция / Задачи";"прочистка вентканала в ярославле"
"Профессии / Вентиляция / Задачи";"прочистка вентканала цена"
"Профессии / Вентиляция / Задачи";"сколько стоит прочистка вентканала"
"Профессии / Вентиляция / Задачи";"установка вытяжного вентилятора в ярославле"
"Профессии / Вентиляция / Задачи";"установка вытяжного вентилятора цена"
"Профессии / Вентиляция / Задачи";"сколько стоит установка вытяжного вентилятора"
"Профессии / Вентиляция / Задачи";"монтаж воздуховода"
"Профессии / Вентиляция / Задачи";"сколько стоит монтаж воздуховода"
"Профессии / Вентиляция / Задачи";"установка приточного клапана в ярославле"
"Профессии / Вентиляция / Задачи";"установка приточного клапана цена"
"Профессии / Вентиляция / Задачи";"сколько стоит установка приточного клапана"
"Профессии / Скважины и колодцы / Ярославль";"скважины и колодцы в ярославле"
"Профессии / Скважины и колодцы / Ярославль";"скважины и колодцы ярославль"
"Профессии / Скважины и колодцы / Ярославль";"скважины и колодцы в ярославле недорого"
"Профессии / Скважины и колодцы / Ярославль";"скважины и колодцы в ярославле цены"
"Профессии / Скважины и колодцы / Ярославль";"скважины и колодцы в ярославле на дом"
"Профессии / Скважины и колодцы / Ярославль";"вызвать мастера по скважинам в ярославле"
"Профессии / Скважины и колодцы / Ярославль";"нанять мастера по скважинам в ярославле"
"Профессии / Скважины и колодцы / Ярославль";"найти мастера по скважинам в ярославле"
"Профессии / Скважины и колодцы / Ярославль";"услуги мастера по скважинам в ярославле"
"Профессии / Скважины и колодцы / Ярославль";"скважины и колодцы частник в ярославле"
"Профессии / Скважины и колодцы / Ярославль";"скважины и колодцы без посредников в ярославле"
"Профессии / Скважины и колодцы / Ярославль";"работа скважины и колодцы в ярославле"
"Профессии / Скважины и колодцы / Ярославль";"подработка скважины и колодцы в ярославле"
"Профессии / Скважины и колодцы / Ярославль";"требуется скважины и колодцы в ярославле"
"Профессии / Скважины и колодцы / Ярославль";"вакансия скважины и колодцы в ярославле"
"Профессии / Скважины и колодцы / Рыбинск";"скважины и колодцы в рыбинске"
"Профессии / Скважины и колодцы / Рыбинск";"скважины и колодцы рыбинск"
"Профессии / Скважины и колодцы / Рыбинск";"скважины и колодцы в рыбинске недорого"
"Профессии / Скважины и колодцы / Рыбинск";"скважины и колодцы в рыбинске цены"
"Профессии / Скважины и колодцы / Рыбинск";"скважины и колодцы в рыбинске на дом"
"Профессии / Скважины и колодцы / Рыбинск";"вызвать мастера по скважинам в рыбинске"
"Профессии / Скважины и колодцы / Рыбинск";"нанять мастера по скважинам в рыбинске"
"Профессии / Скважины и колодцы / Рыбинск";"найти мастера по скважинам в рыбинске"
"Профессии / Скважины и колодцы / Рыбинск";"услуги мастера по скважинам в рыбинске"
"Профессии / Скважины и колодцы / Рыбинск";"скважины и колодцы частник в рыбинске"
"Профессии / Скважины и колодцы / Рыбинск";"скважины и колодцы без посредников в рыбинске"
"Профессии / Скважины и колодцы / Рыбинск";"работа скважины и колодцы в рыбинске"
"Профессии / Скважины и колодцы / Рыбинск";"подработка скважины и колодцы в рыбинске"
"Профессии / Скважины и колодцы / Рыбинск";"требуется скважины и колодцы в рыбинске"
"Профессии / Скважины и колодцы / Рыбинск";"вакансия скважины и колодцы в рыбинске"
"Профессии / Скважины и колодцы / Тутаев";"скважины и колодцы в тутаеве"
"Профессии / Скважины и колодцы / Тутаев";"скважины и колодцы тутаев"
"Профессии / Скважины и колодцы / Тутаев";"скважины и колодцы в тутаеве недорого"
"Профессии / Скважины и колодцы / Тутаев";"скважины и колодцы в тутаеве цены"
"Профессии / Скважины и колодцы / Тутаев";"скважины и колодцы в тутаеве на дом"
"Профессии / Скважины и колодцы / Тутаев";"вызвать мастера по скважинам в тутаеве"
"Профессии / Скважины и колодцы / Тутаев";"нанять мастера по скважинам в тутаеве"
"Профессии / Скважины и колодцы / Тутаев";"найти мастера по скважинам в тутаеве"
"Профессии / Скважины и колодцы / Тутаев";"услуги мастера по скважинам в тутаеве"
"Профессии / Скважины и колодцы / Тутаев";"скважины и колодцы частник в тутаеве"
"Профессии / Скважины и колодцы / Тутаев";"скважины и колодцы без посредников в тутаеве"
"Профессии / Скважины и колодцы / Тутаев";"работа скважины и колодцы в тутаеве"
"Профессии / Скважины и колодцы / Тутаев";"подработка скважины и колодцы в тутаеве"
"Профессии / Скважины и колодцы / Тутаев";"требуется скважины и колодцы в тутаеве"
"Профессии / Скважины и колодцы / Тутаев";"вакансия скважины и колодцы в тутаеве"
"Профессии / Скважины и колодцы / Переславль-Залесский";"скважины и колодцы в переславле-залесском"
"Профессии / Скважины и колодцы / Переславль-Залесский";"скважины и колодцы переславль-залесский"
"Профессии / Скважины и колодцы / Переславль-Залесский";"скважины и колодцы в переславле-залесском недорого"
"Профессии / Скважины и колодцы / Переславль-Залесский";"скважины и колодцы в переславле-залесском цены"
"Профессии / Скважины и колодцы / Переславль-Залесский";"скважины и колодцы в переславле-залесском на дом"
"Профессии / Скважины и колодцы / Переславль-Залесский";"вызвать мастера по скважинам в переславле-залесском"
"Профессии / Скважины и колодцы / Переславль-Залесский";"нанять мастера по скважинам в переславле-залесском"
"Профессии / Скважины и колодцы / Переславль-Залесский";"найти мастера по скважинам в переславле-залесском"
"Профессии / Скважины и колодцы / Переславль-Залесский";"услуги мастера по скважинам в переславле-залесском"
"Профессии / Скважины и колодцы / Переславль-Залесский";"скважины и колодцы частник в переславле-залесском"
"Профессии / Скважины и колодцы / Переславль-Залесский";"скважины и колодцы без посредников в переславле-залесском"
"Профессии / Скважины и колодцы / Переславль-Залесский";"работа скважины и колодцы в переславле-залесском"
"Профессии / Скважины и колодцы / Переславль-Залесский";"подработка скважины и колодцы в переславле-залесском"
"Профессии / Скважины и колодцы / Переславль-Залесский";"требуется скважины и колодцы в переславле-залесском"
"Профессии / Скважины и колодцы / Переславль-Залесский";"вакансия скважины и колодцы в переславле-залесском"
"Профессии / Скважины и колодцы / Углич";"скважины и колодцы в угличе"
"Профессии / Скважины и колодцы / Углич";"скважины и колодцы углич"
"Профессии / Скважины и колодцы / Углич";"скважины и колодцы в угличе недорого"
"Профессии / Скважины и колодцы / Углич";"скважины и колодцы в угличе цены"
"Профессии / Скважины и колодцы / Углич";"скважины и колодцы в угличе на дом"
"Профессии / Скважины и колодцы / Углич";"вызвать мастера по скважинам в угличе"
"Профессии / Скважины и колодцы / Углич";"нанять мастера по скважинам в угличе"
"Профессии / Скважины и колодцы / Углич";"найти мастера по скважинам в угличе"
"Профессии / Скважины и колодцы / Углич";"услуги мастера по скважинам в угличе"
"Профессии / Скважины и колодцы / Углич";"скважины и колодцы частник в угличе"
"Профессии / Скважины и колодцы / Углич";"скважины и колодцы без посредников в угличе"
"Профессии / Скважины и колодцы / Углич";"работа скважины и колодцы в угличе"
"Профессии / Скважины и колодцы / Углич";"подработка скважины и колодцы в угличе"
"Профессии / Скважины и колодцы / Углич";"требуется скважины и колодцы в угличе"
"Профессии / Скважины и колодцы / Углич";"вакансия скважины и колодцы в угличе"
"Профессии / Скважины и колодцы / Ростов Великий";"скважины и колодцы в ростове великом"
"Профессии / Скважины и колодцы / Ростов Великий";"скважины и колодцы ростов великий"
"Профессии / Скважины и колодцы / Ростов Великий";"скважины и колодцы в ростове великом недорого"
"Профессии / Скважины и колодцы / Ростов Великий";"скважины и колодцы в ростове великом цены"
"Профессии / Скважины и колодцы / Ростов Великий";"скважины и колодцы в ростове великом на дом"
"Профессии / Скважины и колодцы / Ростов Великий";"вызвать мастера по скважинам в ростове великом"
"Профессии / Скважины и колодцы / Ростов Великий";"нанять мастера по скважинам в ростове великом"
"Профессии / Скважины и колодцы / Ростов Великий";"найти мастера по скважинам в ростове великом"
"Профессии / Скважины и колодцы / Ростов Великий";"услуги мастера по скважинам в ростове великом"
"Профессии / Скважины и колодцы / Ростов Великий";"скважины и колодцы частник в ростове великом"
"Профессии / Скважины и колодцы / Ростов Великий";"скважины и колодцы без посредников в ростове великом"
"Профессии / Скважины и колодцы / Ростов Великий";"работа скважины и колодцы в ростове великом"
"Профессии / Скважины и колодцы / Ростов Великий";"подработка скважины и колодцы в ростове великом"
"Профессии / Скважины и колодцы / Ростов Великий";"требуется скважины и колодцы в ростове великом"
"Профессии / Скважины и колодцы / Ростов Великий";"вакансия скважины и колодцы в ростове великом"
"Профессии / Скважины и колодцы / Задачи";"бурение скважины"
"Профессии / Скважины и колодцы / Задачи";"сколько стоит бурение скважины"
"Профессии / Скважины и колодцы / Задачи";"установка насоса в ярославле"
"Профессии / Скважины и колодцы / Задачи";"установка насоса цена"
"Профессии / Скважины и колодцы / Задачи";"сколько стоит установка насоса"
"Профессии / Скважины и колодцы / Задачи";"чистка колодца в ярославле"
"Профессии / Скважины и колодцы / Задачи";"чистка колодца цена"
"Профессии / Скважины и колодцы / Задачи";"сколько стоит чистка колодца"
"Профессии / Скважины и колодцы / Задачи";"ввод воды в дом в ярославле"
"Профессии / Скважины и колодцы / Задачи";"ввод воды в дом цена"
"Профессии / Скважины и колодцы / Задачи";"сколько стоит ввод воды в дом"
"Профессии / Интернет и видеонаблюдение / Ярославль";"интернет и видеонаблюдение в ярославле"
"Профессии / Интернет и видеонаблюдение / Ярославль";"интернет и видеонаблюдение ярославль"
"Профессии / Интернет и видеонаблюдение / Ярославль";"интернет и видеонаблюдение в ярославле недорого"
"Профессии / Интернет и видеонаблюдение / Ярославль";"интернет и видеонаблюдение в ярославле цены"
"Профессии / Интернет и видеонаблюдение / Ярославль";"интернет и видеонаблюдение в ярославле на дом"
"Профессии / Интернет и видеонаблюдение / Ярославль";"вызвать мастера по слаботочке в ярославле"
"Профессии / Интернет и видеонаблюдение / Ярославль";"нанять мастера по слаботочке в ярославле"
"Профессии / Интернет и видеонаблюдение / Ярославль";"найти мастера по слаботочке в ярославле"
"Профессии / Интернет и видеонаблюдение / Ярославль";"услуги мастера по слаботочке в ярославле"
"Профессии / Интернет и видеонаблюдение / Ярославль";"интернет и видеонаблюдение частник в ярославле"
"Профессии / Интернет и видеонаблюдение / Ярославль";"интернет и видеонаблюдение без посредников в ярославле"
"Профессии / Интернет и видеонаблюдение / Ярославль";"работа интернет и видеонаблюдение в ярославле"
"Профессии / Интернет и видеонаблюдение / Ярославль";"подработка интернет и видеонаблюдение в ярославле"
"Профессии / Интернет и видеонаблюдение / Ярославль";"требуется интернет и видеонаблюдение в ярославле"
"Профессии / Интернет и видеонаблюдение / Ярославль";"вакансия интернет и видеонаблюдение в ярославле"
"Профессии / Интернет и видеонаблюдение / Рыбинск";"интернет и видеонаблюдение в рыбинске"
"Профессии / Интернет и видеонаблюдение / Рыбинск";"интернет и видеонаблюдение рыбинск"
"Профессии / Интернет и видеонаблюдение / Рыбинск";"интернет и видеонаблюдение в рыбинске недорого"
"Профессии / Интернет и видеонаблюдение / Рыбинск";"интернет и видеонаблюдение в рыбинске цены"
"Профессии / Интернет и видеонаблюдение / Рыбинск";"интернет и видеонаблюдение в рыбинске на дом"
"Профессии / Интернет и видеонаблюдение / Рыбинск";"вызвать мастера по слаботочке в рыбинске"
"Профессии / Интернет и видеонаблюдение / Рыбинск";"нанять мастера по слаботочке в рыбинске"
"Профессии / Интернет и видеонаблюдение / Рыбинск";"найти мастера по слаботочке в рыбинске"
"Профессии / Интернет и видеонаблюдение / Рыбинск";"услуги мастера по слаботочке в рыбинске"
"Профессии / Интернет и видеонаблюдение / Рыбинск";"интернет и видеонаблюдение частник в рыбинске"
"Профессии / Интернет и видеонаблюдение / Рыбинск";"интернет и видеонаблюдение без посредников в рыбинске"
"Профессии / Интернет и видеонаблюдение / Рыбинск";"работа интернет и видеонаблюдение в рыбинске"
"Профессии / Интернет и видеонаблюдение / Рыбинск";"подработка интернет и видеонаблюдение в рыбинске"
"Профессии / Интернет и видеонаблюдение / Рыбинск";"требуется интернет и видеонаблюдение в рыбинске"
"Профессии / Интернет и видеонаблюдение / Рыбинск";"вакансия интернет и видеонаблюдение в рыбинске"
"Профессии / Интернет и видеонаблюдение / Тутаев";"интернет и видеонаблюдение в тутаеве"
"Профессии / Интернет и видеонаблюдение / Тутаев";"интернет и видеонаблюдение тутаев"
"Профессии / Интернет и видеонаблюдение / Тутаев";"интернет и видеонаблюдение в тутаеве недорого"
"Профессии / Интернет и видеонаблюдение / Тутаев";"интернет и видеонаблюдение в тутаеве цены"
"Профессии / Интернет и видеонаблюдение / Тутаев";"интернет и видеонаблюдение в тутаеве на дом"
"Профессии / Интернет и видеонаблюдение / Тутаев";"вызвать мастера по слаботочке в тутаеве"
"Профессии / Интернет и видеонаблюдение / Тутаев";"нанять мастера по слаботочке в тутаеве"
"Профессии / Интернет и видеонаблюдение / Тутаев";"найти мастера по слаботочке в тутаеве"
"Профессии / Интернет и видеонаблюдение / Тутаев";"услуги мастера по слаботочке в тутаеве"
"Профессии / Интернет и видеонаблюдение / Тутаев";"интернет и видеонаблюдение частник в тутаеве"
"Профессии / Интернет и видеонаблюдение / Тутаев";"интернет и видеонаблюдение без посредников в тутаеве"
"Профессии / Интернет и видеонаблюдение / Тутаев";"работа интернет и видеонаблюдение в тутаеве"
"Профессии / Интернет и видеонаблюдение / Тутаев";"подработка интернет и видеонаблюдение в тутаеве"
"Профессии / Интернет и видеонаблюдение / Тутаев";"требуется интернет и видеонаблюдение в тутаеве"
"Профессии / Интернет и видеонаблюдение / Тутаев";"вакансия интернет и видеонаблюдение в тутаеве"
"Профессии / Интернет и видеонаблюдение / Переславль-Залесский";"интернет и видеонаблюдение в переславле-залесском"
"Профессии / Интернет и видеонаблюдение / Переславль-Залесский";"интернет и видеонаблюдение переславль-залесский"
"Профессии / Интернет и видеонаблюдение / Переславль-Залесский";"интернет и видеонаблюдение в переславле-залесском недорого"
"Профессии / Интернет и видеонаблюдение / Переславль-Залесский";"интернет и видеонаблюдение в переславле-залесском цены"
"Профессии / Интернет и видеонаблюдение / Переславль-Залесский";"интернет и видеонаблюдение в переславле-залесском на дом"
"Профессии / Интернет и видеонаблюдение / Переславль-Залесский";"вызвать мастера по слаботочке в переславле-залесском"
"Профессии / Интернет и видеонаблюдение / Переславль-Залесский";"нанять мастера по слаботочке в переславле-залесском"
"Профессии / Интернет и видеонаблюдение / Переславль-Залесский";"найти мастера по слаботочке в переславле-залесском"
"Профессии / Интернет и видеонаблюдение / Переславль-Залесский";"услуги мастера по слаботочке в переславле-залесском"
"Профессии / Интернет и видеонаблюдение / Переславль-Залесский";"интернет и видеонаблюдение частник в переславле-залесском"
"Профессии / Интернет и видеонаблюдение / Переславль-Залесский";"интернет и видеонаблюдение без посредников в переславле-залесском"
"Профессии / Интернет и видеонаблюдение / Переславль-Залесский";"работа интернет и видеонаблюдение в переславле-залесском"
"Профессии / Интернет и видеонаблюдение / Переславль-Залесский";"подработка интернет и видеонаблюдение в переславле-залесском"
"Профессии / Интернет и видеонаблюдение / Переславль-Залесский";"требуется интернет и видеонаблюдение в переславле-залесском"
"Профессии / Интернет и видеонаблюдение / Переславль-Залесский";"вакансия интернет и видеонаблюдение в переславле-залесском"
"Профессии / Интернет и видеонаблюдение / Углич";"интернет и видеонаблюдение в угличе"
"Профессии / Интернет и видеонаблюдение / Углич";"интернет и видеонаблюдение углич"
"Профессии / Интернет и видеонаблюдение / Углич";"интернет и видеонаблюдение в угличе недорого"
"Профессии / Интернет и видеонаблюдение / Углич";"интернет и видеонаблюдение в угличе цены"
"Профессии / Интернет и видеонаблюдение / Углич";"интернет и видеонаблюдение в угличе на дом"
"Профессии / Интернет и видеонаблюдение / Углич";"вызвать мастера по слаботочке в угличе"
"Профессии / Интернет и видеонаблюдение / Углич";"нанять мастера по слаботочке в угличе"
"Профессии / Интернет и видеонаблюдение / Углич";"найти мастера по слаботочке в угличе"
"Профессии / Интернет и видеонаблюдение / Углич";"услуги мастера по слаботочке в угличе"
"Профессии / Интернет и видеонаблюдение / Углич";"интернет и видеонаблюдение частник в угличе"
"Профессии / Интернет и видеонаблюдение / Углич";"интернет и видеонаблюдение без посредников в угличе"
"Профессии / Интернет и видеонаблюдение / Углич";"работа интернет и видеонаблюдение в угличе"
"Профессии / Интернет и видеонаблюдение / Углич";"подработка интернет и видеонаблюдение в угличе"
"Профессии / Интернет и видеонаблюдение / Углич";"требуется интернет и видеонаблюдение в угличе"
"Профессии / Интернет и видеонаблюдение / Углич";"вакансия интернет и видеонаблюдение в угличе"
"Профессии / Интернет и видеонаблюдение / Ростов Великий";"интернет и видеонаблюдение в ростове великом"
"Профессии / Интернет и видеонаблюдение / Ростов Великий";"интернет и видеонаблюдение ростов великий"
"Профессии / Интернет и видеонаблюдение / Ростов Великий";"интернет и видеонаблюдение в ростове великом недорого"
"Профессии / Интернет и видеонаблюдение / Ростов Великий";"интернет и видеонаблюдение в ростове великом цены"
"Профессии / Интернет и видеонаблюдение / Ростов Великий";"интернет и видеонаблюдение в ростове великом на дом"
"Профессии / Интернет и видеонаблюдение / Ростов Великий";"вызвать мастера по слаботочке в ростове великом"
"Профессии / Интернет и видеонаблюдение / Ростов Великий";"нанять мастера по слаботочке в ростове великом"
"Профессии / Интернет и видеонаблюдение / Ростов Великий";"найти мастера по слаботочке в ростове великом"
"Профессии / Интернет и видеонаблюдение / Ростов Великий";"услуги мастера по слаботочке в ростове великом"
"Профессии / Интернет и видеонаблюдение / Ростов Великий";"интернет и видеонаблюдение частник в ростове великом"
"Профессии / Интернет и видеонаблюдение / Ростов Великий";"интернет и видеонаблюдение без посредников в ростове великом"
"Профессии / Интернет и видеонаблюдение / Ростов Великий";"работа интернет и видеонаблюдение в ростове великом"
"Профессии / Интернет и видеонаблюдение / Ростов Великий";"подработка интернет и видеонаблюдение в ростове великом"
"Профессии / Интернет и видеонаблюдение / Ростов Великий";"требуется интернет и видеонаблюдение в ростове великом"
"Профессии / Интернет и видеонаблюдение / Ростов Великий";"вакансия интернет и видеонаблюдение в ростове великом"
"Профессии / Интернет и видеонаблюдение / Задачи";"настройка роутера и wi-fi в ярославле"
"Профессии / Интернет и видеонаблюдение / Задачи";"настройка роутера и wi-fi цена"
"Профессии / Интернет и видеонаблюдение / Задачи";"сколько стоит настройка роутера и wi-fi"
"Профессии / Интернет и видеонаблюдение / Задачи";"установка камеры видеонаблюдения в ярославле"
"Профессии / Интернет и видеонаблюдение / Задачи";"установка камеры видеонаблюдения цена"
"Профессии / Интернет и видеонаблюдение / Задачи";"сколько стоит установка камеры видеонаблюдения"
"Профессии / Интернет и видеонаблюдение / Задачи";"прокладка кабеля"
"Профессии / Интернет и видеонаблюдение / Задачи";"сколько стоит прокладка кабеля"
"Профессии / Интернет и видеонаблюдение / Задачи";"комплект из 4 камер под ключ в ярославле"
"Профессии / Интернет и видеонаблюдение / Задачи";"комплект из 4 камер под ключ цена"
"Профессии / Интернет и видеонаблюдение / Задачи";"сколько стоит комплект из 4 камер под ключ"
"Профессии / Ремонт техники / Ярославль";"ремонт техники в ярославле"
"Профессии / Ремонт техники / Ярославль";"ремонт техники ярославль"
"Профессии / Ремонт техники / Ярославль";"ремонт техники в ярославле недорого"
"Профессии / Ремонт техники / Ярославль";"ремонт техники в ярославле цены"
"Профессии / Ремонт техники / Ярославль";"ремонт техники в ярославле на дом"
"Профессии / Ремонт техники / Ярославль";"вызвать мастера по ремонту техники в ярославле"
"Профессии / Ремонт техники / Ярославль";"нанять мастера по ремонту техники в ярославле"
"Профессии / Ремонт техники / Ярославль";"найти мастера по ремонту техники в ярославле"
"Профессии / Ремонт техники / Ярославль";"услуги мастера по ремонту техники в ярославле"
"Профессии / Ремонт техники / Ярославль";"ремонт техники частник в ярославле"
"Профессии / Ремонт техники / Ярославль";"ремонт техники без посредников в ярославле"
"Профессии / Ремонт техники / Ярославль";"работа ремонт техники в ярославле"
"Профессии / Ремонт техники / Ярославль";"подработка ремонт техники в ярославле"
"Профессии / Ремонт техники / Ярославль";"требуется ремонт техники в ярославле"
"Профессии / Ремонт техники / Ярославль";"вакансия ремонт техники в ярославле"
"Профессии / Ремонт техники / Рыбинск";"ремонт техники в рыбинске"
"Профессии / Ремонт техники / Рыбинск";"ремонт техники рыбинск"
"Профессии / Ремонт техники / Рыбинск";"ремонт техники в рыбинске недорого"
"Профессии / Ремонт техники / Рыбинск";"ремонт техники в рыбинске цены"
"Профессии / Ремонт техники / Рыбинск";"ремонт техники в рыбинске на дом"
"Профессии / Ремонт техники / Рыбинск";"вызвать мастера по ремонту техники в рыбинске"
"Профессии / Ремонт техники / Рыбинск";"нанять мастера по ремонту техники в рыбинске"
"Профессии / Ремонт техники / Рыбинск";"найти мастера по ремонту техники в рыбинске"
"Профессии / Ремонт техники / Рыбинск";"услуги мастера по ремонту техники в рыбинске"
"Профессии / Ремонт техники / Рыбинск";"ремонт техники частник в рыбинске"
"Профессии / Ремонт техники / Рыбинск";"ремонт техники без посредников в рыбинске"
"Профессии / Ремонт техники / Рыбинск";"работа ремонт техники в рыбинске"
"Профессии / Ремонт техники / Рыбинск";"подработка ремонт техники в рыбинске"
"Профессии / Ремонт техники / Рыбинск";"требуется ремонт техники в рыбинске"
"Профессии / Ремонт техники / Рыбинск";"вакансия ремонт техники в рыбинске"
"Профессии / Ремонт техники / Тутаев";"ремонт техники в тутаеве"
"Профессии / Ремонт техники / Тутаев";"ремонт техники тутаев"
"Профессии / Ремонт техники / Тутаев";"ремонт техники в тутаеве недорого"
"Профессии / Ремонт техники / Тутаев";"ремонт техники в тутаеве цены"
"Профессии / Ремонт техники / Тутаев";"ремонт техники в тутаеве на дом"
"Профессии / Ремонт техники / Тутаев";"вызвать мастера по ремонту техники в тутаеве"
"Профессии / Ремонт техники / Тутаев";"нанять мастера по ремонту техники в тутаеве"
"Профессии / Ремонт техники / Тутаев";"найти мастера по ремонту техники в тутаеве"
"Профессии / Ремонт техники / Тутаев";"услуги мастера по ремонту техники в тутаеве"
"Профессии / Ремонт техники / Тутаев";"ремонт техники частник в тутаеве"
"Профессии / Ремонт техники / Тутаев";"ремонт техники без посредников в тутаеве"
"Профессии / Ремонт техники / Тутаев";"работа ремонт техники в тутаеве"
"Профессии / Ремонт техники / Тутаев";"подработка ремонт техники в тутаеве"
"Профессии / Ремонт техники / Тутаев";"требуется ремонт техники в тутаеве"
"Профессии / Ремонт техники / Тутаев";"вакансия ремонт техники в тутаеве"
"Профессии / Ремонт техники / Переславль-Залесский";"ремонт техники в переславле-залесском"
"Профессии / Ремонт техники / Переславль-Залесский";"ремонт техники переславль-залесский"
"Профессии / Ремонт техники / Переславль-Залесский";"ремонт техники в переславле-залесском недорого"
"Профессии / Ремонт техники / Переславль-Залесский";"ремонт техники в переславле-залесском цены"
"Профессии / Ремонт техники / Переславль-Залесский";"ремонт техники в переславле-залесском на дом"
"Профессии / Ремонт техники / Переславль-Залесский";"вызвать мастера по ремонту техники в переславле-залесском"
"Профессии / Ремонт техники / Переславль-Залесский";"нанять мастера по ремонту техники в переславле-залесском"
"Профессии / Ремонт техники / Переславль-Залесский";"найти мастера по ремонту техники в переславле-залесском"
"Профессии / Ремонт техники / Переславль-Залесский";"услуги мастера по ремонту техники в переславле-залесском"
"Профессии / Ремонт техники / Переславль-Залесский";"ремонт техники частник в переславле-залесском"
"Профессии / Ремонт техники / Переславль-Залесский";"ремонт техники без посредников в переславле-залесском"
"Профессии / Ремонт техники / Переславль-Залесский";"работа ремонт техники в переславле-залесском"
"Профессии / Ремонт техники / Переславль-Залесский";"подработка ремонт техники в переславле-залесском"
"Профессии / Ремонт техники / Переславль-Залесский";"требуется ремонт техники в переславле-залесском"
"Профессии / Ремонт техники / Переславль-Залесский";"вакансия ремонт техники в переславле-залесском"
"Профессии / Ремонт техники / Углич";"ремонт техники в угличе"
"Профессии / Ремонт техники / Углич";"ремонт техники углич"
"Профессии / Ремонт техники / Углич";"ремонт техники в угличе недорого"
"Профессии / Ремонт техники / Углич";"ремонт техники в угличе цены"
"Профессии / Ремонт техники / Углич";"ремонт техники в угличе на дом"
"Профессии / Ремонт техники / Углич";"вызвать мастера по ремонту техники в угличе"
"Профессии / Ремонт техники / Углич";"нанять мастера по ремонту техники в угличе"
"Профессии / Ремонт техники / Углич";"найти мастера по ремонту техники в угличе"
"Профессии / Ремонт техники / Углич";"услуги мастера по ремонту техники в угличе"
"Профессии / Ремонт техники / Углич";"ремонт техники частник в угличе"
"Профессии / Ремонт техники / Углич";"ремонт техники без посредников в угличе"
"Профессии / Ремонт техники / Углич";"работа ремонт техники в угличе"
"Профессии / Ремонт техники / Углич";"подработка ремонт техники в угличе"
"Профессии / Ремонт техники / Углич";"требуется ремонт техники в угличе"
"Профессии / Ремонт техники / Углич";"вакансия ремонт техники в угличе"
"Профессии / Ремонт техники / Ростов Великий";"ремонт техники в ростове великом"
"Профессии / Ремонт техники / Ростов Великий";"ремонт техники ростов великий"
"Профессии / Ремонт техники / Ростов Великий";"ремонт техники в ростове великом недорого"
"Профессии / Ремонт техники / Ростов Великий";"ремонт техники в ростове великом цены"
"Профессии / Ремонт техники / Ростов Великий";"ремонт техники в ростове великом на дом"
"Профессии / Ремонт техники / Ростов Великий";"вызвать мастера по ремонту техники в ростове великом"
"Профессии / Ремонт техники / Ростов Великий";"нанять мастера по ремонту техники в ростове великом"
"Профессии / Ремонт техники / Ростов Великий";"найти мастера по ремонту техники в ростове великом"
"Профессии / Ремонт техники / Ростов Великий";"услуги мастера по ремонту техники в ростове великом"
"Профессии / Ремонт техники / Ростов Великий";"ремонт техники частник в ростове великом"
"Профессии / Ремонт техники / Ростов Великий";"ремонт техники без посредников в ростове великом"
"Профессии / Ремонт техники / Ростов Великий";"работа ремонт техники в ростове великом"
"Профессии / Ремонт техники / Ростов Великий";"подработка ремонт техники в ростове великом"
"Профессии / Ремонт техники / Ростов Великий";"требуется ремонт техники в ростове великом"
"Профессии / Ремонт техники / Ростов Великий";"вакансия ремонт техники в ростове великом"
"Профессии / Ремонт техники / Задачи";"диагностика техники в ярославле"
"Профессии / Ремонт техники / Задачи";"диагностика техники цена"
"Профессии / Ремонт техники / Задачи";"сколько стоит диагностика техники"
"Профессии / Ремонт техники / Задачи";"ремонт микроволновки в ярославле"
"Профессии / Ремонт техники / Задачи";"ремонт микроволновки цена"
"Профессии / Ремонт техники / Задачи";"сколько стоит ремонт микроволновки"
"Профессии / Ремонт техники / Задачи";"ремонт духового шкафа в ярославле"
"Профессии / Ремонт техники / Задачи";"ремонт духового шкафа цена"
"Профессии / Ремонт техники / Задачи";"сколько стоит ремонт духового шкафа"
"Профессии / Ремонт техники / Задачи";"ремонт посудомоечной машины в ярославле"
"Профессии / Ремонт техники / Задачи";"ремонт посудомоечной машины цена"
"Профессии / Ремонт техники / Задачи";"сколько стоит ремонт посудомоечной машины"
"Профессии / Ремонт бытовой техники / Ярославль";"ремонт бытовой техники в ярославле"
"Профессии / Ремонт бытовой техники / Ярославль";"ремонт бытовой техники ярославль"
"Профессии / Ремонт бытовой техники / Ярославль";"ремонт стиральных машин в ярославле"
"Профессии / Ремонт бытовой техники / Ярославль";"ремонт стиральных машин ярославль"
"Профессии / Ремонт бытовой техники / Ярославль";"ремонт холодильников в ярославле"
"Профессии / Ремонт бытовой техники / Ярославль";"ремонт холодильников ярославль"
"Профессии / Ремонт бытовой техники / Ярославль";"ремонт посудомоечных машин в ярославле"
"Профессии / Ремонт бытовой техники / Ярославль";"ремонт посудомоечных машин ярославль"
"Профессии / Ремонт бытовой техники / Ярославль";"мастер по бытовой технике в ярославле"
"Профессии / Ремонт бытовой техники / Ярославль";"мастер по бытовой технике ярославль"
"Профессии / Ремонт бытовой техники / Ярославль";"ремонт бытовой техники в ярославле недорого"
"Профессии / Ремонт бытовой техники / Ярославль";"ремонт бытовой техники в ярославле цены"
"Профессии / Ремонт бытовой техники / Ярославль";"ремонт бытовой техники в ярославле на дом"
"Профессии / Ремонт бытовой техники / Ярославль";"вызвать мастера по бытовой технике в ярославле"
"Профессии / Ремонт бытовой техники / Ярославль";"нанять мастера по бытовой технике в ярославле"
"Профессии / Ремонт бытовой техники / Ярославль";"найти мастера по бытовой технике в ярославле"
"Профессии / Ремонт бытовой техники / Ярославль";"услуги мастера по бытовой технике в ярославле"
"Профессии / Ремонт бытовой техники / Ярославль";"ремонт бытовой техники частник в ярославле"
"Профессии / Ремонт бытовой техники / Ярославль";"ремонт бытовой техники без посредников в ярославле"
"Профессии / Ремонт бытовой техники / Ярославль";"работа ремонт бытовой техники в ярославле"
"Профессии / Ремонт бытовой техники / Ярославль";"подработка ремонт бытовой техники в ярославле"
"Профессии / Ремонт бытовой техники / Ярославль";"требуется ремонт бытовой техники в ярославле"
"Профессии / Ремонт бытовой техники / Ярославль";"вакансия ремонт бытовой техники в ярославле"
"Профессии / Ремонт бытовой техники / Рыбинск";"ремонт бытовой техники в рыбинске"
"Профессии / Ремонт бытовой техники / Рыбинск";"ремонт бытовой техники рыбинск"
"Профессии / Ремонт бытовой техники / Рыбинск";"ремонт стиральных машин в рыбинске"
"Профессии / Ремонт бытовой техники / Рыбинск";"ремонт стиральных машин рыбинск"
"Профессии / Ремонт бытовой техники / Рыбинск";"ремонт холодильников в рыбинске"
"Профессии / Ремонт бытовой техники / Рыбинск";"ремонт холодильников рыбинск"
"Профессии / Ремонт бытовой техники / Рыбинск";"ремонт посудомоечных машин в рыбинске"
"Профессии / Ремонт бытовой техники / Рыбинск";"ремонт посудомоечных машин рыбинск"
"Профессии / Ремонт бытовой техники / Рыбинск";"мастер по бытовой технике в рыбинске"
"Профессии / Ремонт бытовой техники / Рыбинск";"мастер по бытовой технике рыбинск"
"Профессии / Ремонт бытовой техники / Рыбинск";"ремонт бытовой техники в рыбинске недорого"
"Профессии / Ремонт бытовой техники / Рыбинск";"ремонт бытовой техники в рыбинске цены"
"Профессии / Ремонт бытовой техники / Рыбинск";"ремонт бытовой техники в рыбинске на дом"
"Профессии / Ремонт бытовой техники / Рыбинск";"вызвать мастера по бытовой технике в рыбинске"
"Профессии / Ремонт бытовой техники / Рыбинск";"нанять мастера по бытовой технике в рыбинске"
"Профессии / Ремонт бытовой техники / Рыбинск";"найти мастера по бытовой технике в рыбинске"
"Профессии / Ремонт бытовой техники / Рыбинск";"услуги мастера по бытовой технике в рыбинске"
"Профессии / Ремонт бытовой техники / Рыбинск";"ремонт бытовой техники частник в рыбинске"
"Профессии / Ремонт бытовой техники / Рыбинск";"ремонт бытовой техники без посредников в рыбинске"
"Профессии / Ремонт бытовой техники / Рыбинск";"работа ремонт бытовой техники в рыбинске"
"Профессии / Ремонт бытовой техники / Рыбинск";"подработка ремонт бытовой техники в рыбинске"
"Профессии / Ремонт бытовой техники / Рыбинск";"требуется ремонт бытовой техники в рыбинске"
"Профессии / Ремонт бытовой техники / Рыбинск";"вакансия ремонт бытовой техники в рыбинске"
"Профессии / Ремонт бытовой техники / Тутаев";"ремонт бытовой техники в тутаеве"
"Профессии / Ремонт бытовой техники / Тутаев";"ремонт бытовой техники тутаев"
"Профессии / Ремонт бытовой техники / Тутаев";"ремонт стиральных машин в тутаеве"
"Профессии / Ремонт бытовой техники / Тутаев";"ремонт стиральных машин тутаев"
"Профессии / Ремонт бытовой техники / Тутаев";"ремонт холодильников в тутаеве"
"Профессии / Ремонт бытовой техники / Тутаев";"ремонт холодильников тутаев"
"Профессии / Ремонт бытовой техники / Тутаев";"ремонт посудомоечных машин в тутаеве"
"Профессии / Ремонт бытовой техники / Тутаев";"ремонт посудомоечных машин тутаев"
"Профессии / Ремонт бытовой техники / Тутаев";"мастер по бытовой технике в тутаеве"
"Профессии / Ремонт бытовой техники / Тутаев";"мастер по бытовой технике тутаев"
"Профессии / Ремонт бытовой техники / Тутаев";"ремонт бытовой техники в тутаеве недорого"
"Профессии / Ремонт бытовой техники / Тутаев";"ремонт бытовой техники в тутаеве цены"
"Профессии / Ремонт бытовой техники / Тутаев";"ремонт бытовой техники в тутаеве на дом"
"Профессии / Ремонт бытовой техники / Тутаев";"вызвать мастера по бытовой технике в тутаеве"
"Профессии / Ремонт бытовой техники / Тутаев";"нанять мастера по бытовой технике в тутаеве"
"Профессии / Ремонт бытовой техники / Тутаев";"найти мастера по бытовой технике в тутаеве"
"Профессии / Ремонт бытовой техники / Тутаев";"услуги мастера по бытовой технике в тутаеве"
"Профессии / Ремонт бытовой техники / Тутаев";"ремонт бытовой техники частник в тутаеве"
"Профессии / Ремонт бытовой техники / Тутаев";"ремонт бытовой техники без посредников в тутаеве"
"Профессии / Ремонт бытовой техники / Тутаев";"работа ремонт бытовой техники в тутаеве"
"Профессии / Ремонт бытовой техники / Тутаев";"подработка ремонт бытовой техники в тутаеве"
"Профессии / Ремонт бытовой техники / Тутаев";"требуется ремонт бытовой техники в тутаеве"
"Профессии / Ремонт бытовой техники / Тутаев";"вакансия ремонт бытовой техники в тутаеве"
"Профессии / Ремонт бытовой техники / Переславль-Залесский";"ремонт бытовой техники в переславле-залесском"
"Профессии / Ремонт бытовой техники / Переславль-Залесский";"ремонт бытовой техники переславль-залесский"
"Профессии / Ремонт бытовой техники / Переславль-Залесский";"ремонт стиральных машин в переславле-залесском"
"Профессии / Ремонт бытовой техники / Переславль-Залесский";"ремонт стиральных машин переславль-залесский"
"Профессии / Ремонт бытовой техники / Переславль-Залесский";"ремонт холодильников в переславле-залесском"
"Профессии / Ремонт бытовой техники / Переславль-Залесский";"ремонт холодильников переславль-залесский"
"Профессии / Ремонт бытовой техники / Переславль-Залесский";"ремонт посудомоечных машин в переславле-залесском"
"Профессии / Ремонт бытовой техники / Переславль-Залесский";"ремонт посудомоечных машин переславль-залесский"
"Профессии / Ремонт бытовой техники / Переславль-Залесский";"мастер по бытовой технике в переславле-залесском"
"Профессии / Ремонт бытовой техники / Переславль-Залесский";"мастер по бытовой технике переславль-залесский"
"Профессии / Ремонт бытовой техники / Переславль-Залесский";"ремонт бытовой техники в переславле-залесском недорого"
"Профессии / Ремонт бытовой техники / Переславль-Залесский";"ремонт бытовой техники в переславле-залесском цены"
"Профессии / Ремонт бытовой техники / Переславль-Залесский";"ремонт бытовой техники в переславле-залесском на дом"
"Профессии / Ремонт бытовой техники / Переславль-Залесский";"вызвать мастера по бытовой технике в переславле-залесском"
"Профессии / Ремонт бытовой техники / Переславль-Залесский";"нанять мастера по бытовой технике в переславле-залесском"
"Профессии / Ремонт бытовой техники / Переславль-Залесский";"найти мастера по бытовой технике в переславле-залесском"
"Профессии / Ремонт бытовой техники / Переславль-Залесский";"услуги мастера по бытовой технике в переславле-залесском"
"Профессии / Ремонт бытовой техники / Переславль-Залесский";"ремонт бытовой техники частник в переславле-залесском"
"Профессии / Ремонт бытовой техники / Переславль-Залесский";"ремонт бытовой техники без посредников в переславле-залесском"
"Профессии / Ремонт бытовой техники / Переславль-Залесский";"работа ремонт бытовой техники в переславле-залесском"
"Профессии / Ремонт бытовой техники / Переславль-Залесский";"подработка ремонт бытовой техники в переславле-залесском"
"Профессии / Ремонт бытовой техники / Переславль-Залесский";"требуется ремонт бытовой техники в переславле-залесском"
"Профессии / Ремонт бытовой техники / Переславль-Залесский";"вакансия ремонт бытовой техники в переславле-залесском"
"Профессии / Ремонт бытовой техники / Углич";"ремонт бытовой техники в угличе"
"Профессии / Ремонт бытовой техники / Углич";"ремонт бытовой техники углич"
"Профессии / Ремонт бытовой техники / Углич";"ремонт стиральных машин в угличе"
"Профессии / Ремонт бытовой техники / Углич";"ремонт стиральных машин углич"
"Профессии / Ремонт бытовой техники / Углич";"ремонт холодильников в угличе"
"Профессии / Ремонт бытовой техники / Углич";"ремонт холодильников углич"
"Профессии / Ремонт бытовой техники / Углич";"ремонт посудомоечных машин в угличе"
"Профессии / Ремонт бытовой техники / Углич";"ремонт посудомоечных машин углич"
"Профессии / Ремонт бытовой техники / Углич";"мастер по бытовой технике в угличе"
"Профессии / Ремонт бытовой техники / Углич";"мастер по бытовой технике углич"
"Профессии / Ремонт бытовой техники / Углич";"ремонт бытовой техники в угличе недорого"
"Профессии / Ремонт бытовой техники / Углич";"ремонт бытовой техники в угличе цены"
"Профессии / Ремонт бытовой техники / Углич";"ремонт бытовой техники в угличе на дом"
"Профессии / Ремонт бытовой техники / Углич";"вызвать мастера по бытовой технике в угличе"
"Профессии / Ремонт бытовой техники / Углич";"нанять мастера по бытовой технике в угличе"
"Профессии / Ремонт бытовой техники / Углич";"найти мастера по бытовой технике в угличе"
"Профессии / Ремонт бытовой техники / Углич";"услуги мастера по бытовой технике в угличе"
"Профессии / Ремонт бытовой техники / Углич";"ремонт бытовой техники частник в угличе"
"Профессии / Ремонт бытовой техники / Углич";"ремонт бытовой техники без посредников в угличе"
"Профессии / Ремонт бытовой техники / Углич";"работа ремонт бытовой техники в угличе"
"Профессии / Ремонт бытовой техники / Углич";"подработка ремонт бытовой техники в угличе"
"Профессии / Ремонт бытовой техники / Углич";"требуется ремонт бытовой техники в угличе"
"Профессии / Ремонт бытовой техники / Углич";"вакансия ремонт бытовой техники в угличе"
"Профессии / Ремонт бытовой техники / Ростов Великий";"ремонт бытовой техники в ростове великом"
"Профессии / Ремонт бытовой техники / Ростов Великий";"ремонт бытовой техники ростов великий"
"Профессии / Ремонт бытовой техники / Ростов Великий";"ремонт стиральных машин в ростове великом"
"Профессии / Ремонт бытовой техники / Ростов Великий";"ремонт стиральных машин ростов великий"
"Профессии / Ремонт бытовой техники / Ростов Великий";"ремонт холодильников в ростове великом"
"Профессии / Ремонт бытовой техники / Ростов Великий";"ремонт холодильников ростов великий"
"Профессии / Ремонт бытовой техники / Ростов Великий";"ремонт посудомоечных машин в ростове великом"
"Профессии / Ремонт бытовой техники / Ростов Великий";"ремонт посудомоечных машин ростов великий"
"Профессии / Ремонт бытовой техники / Ростов Великий";"мастер по бытовой технике в ростове великом"
"Профессии / Ремонт бытовой техники / Ростов Великий";"мастер по бытовой технике ростов великий"
"Профессии / Ремонт бытовой техники / Ростов Великий";"ремонт бытовой техники в ростове великом недорого"
"Профессии / Ремонт бытовой техники / Ростов Великий";"ремонт бытовой техники в ростове великом цены"
"Профессии / Ремонт бытовой техники / Ростов Великий";"ремонт бытовой техники в ростове великом на дом"
"Профессии / Ремонт бытовой техники / Ростов Великий";"вызвать мастера по бытовой технике в ростове великом"
"Профессии / Ремонт бытовой техники / Ростов Великий";"нанять мастера по бытовой технике в ростове великом"
"Профессии / Ремонт бытовой техники / Ростов Великий";"найти мастера по бытовой технике в ростове великом"
"Профессии / Ремонт бытовой техники / Ростов Великий";"услуги мастера по бытовой технике в ростове великом"
"Профессии / Ремонт бытовой техники / Ростов Великий";"ремонт бытовой техники частник в ростове великом"
"Профессии / Ремонт бытовой техники / Ростов Великий";"ремонт бытовой техники без посредников в ростове великом"
"Профессии / Ремонт бытовой техники / Ростов Великий";"работа ремонт бытовой техники в ростове великом"
"Профессии / Ремонт бытовой техники / Ростов Великий";"подработка ремонт бытовой техники в ростове великом"
"Профессии / Ремонт бытовой техники / Ростов Великий";"требуется ремонт бытовой техники в ростове великом"
"Профессии / Ремонт бытовой техники / Ростов Великий";"вакансия ремонт бытовой техники в ростове великом"
"Профессии / Ремонт бытовой техники / Задачи";"диагностика на дому в ярославле"
"Профессии / Ремонт бытовой техники / Задачи";"диагностика на дому цена"
"Профессии / Ремонт бытовой техники / Задачи";"сколько стоит диагностика на дому"
"Профессии / Ремонт бытовой техники / Задачи";"ремонт стиральной машины в ярославле"
"Профессии / Ремонт бытовой техники / Задачи";"ремонт стиральной машины цена"
"Профессии / Ремонт бытовой техники / Задачи";"сколько стоит ремонт стиральной машины"
"Профессии / Ремонт бытовой техники / Задачи";"ремонт холодильника в ярославле"
"Профессии / Ремонт бытовой техники / Задачи";"ремонт холодильника цена"
"Профессии / Ремонт бытовой техники / Задачи";"сколько стоит ремонт холодильника"
"Профессии / Ремонт бытовой техники / Задачи";"замена тэна или насоса в ярославле"
"Профессии / Ремонт бытовой техники / Задачи";"замена тэна или насоса цена"
"Профессии / Ремонт бытовой техники / Задачи";"сколько стоит замена тэна или насоса"
"Профессии / Компьютерная помощь / Ярославль";"компьютерная помощь в ярославле"
"Профессии / Компьютерная помощь / Ярославль";"компьютерная помощь ярославль"
"Профессии / Компьютерная помощь / Ярославль";"компьютерный мастер в ярославле"
"Профессии / Компьютерная помощь / Ярославль";"компьютерный мастер ярославль"
"Профессии / Компьютерная помощь / Ярославль";"настройка компьютера в ярославле"
"Профессии / Компьютерная помощь / Ярославль";"настройка компьютера ярославль"
"Профессии / Компьютерная помощь / Ярославль";"ремонт ноутбуков в ярославле"
"Профессии / Компьютерная помощь / Ярославль";"ремонт ноутбуков ярославль"
"Профессии / Компьютерная помощь / Ярославль";"айтишник на дом в ярославле"
"Профессии / Компьютерная помощь / Ярославль";"айтишник на дом ярославль"
"Профессии / Компьютерная помощь / Ярославль";"компьютерная помощь в ярославле недорого"
"Профессии / Компьютерная помощь / Ярославль";"компьютерная помощь в ярославле цены"
"Профессии / Компьютерная помощь / Ярославль";"компьютерная помощь в ярославле на дом"
"Профессии / Компьютерная помощь / Ярославль";"вызвать компьютерного мастера в ярославле"
"Профессии / Компьютерная помощь / Ярославль";"нанять компьютерного мастера в ярославле"
"Профессии / Компьютерная помощь / Ярославль";"найти компьютерного мастера в ярославле"
"Профессии / Компьютерная помощь / Ярославль";"услуги компьютерного мастера в ярославле"
"Профессии / Компьютерная помощь / Ярославль";"компьютерная помощь частник в ярославле"
"Профессии / Компьютерная помощь / Ярославль";"компьютерная помощь без посредников в ярославле"
"Профессии / Компьютерная помощь / Ярославль";"работа компьютерная помощь в ярославле"
"Профессии / Компьютерная помощь / Ярославль";"подработка компьютерная помощь в ярославле"
"Профессии / Компьютерная помощь / Ярославль";"требуется компьютерная помощь в ярославле"
"Профессии / Компьютерная помощь / Ярославль";"вакансия компьютерная помощь в ярославле"
"Профессии / Компьютерная помощь / Рыбинск";"компьютерная помощь в рыбинске"
"Профессии / Компьютерная помощь / Рыбинск";"компьютерная помощь рыбинск"
"Профессии / Компьютерная помощь / Рыбинск";"компьютерный мастер в рыбинске"
"Профессии / Компьютерная помощь / Рыбинск";"компьютерный мастер рыбинск"
"Профессии / Компьютерная помощь / Рыбинск";"настройка компьютера в рыбинске"
"Профессии / Компьютерная помощь / Рыбинск";"настройка компьютера рыбинск"
"Профессии / Компьютерная помощь / Рыбинск";"ремонт ноутбуков в рыбинске"
"Профессии / Компьютерная помощь / Рыбинск";"ремонт ноутбуков рыбинск"
"Профессии / Компьютерная помощь / Рыбинск";"айтишник на дом в рыбинске"
"Профессии / Компьютерная помощь / Рыбинск";"айтишник на дом рыбинск"
"Профессии / Компьютерная помощь / Рыбинск";"компьютерная помощь в рыбинске недорого"
"Профессии / Компьютерная помощь / Рыбинск";"компьютерная помощь в рыбинске цены"
"Профессии / Компьютерная помощь / Рыбинск";"компьютерная помощь в рыбинске на дом"
"Профессии / Компьютерная помощь / Рыбинск";"вызвать компьютерного мастера в рыбинске"
"Профессии / Компьютерная помощь / Рыбинск";"нанять компьютерного мастера в рыбинске"
"Профессии / Компьютерная помощь / Рыбинск";"найти компьютерного мастера в рыбинске"
"Профессии / Компьютерная помощь / Рыбинск";"услуги компьютерного мастера в рыбинске"
"Профессии / Компьютерная помощь / Рыбинск";"компьютерная помощь частник в рыбинске"
"Профессии / Компьютерная помощь / Рыбинск";"компьютерная помощь без посредников в рыбинске"
"Профессии / Компьютерная помощь / Рыбинск";"работа компьютерная помощь в рыбинске"
"Профессии / Компьютерная помощь / Рыбинск";"подработка компьютерная помощь в рыбинске"
"Профессии / Компьютерная помощь / Рыбинск";"требуется компьютерная помощь в рыбинске"
"Профессии / Компьютерная помощь / Рыбинск";"вакансия компьютерная помощь в рыбинске"
"Профессии / Компьютерная помощь / Тутаев";"компьютерная помощь в тутаеве"
"Профессии / Компьютерная помощь / Тутаев";"компьютерная помощь тутаев"
"Профессии / Компьютерная помощь / Тутаев";"компьютерный мастер в тутаеве"
"Профессии / Компьютерная помощь / Тутаев";"компьютерный мастер тутаев"
"Профессии / Компьютерная помощь / Тутаев";"настройка компьютера в тутаеве"
"Профессии / Компьютерная помощь / Тутаев";"настройка компьютера тутаев"
"Профессии / Компьютерная помощь / Тутаев";"ремонт ноутбуков в тутаеве"
"Профессии / Компьютерная помощь / Тутаев";"ремонт ноутбуков тутаев"
"Профессии / Компьютерная помощь / Тутаев";"айтишник на дом в тутаеве"
"Профессии / Компьютерная помощь / Тутаев";"айтишник на дом тутаев"
"Профессии / Компьютерная помощь / Тутаев";"компьютерная помощь в тутаеве недорого"
"Профессии / Компьютерная помощь / Тутаев";"компьютерная помощь в тутаеве цены"
"Профессии / Компьютерная помощь / Тутаев";"компьютерная помощь в тутаеве на дом"
"Профессии / Компьютерная помощь / Тутаев";"вызвать компьютерного мастера в тутаеве"
"Профессии / Компьютерная помощь / Тутаев";"нанять компьютерного мастера в тутаеве"
"Профессии / Компьютерная помощь / Тутаев";"найти компьютерного мастера в тутаеве"
"Профессии / Компьютерная помощь / Тутаев";"услуги компьютерного мастера в тутаеве"
"Профессии / Компьютерная помощь / Тутаев";"компьютерная помощь частник в тутаеве"
"Профессии / Компьютерная помощь / Тутаев";"компьютерная помощь без посредников в тутаеве"
"Профессии / Компьютерная помощь / Тутаев";"работа компьютерная помощь в тутаеве"
"Профессии / Компьютерная помощь / Тутаев";"подработка компьютерная помощь в тутаеве"
"Профессии / Компьютерная помощь / Тутаев";"требуется компьютерная помощь в тутаеве"
"Профессии / Компьютерная помощь / Тутаев";"вакансия компьютерная помощь в тутаеве"
"Профессии / Компьютерная помощь / Переславль-Залесский";"компьютерная помощь в переславле-залесском"
"Профессии / Компьютерная помощь / Переславль-Залесский";"компьютерная помощь переславль-залесский"
"Профессии / Компьютерная помощь / Переславль-Залесский";"компьютерный мастер в переславле-залесском"
"Профессии / Компьютерная помощь / Переславль-Залесский";"компьютерный мастер переславль-залесский"
"Профессии / Компьютерная помощь / Переславль-Залесский";"настройка компьютера в переславле-залесском"
"Профессии / Компьютерная помощь / Переславль-Залесский";"настройка компьютера переславль-залесский"
"Профессии / Компьютерная помощь / Переславль-Залесский";"ремонт ноутбуков в переславле-залесском"
"Профессии / Компьютерная помощь / Переславль-Залесский";"ремонт ноутбуков переславль-залесский"
"Профессии / Компьютерная помощь / Переславль-Залесский";"айтишник на дом в переславле-залесском"
"Профессии / Компьютерная помощь / Переславль-Залесский";"айтишник на дом переславль-залесский"
"Профессии / Компьютерная помощь / Переславль-Залесский";"компьютерная помощь в переславле-залесском недорого"
"Профессии / Компьютерная помощь / Переславль-Залесский";"компьютерная помощь в переславле-залесском цены"
"Профессии / Компьютерная помощь / Переславль-Залесский";"компьютерная помощь в переславле-залесском на дом"
"Профессии / Компьютерная помощь / Переславль-Залесский";"вызвать компьютерного мастера в переславле-залесском"
"Профессии / Компьютерная помощь / Переславль-Залесский";"нанять компьютерного мастера в переславле-залесском"
"Профессии / Компьютерная помощь / Переславль-Залесский";"найти компьютерного мастера в переславле-залесском"
"Профессии / Компьютерная помощь / Переславль-Залесский";"услуги компьютерного мастера в переславле-залесском"
"Профессии / Компьютерная помощь / Переславль-Залесский";"компьютерная помощь частник в переславле-залесском"
"Профессии / Компьютерная помощь / Переславль-Залесский";"компьютерная помощь без посредников в переславле-залесском"
"Профессии / Компьютерная помощь / Переславль-Залесский";"работа компьютерная помощь в переславле-залесском"
"Профессии / Компьютерная помощь / Переславль-Залесский";"подработка компьютерная помощь в переславле-залесском"
"Профессии / Компьютерная помощь / Переславль-Залесский";"требуется компьютерная помощь в переславле-залесском"
"Профессии / Компьютерная помощь / Переславль-Залесский";"вакансия компьютерная помощь в переславле-залесском"
"Профессии / Компьютерная помощь / Углич";"компьютерная помощь в угличе"
"Профессии / Компьютерная помощь / Углич";"компьютерная помощь углич"
"Профессии / Компьютерная помощь / Углич";"компьютерный мастер в угличе"
"Профессии / Компьютерная помощь / Углич";"компьютерный мастер углич"
"Профессии / Компьютерная помощь / Углич";"настройка компьютера в угличе"
"Профессии / Компьютерная помощь / Углич";"настройка компьютера углич"
"Профессии / Компьютерная помощь / Углич";"ремонт ноутбуков в угличе"
"Профессии / Компьютерная помощь / Углич";"ремонт ноутбуков углич"
"Профессии / Компьютерная помощь / Углич";"айтишник на дом в угличе"
"Профессии / Компьютерная помощь / Углич";"айтишник на дом углич"
"Профессии / Компьютерная помощь / Углич";"компьютерная помощь в угличе недорого"
"Профессии / Компьютерная помощь / Углич";"компьютерная помощь в угличе цены"
"Профессии / Компьютерная помощь / Углич";"компьютерная помощь в угличе на дом"
"Профессии / Компьютерная помощь / Углич";"вызвать компьютерного мастера в угличе"
"Профессии / Компьютерная помощь / Углич";"нанять компьютерного мастера в угличе"
"Профессии / Компьютерная помощь / Углич";"найти компьютерного мастера в угличе"
"Профессии / Компьютерная помощь / Углич";"услуги компьютерного мастера в угличе"
"Профессии / Компьютерная помощь / Углич";"компьютерная помощь частник в угличе"
"Профессии / Компьютерная помощь / Углич";"компьютерная помощь без посредников в угличе"
"Профессии / Компьютерная помощь / Углич";"работа компьютерная помощь в угличе"
"Профессии / Компьютерная помощь / Углич";"подработка компьютерная помощь в угличе"
"Профессии / Компьютерная помощь / Углич";"требуется компьютерная помощь в угличе"
"Профессии / Компьютерная помощь / Углич";"вакансия компьютерная помощь в угличе"
"Профессии / Компьютерная помощь / Ростов Великий";"компьютерная помощь в ростове великом"
"Профессии / Компьютерная помощь / Ростов Великий";"компьютерная помощь ростов великий"
"Профессии / Компьютерная помощь / Ростов Великий";"компьютерный мастер в ростове великом"
"Профессии / Компьютерная помощь / Ростов Великий";"компьютерный мастер ростов великий"
"Профессии / Компьютерная помощь / Ростов Великий";"настройка компьютера в ростове великом"
"Профессии / Компьютерная помощь / Ростов Великий";"настройка компьютера ростов великий"
"Профессии / Компьютерная помощь / Ростов Великий";"ремонт ноутбуков в ростове великом"
"Профессии / Компьютерная помощь / Ростов Великий";"ремонт ноутбуков ростов великий"
"Профессии / Компьютерная помощь / Ростов Великий";"айтишник на дом в ростове великом"
"Профессии / Компьютерная помощь / Ростов Великий";"айтишник на дом ростов великий"
"Профессии / Компьютерная помощь / Ростов Великий";"компьютерная помощь в ростове великом недорого"
"Профессии / Компьютерная помощь / Ростов Великий";"компьютерная помощь в ростове великом цены"
"Профессии / Компьютерная помощь / Ростов Великий";"компьютерная помощь в ростове великом на дом"
"Профессии / Компьютерная помощь / Ростов Великий";"вызвать компьютерного мастера в ростове великом"
"Профессии / Компьютерная помощь / Ростов Великий";"нанять компьютерного мастера в ростове великом"
"Профессии / Компьютерная помощь / Ростов Великий";"найти компьютерного мастера в ростове великом"
"Профессии / Компьютерная помощь / Ростов Великий";"услуги компьютерного мастера в ростове великом"
"Профессии / Компьютерная помощь / Ростов Великий";"компьютерная помощь частник в ростове великом"
"Профессии / Компьютерная помощь / Ростов Великий";"компьютерная помощь без посредников в ростове великом"
"Профессии / Компьютерная помощь / Ростов Великий";"работа компьютерная помощь в ростове великом"
"Профессии / Компьютерная помощь / Ростов Великий";"подработка компьютерная помощь в ростове великом"
"Профессии / Компьютерная помощь / Ростов Великий";"требуется компьютерная помощь в ростове великом"
"Профессии / Компьютерная помощь / Ростов Великий";"вакансия компьютерная помощь в ростове великом"
"Профессии / Компьютерная помощь / Задачи";"установка windows в ярославле"
"Профессии / Компьютерная помощь / Задачи";"установка windows цена"
"Профессии / Компьютерная помощь / Задачи";"сколько стоит установка windows"
"Профессии / Компьютерная помощь / Задачи";"чистка ноутбука от пыли в ярославле"
"Профессии / Компьютерная помощь / Задачи";"чистка ноутбука от пыли цена"
"Профессии / Компьютерная помощь / Задачи";"сколько стоит чистка ноутбука от пыли"
"Профессии / Компьютерная помощь / Задачи";"настройка принтера в ярославле"
"Профессии / Компьютерная помощь / Задачи";"настройка принтера цена"
"Профессии / Компьютерная помощь / Задачи";"сколько стоит настройка принтера"
"Профессии / Компьютерная помощь / Задачи";"удаление вирусов в ярославле"
"Профессии / Компьютерная помощь / Задачи";"удаление вирусов цена"
"Профессии / Компьютерная помощь / Задачи";"сколько стоит удаление вирусов"
"Профессии / Уборка / Ярославль";"уборка в ярославле"
"Профессии / Уборка / Ярославль";"уборка ярославль"
"Профессии / Уборка / Ярославль";"клининг в ярославле"
"Профессии / Уборка / Ярославль";"клининг ярославль"
"Профессии / Уборка / Ярославль";"клининговые услуги в ярославле"
"Профессии / Уборка / Ярославль";"клининговые услуги ярославль"
"Профессии / Уборка / Ярославль";"клинер в ярославле"
"Профессии / Уборка / Ярославль";"клинер ярославль"
"Профессии / Уборка / Ярославль";"уборщица в ярославле"
"Профессии / Уборка / Ярославль";"уборщица ярославль"
"Профессии / Уборка / Ярославль";"генеральная уборка в ярославле"
"Профессии / Уборка / Ярославль";"генеральная уборка ярославль"
"Профессии / Уборка / Ярославль";"уборка квартир в ярославле"
"Профессии / Уборка / Ярославль";"уборка квартир ярославль"
"Профессии / Уборка / Ярославль";"клининговая компания в ярославле"
"Профессии / Уборка / Ярославль";"клининговая компания ярославль"
"Профессии / Уборка / Ярославль";"уборка после ремонта в ярославле"
"Профессии / Уборка / Ярославль";"уборка после ремонта ярославль"
"Профессии / Уборка / Ярославль";"уборка в ярославле недорого"
"Профессии / Уборка / Ярославль";"уборка в ярославле цены"
"Профессии / Уборка / Ярославль";"уборка в ярославле на дом"
"Профессии / Уборка / Ярославль";"вызвать клинера в ярославле"
"Профессии / Уборка / Ярославль";"нанять клинера в ярославле"
"Профессии / Уборка / Ярославль";"найти клинера в ярославле"
"Профессии / Уборка / Ярославль";"услуги клинера в ярославле"
"Профессии / Уборка / Ярославль";"уборка частник в ярославле"
"Профессии / Уборка / Ярославль";"уборка без посредников в ярославле"
"Профессии / Уборка / Ярославль";"работа уборка в ярославле"
"Профессии / Уборка / Ярославль";"подработка уборка в ярославле"
"Профессии / Уборка / Ярославль";"требуется уборка в ярославле"
"Профессии / Уборка / Ярославль";"вакансия уборка в ярославле"
"Профессии / Уборка / Рыбинск";"уборка в рыбинске"
"Профессии / Уборка / Рыбинск";"уборка рыбинск"
"Профессии / Уборка / Рыбинск";"клининг в рыбинске"
"Профессии / Уборка / Рыбинск";"клининг рыбинск"
"Профессии / Уборка / Рыбинск";"клининговые услуги в рыбинске"
"Профессии / Уборка / Рыбинск";"клининговые услуги рыбинск"
"Профессии / Уборка / Рыбинск";"клинер в рыбинске"
"Профессии / Уборка / Рыбинск";"клинер рыбинск"
"Профессии / Уборка / Рыбинск";"уборщица в рыбинске"
"Профессии / Уборка / Рыбинск";"уборщица рыбинск"
"Профессии / Уборка / Рыбинск";"генеральная уборка в рыбинске"
"Профессии / Уборка / Рыбинск";"генеральная уборка рыбинск"
"Профессии / Уборка / Рыбинск";"уборка квартир в рыбинске"
"Профессии / Уборка / Рыбинск";"уборка квартир рыбинск"
"Профессии / Уборка / Рыбинск";"клининговая компания в рыбинске"
"Профессии / Уборка / Рыбинск";"клининговая компания рыбинск"
"Профессии / Уборка / Рыбинск";"уборка после ремонта в рыбинске"
"Профессии / Уборка / Рыбинск";"уборка после ремонта рыбинск"
"Профессии / Уборка / Рыбинск";"уборка в рыбинске недорого"
"Профессии / Уборка / Рыбинск";"уборка в рыбинске цены"
"Профессии / Уборка / Рыбинск";"уборка в рыбинске на дом"
"Профессии / Уборка / Рыбинск";"вызвать клинера в рыбинске"
"Профессии / Уборка / Рыбинск";"нанять клинера в рыбинске"
"Профессии / Уборка / Рыбинск";"найти клинера в рыбинске"
"Профессии / Уборка / Рыбинск";"услуги клинера в рыбинске"
"Профессии / Уборка / Рыбинск";"уборка частник в рыбинске"
"Профессии / Уборка / Рыбинск";"уборка без посредников в рыбинске"
"Профессии / Уборка / Рыбинск";"работа уборка в рыбинске"
"Профессии / Уборка / Рыбинск";"подработка уборка в рыбинске"
"Профессии / Уборка / Рыбинск";"требуется уборка в рыбинске"
"Профессии / Уборка / Рыбинск";"вакансия уборка в рыбинске"
"Профессии / Уборка / Тутаев";"уборка в тутаеве"
"Профессии / Уборка / Тутаев";"уборка тутаев"
"Профессии / Уборка / Тутаев";"клининг в тутаеве"
"Профессии / Уборка / Тутаев";"клининг тутаев"
"Профессии / Уборка / Тутаев";"клининговые услуги в тутаеве"
"Профессии / Уборка / Тутаев";"клининговые услуги тутаев"
"Профессии / Уборка / Тутаев";"клинер в тутаеве"
"Профессии / Уборка / Тутаев";"клинер тутаев"
"Профессии / Уборка / Тутаев";"уборщица в тутаеве"
"Профессии / Уборка / Тутаев";"уборщица тутаев"
"Профессии / Уборка / Тутаев";"генеральная уборка в тутаеве"
"Профессии / Уборка / Тутаев";"генеральная уборка тутаев"
"Профессии / Уборка / Тутаев";"уборка квартир в тутаеве"
"Профессии / Уборка / Тутаев";"уборка квартир тутаев"
"Профессии / Уборка / Тутаев";"клининговая компания в тутаеве"
"Профессии / Уборка / Тутаев";"клининговая компания тутаев"
"Профессии / Уборка / Тутаев";"уборка после ремонта в тутаеве"
"Профессии / Уборка / Тутаев";"уборка после ремонта тутаев"
"Профессии / Уборка / Тутаев";"уборка в тутаеве недорого"
"Профессии / Уборка / Тутаев";"уборка в тутаеве цены"
"Профессии / Уборка / Тутаев";"уборка в тутаеве на дом"
"Профессии / Уборка / Тутаев";"вызвать клинера в тутаеве"
"Профессии / Уборка / Тутаев";"нанять клинера в тутаеве"
"Профессии / Уборка / Тутаев";"найти клинера в тутаеве"
"Профессии / Уборка / Тутаев";"услуги клинера в тутаеве"
"Профессии / Уборка / Тутаев";"уборка частник в тутаеве"
"Профессии / Уборка / Тутаев";"уборка без посредников в тутаеве"
"Профессии / Уборка / Тутаев";"работа уборка в тутаеве"
"Профессии / Уборка / Тутаев";"подработка уборка в тутаеве"
"Профессии / Уборка / Тутаев";"требуется уборка в тутаеве"
"Профессии / Уборка / Тутаев";"вакансия уборка в тутаеве"
"Профессии / Уборка / Переславль-Залесский";"уборка в переславле-залесском"
"Профессии / Уборка / Переславль-Залесский";"уборка переславль-залесский"
"Профессии / Уборка / Переславль-Залесский";"клининг в переславле-залесском"
"Профессии / Уборка / Переславль-Залесский";"клининг переславль-залесский"
"Профессии / Уборка / Переславль-Залесский";"клининговые услуги в переславле-залесском"
"Профессии / Уборка / Переславль-Залесский";"клининговые услуги переславль-залесский"
"Профессии / Уборка / Переславль-Залесский";"клинер в переславле-залесском"
"Профессии / Уборка / Переславль-Залесский";"клинер переславль-залесский"
"Профессии / Уборка / Переславль-Залесский";"уборщица в переславле-залесском"
"Профессии / Уборка / Переславль-Залесский";"уборщица переславль-залесский"
"Профессии / Уборка / Переславль-Залесский";"генеральная уборка в переславле-залесском"
"Профессии / Уборка / Переславль-Залесский";"генеральная уборка переславль-залесский"
"Профессии / Уборка / Переславль-Залесский";"уборка квартир в переславле-залесском"
"Профессии / Уборка / Переславль-Залесский";"уборка квартир переславль-залесский"
"Профессии / Уборка / Переславль-Залесский";"клининговая компания в переславле-залесском"
"Профессии / Уборка / Переславль-Залесский";"клининговая компания переславль-залесский"
"Профессии / Уборка / Переславль-Залесский";"уборка после ремонта в переславле-залесском"
"Профессии / Уборка / Переславль-Залесский";"уборка после ремонта переславль-залесский"
"Профессии / Уборка / Переславль-Залесский";"уборка в переславле-залесском недорого"
"Профессии / Уборка / Переславль-Залесский";"уборка в переславле-залесском цены"
"Профессии / Уборка / Переславль-Залесский";"уборка в переславле-залесском на дом"
"Профессии / Уборка / Переславль-Залесский";"вызвать клинера в переславле-залесском"
"Профессии / Уборка / Переславль-Залесский";"нанять клинера в переславле-залесском"
"Профессии / Уборка / Переславль-Залесский";"найти клинера в переславле-залесском"
"Профессии / Уборка / Переславль-Залесский";"услуги клинера в переславле-залесском"
"Профессии / Уборка / Переславль-Залесский";"уборка частник в переславле-залесском"
"Профессии / Уборка / Переславль-Залесский";"уборка без посредников в переславле-залесском"
"Профессии / Уборка / Переславль-Залесский";"работа уборка в переславле-залесском"
"Профессии / Уборка / Переславль-Залесский";"подработка уборка в переславле-залесском"
"Профессии / Уборка / Переславль-Залесский";"требуется уборка в переславле-залесском"
"Профессии / Уборка / Переславль-Залесский";"вакансия уборка в переславле-залесском"
"Профессии / Уборка / Углич";"уборка в угличе"
"Профессии / Уборка / Углич";"уборка углич"
"Профессии / Уборка / Углич";"клининг в угличе"
"Профессии / Уборка / Углич";"клининг углич"
"Профессии / Уборка / Углич";"клининговые услуги в угличе"
"Профессии / Уборка / Углич";"клининговые услуги углич"
"Профессии / Уборка / Углич";"клинер в угличе"
"Профессии / Уборка / Углич";"клинер углич"
"Профессии / Уборка / Углич";"уборщица в угличе"
"Профессии / Уборка / Углич";"уборщица углич"
"Профессии / Уборка / Углич";"генеральная уборка в угличе"
"Профессии / Уборка / Углич";"генеральная уборка углич"
"Профессии / Уборка / Углич";"уборка квартир в угличе"
"Профессии / Уборка / Углич";"уборка квартир углич"
"Профессии / Уборка / Углич";"клининговая компания в угличе"
"Профессии / Уборка / Углич";"клининговая компания углич"
"Профессии / Уборка / Углич";"уборка после ремонта в угличе"
"Профессии / Уборка / Углич";"уборка после ремонта углич"
"Профессии / Уборка / Углич";"уборка в угличе недорого"
"Профессии / Уборка / Углич";"уборка в угличе цены"
"Профессии / Уборка / Углич";"уборка в угличе на дом"
"Профессии / Уборка / Углич";"вызвать клинера в угличе"
"Профессии / Уборка / Углич";"нанять клинера в угличе"
"Профессии / Уборка / Углич";"найти клинера в угличе"
"Профессии / Уборка / Углич";"услуги клинера в угличе"
"Профессии / Уборка / Углич";"уборка частник в угличе"
"Профессии / Уборка / Углич";"уборка без посредников в угличе"
"Профессии / Уборка / Углич";"работа уборка в угличе"
"Профессии / Уборка / Углич";"подработка уборка в угличе"
"Профессии / Уборка / Углич";"требуется уборка в угличе"
"Профессии / Уборка / Углич";"вакансия уборка в угличе"
"Профессии / Уборка / Ростов Великий";"уборка в ростове великом"
"Профессии / Уборка / Ростов Великий";"уборка ростов великий"
"Профессии / Уборка / Ростов Великий";"клининг в ростове великом"
"Профессии / Уборка / Ростов Великий";"клининг ростов великий"
"Профессии / Уборка / Ростов Великий";"клининговые услуги в ростове великом"
"Профессии / Уборка / Ростов Великий";"клининговые услуги ростов великий"
"Профессии / Уборка / Ростов Великий";"клинер в ростове великом"
"Профессии / Уборка / Ростов Великий";"клинер ростов великий"
"Профессии / Уборка / Ростов Великий";"уборщица в ростове великом"
"Профессии / Уборка / Ростов Великий";"уборщица ростов великий"
"Профессии / Уборка / Ростов Великий";"генеральная уборка в ростове великом"
"Профессии / Уборка / Ростов Великий";"генеральная уборка ростов великий"
"Профессии / Уборка / Ростов Великий";"уборка квартир в ростове великом"
"Профессии / Уборка / Ростов Великий";"уборка квартир ростов великий"
"Профессии / Уборка / Ростов Великий";"клининговая компания в ростове великом"
"Профессии / Уборка / Ростов Великий";"клининговая компания ростов великий"
"Профессии / Уборка / Ростов Великий";"уборка после ремонта в ростове великом"
"Профессии / Уборка / Ростов Великий";"уборка после ремонта ростов великий"
"Профессии / Уборка / Ростов Великий";"уборка в ростове великом недорого"
"Профессии / Уборка / Ростов Великий";"уборка в ростове великом цены"
"Профессии / Уборка / Ростов Великий";"уборка в ростове великом на дом"
"Профессии / Уборка / Ростов Великий";"вызвать клинера в ростове великом"
"Профессии / Уборка / Ростов Великий";"нанять клинера в ростове великом"
"Профессии / Уборка / Ростов Великий";"найти клинера в ростове великом"
"Профессии / Уборка / Ростов Великий";"услуги клинера в ростове великом"
"Профессии / Уборка / Ростов Великий";"уборка частник в ростове великом"
"Профессии / Уборка / Ростов Великий";"уборка без посредников в ростове великом"
"Профессии / Уборка / Ростов Великий";"работа уборка в ростове великом"
"Профессии / Уборка / Ростов Великий";"подработка уборка в ростове великом"
"Профессии / Уборка / Ростов Великий";"требуется уборка в ростове великом"
"Профессии / Уборка / Ростов Великий";"вакансия уборка в ростове великом"
"Профессии / Уборка / Задачи";"поддерживающая уборка"
"Профессии / Уборка / Задачи";"сколько стоит поддерживающая уборка"
"Профессии / Уборка / Задачи";"генеральная уборка"
"Профессии / Уборка / Задачи";"сколько стоит генеральная уборка"
"Профессии / Уборка / Задачи";"уборка после ремонта"
"Профессии / Уборка / Задачи";"сколько стоит уборка после ремонта"
"Профессии / Мытьё окон / Ярославль";"мытьё окон в ярославле"
"Профессии / Мытьё окон / Ярославль";"мытьё окон ярославль"
"Профессии / Мытьё окон / Ярославль";"мойка окон в ярославле"
"Профессии / Мытьё окон / Ярославль";"мойка окон ярославль"
"Профессии / Мытьё окон / Ярославль";"клининг окон в ярославле"
"Профессии / Мытьё окон / Ярославль";"клининг окон ярославль"
"Профессии / Мытьё окон / Ярославль";"помыть окна в ярославле"
"Профессии / Мытьё окон / Ярославль";"помыть окна ярославль"
"Профессии / Мытьё окон / Ярославль";"мойщик окон в ярославле"
"Профессии / Мытьё окон / Ярославль";"мойщик окон ярославль"
"Профессии / Мытьё окон / Ярославль";"мытьё окон в ярославле недорого"
"Профессии / Мытьё окон / Ярославль";"мытьё окон в ярославле цены"
"Профессии / Мытьё окон / Ярославль";"мытьё окон в ярославле на дом"
"Профессии / Мытьё окон / Ярославль";"вызвать мойщика окон в ярославле"
"Профессии / Мытьё окон / Ярославль";"нанять мойщика окон в ярославле"
"Профессии / Мытьё окон / Ярославль";"найти мойщика окон в ярославле"
"Профессии / Мытьё окон / Ярославль";"услуги мойщика окон в ярославле"
"Профессии / Мытьё окон / Ярославль";"мытьё окон частник в ярославле"
"Профессии / Мытьё окон / Ярославль";"мытьё окон без посредников в ярославле"
"Профессии / Мытьё окон / Ярославль";"работа мытьё окон в ярославле"
"Профессии / Мытьё окон / Ярославль";"подработка мытьё окон в ярославле"
"Профессии / Мытьё окон / Ярославль";"требуется мытьё окон в ярославле"
"Профессии / Мытьё окон / Ярославль";"вакансия мытьё окон в ярославле"
"Профессии / Мытьё окон / Рыбинск";"мытьё окон в рыбинске"
"Профессии / Мытьё окон / Рыбинск";"мытьё окон рыбинск"
"Профессии / Мытьё окон / Рыбинск";"мойка окон в рыбинске"
"Профессии / Мытьё окон / Рыбинск";"мойка окон рыбинск"
"Профессии / Мытьё окон / Рыбинск";"клининг окон в рыбинске"
"Профессии / Мытьё окон / Рыбинск";"клининг окон рыбинск"
"Профессии / Мытьё окон / Рыбинск";"помыть окна в рыбинске"
"Профессии / Мытьё окон / Рыбинск";"помыть окна рыбинск"
"Профессии / Мытьё окон / Рыбинск";"мойщик окон в рыбинске"
"Профессии / Мытьё окон / Рыбинск";"мойщик окон рыбинск"
"Профессии / Мытьё окон / Рыбинск";"мытьё окон в рыбинске недорого"
"Профессии / Мытьё окон / Рыбинск";"мытьё окон в рыбинске цены"
"Профессии / Мытьё окон / Рыбинск";"мытьё окон в рыбинске на дом"
"Профессии / Мытьё окон / Рыбинск";"вызвать мойщика окон в рыбинске"
"Профессии / Мытьё окон / Рыбинск";"нанять мойщика окон в рыбинске"
"Профессии / Мытьё окон / Рыбинск";"найти мойщика окон в рыбинске"
"Профессии / Мытьё окон / Рыбинск";"услуги мойщика окон в рыбинске"
"Профессии / Мытьё окон / Рыбинск";"мытьё окон частник в рыбинске"
"Профессии / Мытьё окон / Рыбинск";"мытьё окон без посредников в рыбинске"
"Профессии / Мытьё окон / Рыбинск";"работа мытьё окон в рыбинске"
"Профессии / Мытьё окон / Рыбинск";"подработка мытьё окон в рыбинске"
"Профессии / Мытьё окон / Рыбинск";"требуется мытьё окон в рыбинске"
"Профессии / Мытьё окон / Рыбинск";"вакансия мытьё окон в рыбинске"
"Профессии / Мытьё окон / Тутаев";"мытьё окон в тутаеве"
"Профессии / Мытьё окон / Тутаев";"мытьё окон тутаев"
"Профессии / Мытьё окон / Тутаев";"мойка окон в тутаеве"
"Профессии / Мытьё окон / Тутаев";"мойка окон тутаев"
"Профессии / Мытьё окон / Тутаев";"клининг окон в тутаеве"
"Профессии / Мытьё окон / Тутаев";"клининг окон тутаев"
"Профессии / Мытьё окон / Тутаев";"помыть окна в тутаеве"
"Профессии / Мытьё окон / Тутаев";"помыть окна тутаев"
"Профессии / Мытьё окон / Тутаев";"мойщик окон в тутаеве"
"Профессии / Мытьё окон / Тутаев";"мойщик окон тутаев"
"Профессии / Мытьё окон / Тутаев";"мытьё окон в тутаеве недорого"
"Профессии / Мытьё окон / Тутаев";"мытьё окон в тутаеве цены"
"Профессии / Мытьё окон / Тутаев";"мытьё окон в тутаеве на дом"
"Профессии / Мытьё окон / Тутаев";"вызвать мойщика окон в тутаеве"
"Профессии / Мытьё окон / Тутаев";"нанять мойщика окон в тутаеве"
"Профессии / Мытьё окон / Тутаев";"найти мойщика окон в тутаеве"
"Профессии / Мытьё окон / Тутаев";"услуги мойщика окон в тутаеве"
"Профессии / Мытьё окон / Тутаев";"мытьё окон частник в тутаеве"
"Профессии / Мытьё окон / Тутаев";"мытьё окон без посредников в тутаеве"
"Профессии / Мытьё окон / Тутаев";"работа мытьё окон в тутаеве"
"Профессии / Мытьё окон / Тутаев";"подработка мытьё окон в тутаеве"
"Профессии / Мытьё окон / Тутаев";"требуется мытьё окон в тутаеве"
"Профессии / Мытьё окон / Тутаев";"вакансия мытьё окон в тутаеве"
"Профессии / Мытьё окон / Переславль-Залесский";"мытьё окон в переславле-залесском"
"Профессии / Мытьё окон / Переславль-Залесский";"мытьё окон переславль-залесский"
"Профессии / Мытьё окон / Переславль-Залесский";"мойка окон в переславле-залесском"
"Профессии / Мытьё окон / Переславль-Залесский";"мойка окон переславль-залесский"
"Профессии / Мытьё окон / Переславль-Залесский";"клининг окон в переславле-залесском"
"Профессии / Мытьё окон / Переславль-Залесский";"клининг окон переславль-залесский"
"Профессии / Мытьё окон / Переславль-Залесский";"помыть окна в переславле-залесском"
"Профессии / Мытьё окон / Переславль-Залесский";"помыть окна переславль-залесский"
"Профессии / Мытьё окон / Переславль-Залесский";"мойщик окон в переславле-залесском"
"Профессии / Мытьё окон / Переславль-Залесский";"мойщик окон переславль-залесский"
"Профессии / Мытьё окон / Переславль-Залесский";"мытьё окон в переславле-залесском недорого"
"Профессии / Мытьё окон / Переславль-Залесский";"мытьё окон в переславле-залесском цены"
"Профессии / Мытьё окон / Переславль-Залесский";"мытьё окон в переславле-залесском на дом"
"Профессии / Мытьё окон / Переславль-Залесский";"вызвать мойщика окон в переславле-залесском"
"Профессии / Мытьё окон / Переславль-Залесский";"нанять мойщика окон в переславле-залесском"
"Профессии / Мытьё окон / Переславль-Залесский";"найти мойщика окон в переславле-залесском"
"Профессии / Мытьё окон / Переславль-Залесский";"услуги мойщика окон в переславле-залесском"
"Профессии / Мытьё окон / Переславль-Залесский";"мытьё окон частник в переславле-залесском"
"Профессии / Мытьё окон / Переславль-Залесский";"мытьё окон без посредников в переславле-залесском"
"Профессии / Мытьё окон / Переславль-Залесский";"работа мытьё окон в переславле-залесском"
"Профессии / Мытьё окон / Переславль-Залесский";"подработка мытьё окон в переславле-залесском"
"Профессии / Мытьё окон / Переславль-Залесский";"требуется мытьё окон в переславле-залесском"
"Профессии / Мытьё окон / Переславль-Залесский";"вакансия мытьё окон в переславле-залесском"
"Профессии / Мытьё окон / Углич";"мытьё окон в угличе"
"Профессии / Мытьё окон / Углич";"мытьё окон углич"
"Профессии / Мытьё окон / Углич";"мойка окон в угличе"
"Профессии / Мытьё окон / Углич";"мойка окон углич"
"Профессии / Мытьё окон / Углич";"клининг окон в угличе"
"Профессии / Мытьё окон / Углич";"клининг окон углич"
"Профессии / Мытьё окон / Углич";"помыть окна в угличе"
"Профессии / Мытьё окон / Углич";"помыть окна углич"
"Профессии / Мытьё окон / Углич";"мойщик окон в угличе"
"Профессии / Мытьё окон / Углич";"мойщик окон углич"
"Профессии / Мытьё окон / Углич";"мытьё окон в угличе недорого"
"Профессии / Мытьё окон / Углич";"мытьё окон в угличе цены"
"Профессии / Мытьё окон / Углич";"мытьё окон в угличе на дом"
"Профессии / Мытьё окон / Углич";"вызвать мойщика окон в угличе"
"Профессии / Мытьё окон / Углич";"нанять мойщика окон в угличе"
"Профессии / Мытьё окон / Углич";"найти мойщика окон в угличе"
"Профессии / Мытьё окон / Углич";"услуги мойщика окон в угличе"
"Профессии / Мытьё окон / Углич";"мытьё окон частник в угличе"
"Профессии / Мытьё окон / Углич";"мытьё окон без посредников в угличе"
"Профессии / Мытьё окон / Углич";"работа мытьё окон в угличе"
"Профессии / Мытьё окон / Углич";"подработка мытьё окон в угличе"
"Профессии / Мытьё окон / Углич";"требуется мытьё окон в угличе"
"Профессии / Мытьё окон / Углич";"вакансия мытьё окон в угличе"
"Профессии / Мытьё окон / Ростов Великий";"мытьё окон в ростове великом"
"Профессии / Мытьё окон / Ростов Великий";"мытьё окон ростов великий"
"Профессии / Мытьё окон / Ростов Великий";"мойка окон в ростове великом"
"Профессии / Мытьё окон / Ростов Великий";"мойка окон ростов великий"
"Профессии / Мытьё окон / Ростов Великий";"клининг окон в ростове великом"
"Профессии / Мытьё окон / Ростов Великий";"клининг окон ростов великий"
"Профессии / Мытьё окон / Ростов Великий";"помыть окна в ростове великом"
"Профессии / Мытьё окон / Ростов Великий";"помыть окна ростов великий"
"Профессии / Мытьё окон / Ростов Великий";"мойщик окон в ростове великом"
"Профессии / Мытьё окон / Ростов Великий";"мойщик окон ростов великий"
"Профессии / Мытьё окон / Ростов Великий";"мытьё окон в ростове великом недорого"
"Профессии / Мытьё окон / Ростов Великий";"мытьё окон в ростове великом цены"
"Профессии / Мытьё окон / Ростов Великий";"мытьё окон в ростове великом на дом"
"Профессии / Мытьё окон / Ростов Великий";"вызвать мойщика окон в ростове великом"
"Профессии / Мытьё окон / Ростов Великий";"нанять мойщика окон в ростове великом"
"Профессии / Мытьё окон / Ростов Великий";"найти мойщика окон в ростове великом"
"Профессии / Мытьё окон / Ростов Великий";"услуги мойщика окон в ростове великом"
"Профессии / Мытьё окон / Ростов Великий";"мытьё окон частник в ростове великом"
"Профессии / Мытьё окон / Ростов Великий";"мытьё окон без посредников в ростове великом"
"Профессии / Мытьё окон / Ростов Великий";"работа мытьё окон в ростове великом"
"Профессии / Мытьё окон / Ростов Великий";"подработка мытьё окон в ростове великом"
"Профессии / Мытьё окон / Ростов Великий";"требуется мытьё окон в ростове великом"
"Профессии / Мытьё окон / Ростов Великий";"вакансия мытьё окон в ростове великом"
"Профессии / Мытьё окон / Задачи";"мытьё окна"
"Профессии / Мытьё окон / Задачи";"сколько стоит мытьё окна"
"Профессии / Мытьё окон / Задачи";"балконный блок в ярославле"
"Профессии / Мытьё окон / Задачи";"балконный блок цена"
"Профессии / Мытьё окон / Задачи";"сколько стоит балконный блок"
"Профессии / Мытьё окон / Задачи";"остеклённый балкон в ярославле"
"Профессии / Мытьё окон / Задачи";"остеклённый балкон цена"
"Профессии / Мытьё окон / Задачи";"сколько стоит остеклённый балкон"
"Профессии / Мытьё окон / Задачи";"витрина"
"Профессии / Мытьё окон / Задачи";"сколько стоит витрина"
"Профессии / Химчистка мебели / Ярославль";"химчистка мебели в ярославле"
"Профессии / Химчистка мебели / Ярославль";"химчистка мебели ярославль"
"Профессии / Химчистка мебели / Ярославль";"химчистка дивана в ярославле"
"Профессии / Химчистка мебели / Ярославль";"химчистка дивана ярославль"
"Профессии / Химчистка мебели / Ярославль";"чистка мебели в ярославле"
"Профессии / Химчистка мебели / Ярославль";"чистка мебели ярославль"
"Профессии / Химчистка мебели / Ярославль";"химчистка ковров в ярославле"
"Профессии / Химчистка мебели / Ярославль";"химчистка ковров ярославль"
"Профессии / Химчистка мебели / Ярославль";"клининг мебели в ярославле"
"Профессии / Химчистка мебели / Ярославль";"клининг мебели ярославль"
"Профессии / Химчистка мебели / Ярославль";"химчистка мебели в ярославле недорого"
"Профессии / Химчистка мебели / Ярославль";"химчистка мебели в ярославле цены"
"Профессии / Химчистка мебели / Ярославль";"химчистка мебели в ярославле на дом"
"Профессии / Химчистка мебели / Ярославль";"вызвать мастера по химчистке в ярославле"
"Профессии / Химчистка мебели / Ярославль";"нанять мастера по химчистке в ярославле"
"Профессии / Химчистка мебели / Ярославль";"найти мастера по химчистке в ярославле"
"Профессии / Химчистка мебели / Ярославль";"услуги мастера по химчистке в ярославле"
"Профессии / Химчистка мебели / Ярославль";"химчистка мебели частник в ярославле"
"Профессии / Химчистка мебели / Ярославль";"химчистка мебели без посредников в ярославле"
"Профессии / Химчистка мебели / Ярославль";"работа химчистка мебели в ярославле"
"Профессии / Химчистка мебели / Ярославль";"подработка химчистка мебели в ярославле"
"Профессии / Химчистка мебели / Ярославль";"требуется химчистка мебели в ярославле"
"Профессии / Химчистка мебели / Ярославль";"вакансия химчистка мебели в ярославле"
"Профессии / Химчистка мебели / Рыбинск";"химчистка мебели в рыбинске"
"Профессии / Химчистка мебели / Рыбинск";"химчистка мебели рыбинск"
"Профессии / Химчистка мебели / Рыбинск";"химчистка дивана в рыбинске"
"Профессии / Химчистка мебели / Рыбинск";"химчистка дивана рыбинск"
"Профессии / Химчистка мебели / Рыбинск";"чистка мебели в рыбинске"
"Профессии / Химчистка мебели / Рыбинск";"чистка мебели рыбинск"
"Профессии / Химчистка мебели / Рыбинск";"химчистка ковров в рыбинске"
"Профессии / Химчистка мебели / Рыбинск";"химчистка ковров рыбинск"
"Профессии / Химчистка мебели / Рыбинск";"клининг мебели в рыбинске"
"Профессии / Химчистка мебели / Рыбинск";"клининг мебели рыбинск"
"Профессии / Химчистка мебели / Рыбинск";"химчистка мебели в рыбинске недорого"
"Профессии / Химчистка мебели / Рыбинск";"химчистка мебели в рыбинске цены"
"Профессии / Химчистка мебели / Рыбинск";"химчистка мебели в рыбинске на дом"
"Профессии / Химчистка мебели / Рыбинск";"вызвать мастера по химчистке в рыбинске"
"Профессии / Химчистка мебели / Рыбинск";"нанять мастера по химчистке в рыбинске"
"Профессии / Химчистка мебели / Рыбинск";"найти мастера по химчистке в рыбинске"
"Профессии / Химчистка мебели / Рыбинск";"услуги мастера по химчистке в рыбинске"
"Профессии / Химчистка мебели / Рыбинск";"химчистка мебели частник в рыбинске"
"Профессии / Химчистка мебели / Рыбинск";"химчистка мебели без посредников в рыбинске"
"Профессии / Химчистка мебели / Рыбинск";"работа химчистка мебели в рыбинске"
"Профессии / Химчистка мебели / Рыбинск";"подработка химчистка мебели в рыбинске"
"Профессии / Химчистка мебели / Рыбинск";"требуется химчистка мебели в рыбинске"
"Профессии / Химчистка мебели / Рыбинск";"вакансия химчистка мебели в рыбинске"
"Профессии / Химчистка мебели / Тутаев";"химчистка мебели в тутаеве"
"Профессии / Химчистка мебели / Тутаев";"химчистка мебели тутаев"
"Профессии / Химчистка мебели / Тутаев";"химчистка дивана в тутаеве"
"Профессии / Химчистка мебели / Тутаев";"химчистка дивана тутаев"
"Профессии / Химчистка мебели / Тутаев";"чистка мебели в тутаеве"
"Профессии / Химчистка мебели / Тутаев";"чистка мебели тутаев"
"Профессии / Химчистка мебели / Тутаев";"химчистка ковров в тутаеве"
"Профессии / Химчистка мебели / Тутаев";"химчистка ковров тутаев"
"Профессии / Химчистка мебели / Тутаев";"клининг мебели в тутаеве"
"Профессии / Химчистка мебели / Тутаев";"клининг мебели тутаев"
"Профессии / Химчистка мебели / Тутаев";"химчистка мебели в тутаеве недорого"
"Профессии / Химчистка мебели / Тутаев";"химчистка мебели в тутаеве цены"
"Профессии / Химчистка мебели / Тутаев";"химчистка мебели в тутаеве на дом"
"Профессии / Химчистка мебели / Тутаев";"вызвать мастера по химчистке в тутаеве"
"Профессии / Химчистка мебели / Тутаев";"нанять мастера по химчистке в тутаеве"
"Профессии / Химчистка мебели / Тутаев";"найти мастера по химчистке в тутаеве"
"Профессии / Химчистка мебели / Тутаев";"услуги мастера по химчистке в тутаеве"
"Профессии / Химчистка мебели / Тутаев";"химчистка мебели частник в тутаеве"
"Профессии / Химчистка мебели / Тутаев";"химчистка мебели без посредников в тутаеве"
"Профессии / Химчистка мебели / Тутаев";"работа химчистка мебели в тутаеве"
"Профессии / Химчистка мебели / Тутаев";"подработка химчистка мебели в тутаеве"
"Профессии / Химчистка мебели / Тутаев";"требуется химчистка мебели в тутаеве"
"Профессии / Химчистка мебели / Тутаев";"вакансия химчистка мебели в тутаеве"
"Профессии / Химчистка мебели / Переславль-Залесский";"химчистка мебели в переславле-залесском"
"Профессии / Химчистка мебели / Переславль-Залесский";"химчистка мебели переславль-залесский"
"Профессии / Химчистка мебели / Переславль-Залесский";"химчистка дивана в переславле-залесском"
"Профессии / Химчистка мебели / Переславль-Залесский";"химчистка дивана переславль-залесский"
"Профессии / Химчистка мебели / Переславль-Залесский";"чистка мебели в переславле-залесском"
"Профессии / Химчистка мебели / Переславль-Залесский";"чистка мебели переславль-залесский"
"Профессии / Химчистка мебели / Переславль-Залесский";"химчистка ковров в переславле-залесском"
"Профессии / Химчистка мебели / Переславль-Залесский";"химчистка ковров переславль-залесский"
"Профессии / Химчистка мебели / Переславль-Залесский";"клининг мебели в переславле-залесском"
"Профессии / Химчистка мебели / Переславль-Залесский";"клининг мебели переславль-залесский"
"Профессии / Химчистка мебели / Переславль-Залесский";"химчистка мебели в переславле-залесском недорого"
"Профессии / Химчистка мебели / Переславль-Залесский";"химчистка мебели в переславле-залесском цены"
"Профессии / Химчистка мебели / Переславль-Залесский";"химчистка мебели в переславле-залесском на дом"
"Профессии / Химчистка мебели / Переславль-Залесский";"вызвать мастера по химчистке в переславле-залесском"
"Профессии / Химчистка мебели / Переславль-Залесский";"нанять мастера по химчистке в переславле-залесском"
"Профессии / Химчистка мебели / Переславль-Залесский";"найти мастера по химчистке в переславле-залесском"
"Профессии / Химчистка мебели / Переславль-Залесский";"услуги мастера по химчистке в переславле-залесском"
"Профессии / Химчистка мебели / Переславль-Залесский";"химчистка мебели частник в переславле-залесском"
"Профессии / Химчистка мебели / Переславль-Залесский";"химчистка мебели без посредников в переславле-залесском"
"Профессии / Химчистка мебели / Переславль-Залесский";"работа химчистка мебели в переславле-залесском"
"Профессии / Химчистка мебели / Переславль-Залесский";"подработка химчистка мебели в переславле-залесском"
"Профессии / Химчистка мебели / Переславль-Залесский";"требуется химчистка мебели в переславле-залесском"
"Профессии / Химчистка мебели / Переславль-Залесский";"вакансия химчистка мебели в переславле-залесском"
"Профессии / Химчистка мебели / Углич";"химчистка мебели в угличе"
"Профессии / Химчистка мебели / Углич";"химчистка мебели углич"
"Профессии / Химчистка мебели / Углич";"химчистка дивана в угличе"
"Профессии / Химчистка мебели / Углич";"химчистка дивана углич"
"Профессии / Химчистка мебели / Углич";"чистка мебели в угличе"
"Профессии / Химчистка мебели / Углич";"чистка мебели углич"
"Профессии / Химчистка мебели / Углич";"химчистка ковров в угличе"
"Профессии / Химчистка мебели / Углич";"химчистка ковров углич"
"Профессии / Химчистка мебели / Углич";"клининг мебели в угличе"
"Профессии / Химчистка мебели / Углич";"клининг мебели углич"
"Профессии / Химчистка мебели / Углич";"химчистка мебели в угличе недорого"
"Профессии / Химчистка мебели / Углич";"химчистка мебели в угличе цены"
"Профессии / Химчистка мебели / Углич";"химчистка мебели в угличе на дом"
"Профессии / Химчистка мебели / Углич";"вызвать мастера по химчистке в угличе"
"Профессии / Химчистка мебели / Углич";"нанять мастера по химчистке в угличе"
"Профессии / Химчистка мебели / Углич";"найти мастера по химчистке в угличе"
"Профессии / Химчистка мебели / Углич";"услуги мастера по химчистке в угличе"
"Профессии / Химчистка мебели / Углич";"химчистка мебели частник в угличе"
"Профессии / Химчистка мебели / Углич";"химчистка мебели без посредников в угличе"
"Профессии / Химчистка мебели / Углич";"работа химчистка мебели в угличе"
"Профессии / Химчистка мебели / Углич";"подработка химчистка мебели в угличе"
"Профессии / Химчистка мебели / Углич";"требуется химчистка мебели в угличе"
"Профессии / Химчистка мебели / Углич";"вакансия химчистка мебели в угличе"
"Профессии / Химчистка мебели / Ростов Великий";"химчистка мебели в ростове великом"
"Профессии / Химчистка мебели / Ростов Великий";"химчистка мебели ростов великий"
"Профессии / Химчистка мебели / Ростов Великий";"химчистка дивана в ростове великом"
"Профессии / Химчистка мебели / Ростов Великий";"химчистка дивана ростов великий"
"Профессии / Химчистка мебели / Ростов Великий";"чистка мебели в ростове великом"
"Профессии / Химчистка мебели / Ростов Великий";"чистка мебели ростов великий"
"Профессии / Химчистка мебели / Ростов Великий";"химчистка ковров в ростове великом"
"Профессии / Химчистка мебели / Ростов Великий";"химчистка ковров ростов великий"
"Профессии / Химчистка мебели / Ростов Великий";"клининг мебели в ростове великом"
"Профессии / Химчистка мебели / Ростов Великий";"клининг мебели ростов великий"
"Профессии / Химчистка мебели / Ростов Великий";"химчистка мебели в ростове великом недорого"
"Профессии / Химчистка мебели / Ростов Великий";"химчистка мебели в ростове великом цены"
"Профессии / Химчистка мебели / Ростов Великий";"химчистка мебели в ростове великом на дом"
"Профессии / Химчистка мебели / Ростов Великий";"вызвать мастера по химчистке в ростове великом"
"Профессии / Химчистка мебели / Ростов Великий";"нанять мастера по химчистке в ростове великом"
"Профессии / Химчистка мебели / Ростов Великий";"найти мастера по химчистке в ростове великом"
"Профессии / Химчистка мебели / Ростов Великий";"услуги мастера по химчистке в ростове великом"
"Профессии / Химчистка мебели / Ростов Великий";"химчистка мебели частник в ростове великом"
"Профессии / Химчистка мебели / Ростов Великий";"химчистка мебели без посредников в ростове великом"
"Профессии / Химчистка мебели / Ростов Великий";"работа химчистка мебели в ростове великом"
"Профессии / Химчистка мебели / Ростов Великий";"подработка химчистка мебели в ростове великом"
"Профессии / Химчистка мебели / Ростов Великий";"требуется химчистка мебели в ростове великом"
"Профессии / Химчистка мебели / Ростов Великий";"вакансия химчистка мебели в ростове великом"
"Профессии / Химчистка мебели / Задачи";"кресло в ярославле"
"Профессии / Химчистка мебели / Задачи";"кресло цена"
"Профессии / Химчистка мебели / Задачи";"сколько стоит кресло"
"Профессии / Химчистка мебели / Задачи";"диван двухместный в ярославле"
"Профессии / Химчистка мебели / Задачи";"диван двухместный цена"
"Профессии / Химчистка мебели / Задачи";"сколько стоит диван двухместный"
"Профессии / Химчистка мебели / Задачи";"угловой диван в ярославле"
"Профессии / Химчистка мебели / Задачи";"угловой диван цена"
"Профессии / Химчистка мебели / Задачи";"сколько стоит угловой диван"
"Профессии / Химчистка мебели / Задачи";"ковёр"
"Профессии / Химчистка мебели / Задачи";"сколько стоит ковёр"
"Профессии / Дезинсекция / Ярославль";"дезинсекция в ярославле"
"Профессии / Дезинсекция / Ярославль";"дезинсекция ярославль"
"Профессии / Дезинсекция / Ярославль";"дезинфекция в ярославле"
"Профессии / Дезинсекция / Ярославль";"дезинфекция ярославль"
"Профессии / Дезинсекция / Ярославль";"травля насекомых в ярославле"
"Профессии / Дезинсекция / Ярославль";"травля насекомых ярославль"
"Профессии / Дезинсекция / Ярославль";"уничтожение клопов в ярославле"
"Профессии / Дезинсекция / Ярославль";"уничтожение клопов ярославль"
"Профессии / Дезинсекция / Ярославль";"санобработка в ярославле"
"Профессии / Дезинсекция / Ярославль";"санобработка ярославль"
"Профессии / Дезинсекция / Ярославль";"дератизация в ярославле"
"Профессии / Дезинсекция / Ярославль";"дератизация ярославль"
"Профессии / Дезинсекция / Ярославль";"дезинсекция в ярославле недорого"
"Профессии / Дезинсекция / Ярославль";"дезинсекция в ярославле цены"
"Профессии / Дезинсекция / Ярославль";"дезинсекция в ярославле на дом"
"Профессии / Дезинсекция / Ярославль";"вызвать дезинсектора в ярославле"
"Профессии / Дезинсекция / Ярославль";"нанять дезинсектора в ярославле"
"Профессии / Дезинсекция / Ярославль";"найти дезинсектора в ярославле"
"Профессии / Дезинсекция / Ярославль";"услуги дезинсектора в ярославле"
"Профессии / Дезинсекция / Ярославль";"дезинсекция частник в ярославле"
"Профессии / Дезинсекция / Ярославль";"дезинсекция без посредников в ярославле"
"Профессии / Дезинсекция / Ярославль";"работа дезинсекция в ярославле"
"Профессии / Дезинсекция / Ярославль";"подработка дезинсекция в ярославле"
"Профессии / Дезинсекция / Ярославль";"требуется дезинсекция в ярославле"
"Профессии / Дезинсекция / Ярославль";"вакансия дезинсекция в ярославле"
"Профессии / Дезинсекция / Рыбинск";"дезинсекция в рыбинске"
"Профессии / Дезинсекция / Рыбинск";"дезинсекция рыбинск"
"Профессии / Дезинсекция / Рыбинск";"дезинфекция в рыбинске"
"Профессии / Дезинсекция / Рыбинск";"дезинфекция рыбинск"
"Профессии / Дезинсекция / Рыбинск";"травля насекомых в рыбинске"
"Профессии / Дезинсекция / Рыбинск";"травля насекомых рыбинск"
"Профессии / Дезинсекция / Рыбинск";"уничтожение клопов в рыбинске"
"Профессии / Дезинсекция / Рыбинск";"уничтожение клопов рыбинск"
"Профессии / Дезинсекция / Рыбинск";"санобработка в рыбинске"
"Профессии / Дезинсекция / Рыбинск";"санобработка рыбинск"
"Профессии / Дезинсекция / Рыбинск";"дератизация в рыбинске"
"Профессии / Дезинсекция / Рыбинск";"дератизация рыбинск"
"Профессии / Дезинсекция / Рыбинск";"дезинсекция в рыбинске недорого"
"Профессии / Дезинсекция / Рыбинск";"дезинсекция в рыбинске цены"
"Профессии / Дезинсекция / Рыбинск";"дезинсекция в рыбинске на дом"
"Профессии / Дезинсекция / Рыбинск";"вызвать дезинсектора в рыбинске"
"Профессии / Дезинсекция / Рыбинск";"нанять дезинсектора в рыбинске"
"Профессии / Дезинсекция / Рыбинск";"найти дезинсектора в рыбинске"
"Профессии / Дезинсекция / Рыбинск";"услуги дезинсектора в рыбинске"
"Профессии / Дезинсекция / Рыбинск";"дезинсекция частник в рыбинске"
"Профессии / Дезинсекция / Рыбинск";"дезинсекция без посредников в рыбинске"
"Профессии / Дезинсекция / Рыбинск";"работа дезинсекция в рыбинске"
"Профессии / Дезинсекция / Рыбинск";"подработка дезинсекция в рыбинске"
"Профессии / Дезинсекция / Рыбинск";"требуется дезинсекция в рыбинске"
"Профессии / Дезинсекция / Рыбинск";"вакансия дезинсекция в рыбинске"
"Профессии / Дезинсекция / Тутаев";"дезинсекция в тутаеве"
"Профессии / Дезинсекция / Тутаев";"дезинсекция тутаев"
"Профессии / Дезинсекция / Тутаев";"дезинфекция в тутаеве"
"Профессии / Дезинсекция / Тутаев";"дезинфекция тутаев"
"Профессии / Дезинсекция / Тутаев";"травля насекомых в тутаеве"
"Профессии / Дезинсекция / Тутаев";"травля насекомых тутаев"
"Профессии / Дезинсекция / Тутаев";"уничтожение клопов в тутаеве"
"Профессии / Дезинсекция / Тутаев";"уничтожение клопов тутаев"
"Профессии / Дезинсекция / Тутаев";"санобработка в тутаеве"
"Профессии / Дезинсекция / Тутаев";"санобработка тутаев"
"Профессии / Дезинсекция / Тутаев";"дератизация в тутаеве"
"Профессии / Дезинсекция / Тутаев";"дератизация тутаев"
"Профессии / Дезинсекция / Тутаев";"дезинсекция в тутаеве недорого"
"Профессии / Дезинсекция / Тутаев";"дезинсекция в тутаеве цены"
"Профессии / Дезинсекция / Тутаев";"дезинсекция в тутаеве на дом"
"Профессии / Дезинсекция / Тутаев";"вызвать дезинсектора в тутаеве"
"Профессии / Дезинсекция / Тутаев";"нанять дезинсектора в тутаеве"
"Профессии / Дезинсекция / Тутаев";"найти дезинсектора в тутаеве"
"Профессии / Дезинсекция / Тутаев";"услуги дезинсектора в тутаеве"
"Профессии / Дезинсекция / Тутаев";"дезинсекция частник в тутаеве"
"Профессии / Дезинсекция / Тутаев";"дезинсекция без посредников в тутаеве"
"Профессии / Дезинсекция / Тутаев";"работа дезинсекция в тутаеве"
"Профессии / Дезинсекция / Тутаев";"подработка дезинсекция в тутаеве"
"Профессии / Дезинсекция / Тутаев";"требуется дезинсекция в тутаеве"
"Профессии / Дезинсекция / Тутаев";"вакансия дезинсекция в тутаеве"
"Профессии / Дезинсекция / Переславль-Залесский";"дезинсекция в переславле-залесском"
"Профессии / Дезинсекция / Переславль-Залесский";"дезинсекция переславль-залесский"
"Профессии / Дезинсекция / Переславль-Залесский";"дезинфекция в переславле-залесском"
"Профессии / Дезинсекция / Переславль-Залесский";"дезинфекция переславль-залесский"
"Профессии / Дезинсекция / Переславль-Залесский";"травля насекомых в переславле-залесском"
"Профессии / Дезинсекция / Переславль-Залесский";"травля насекомых переславль-залесский"
"Профессии / Дезинсекция / Переславль-Залесский";"уничтожение клопов в переславле-залесском"
"Профессии / Дезинсекция / Переславль-Залесский";"уничтожение клопов переславль-залесский"
"Профессии / Дезинсекция / Переславль-Залесский";"санобработка в переславле-залесском"
"Профессии / Дезинсекция / Переславль-Залесский";"санобработка переславль-залесский"
"Профессии / Дезинсекция / Переславль-Залесский";"дератизация в переславле-залесском"
"Профессии / Дезинсекция / Переславль-Залесский";"дератизация переславль-залесский"
"Профессии / Дезинсекция / Переславль-Залесский";"дезинсекция в переславле-залесском недорого"
"Профессии / Дезинсекция / Переславль-Залесский";"дезинсекция в переславле-залесском цены"
"Профессии / Дезинсекция / Переславль-Залесский";"дезинсекция в переславле-залесском на дом"
"Профессии / Дезинсекция / Переславль-Залесский";"вызвать дезинсектора в переславле-залесском"
"Профессии / Дезинсекция / Переславль-Залесский";"нанять дезинсектора в переславле-залесском"
"Профессии / Дезинсекция / Переславль-Залесский";"найти дезинсектора в переславле-залесском"
"Профессии / Дезинсекция / Переславль-Залесский";"услуги дезинсектора в переславле-залесском"
"Профессии / Дезинсекция / Переславль-Залесский";"дезинсекция частник в переславле-залесском"
"Профессии / Дезинсекция / Переславль-Залесский";"дезинсекция без посредников в переславле-залесском"
"Профессии / Дезинсекция / Переславль-Залесский";"работа дезинсекция в переславле-залесском"
"Профессии / Дезинсекция / Переславль-Залесский";"подработка дезинсекция в переславле-залесском"
"Профессии / Дезинсекция / Переславль-Залесский";"требуется дезинсекция в переславле-залесском"
"Профессии / Дезинсекция / Переславль-Залесский";"вакансия дезинсекция в переславле-залесском"
"Профессии / Дезинсекция / Углич";"дезинсекция в угличе"
"Профессии / Дезинсекция / Углич";"дезинсекция углич"
"Профессии / Дезинсекция / Углич";"дезинфекция в угличе"
"Профессии / Дезинсекция / Углич";"дезинфекция углич"
"Профессии / Дезинсекция / Углич";"травля насекомых в угличе"
"Профессии / Дезинсекция / Углич";"травля насекомых углич"
"Профессии / Дезинсекция / Углич";"уничтожение клопов в угличе"
"Профессии / Дезинсекция / Углич";"уничтожение клопов углич"
"Профессии / Дезинсекция / Углич";"санобработка в угличе"
"Профессии / Дезинсекция / Углич";"санобработка углич"
"Профессии / Дезинсекция / Углич";"дератизация в угличе"
"Профессии / Дезинсекция / Углич";"дератизация углич"
"Профессии / Дезинсекция / Углич";"дезинсекция в угличе недорого"
"Профессии / Дезинсекция / Углич";"дезинсекция в угличе цены"
"Профессии / Дезинсекция / Углич";"дезинсекция в угличе на дом"
"Профессии / Дезинсекция / Углич";"вызвать дезинсектора в угличе"
"Профессии / Дезинсекция / Углич";"нанять дезинсектора в угличе"
"Профессии / Дезинсекция / Углич";"найти дезинсектора в угличе"
"Профессии / Дезинсекция / Углич";"услуги дезинсектора в угличе"
"Профессии / Дезинсекция / Углич";"дезинсекция частник в угличе"
"Профессии / Дезинсекция / Углич";"дезинсекция без посредников в угличе"
"Профессии / Дезинсекция / Углич";"работа дезинсекция в угличе"
"Профессии / Дезинсекция / Углич";"подработка дезинсекция в угличе"
"Профессии / Дезинсекция / Углич";"требуется дезинсекция в угличе"
"Профессии / Дезинсекция / Углич";"вакансия дезинсекция в угличе"
"Профессии / Дезинсекция / Ростов Великий";"дезинсекция в ростове великом"
"Профессии / Дезинсекция / Ростов Великий";"дезинсекция ростов великий"
"Профессии / Дезинсекция / Ростов Великий";"дезинфекция в ростове великом"
"Профессии / Дезинсекция / Ростов Великий";"дезинфекция ростов великий"
"Профессии / Дезинсекция / Ростов Великий";"травля насекомых в ростове великом"
"Профессии / Дезинсекция / Ростов Великий";"травля насекомых ростов великий"
"Профессии / Дезинсекция / Ростов Великий";"уничтожение клопов в ростове великом"
"Профессии / Дезинсекция / Ростов Великий";"уничтожение клопов ростов великий"
"Профессии / Дезинсекция / Ростов Великий";"санобработка в ростове великом"
"Профессии / Дезинсекция / Ростов Великий";"санобработка ростов великий"
"Профессии / Дезинсекция / Ростов Великий";"дератизация в ростове великом"
"Профессии / Дезинсекция / Ростов Великий";"дератизация ростов великий"
"Профессии / Дезинсекция / Ростов Великий";"дезинсекция в ростове великом недорого"
"Профессии / Дезинсекция / Ростов Великий";"дезинсекция в ростове великом цены"
"Профессии / Дезинсекция / Ростов Великий";"дезинсекция в ростове великом на дом"
"Профессии / Дезинсекция / Ростов Великий";"вызвать дезинсектора в ростове великом"
"Профессии / Дезинсекция / Ростов Великий";"нанять дезинсектора в ростове великом"
"Профессии / Дезинсекция / Ростов Великий";"найти дезинсектора в ростове великом"
"Профессии / Дезинсекция / Ростов Великий";"услуги дезинсектора в ростове великом"
"Профессии / Дезинсекция / Ростов Великий";"дезинсекция частник в ростове великом"
"Профессии / Дезинсекция / Ростов Великий";"дезинсекция без посредников в ростове великом"
"Профессии / Дезинсекция / Ростов Великий";"работа дезинсекция в ростове великом"
"Профессии / Дезинсекция / Ростов Великий";"подработка дезинсекция в ростове великом"
"Профессии / Дезинсекция / Ростов Великий";"требуется дезинсекция в ростове великом"
"Профессии / Дезинсекция / Ростов Великий";"вакансия дезинсекция в ростове великом"
"Профессии / Дезинсекция / Задачи";"обработка однокомнатной квартиры в ярославле"
"Профессии / Дезинсекция / Задачи";"обработка однокомнатной квартиры цена"
"Профессии / Дезинсекция / Задачи";"сколько стоит обработка однокомнатной квартиры"
"Профессии / Дезинсекция / Задачи";"обработка двухкомнатной в ярославле"
"Профессии / Дезинсекция / Задачи";"обработка двухкомнатной цена"
"Профессии / Дезинсекция / Задачи";"сколько стоит обработка двухкомнатной"
"Профессии / Дезинсекция / Задачи";"обработка частного дома в ярославле"
"Профессии / Дезинсекция / Задачи";"обработка частного дома цена"
"Профессии / Дезинсекция / Задачи";"сколько стоит обработка частного дома"
"Профессии / Дезинсекция / Задачи";"обработка участка от клещей"
"Профессии / Дезинсекция / Задачи";"сколько стоит обработка участка от клещей"
"Профессии / Помощь по хозяйству / Ярославль";"помощь по хозяйству в ярославле"
"Профессии / Помощь по хозяйству / Ярославль";"помощь по хозяйству ярославль"
"Профессии / Помощь по хозяйству / Ярославль";"помощник по хозяйству в ярославле"
"Профессии / Помощь по хозяйству / Ярославль";"помощник по хозяйству ярославль"
"Профессии / Помощь по хозяйству / Ярославль";"помощь по дому в ярославле"
"Профессии / Помощь по хозяйству / Ярославль";"помощь по дому ярославль"
"Профессии / Помощь по хозяйству / Ярославль";"домработница в ярославле"
"Профессии / Помощь по хозяйству / Ярославль";"домработница ярославль"
"Профессии / Помощь по хозяйству / Ярославль";"приходящая помощница в ярославле"
"Профессии / Помощь по хозяйству / Ярославль";"приходящая помощница ярославль"
"Профессии / Помощь по хозяйству / Ярославль";"помощь по хозяйству в ярославле недорого"
"Профессии / Помощь по хозяйству / Ярославль";"помощь по хозяйству в ярославле цены"
"Профессии / Помощь по хозяйству / Ярославль";"помощь по хозяйству в ярославле на дом"
"Профессии / Помощь по хозяйству / Ярославль";"вызвать помощника по хозяйству в ярославле"
"Профессии / Помощь по хозяйству / Ярославль";"нанять помощника по хозяйству в ярославле"
"Профессии / Помощь по хозяйству / Ярославль";"найти помощника по хозяйству в ярославле"
"Профессии / Помощь по хозяйству / Ярославль";"услуги помощника по хозяйству в ярославле"
"Профессии / Помощь по хозяйству / Ярославль";"помощь по хозяйству частник в ярославле"
"Профессии / Помощь по хозяйству / Ярославль";"помощь по хозяйству без посредников в ярославле"
"Профессии / Помощь по хозяйству / Ярославль";"работа помощь по хозяйству в ярославле"
"Профессии / Помощь по хозяйству / Ярославль";"подработка помощь по хозяйству в ярославле"
"Профессии / Помощь по хозяйству / Ярославль";"требуется помощь по хозяйству в ярославле"
"Профессии / Помощь по хозяйству / Ярославль";"вакансия помощь по хозяйству в ярославле"
"Профессии / Помощь по хозяйству / Рыбинск";"помощь по хозяйству в рыбинске"
"Профессии / Помощь по хозяйству / Рыбинск";"помощь по хозяйству рыбинск"
"Профессии / Помощь по хозяйству / Рыбинск";"помощник по хозяйству в рыбинске"
"Профессии / Помощь по хозяйству / Рыбинск";"помощник по хозяйству рыбинск"
"Профессии / Помощь по хозяйству / Рыбинск";"помощь по дому в рыбинске"
"Профессии / Помощь по хозяйству / Рыбинск";"помощь по дому рыбинск"
"Профессии / Помощь по хозяйству / Рыбинск";"домработница в рыбинске"
"Профессии / Помощь по хозяйству / Рыбинск";"домработница рыбинск"
"Профессии / Помощь по хозяйству / Рыбинск";"приходящая помощница в рыбинске"
"Профессии / Помощь по хозяйству / Рыбинск";"приходящая помощница рыбинск"
"Профессии / Помощь по хозяйству / Рыбинск";"помощь по хозяйству в рыбинске недорого"
"Профессии / Помощь по хозяйству / Рыбинск";"помощь по хозяйству в рыбинске цены"
"Профессии / Помощь по хозяйству / Рыбинск";"помощь по хозяйству в рыбинске на дом"
"Профессии / Помощь по хозяйству / Рыбинск";"вызвать помощника по хозяйству в рыбинске"
"Профессии / Помощь по хозяйству / Рыбинск";"нанять помощника по хозяйству в рыбинске"
"Профессии / Помощь по хозяйству / Рыбинск";"найти помощника по хозяйству в рыбинске"
"Профессии / Помощь по хозяйству / Рыбинск";"услуги помощника по хозяйству в рыбинске"
"Профессии / Помощь по хозяйству / Рыбинск";"помощь по хозяйству частник в рыбинске"
"Профессии / Помощь по хозяйству / Рыбинск";"помощь по хозяйству без посредников в рыбинске"
"Профессии / Помощь по хозяйству / Рыбинск";"работа помощь по хозяйству в рыбинске"
"Профессии / Помощь по хозяйству / Рыбинск";"подработка помощь по хозяйству в рыбинске"
"Профессии / Помощь по хозяйству / Рыбинск";"требуется помощь по хозяйству в рыбинске"
"Профессии / Помощь по хозяйству / Рыбинск";"вакансия помощь по хозяйству в рыбинске"
"Профессии / Помощь по хозяйству / Тутаев";"помощь по хозяйству в тутаеве"
"Профессии / Помощь по хозяйству / Тутаев";"помощь по хозяйству тутаев"
"Профессии / Помощь по хозяйству / Тутаев";"помощник по хозяйству в тутаеве"
"Профессии / Помощь по хозяйству / Тутаев";"помощник по хозяйству тутаев"
"Профессии / Помощь по хозяйству / Тутаев";"помощь по дому в тутаеве"
"Профессии / Помощь по хозяйству / Тутаев";"помощь по дому тутаев"
"Профессии / Помощь по хозяйству / Тутаев";"домработница в тутаеве"
"Профессии / Помощь по хозяйству / Тутаев";"домработница тутаев"
"Профессии / Помощь по хозяйству / Тутаев";"приходящая помощница в тутаеве"
"Профессии / Помощь по хозяйству / Тутаев";"приходящая помощница тутаев"
"Профессии / Помощь по хозяйству / Тутаев";"помощь по хозяйству в тутаеве недорого"
"Профессии / Помощь по хозяйству / Тутаев";"помощь по хозяйству в тутаеве цены"
"Профессии / Помощь по хозяйству / Тутаев";"помощь по хозяйству в тутаеве на дом"
"Профессии / Помощь по хозяйству / Тутаев";"вызвать помощника по хозяйству в тутаеве"
"Профессии / Помощь по хозяйству / Тутаев";"нанять помощника по хозяйству в тутаеве"
"Профессии / Помощь по хозяйству / Тутаев";"найти помощника по хозяйству в тутаеве"
"Профессии / Помощь по хозяйству / Тутаев";"услуги помощника по хозяйству в тутаеве"
"Профессии / Помощь по хозяйству / Тутаев";"помощь по хозяйству частник в тутаеве"
"Профессии / Помощь по хозяйству / Тутаев";"помощь по хозяйству без посредников в тутаеве"
"Профессии / Помощь по хозяйству / Тутаев";"работа помощь по хозяйству в тутаеве"
"Профессии / Помощь по хозяйству / Тутаев";"подработка помощь по хозяйству в тутаеве"
"Профессии / Помощь по хозяйству / Тутаев";"требуется помощь по хозяйству в тутаеве"
"Профессии / Помощь по хозяйству / Тутаев";"вакансия помощь по хозяйству в тутаеве"
"Профессии / Помощь по хозяйству / Переславль-Залесский";"помощь по хозяйству в переславле-залесском"
"Профессии / Помощь по хозяйству / Переславль-Залесский";"помощь по хозяйству переславль-залесский"
"Профессии / Помощь по хозяйству / Переславль-Залесский";"помощник по хозяйству в переславле-залесском"
"Профессии / Помощь по хозяйству / Переславль-Залесский";"помощник по хозяйству переславль-залесский"
"Профессии / Помощь по хозяйству / Переславль-Залесский";"помощь по дому в переславле-залесском"
"Профессии / Помощь по хозяйству / Переславль-Залесский";"помощь по дому переславль-залесский"
"Профессии / Помощь по хозяйству / Переславль-Залесский";"домработница в переславле-залесском"
"Профессии / Помощь по хозяйству / Переславль-Залесский";"домработница переславль-залесский"
"Профессии / Помощь по хозяйству / Переславль-Залесский";"приходящая помощница в переславле-залесском"
"Профессии / Помощь по хозяйству / Переславль-Залесский";"приходящая помощница переславль-залесский"
"Профессии / Помощь по хозяйству / Переславль-Залесский";"помощь по хозяйству в переславле-залесском недорого"
"Профессии / Помощь по хозяйству / Переславль-Залесский";"помощь по хозяйству в переславле-залесском цены"
"Профессии / Помощь по хозяйству / Переславль-Залесский";"помощь по хозяйству в переславле-залесском на дом"
"Профессии / Помощь по хозяйству / Переславль-Залесский";"вызвать помощника по хозяйству в переславле-залесском"
"Профессии / Помощь по хозяйству / Переславль-Залесский";"нанять помощника по хозяйству в переславле-залесском"
"Профессии / Помощь по хозяйству / Переславль-Залесский";"найти помощника по хозяйству в переславле-залесском"
"Профессии / Помощь по хозяйству / Переславль-Залесский";"услуги помощника по хозяйству в переславле-залесском"
"Профессии / Помощь по хозяйству / Переславль-Залесский";"помощь по хозяйству частник в переславле-залесском"
"Профессии / Помощь по хозяйству / Переславль-Залесский";"помощь по хозяйству без посредников в переславле-залесском"
"Профессии / Помощь по хозяйству / Переславль-Залесский";"работа помощь по хозяйству в переславле-залесском"
"Профессии / Помощь по хозяйству / Переславль-Залесский";"подработка помощь по хозяйству в переславле-залесском"
"Профессии / Помощь по хозяйству / Переславль-Залесский";"требуется помощь по хозяйству в переславле-залесском"
"Профессии / Помощь по хозяйству / Переславль-Залесский";"вакансия помощь по хозяйству в переславле-залесском"
"Профессии / Помощь по хозяйству / Углич";"помощь по хозяйству в угличе"
"Профессии / Помощь по хозяйству / Углич";"помощь по хозяйству углич"
"Профессии / Помощь по хозяйству / Углич";"помощник по хозяйству в угличе"
"Профессии / Помощь по хозяйству / Углич";"помощник по хозяйству углич"
"Профессии / Помощь по хозяйству / Углич";"помощь по дому в угличе"
"Профессии / Помощь по хозяйству / Углич";"помощь по дому углич"
"Профессии / Помощь по хозяйству / Углич";"домработница в угличе"
"Профессии / Помощь по хозяйству / Углич";"домработница углич"
"Профессии / Помощь по хозяйству / Углич";"приходящая помощница в угличе"
"Профессии / Помощь по хозяйству / Углич";"приходящая помощница углич"
"Профессии / Помощь по хозяйству / Углич";"помощь по хозяйству в угличе недорого"
"Профессии / Помощь по хозяйству / Углич";"помощь по хозяйству в угличе цены"
"Профессии / Помощь по хозяйству / Углич";"помощь по хозяйству в угличе на дом"
"Профессии / Помощь по хозяйству / Углич";"вызвать помощника по хозяйству в угличе"
"Профессии / Помощь по хозяйству / Углич";"нанять помощника по хозяйству в угличе"
"Профессии / Помощь по хозяйству / Углич";"найти помощника по хозяйству в угличе"
"Профессии / Помощь по хозяйству / Углич";"услуги помощника по хозяйству в угличе"
"Профессии / Помощь по хозяйству / Углич";"помощь по хозяйству частник в угличе"
"Профессии / Помощь по хозяйству / Углич";"помощь по хозяйству без посредников в угличе"
"Профессии / Помощь по хозяйству / Углич";"работа помощь по хозяйству в угличе"
"Профессии / Помощь по хозяйству / Углич";"подработка помощь по хозяйству в угличе"
"Профессии / Помощь по хозяйству / Углич";"требуется помощь по хозяйству в угличе"
"Профессии / Помощь по хозяйству / Углич";"вакансия помощь по хозяйству в угличе"
"Профессии / Помощь по хозяйству / Ростов Великий";"помощь по хозяйству в ростове великом"
"Профессии / Помощь по хозяйству / Ростов Великий";"помощь по хозяйству ростов великий"
"Профессии / Помощь по хозяйству / Ростов Великий";"помощник по хозяйству в ростове великом"
"Профессии / Помощь по хозяйству / Ростов Великий";"помощник по хозяйству ростов великий"
"Профессии / Помощь по хозяйству / Ростов Великий";"помощь по дому в ростове великом"
"Профессии / Помощь по хозяйству / Ростов Великий";"помощь по дому ростов великий"
"Профессии / Помощь по хозяйству / Ростов Великий";"домработница в ростове великом"
"Профессии / Помощь по хозяйству / Ростов Великий";"домработница ростов великий"
"Профессии / Помощь по хозяйству / Ростов Великий";"приходящая помощница в ростове великом"
"Профессии / Помощь по хозяйству / Ростов Великий";"приходящая помощница ростов великий"
"Профессии / Помощь по хозяйству / Ростов Великий";"помощь по хозяйству в ростове великом недорого"
"Профессии / Помощь по хозяйству / Ростов Великий";"помощь по хозяйству в ростове великом цены"
"Профессии / Помощь по хозяйству / Ростов Великий";"помощь по хозяйству в ростове великом на дом"
"Профессии / Помощь по хозяйству / Ростов Великий";"вызвать помощника по хозяйству в ростове великом"
"Профессии / Помощь по хозяйству / Ростов Великий";"нанять помощника по хозяйству в ростове великом"
"Профессии / Помощь по хозяйству / Ростов Великий";"найти помощника по хозяйству в ростове великом"
"Профессии / Помощь по хозяйству / Ростов Великий";"услуги помощника по хозяйству в ростове великом"
"Профессии / Помощь по хозяйству / Ростов Великий";"помощь по хозяйству частник в ростове великом"
"Профессии / Помощь по хозяйству / Ростов Великий";"помощь по хозяйству без посредников в ростове великом"
"Профессии / Помощь по хозяйству / Ростов Великий";"работа помощь по хозяйству в ростове великом"
"Профессии / Помощь по хозяйству / Ростов Великий";"подработка помощь по хозяйству в ростове великом"
"Профессии / Помощь по хозяйству / Ростов Великий";"требуется помощь по хозяйству в ростове великом"
"Профессии / Помощь по хозяйству / Ростов Великий";"вакансия помощь по хозяйству в ростове великом"
"Профессии / Помощь по хозяйству / Задачи";"час работы помощника в ярославле"
"Профессии / Помощь по хозяйству / Задачи";"час работы помощника цена"
"Профессии / Помощь по хозяйству / Задачи";"сколько стоит час работы помощника"
"Профессии / Помощь по хозяйству / Задачи";"закупка продуктов и доставка в ярославле"
"Профессии / Помощь по хозяйству / Задачи";"закупка продуктов и доставка цена"
"Профессии / Помощь по хозяйству / Задачи";"сколько стоит закупка продуктов и доставка"
"Профессии / Помощь по хозяйству / Задачи";"сопровождение в поликлинику в ярославле"
"Профессии / Помощь по хозяйству / Задачи";"сопровождение в поликлинику цена"
"Профессии / Помощь по хозяйству / Задачи";"сколько стоит сопровождение в поликлинику"
"Профессии / Помощь по хозяйству / Задачи";"разовое поручение по городу в ярославле"
"Профессии / Помощь по хозяйству / Задачи";"разовое поручение по городу цена"
"Профессии / Помощь по хозяйству / Задачи";"сколько стоит разовое поручение по городу"
"Профессии / Присмотр за животными / Ярославль";"присмотр за животными в ярославле"
"Профессии / Присмотр за животными / Ярославль";"присмотр за животными ярославль"
"Профессии / Присмотр за животными / Ярославль";"присмотр за животными в ярославле недорого"
"Профессии / Присмотр за животными / Ярославль";"присмотр за животными в ярославле цены"
"Профессии / Присмотр за животными / Ярославль";"присмотр за животными в ярославле на дом"
"Профессии / Присмотр за животными / Ярославль";"вызвать помощника с животными в ярославле"
"Профессии / Присмотр за животными / Ярославль";"нанять помощника с животными в ярославле"
"Профессии / Присмотр за животными / Ярославль";"найти помощника с животными в ярославле"
"Профессии / Присмотр за животными / Ярославль";"услуги помощника с животными в ярославле"
"Профессии / Присмотр за животными / Ярославль";"присмотр за животными частник в ярославле"
"Профессии / Присмотр за животными / Ярославль";"присмотр за животными без посредников в ярославле"
"Профессии / Присмотр за животными / Ярославль";"работа присмотр за животными в ярославле"
"Профессии / Присмотр за животными / Ярославль";"подработка присмотр за животными в ярославле"
"Профессии / Присмотр за животными / Ярославль";"требуется присмотр за животными в ярославле"
"Профессии / Присмотр за животными / Ярославль";"вакансия присмотр за животными в ярославле"
"Профессии / Присмотр за животными / Рыбинск";"присмотр за животными в рыбинске"
"Профессии / Присмотр за животными / Рыбинск";"присмотр за животными рыбинск"
"Профессии / Присмотр за животными / Рыбинск";"присмотр за животными в рыбинске недорого"
"Профессии / Присмотр за животными / Рыбинск";"присмотр за животными в рыбинске цены"
"Профессии / Присмотр за животными / Рыбинск";"присмотр за животными в рыбинске на дом"
"Профессии / Присмотр за животными / Рыбинск";"вызвать помощника с животными в рыбинске"
"Профессии / Присмотр за животными / Рыбинск";"нанять помощника с животными в рыбинске"
"Профессии / Присмотр за животными / Рыбинск";"найти помощника с животными в рыбинске"
"Профессии / Присмотр за животными / Рыбинск";"услуги помощника с животными в рыбинске"
"Профессии / Присмотр за животными / Рыбинск";"присмотр за животными частник в рыбинске"
"Профессии / Присмотр за животными / Рыбинск";"присмотр за животными без посредников в рыбинске"
"Профессии / Присмотр за животными / Рыбинск";"работа присмотр за животными в рыбинске"
"Профессии / Присмотр за животными / Рыбинск";"подработка присмотр за животными в рыбинске"
"Профессии / Присмотр за животными / Рыбинск";"требуется присмотр за животными в рыбинске"
"Профессии / Присмотр за животными / Рыбинск";"вакансия присмотр за животными в рыбинске"
"Профессии / Присмотр за животными / Тутаев";"присмотр за животными в тутаеве"
"Профессии / Присмотр за животными / Тутаев";"присмотр за животными тутаев"
"Профессии / Присмотр за животными / Тутаев";"присмотр за животными в тутаеве недорого"
"Профессии / Присмотр за животными / Тутаев";"присмотр за животными в тутаеве цены"
"Профессии / Присмотр за животными / Тутаев";"присмотр за животными в тутаеве на дом"
"Профессии / Присмотр за животными / Тутаев";"вызвать помощника с животными в тутаеве"
"Профессии / Присмотр за животными / Тутаев";"нанять помощника с животными в тутаеве"
"Профессии / Присмотр за животными / Тутаев";"найти помощника с животными в тутаеве"
"Профессии / Присмотр за животными / Тутаев";"услуги помощника с животными в тутаеве"
"Профессии / Присмотр за животными / Тутаев";"присмотр за животными частник в тутаеве"
"Профессии / Присмотр за животными / Тутаев";"присмотр за животными без посредников в тутаеве"
"Профессии / Присмотр за животными / Тутаев";"работа присмотр за животными в тутаеве"
"Профессии / Присмотр за животными / Тутаев";"подработка присмотр за животными в тутаеве"
"Профессии / Присмотр за животными / Тутаев";"требуется присмотр за животными в тутаеве"
"Профессии / Присмотр за животными / Тутаев";"вакансия присмотр за животными в тутаеве"
"Профессии / Присмотр за животными / Переславль-Залесский";"присмотр за животными в переславле-залесском"
"Профессии / Присмотр за животными / Переславль-Залесский";"присмотр за животными переславль-залесский"
"Профессии / Присмотр за животными / Переславль-Залесский";"присмотр за животными в переславле-залесском недорого"
"Профессии / Присмотр за животными / Переславль-Залесский";"присмотр за животными в переславле-залесском цены"
"Профессии / Присмотр за животными / Переславль-Залесский";"присмотр за животными в переславле-залесском на дом"
"Профессии / Присмотр за животными / Переславль-Залесский";"вызвать помощника с животными в переславле-залесском"
"Профессии / Присмотр за животными / Переславль-Залесский";"нанять помощника с животными в переславле-залесском"
"Профессии / Присмотр за животными / Переславль-Залесский";"найти помощника с животными в переславле-залесском"
"Профессии / Присмотр за животными / Переславль-Залесский";"услуги помощника с животными в переславле-залесском"
"Профессии / Присмотр за животными / Переславль-Залесский";"присмотр за животными частник в переславле-залесском"
"Профессии / Присмотр за животными / Переславль-Залесский";"присмотр за животными без посредников в переславле-залесском"
"Профессии / Присмотр за животными / Переславль-Залесский";"работа присмотр за животными в переславле-залесском"
"Профессии / Присмотр за животными / Переславль-Залесский";"подработка присмотр за животными в переславле-залесском"
"Профессии / Присмотр за животными / Переславль-Залесский";"требуется присмотр за животными в переславле-залесском"
"Профессии / Присмотр за животными / Переславль-Залесский";"вакансия присмотр за животными в переславле-залесском"
"Профессии / Присмотр за животными / Углич";"присмотр за животными в угличе"
"Профессии / Присмотр за животными / Углич";"присмотр за животными углич"
"Профессии / Присмотр за животными / Углич";"присмотр за животными в угличе недорого"
"Профессии / Присмотр за животными / Углич";"присмотр за животными в угличе цены"
"Профессии / Присмотр за животными / Углич";"присмотр за животными в угличе на дом"
"Профессии / Присмотр за животными / Углич";"вызвать помощника с животными в угличе"
"Профессии / Присмотр за животными / Углич";"нанять помощника с животными в угличе"
"Профессии / Присмотр за животными / Углич";"найти помощника с животными в угличе"
"Профессии / Присмотр за животными / Углич";"услуги помощника с животными в угличе"
"Профессии / Присмотр за животными / Углич";"присмотр за животными частник в угличе"
"Профессии / Присмотр за животными / Углич";"присмотр за животными без посредников в угличе"
"Профессии / Присмотр за животными / Углич";"работа присмотр за животными в угличе"
"Профессии / Присмотр за животными / Углич";"подработка присмотр за животными в угличе"
"Профессии / Присмотр за животными / Углич";"требуется присмотр за животными в угличе"
"Профессии / Присмотр за животными / Углич";"вакансия присмотр за животными в угличе"
"Профессии / Присмотр за животными / Ростов Великий";"присмотр за животными в ростове великом"
"Профессии / Присмотр за животными / Ростов Великий";"присмотр за животными ростов великий"
"Профессии / Присмотр за животными / Ростов Великий";"присмотр за животными в ростове великом недорого"
"Профессии / Присмотр за животными / Ростов Великий";"присмотр за животными в ростове великом цены"
"Профессии / Присмотр за животными / Ростов Великий";"присмотр за животными в ростове великом на дом"
"Профессии / Присмотр за животными / Ростов Великий";"вызвать помощника с животными в ростове великом"
"Профессии / Присмотр за животными / Ростов Великий";"нанять помощника с животными в ростове великом"
"Профессии / Присмотр за животными / Ростов Великий";"найти помощника с животными в ростове великом"
"Профессии / Присмотр за животными / Ростов Великий";"услуги помощника с животными в ростове великом"
"Профессии / Присмотр за животными / Ростов Великий";"присмотр за животными частник в ростове великом"
"Профессии / Присмотр за животными / Ростов Великий";"присмотр за животными без посредников в ростове великом"
"Профессии / Присмотр за животными / Ростов Великий";"работа присмотр за животными в ростове великом"
"Профессии / Присмотр за животными / Ростов Великий";"подработка присмотр за животными в ростове великом"
"Профессии / Присмотр за животными / Ростов Великий";"требуется присмотр за животными в ростове великом"
"Профессии / Присмотр за животными / Ростов Великий";"вакансия присмотр за животными в ростове великом"
"Профессии / Присмотр за животными / Задачи";"выгул собаки"
"Профессии / Присмотр за животными / Задачи";"сколько стоит выгул собаки"
"Профессии / Присмотр за животными / Задачи";"визит и кормление кота в ярославле"
"Профессии / Присмотр за животными / Задачи";"визит и кормление кота цена"
"Профессии / Присмотр за животными / Задачи";"сколько стоит визит и кормление кота"
"Профессии / Присмотр за животными / Задачи";"передержка"
"Профессии / Присмотр за животными / Задачи";"сколько стоит передержка"
"Профессии / Присмотр за животными / Задачи";"поездка к ветеринару в ярославле"
"Профессии / Присмотр за животными / Задачи";"поездка к ветеринару цена"
"Профессии / Присмотр за животными / Задачи";"сколько стоит поездка к ветеринару"
"Профессии / Садовые работы / Ярославль";"садовые работы в ярославле"
"Профессии / Садовые работы / Ярославль";"садовые работы ярославль"
"Профессии / Садовые работы / Ярославль";"садовник в ярославле"
"Профессии / Садовые работы / Ярославль";"садовник ярославль"
"Профессии / Садовые работы / Ярославль";"ландшафтные работы в ярославле"
"Профессии / Садовые работы / Ярославль";"ландшафтные работы ярославль"
"Профессии / Садовые работы / Ярославль";"уход за участком в ярославле"
"Профессии / Садовые работы / Ярославль";"уход за участком ярославль"
"Профессии / Садовые работы / Ярославль";"покос травы в ярославле"
"Профессии / Садовые работы / Ярославль";"покос травы ярославль"
"Профессии / Садовые работы / Ярославль";"дачные работы в ярославле"
"Профессии / Садовые работы / Ярославль";"дачные работы ярославль"
"Профессии / Садовые работы / Ярославль";"садовые работы в ярославле недорого"
"Профессии / Садовые работы / Ярославль";"садовые работы в ярославле цены"
"Профессии / Садовые работы / Ярославль";"садовые работы в ярославле на дом"
"Профессии / Садовые работы / Ярославль";"вызвать садовника в ярославле"
"Профессии / Садовые работы / Ярославль";"нанять садовника в ярославле"
"Профессии / Садовые работы / Ярославль";"найти садовника в ярославле"
"Профессии / Садовые работы / Ярославль";"услуги садовника в ярославле"
"Профессии / Садовые работы / Ярославль";"садовые работы частник в ярославле"
"Профессии / Садовые работы / Ярославль";"садовые работы без посредников в ярославле"
"Профессии / Садовые работы / Ярославль";"работа садовые работы в ярославле"
"Профессии / Садовые работы / Ярославль";"подработка садовые работы в ярославле"
"Профессии / Садовые работы / Ярославль";"требуется садовые работы в ярославле"
"Профессии / Садовые работы / Ярославль";"вакансия садовые работы в ярославле"
"Профессии / Садовые работы / Рыбинск";"садовые работы в рыбинске"
"Профессии / Садовые работы / Рыбинск";"садовые работы рыбинск"
"Профессии / Садовые работы / Рыбинск";"садовник в рыбинске"
"Профессии / Садовые работы / Рыбинск";"садовник рыбинск"
"Профессии / Садовые работы / Рыбинск";"ландшафтные работы в рыбинске"
"Профессии / Садовые работы / Рыбинск";"ландшафтные работы рыбинск"
"Профессии / Садовые работы / Рыбинск";"уход за участком в рыбинске"
"Профессии / Садовые работы / Рыбинск";"уход за участком рыбинск"
"Профессии / Садовые работы / Рыбинск";"покос травы в рыбинске"
"Профессии / Садовые работы / Рыбинск";"покос травы рыбинск"
"Профессии / Садовые работы / Рыбинск";"дачные работы в рыбинске"
"Профессии / Садовые работы / Рыбинск";"дачные работы рыбинск"
"Профессии / Садовые работы / Рыбинск";"садовые работы в рыбинске недорого"
"Профессии / Садовые работы / Рыбинск";"садовые работы в рыбинске цены"
"Профессии / Садовые работы / Рыбинск";"садовые работы в рыбинске на дом"
"Профессии / Садовые работы / Рыбинск";"вызвать садовника в рыбинске"
"Профессии / Садовые работы / Рыбинск";"нанять садовника в рыбинске"
"Профессии / Садовые работы / Рыбинск";"найти садовника в рыбинске"
"Профессии / Садовые работы / Рыбинск";"услуги садовника в рыбинске"
"Профессии / Садовые работы / Рыбинск";"садовые работы частник в рыбинске"
"Профессии / Садовые работы / Рыбинск";"садовые работы без посредников в рыбинске"
"Профессии / Садовые работы / Рыбинск";"работа садовые работы в рыбинске"
"Профессии / Садовые работы / Рыбинск";"подработка садовые работы в рыбинске"
"Профессии / Садовые работы / Рыбинск";"требуется садовые работы в рыбинске"
"Профессии / Садовые работы / Рыбинск";"вакансия садовые работы в рыбинске"
"Профессии / Садовые работы / Тутаев";"садовые работы в тутаеве"
"Профессии / Садовые работы / Тутаев";"садовые работы тутаев"
"Профессии / Садовые работы / Тутаев";"садовник в тутаеве"
"Профессии / Садовые работы / Тутаев";"садовник тутаев"
"Профессии / Садовые работы / Тутаев";"ландшафтные работы в тутаеве"
"Профессии / Садовые работы / Тутаев";"ландшафтные работы тутаев"
"Профессии / Садовые работы / Тутаев";"уход за участком в тутаеве"
"Профессии / Садовые работы / Тутаев";"уход за участком тутаев"
"Профессии / Садовые работы / Тутаев";"покос травы в тутаеве"
"Профессии / Садовые работы / Тутаев";"покос травы тутаев"
"Профессии / Садовые работы / Тутаев";"дачные работы в тутаеве"
"Профессии / Садовые работы / Тутаев";"дачные работы тутаев"
"Профессии / Садовые работы / Тутаев";"садовые работы в тутаеве недорого"
"Профессии / Садовые работы / Тутаев";"садовые работы в тутаеве цены"
"Профессии / Садовые работы / Тутаев";"садовые работы в тутаеве на дом"
"Профессии / Садовые работы / Тутаев";"вызвать садовника в тутаеве"
"Профессии / Садовые работы / Тутаев";"нанять садовника в тутаеве"
"Профессии / Садовые работы / Тутаев";"найти садовника в тутаеве"
"Профессии / Садовые работы / Тутаев";"услуги садовника в тутаеве"
"Профессии / Садовые работы / Тутаев";"садовые работы частник в тутаеве"
"Профессии / Садовые работы / Тутаев";"садовые работы без посредников в тутаеве"
"Профессии / Садовые работы / Тутаев";"работа садовые работы в тутаеве"
"Профессии / Садовые работы / Тутаев";"подработка садовые работы в тутаеве"
"Профессии / Садовые работы / Тутаев";"требуется садовые работы в тутаеве"
"Профессии / Садовые работы / Тутаев";"вакансия садовые работы в тутаеве"
"Профессии / Садовые работы / Переславль-Залесский";"садовые работы в переславле-залесском"
"Профессии / Садовые работы / Переславль-Залесский";"садовые работы переславль-залесский"
"Профессии / Садовые работы / Переславль-Залесский";"садовник в переславле-залесском"
"Профессии / Садовые работы / Переславль-Залесский";"садовник переславль-залесский"
"Профессии / Садовые работы / Переславль-Залесский";"ландшафтные работы в переславле-залесском"
"Профессии / Садовые работы / Переславль-Залесский";"ландшафтные работы переславль-залесский"
"Профессии / Садовые работы / Переславль-Залесский";"уход за участком в переславле-залесском"
"Профессии / Садовые работы / Переславль-Залесский";"уход за участком переславль-залесский"
"Профессии / Садовые работы / Переславль-Залесский";"покос травы в переславле-залесском"
"Профессии / Садовые работы / Переславль-Залесский";"покос травы переславль-залесский"
"Профессии / Садовые работы / Переславль-Залесский";"дачные работы в переславле-залесском"
"Профессии / Садовые работы / Переславль-Залесский";"дачные работы переславль-залесский"
"Профессии / Садовые работы / Переславль-Залесский";"садовые работы в переславле-залесском недорого"
"Профессии / Садовые работы / Переславль-Залесский";"садовые работы в переславле-залесском цены"
"Профессии / Садовые работы / Переславль-Залесский";"садовые работы в переславле-залесском на дом"
"Профессии / Садовые работы / Переславль-Залесский";"вызвать садовника в переславле-залесском"
"Профессии / Садовые работы / Переславль-Залесский";"нанять садовника в переславле-залесском"
"Профессии / Садовые работы / Переславль-Залесский";"найти садовника в переславле-залесском"
"Профессии / Садовые работы / Переславль-Залесский";"услуги садовника в переславле-залесском"
"Профессии / Садовые работы / Переславль-Залесский";"садовые работы частник в переславле-залесском"
"Профессии / Садовые работы / Переславль-Залесский";"садовые работы без посредников в переславле-залесском"
"Профессии / Садовые работы / Переславль-Залесский";"работа садовые работы в переславле-залесском"
"Профессии / Садовые работы / Переславль-Залесский";"подработка садовые работы в переславле-залесском"
"Профессии / Садовые работы / Переславль-Залесский";"требуется садовые работы в переславле-залесском"
"Профессии / Садовые работы / Переславль-Залесский";"вакансия садовые работы в переславле-залесском"
"Профессии / Садовые работы / Углич";"садовые работы в угличе"
"Профессии / Садовые работы / Углич";"садовые работы углич"
"Профессии / Садовые работы / Углич";"садовник в угличе"
"Профессии / Садовые работы / Углич";"садовник углич"
"Профессии / Садовые работы / Углич";"ландшафтные работы в угличе"
"Профессии / Садовые работы / Углич";"ландшафтные работы углич"
"Профессии / Садовые работы / Углич";"уход за участком в угличе"
"Профессии / Садовые работы / Углич";"уход за участком углич"
"Профессии / Садовые работы / Углич";"покос травы в угличе"
"Профессии / Садовые работы / Углич";"покос травы углич"
"Профессии / Садовые работы / Углич";"дачные работы в угличе"
"Профессии / Садовые работы / Углич";"дачные работы углич"
"Профессии / Садовые работы / Углич";"садовые работы в угличе недорого"
"Профессии / Садовые работы / Углич";"садовые работы в угличе цены"
"Профессии / Садовые работы / Углич";"садовые работы в угличе на дом"
"Профессии / Садовые работы / Углич";"вызвать садовника в угличе"
"Профессии / Садовые работы / Углич";"нанять садовника в угличе"
"Профессии / Садовые работы / Углич";"найти садовника в угличе"
"Профессии / Садовые работы / Углич";"услуги садовника в угличе"
"Профессии / Садовые работы / Углич";"садовые работы частник в угличе"
"Профессии / Садовые работы / Углич";"садовые работы без посредников в угличе"
"Профессии / Садовые работы / Углич";"работа садовые работы в угличе"
"Профессии / Садовые работы / Углич";"подработка садовые работы в угличе"
"Профессии / Садовые работы / Углич";"требуется садовые работы в угличе"
"Профессии / Садовые работы / Углич";"вакансия садовые работы в угличе"
"Профессии / Садовые работы / Ростов Великий";"садовые работы в ростове великом"
"Профессии / Садовые работы / Ростов Великий";"садовые работы ростов великий"
"Профессии / Садовые работы / Ростов Великий";"садовник в ростове великом"
"Профессии / Садовые работы / Ростов Великий";"садовник ростов великий"
"Профессии / Садовые работы / Ростов Великий";"ландшафтные работы в ростове великом"
"Профессии / Садовые работы / Ростов Великий";"ландшафтные работы ростов великий"
"Профессии / Садовые работы / Ростов Великий";"уход за участком в ростове великом"
"Профессии / Садовые работы / Ростов Великий";"уход за участком ростов великий"
"Профессии / Садовые работы / Ростов Великий";"покос травы в ростове великом"
"Профессии / Садовые работы / Ростов Великий";"покос травы ростов великий"
"Профессии / Садовые работы / Ростов Великий";"дачные работы в ростове великом"
"Профессии / Садовые работы / Ростов Великий";"дачные работы ростов великий"
"Профессии / Садовые работы / Ростов Великий";"садовые работы в ростове великом недорого"
"Профессии / Садовые работы / Ростов Великий";"садовые работы в ростове великом цены"
"Профессии / Садовые работы / Ростов Великий";"садовые работы в ростове великом на дом"
"Профессии / Садовые работы / Ростов Великий";"вызвать садовника в ростове великом"
"Профессии / Садовые работы / Ростов Великий";"нанять садовника в ростове великом"
"Профессии / Садовые работы / Ростов Великий";"найти садовника в ростове великом"
"Профессии / Садовые работы / Ростов Великий";"услуги садовника в ростове великом"
"Профессии / Садовые работы / Ростов Великий";"садовые работы частник в ростове великом"
"Профессии / Садовые работы / Ростов Великий";"садовые работы без посредников в ростове великом"
"Профессии / Садовые работы / Ростов Великий";"работа садовые работы в ростове великом"
"Профессии / Садовые работы / Ростов Великий";"подработка садовые работы в ростове великом"
"Профессии / Садовые работы / Ростов Великий";"требуется садовые работы в ростове великом"
"Профессии / Садовые работы / Ростов Великий";"вакансия садовые работы в ростове великом"
"Профессии / Садовые работы / Задачи";"покос травы"
"Профессии / Садовые работы / Задачи";"сколько стоит покос травы"
"Профессии / Садовые работы / Задачи";"обрезка кустарника в ярославле"
"Профессии / Садовые работы / Задачи";"обрезка кустарника цена"
"Профессии / Садовые работы / Задачи";"сколько стоит обрезка кустарника"
"Профессии / Садовые работы / Задачи";"уборка листьев"
"Профессии / Садовые работы / Задачи";"сколько стоит уборка листьев"
"Профессии / Садовые работы / Задачи";"участок 8 соток"
"Профессии / Садовые работы / Задачи";"сколько стоит участок 8 соток"
"Профессии / Спил деревьев / Ярославль";"спил деревьев в ярославле"
"Профессии / Спил деревьев / Ярославль";"спил деревьев ярославль"
"Профессии / Спил деревьев / Ярославль";"спил деревьев в ярославле недорого"
"Профессии / Спил деревьев / Ярославль";"спил деревьев в ярославле цены"
"Профессии / Спил деревьев / Ярославль";"спил деревьев в ярославле на дом"
"Профессии / Спил деревьев / Ярославль";"вызвать арбориста в ярославле"
"Профессии / Спил деревьев / Ярославль";"нанять арбориста в ярославле"
"Профессии / Спил деревьев / Ярославль";"найти арбориста в ярославле"
"Профессии / Спил деревьев / Ярославль";"услуги арбориста в ярославле"
"Профессии / Спил деревьев / Ярославль";"спил деревьев частник в ярославле"
"Профессии / Спил деревьев / Ярославль";"спил деревьев без посредников в ярославле"
"Профессии / Спил деревьев / Ярославль";"работа спил деревьев в ярославле"
"Профессии / Спил деревьев / Ярославль";"подработка спил деревьев в ярославле"
"Профессии / Спил деревьев / Ярославль";"требуется спил деревьев в ярославле"
"Профессии / Спил деревьев / Ярославль";"вакансия спил деревьев в ярославле"
"Профессии / Спил деревьев / Рыбинск";"спил деревьев в рыбинске"
"Профессии / Спил деревьев / Рыбинск";"спил деревьев рыбинск"
"Профессии / Спил деревьев / Рыбинск";"спил деревьев в рыбинске недорого"
"Профессии / Спил деревьев / Рыбинск";"спил деревьев в рыбинске цены"
"Профессии / Спил деревьев / Рыбинск";"спил деревьев в рыбинске на дом"
"Профессии / Спил деревьев / Рыбинск";"вызвать арбориста в рыбинске"
"Профессии / Спил деревьев / Рыбинск";"нанять арбориста в рыбинске"
"Профессии / Спил деревьев / Рыбинск";"найти арбориста в рыбинске"
"Профессии / Спил деревьев / Рыбинск";"услуги арбориста в рыбинске"
"Профессии / Спил деревьев / Рыбинск";"спил деревьев частник в рыбинске"
"Профессии / Спил деревьев / Рыбинск";"спил деревьев без посредников в рыбинске"
"Профессии / Спил деревьев / Рыбинск";"работа спил деревьев в рыбинске"
"Профессии / Спил деревьев / Рыбинск";"подработка спил деревьев в рыбинске"
"Профессии / Спил деревьев / Рыбинск";"требуется спил деревьев в рыбинске"
"Профессии / Спил деревьев / Рыбинск";"вакансия спил деревьев в рыбинске"
"Профессии / Спил деревьев / Тутаев";"спил деревьев в тутаеве"
"Профессии / Спил деревьев / Тутаев";"спил деревьев тутаев"
"Профессии / Спил деревьев / Тутаев";"спил деревьев в тутаеве недорого"
"Профессии / Спил деревьев / Тутаев";"спил деревьев в тутаеве цены"
"Профессии / Спил деревьев / Тутаев";"спил деревьев в тутаеве на дом"
"Профессии / Спил деревьев / Тутаев";"вызвать арбориста в тутаеве"
"Профессии / Спил деревьев / Тутаев";"нанять арбориста в тутаеве"
"Профессии / Спил деревьев / Тутаев";"найти арбориста в тутаеве"
"Профессии / Спил деревьев / Тутаев";"услуги арбориста в тутаеве"
"Профессии / Спил деревьев / Тутаев";"спил деревьев частник в тутаеве"
"Профессии / Спил деревьев / Тутаев";"спил деревьев без посредников в тутаеве"
"Профессии / Спил деревьев / Тутаев";"работа спил деревьев в тутаеве"
"Профессии / Спил деревьев / Тутаев";"подработка спил деревьев в тутаеве"
"Профессии / Спил деревьев / Тутаев";"требуется спил деревьев в тутаеве"
"Профессии / Спил деревьев / Тутаев";"вакансия спил деревьев в тутаеве"
"Профессии / Спил деревьев / Переславль-Залесский";"спил деревьев в переславле-залесском"
"Профессии / Спил деревьев / Переславль-Залесский";"спил деревьев переславль-залесский"
"Профессии / Спил деревьев / Переславль-Залесский";"спил деревьев в переславле-залесском недорого"
"Профессии / Спил деревьев / Переславль-Залесский";"спил деревьев в переславле-залесском цены"
"Профессии / Спил деревьев / Переславль-Залесский";"спил деревьев в переславле-залесском на дом"
"Профессии / Спил деревьев / Переславль-Залесский";"вызвать арбориста в переславле-залесском"
"Профессии / Спил деревьев / Переславль-Залесский";"нанять арбориста в переславле-залесском"
"Профессии / Спил деревьев / Переславль-Залесский";"найти арбориста в переславле-залесском"
"Профессии / Спил деревьев / Переславль-Залесский";"услуги арбориста в переславле-залесском"
"Профессии / Спил деревьев / Переславль-Залесский";"спил деревьев частник в переславле-залесском"
"Профессии / Спил деревьев / Переславль-Залесский";"спил деревьев без посредников в переславле-залесском"
"Профессии / Спил деревьев / Переславль-Залесский";"работа спил деревьев в переславле-залесском"
"Профессии / Спил деревьев / Переславль-Залесский";"подработка спил деревьев в переславле-залесском"
"Профессии / Спил деревьев / Переславль-Залесский";"требуется спил деревьев в переславле-залесском"
"Профессии / Спил деревьев / Переславль-Залесский";"вакансия спил деревьев в переславле-залесском"
"Профессии / Спил деревьев / Углич";"спил деревьев в угличе"
"Профессии / Спил деревьев / Углич";"спил деревьев углич"
"Профессии / Спил деревьев / Углич";"спил деревьев в угличе недорого"
"Профессии / Спил деревьев / Углич";"спил деревьев в угличе цены"
"Профессии / Спил деревьев / Углич";"спил деревьев в угличе на дом"
"Профессии / Спил деревьев / Углич";"вызвать арбориста в угличе"
"Профессии / Спил деревьев / Углич";"нанять арбориста в угличе"
"Профессии / Спил деревьев / Углич";"найти арбориста в угличе"
"Профессии / Спил деревьев / Углич";"услуги арбориста в угличе"
"Профессии / Спил деревьев / Углич";"спил деревьев частник в угличе"
"Профессии / Спил деревьев / Углич";"спил деревьев без посредников в угличе"
"Профессии / Спил деревьев / Углич";"работа спил деревьев в угличе"
"Профессии / Спил деревьев / Углич";"подработка спил деревьев в угличе"
"Профессии / Спил деревьев / Углич";"требуется спил деревьев в угличе"
"Профессии / Спил деревьев / Углич";"вакансия спил деревьев в угличе"
"Профессии / Спил деревьев / Ростов Великий";"спил деревьев в ростове великом"
"Профессии / Спил деревьев / Ростов Великий";"спил деревьев ростов великий"
"Профессии / Спил деревьев / Ростов Великий";"спил деревьев в ростове великом недорого"
"Профессии / Спил деревьев / Ростов Великий";"спил деревьев в ростове великом цены"
"Профессии / Спил деревьев / Ростов Великий";"спил деревьев в ростове великом на дом"
"Профессии / Спил деревьев / Ростов Великий";"вызвать арбориста в ростове великом"
"Профессии / Спил деревьев / Ростов Великий";"нанять арбориста в ростове великом"
"Профессии / Спил деревьев / Ростов Великий";"найти арбориста в ростове великом"
"Профессии / Спил деревьев / Ростов Великий";"услуги арбориста в ростове великом"
"Профессии / Спил деревьев / Ростов Великий";"спил деревьев частник в ростове великом"
"Профессии / Спил деревьев / Ростов Великий";"спил деревьев без посредников в ростове великом"
"Профессии / Спил деревьев / Ростов Великий";"работа спил деревьев в ростове великом"
"Профессии / Спил деревьев / Ростов Великий";"подработка спил деревьев в ростове великом"
"Профессии / Спил деревьев / Ростов Великий";"требуется спил деревьев в ростове великом"
"Профессии / Спил деревьев / Ростов Великий";"вакансия спил деревьев в ростове великом"
"Профессии / Спил деревьев / Задачи";"спил дерева до 5 метров в ярославле"
"Профессии / Спил деревьев / Задачи";"спил дерева до 5 метров цена"
"Профессии / Спил деревьев / Задачи";"сколько стоит спил дерева до 5 метров"
"Профессии / Спил деревьев / Задачи";"спил высокого дерева частями в ярославле"
"Профессии / Спил деревьев / Задачи";"спил высокого дерева частями цена"
"Профессии / Спил деревьев / Задачи";"сколько стоит спил высокого дерева частями"
"Профессии / Спил деревьев / Задачи";"обрезка веток в ярославле"
"Профессии / Спил деревьев / Задачи";"обрезка веток цена"
"Профессии / Спил деревьев / Задачи";"сколько стоит обрезка веток"
"Профессии / Спил деревьев / Задачи";"корчевание пня в ярославле"
"Профессии / Спил деревьев / Задачи";"корчевание пня цена"
"Профессии / Спил деревьев / Задачи";"сколько стоит корчевание пня"
"Профессии / Земляные работы / Ярославль";"земляные работы в ярославле"
"Профессии / Земляные работы / Ярославль";"земляные работы ярославль"
"Профессии / Земляные работы / Ярославль";"земляные работы в ярославле недорого"
"Профессии / Земляные работы / Ярославль";"земляные работы в ярославле цены"
"Профессии / Земляные работы / Ярославль";"земляные работы в ярославле на дом"
"Профессии / Земляные работы / Ярославль";"вызвать землекопа в ярославле"
"Профессии / Земляные работы / Ярославль";"нанять землекопа в ярославле"
"Профессии / Земляные работы / Ярославль";"найти землекопа в ярославле"
"Профессии / Земляные работы / Ярославль";"услуги землекопа в ярославле"
"Профессии / Земляные работы / Ярославль";"земляные работы частник в ярославле"
"Профессии / Земляные работы / Ярославль";"земляные работы без посредников в ярославле"
"Профессии / Земляные работы / Ярославль";"работа земляные работы в ярославле"
"Профессии / Земляные работы / Ярославль";"подработка земляные работы в ярославле"
"Профессии / Земляные работы / Ярославль";"требуется земляные работы в ярославле"
"Профессии / Земляные работы / Ярославль";"вакансия земляные работы в ярославле"
"Профессии / Земляные работы / Рыбинск";"земляные работы в рыбинске"
"Профессии / Земляные работы / Рыбинск";"земляные работы рыбинск"
"Профессии / Земляные работы / Рыбинск";"земляные работы в рыбинске недорого"
"Профессии / Земляные работы / Рыбинск";"земляные работы в рыбинске цены"
"Профессии / Земляные работы / Рыбинск";"земляные работы в рыбинске на дом"
"Профессии / Земляные работы / Рыбинск";"вызвать землекопа в рыбинске"
"Профессии / Земляные работы / Рыбинск";"нанять землекопа в рыбинске"
"Профессии / Земляные работы / Рыбинск";"найти землекопа в рыбинске"
"Профессии / Земляные работы / Рыбинск";"услуги землекопа в рыбинске"
"Профессии / Земляные работы / Рыбинск";"земляные работы частник в рыбинске"
"Профессии / Земляные работы / Рыбинск";"земляные работы без посредников в рыбинске"
"Профессии / Земляные работы / Рыбинск";"работа земляные работы в рыбинске"
"Профессии / Земляные работы / Рыбинск";"подработка земляные работы в рыбинске"
"Профессии / Земляные работы / Рыбинск";"требуется земляные работы в рыбинске"
"Профессии / Земляные работы / Рыбинск";"вакансия земляные работы в рыбинске"
"Профессии / Земляные работы / Тутаев";"земляные работы в тутаеве"
"Профессии / Земляные работы / Тутаев";"земляные работы тутаев"
"Профессии / Земляные работы / Тутаев";"земляные работы в тутаеве недорого"
"Профессии / Земляные работы / Тутаев";"земляные работы в тутаеве цены"
"Профессии / Земляные работы / Тутаев";"земляные работы в тутаеве на дом"
"Профессии / Земляные работы / Тутаев";"вызвать землекопа в тутаеве"
"Профессии / Земляные работы / Тутаев";"нанять землекопа в тутаеве"
"Профессии / Земляные работы / Тутаев";"найти землекопа в тутаеве"
"Профессии / Земляные работы / Тутаев";"услуги землекопа в тутаеве"
"Профессии / Земляные работы / Тутаев";"земляные работы частник в тутаеве"
"Профессии / Земляные работы / Тутаев";"земляные работы без посредников в тутаеве"
"Профессии / Земляные работы / Тутаев";"работа земляные работы в тутаеве"
"Профессии / Земляные работы / Тутаев";"подработка земляные работы в тутаеве"
"Профессии / Земляные работы / Тутаев";"требуется земляные работы в тутаеве"
"Профессии / Земляные работы / Тутаев";"вакансия земляные работы в тутаеве"
"Профессии / Земляные работы / Переславль-Залесский";"земляные работы в переславле-залесском"
"Профессии / Земляные работы / Переславль-Залесский";"земляные работы переславль-залесский"
"Профессии / Земляные работы / Переславль-Залесский";"земляные работы в переславле-залесском недорого"
"Профессии / Земляные работы / Переславль-Залесский";"земляные работы в переславле-залесском цены"
"Профессии / Земляные работы / Переславль-Залесский";"земляные работы в переславле-залесском на дом"
"Профессии / Земляные работы / Переславль-Залесский";"вызвать землекопа в переславле-залесском"
"Профессии / Земляные работы / Переславль-Залесский";"нанять землекопа в переславле-залесском"
"Профессии / Земляные работы / Переславль-Залесский";"найти землекопа в переславле-залесском"
"Профессии / Земляные работы / Переславль-Залесский";"услуги землекопа в переславле-залесском"
"Профессии / Земляные работы / Переславль-Залесский";"земляные работы частник в переславле-залесском"
"Профессии / Земляные работы / Переславль-Залесский";"земляные работы без посредников в переславле-залесском"
"Профессии / Земляные работы / Переславль-Залесский";"работа земляные работы в переславле-залесском"
"Профессии / Земляные работы / Переславль-Залесский";"подработка земляные работы в переславле-залесском"
"Профессии / Земляные работы / Переславль-Залесский";"требуется земляные работы в переславле-залесском"
"Профессии / Земляные работы / Переславль-Залесский";"вакансия земляные работы в переславле-залесском"
"Профессии / Земляные работы / Углич";"земляные работы в угличе"
"Профессии / Земляные работы / Углич";"земляные работы углич"
"Профессии / Земляные работы / Углич";"земляные работы в угличе недорого"
"Профессии / Земляные работы / Углич";"земляные работы в угличе цены"
"Профессии / Земляные работы / Углич";"земляные работы в угличе на дом"
"Профессии / Земляные работы / Углич";"вызвать землекопа в угличе"
"Профессии / Земляные работы / Углич";"нанять землекопа в угличе"
"Профессии / Земляные работы / Углич";"найти землекопа в угличе"
"Профессии / Земляные работы / Углич";"услуги землекопа в угличе"
"Профессии / Земляные работы / Углич";"земляные работы частник в угличе"
"Профессии / Земляные работы / Углич";"земляные работы без посредников в угличе"
"Профессии / Земляные работы / Углич";"работа земляные работы в угличе"
"Профессии / Земляные работы / Углич";"подработка земляные работы в угличе"
"Профессии / Земляные работы / Углич";"требуется земляные работы в угличе"
"Профессии / Земляные работы / Углич";"вакансия земляные работы в угличе"
"Профессии / Земляные работы / Ростов Великий";"земляные работы в ростове великом"
"Профессии / Земляные работы / Ростов Великий";"земляные работы ростов великий"
"Профессии / Земляные работы / Ростов Великий";"земляные работы в ростове великом недорого"
"Профессии / Земляные работы / Ростов Великий";"земляные работы в ростове великом цены"
"Профессии / Земляные работы / Ростов Великий";"земляные работы в ростове великом на дом"
"Профессии / Земляные работы / Ростов Великий";"вызвать землекопа в ростове великом"
"Профессии / Земляные работы / Ростов Великий";"нанять землекопа в ростове великом"
"Профессии / Земляные работы / Ростов Великий";"найти землекопа в ростове великом"
"Профессии / Земляные работы / Ростов Великий";"услуги землекопа в ростове великом"
"Профессии / Земляные работы / Ростов Великий";"земляные работы частник в ростове великом"
"Профессии / Земляные работы / Ростов Великий";"земляные работы без посредников в ростове великом"
"Профессии / Земляные работы / Ростов Великий";"работа земляные работы в ростове великом"
"Профессии / Земляные работы / Ростов Великий";"подработка земляные работы в ростове великом"
"Профессии / Земляные работы / Ростов Великий";"требуется земляные работы в ростове великом"
"Профессии / Земляные работы / Ростов Великий";"вакансия земляные работы в ростове великом"
"Профессии / Земляные работы / Задачи";"траншея"
"Профессии / Земляные работы / Задачи";"сколько стоит траншея"
"Профессии / Земляные работы / Задачи";"яма под септик в ярославле"
"Профессии / Земляные работы / Задачи";"яма под септик цена"
"Профессии / Земляные работы / Задачи";"сколько стоит яма под септик"
"Профессии / Земляные работы / Задачи";"копка вручную"
"Профессии / Земляные работы / Задачи";"сколько стоит копка вручную"
"Профессии / Земляные работы / Задачи";"планировка участка"
"Профессии / Земляные работы / Задачи";"сколько стоит планировка участка"
"Профессии / Заборы и ограждения / Ярославль";"заборы и ограждения в ярославле"
"Профессии / Заборы и ограждения / Ярославль";"заборы и ограждения ярославль"
"Профессии / Заборы и ограждения / Ярославль";"заборы и ограждения в ярославле недорого"
"Профессии / Заборы и ограждения / Ярославль";"заборы и ограждения в ярославле цены"
"Профессии / Заборы и ограждения / Ярославль";"заборы и ограждения в ярославле на дом"
"Профессии / Заборы и ограждения / Ярославль";"вызвать мастера по заборам в ярославле"
"Профессии / Заборы и ограждения / Ярославль";"нанять мастера по заборам в ярославле"
"Профессии / Заборы и ограждения / Ярославль";"найти мастера по заборам в ярославле"
"Профессии / Заборы и ограждения / Ярославль";"услуги мастера по заборам в ярославле"
"Профессии / Заборы и ограждения / Ярославль";"заборы и ограждения частник в ярославле"
"Профессии / Заборы и ограждения / Ярославль";"заборы и ограждения без посредников в ярославле"
"Профессии / Заборы и ограждения / Ярославль";"работа заборы и ограждения в ярославле"
"Профессии / Заборы и ограждения / Ярославль";"подработка заборы и ограждения в ярославле"
"Профессии / Заборы и ограждения / Ярославль";"требуется заборы и ограждения в ярославле"
"Профессии / Заборы и ограждения / Ярославль";"вакансия заборы и ограждения в ярославле"
"Профессии / Заборы и ограждения / Рыбинск";"заборы и ограждения в рыбинске"
"Профессии / Заборы и ограждения / Рыбинск";"заборы и ограждения рыбинск"
"Профессии / Заборы и ограждения / Рыбинск";"заборы и ограждения в рыбинске недорого"
"Профессии / Заборы и ограждения / Рыбинск";"заборы и ограждения в рыбинске цены"
"Профессии / Заборы и ограждения / Рыбинск";"заборы и ограждения в рыбинске на дом"
"Профессии / Заборы и ограждения / Рыбинск";"вызвать мастера по заборам в рыбинске"
"Профессии / Заборы и ограждения / Рыбинск";"нанять мастера по заборам в рыбинске"
"Профессии / Заборы и ограждения / Рыбинск";"найти мастера по заборам в рыбинске"
"Профессии / Заборы и ограждения / Рыбинск";"услуги мастера по заборам в рыбинске"
"Профессии / Заборы и ограждения / Рыбинск";"заборы и ограждения частник в рыбинске"
"Профессии / Заборы и ограждения / Рыбинск";"заборы и ограждения без посредников в рыбинске"
"Профессии / Заборы и ограждения / Рыбинск";"работа заборы и ограждения в рыбинске"
"Профессии / Заборы и ограждения / Рыбинск";"подработка заборы и ограждения в рыбинске"
"Профессии / Заборы и ограждения / Рыбинск";"требуется заборы и ограждения в рыбинске"
"Профессии / Заборы и ограждения / Рыбинск";"вакансия заборы и ограждения в рыбинске"
"Профессии / Заборы и ограждения / Тутаев";"заборы и ограждения в тутаеве"
"Профессии / Заборы и ограждения / Тутаев";"заборы и ограждения тутаев"
"Профессии / Заборы и ограждения / Тутаев";"заборы и ограждения в тутаеве недорого"
"Профессии / Заборы и ограждения / Тутаев";"заборы и ограждения в тутаеве цены"
"Профессии / Заборы и ограждения / Тутаев";"заборы и ограждения в тутаеве на дом"
"Профессии / Заборы и ограждения / Тутаев";"вызвать мастера по заборам в тутаеве"
"Профессии / Заборы и ограждения / Тутаев";"нанять мастера по заборам в тутаеве"
"Профессии / Заборы и ограждения / Тутаев";"найти мастера по заборам в тутаеве"
"Профессии / Заборы и ограждения / Тутаев";"услуги мастера по заборам в тутаеве"
"Профессии / Заборы и ограждения / Тутаев";"заборы и ограждения частник в тутаеве"
"Профессии / Заборы и ограждения / Тутаев";"заборы и ограждения без посредников в тутаеве"
"Профессии / Заборы и ограждения / Тутаев";"работа заборы и ограждения в тутаеве"
"Профессии / Заборы и ограждения / Тутаев";"подработка заборы и ограждения в тутаеве"
"Профессии / Заборы и ограждения / Тутаев";"требуется заборы и ограждения в тутаеве"
"Профессии / Заборы и ограждения / Тутаев";"вакансия заборы и ограждения в тутаеве"
"Профессии / Заборы и ограждения / Переславль-Залесский";"заборы и ограждения в переславле-залесском"
"Профессии / Заборы и ограждения / Переславль-Залесский";"заборы и ограждения переславль-залесский"
"Профессии / Заборы и ограждения / Переславль-Залесский";"заборы и ограждения в переславле-залесском недорого"
"Профессии / Заборы и ограждения / Переславль-Залесский";"заборы и ограждения в переславле-залесском цены"
"Профессии / Заборы и ограждения / Переславль-Залесский";"заборы и ограждения в переславле-залесском на дом"
"Профессии / Заборы и ограждения / Переславль-Залесский";"вызвать мастера по заборам в переславле-залесском"
"Профессии / Заборы и ограждения / Переславль-Залесский";"нанять мастера по заборам в переславле-залесском"
"Профессии / Заборы и ограждения / Переславль-Залесский";"найти мастера по заборам в переславле-залесском"
"Профессии / Заборы и ограждения / Переславль-Залесский";"услуги мастера по заборам в переславле-залесском"
"Профессии / Заборы и ограждения / Переславль-Залесский";"заборы и ограждения частник в переславле-залесском"
"Профессии / Заборы и ограждения / Переславль-Залесский";"заборы и ограждения без посредников в переславле-залесском"
"Профессии / Заборы и ограждения / Переславль-Залесский";"работа заборы и ограждения в переславле-залесском"
"Профессии / Заборы и ограждения / Переславль-Залесский";"подработка заборы и ограждения в переславле-залесском"
"Профессии / Заборы и ограждения / Переславль-Залесский";"требуется заборы и ограждения в переславле-залесском"
"Профессии / Заборы и ограждения / Переславль-Залесский";"вакансия заборы и ограждения в переславле-залесском"
"Профессии / Заборы и ограждения / Углич";"заборы и ограждения в угличе"
"Профессии / Заборы и ограждения / Углич";"заборы и ограждения углич"
"Профессии / Заборы и ограждения / Углич";"заборы и ограждения в угличе недорого"
"Профессии / Заборы и ограждения / Углич";"заборы и ограждения в угличе цены"
"Профессии / Заборы и ограждения / Углич";"заборы и ограждения в угличе на дом"
"Профессии / Заборы и ограждения / Углич";"вызвать мастера по заборам в угличе"
"Профессии / Заборы и ограждения / Углич";"нанять мастера по заборам в угличе"
"Профессии / Заборы и ограждения / Углич";"найти мастера по заборам в угличе"
"Профессии / Заборы и ограждения / Углич";"услуги мастера по заборам в угличе"
"Профессии / Заборы и ограждения / Углич";"заборы и ограждения частник в угличе"
"Профессии / Заборы и ограждения / Углич";"заборы и ограждения без посредников в угличе"
"Профессии / Заборы и ограждения / Углич";"работа заборы и ограждения в угличе"
"Профессии / Заборы и ограждения / Углич";"подработка заборы и ограждения в угличе"
"Профессии / Заборы и ограждения / Углич";"требуется заборы и ограждения в угличе"
"Профессии / Заборы и ограждения / Углич";"вакансия заборы и ограждения в угличе"
"Профессии / Заборы и ограждения / Ростов Великий";"заборы и ограждения в ростове великом"
"Профессии / Заборы и ограждения / Ростов Великий";"заборы и ограждения ростов великий"
"Профессии / Заборы и ограждения / Ростов Великий";"заборы и ограждения в ростове великом недорого"
"Профессии / Заборы и ограждения / Ростов Великий";"заборы и ограждения в ростове великом цены"
"Профессии / Заборы и ограждения / Ростов Великий";"заборы и ограждения в ростове великом на дом"
"Профессии / Заборы и ограждения / Ростов Великий";"вызвать мастера по заборам в ростове великом"
"Профессии / Заборы и ограждения / Ростов Великий";"нанять мастера по заборам в ростове великом"
"Профессии / Заборы и ограждения / Ростов Великий";"найти мастера по заборам в ростове великом"
"Профессии / Заборы и ограждения / Ростов Великий";"услуги мастера по заборам в ростове великом"
"Профессии / Заборы и ограждения / Ростов Великий";"заборы и ограждения частник в ростове великом"
"Профессии / Заборы и ограждения / Ростов Великий";"заборы и ограждения без посредников в ростове великом"
"Профессии / Заборы и ограждения / Ростов Великий";"работа заборы и ограждения в ростове великом"
"Профессии / Заборы и ограждения / Ростов Великий";"подработка заборы и ограждения в ростове великом"
"Профессии / Заборы и ограждения / Ростов Великий";"требуется заборы и ограждения в ростове великом"
"Профессии / Заборы и ограждения / Ростов Великий";"вакансия заборы и ограждения в ростове великом"
"Профессии / Заборы и ограждения / Задачи";"забор из профлиста"
"Профессии / Заборы и ограждения / Задачи";"сколько стоит забор из профлиста"
"Профессии / Заборы и ограждения / Задачи";"забор из сетки"
"Профессии / Заборы и ограждения / Задачи";"сколько стоит забор из сетки"
"Профессии / Заборы и ограждения / Задачи";"установка столба в ярославле"
"Профессии / Заборы и ограждения / Задачи";"установка столба цена"
"Профессии / Заборы и ограждения / Задачи";"сколько стоит установка столба"
"Профессии / Заборы и ограждения / Задачи";"калитка с установкой в ярославле"
"Профессии / Заборы и ограждения / Задачи";"калитка с установкой цена"
"Профессии / Заборы и ограждения / Задачи";"сколько стоит калитка с установкой"
"Профессии / Бани и беседки / Ярославль";"бани и беседки в ярославле"
"Профессии / Бани и беседки / Ярославль";"бани и беседки ярославль"
"Профессии / Бани и беседки / Ярославль";"бани и беседки в ярославле недорого"
"Профессии / Бани и беседки / Ярославль";"бани и беседки в ярославле цены"
"Профессии / Бани и беседки / Ярославль";"бани и беседки в ярославле на дом"
"Профессии / Бани и беседки / Ярославль";"вызвать мастера по баням в ярославле"
"Профессии / Бани и беседки / Ярославль";"нанять мастера по баням в ярославле"
"Профессии / Бани и беседки / Ярославль";"найти мастера по баням в ярославле"
"Профессии / Бани и беседки / Ярославль";"услуги мастера по баням в ярославле"
"Профессии / Бани и беседки / Ярославль";"бани и беседки частник в ярославле"
"Профессии / Бани и беседки / Ярославль";"бани и беседки без посредников в ярославле"
"Профессии / Бани и беседки / Ярославль";"работа бани и беседки в ярославле"
"Профессии / Бани и беседки / Ярославль";"подработка бани и беседки в ярославле"
"Профессии / Бани и беседки / Ярославль";"требуется бани и беседки в ярославле"
"Профессии / Бани и беседки / Ярославль";"вакансия бани и беседки в ярославле"
"Профессии / Бани и беседки / Рыбинск";"бани и беседки в рыбинске"
"Профессии / Бани и беседки / Рыбинск";"бани и беседки рыбинск"
"Профессии / Бани и беседки / Рыбинск";"бани и беседки в рыбинске недорого"
"Профессии / Бани и беседки / Рыбинск";"бани и беседки в рыбинске цены"
"Профессии / Бани и беседки / Рыбинск";"бани и беседки в рыбинске на дом"
"Профессии / Бани и беседки / Рыбинск";"вызвать мастера по баням в рыбинске"
"Профессии / Бани и беседки / Рыбинск";"нанять мастера по баням в рыбинске"
"Профессии / Бани и беседки / Рыбинск";"найти мастера по баням в рыбинске"
"Профессии / Бани и беседки / Рыбинск";"услуги мастера по баням в рыбинске"
"Профессии / Бани и беседки / Рыбинск";"бани и беседки частник в рыбинске"
"Профессии / Бани и беседки / Рыбинск";"бани и беседки без посредников в рыбинске"
"Профессии / Бани и беседки / Рыбинск";"работа бани и беседки в рыбинске"
"Профессии / Бани и беседки / Рыбинск";"подработка бани и беседки в рыбинске"
"Профессии / Бани и беседки / Рыбинск";"требуется бани и беседки в рыбинске"
"Профессии / Бани и беседки / Рыбинск";"вакансия бани и беседки в рыбинске"
"Профессии / Бани и беседки / Тутаев";"бани и беседки в тутаеве"
"Профессии / Бани и беседки / Тутаев";"бани и беседки тутаев"
"Профессии / Бани и беседки / Тутаев";"бани и беседки в тутаеве недорого"
"Профессии / Бани и беседки / Тутаев";"бани и беседки в тутаеве цены"
"Профессии / Бани и беседки / Тутаев";"бани и беседки в тутаеве на дом"
"Профессии / Бани и беседки / Тутаев";"вызвать мастера по баням в тутаеве"
"Профессии / Бани и беседки / Тутаев";"нанять мастера по баням в тутаеве"
"Профессии / Бани и беседки / Тутаев";"найти мастера по баням в тутаеве"
"Профессии / Бани и беседки / Тутаев";"услуги мастера по баням в тутаеве"
"Профессии / Бани и беседки / Тутаев";"бани и беседки частник в тутаеве"
"Профессии / Бани и беседки / Тутаев";"бани и беседки без посредников в тутаеве"
"Профессии / Бани и беседки / Тутаев";"работа бани и беседки в тутаеве"
"Профессии / Бани и беседки / Тутаев";"подработка бани и беседки в тутаеве"
"Профессии / Бани и беседки / Тутаев";"требуется бани и беседки в тутаеве"
"Профессии / Бани и беседки / Тутаев";"вакансия бани и беседки в тутаеве"
"Профессии / Бани и беседки / Переславль-Залесский";"бани и беседки в переславле-залесском"
"Профессии / Бани и беседки / Переславль-Залесский";"бани и беседки переславль-залесский"
"Профессии / Бани и беседки / Переславль-Залесский";"бани и беседки в переславле-залесском недорого"
"Профессии / Бани и беседки / Переславль-Залесский";"бани и беседки в переславле-залесском цены"
"Профессии / Бани и беседки / Переславль-Залесский";"бани и беседки в переславле-залесском на дом"
"Профессии / Бани и беседки / Переславль-Залесский";"вызвать мастера по баням в переславле-залесском"
"Профессии / Бани и беседки / Переславль-Залесский";"нанять мастера по баням в переславле-залесском"
"Профессии / Бани и беседки / Переславль-Залесский";"найти мастера по баням в переславле-залесском"
"Профессии / Бани и беседки / Переславль-Залесский";"услуги мастера по баням в переславле-залесском"
"Профессии / Бани и беседки / Переславль-Залесский";"бани и беседки частник в переславле-залесском"
"Профессии / Бани и беседки / Переславль-Залесский";"бани и беседки без посредников в переславле-залесском"
"Профессии / Бани и беседки / Переславль-Залесский";"работа бани и беседки в переславле-залесском"
"Профессии / Бани и беседки / Переславль-Залесский";"подработка бани и беседки в переславле-залесском"
"Профессии / Бани и беседки / Переславль-Залесский";"требуется бани и беседки в переславле-залесском"
"Профессии / Бани и беседки / Переславль-Залесский";"вакансия бани и беседки в переславле-залесском"
"Профессии / Бани и беседки / Углич";"бани и беседки в угличе"
"Профессии / Бани и беседки / Углич";"бани и беседки углич"
"Профессии / Бани и беседки / Углич";"бани и беседки в угличе недорого"
"Профессии / Бани и беседки / Углич";"бани и беседки в угличе цены"
"Профессии / Бани и беседки / Углич";"бани и беседки в угличе на дом"
"Профессии / Бани и беседки / Углич";"вызвать мастера по баням в угличе"
"Профессии / Бани и беседки / Углич";"нанять мастера по баням в угличе"
"Профессии / Бани и беседки / Углич";"найти мастера по баням в угличе"
"Профессии / Бани и беседки / Углич";"услуги мастера по баням в угличе"
"Профессии / Бани и беседки / Углич";"бани и беседки частник в угличе"
"Профессии / Бани и беседки / Углич";"бани и беседки без посредников в угличе"
"Профессии / Бани и беседки / Углич";"работа бани и беседки в угличе"
"Профессии / Бани и беседки / Углич";"подработка бани и беседки в угличе"
"Профессии / Бани и беседки / Углич";"требуется бани и беседки в угличе"
"Профессии / Бани и беседки / Углич";"вакансия бани и беседки в угличе"
"Профессии / Бани и беседки / Ростов Великий";"бани и беседки в ростове великом"
"Профессии / Бани и беседки / Ростов Великий";"бани и беседки ростов великий"
"Профессии / Бани и беседки / Ростов Великий";"бани и беседки в ростове великом недорого"
"Профессии / Бани и беседки / Ростов Великий";"бани и беседки в ростове великом цены"
"Профессии / Бани и беседки / Ростов Великий";"бани и беседки в ростове великом на дом"
"Профессии / Бани и беседки / Ростов Великий";"вызвать мастера по баням в ростове великом"
"Профессии / Бани и беседки / Ростов Великий";"нанять мастера по баням в ростове великом"
"Профессии / Бани и беседки / Ростов Великий";"найти мастера по баням в ростове великом"
"Профессии / Бани и беседки / Ростов Великий";"услуги мастера по баням в ростове великом"
"Профессии / Бани и беседки / Ростов Великий";"бани и беседки частник в ростове великом"
"Профессии / Бани и беседки / Ростов Великий";"бани и беседки без посредников в ростове великом"
"Профессии / Бани и беседки / Ростов Великий";"работа бани и беседки в ростове великом"
"Профессии / Бани и беседки / Ростов Великий";"подработка бани и беседки в ростове великом"
"Профессии / Бани и беседки / Ростов Великий";"требуется бани и беседки в ростове великом"
"Профессии / Бани и беседки / Ростов Великий";"вакансия бани и беседки в ростове великом"
"Профессии / Бани и беседки / Задачи";"беседка 3×3 м в ярославле"
"Профессии / Бани и беседки / Задачи";"беседка 3×3 м цена"
"Профессии / Бани и беседки / Задачи";"сколько стоит беседка 3×3 м"
"Профессии / Бани и беседки / Задачи";"обшивка парилки вагонкой"
"Профессии / Бани и беседки / Задачи";"сколько стоит обшивка парилки вагонкой"
"Профессии / Бани и беседки / Задачи";"ремонт полов в бане в ярославле"
"Профессии / Бани и беседки / Задачи";"ремонт полов в бане цена"
"Профессии / Бани и беседки / Задачи";"сколько стоит ремонт полов в бане"
"Профессии / Бани и беседки / Задачи";"установка банной печи в ярославле"
"Профессии / Бани и беседки / Задачи";"установка банной печи цена"
"Профессии / Бани и беседки / Задачи";"сколько стоит установка банной печи"
"Профессии / Тротуарная плитка / Ярославль";"тротуарная плитка в ярославле"
"Профессии / Тротуарная плитка / Ярославль";"тротуарная плитка ярославль"
"Профессии / Тротуарная плитка / Ярославль";"тротуарная плитка в ярославле недорого"
"Профессии / Тротуарная плитка / Ярославль";"тротуарная плитка в ярославле цены"
"Профессии / Тротуарная плитка / Ярославль";"тротуарная плитка в ярославле на дом"
"Профессии / Тротуарная плитка / Ярославль";"вызвать мастера по укладке плитки в ярославле"
"Профессии / Тротуарная плитка / Ярославль";"нанять мастера по укладке плитки в ярославле"
"Профессии / Тротуарная плитка / Ярославль";"найти мастера по укладке плитки в ярославле"
"Профессии / Тротуарная плитка / Ярославль";"услуги мастера по укладке плитки в ярославле"
"Профессии / Тротуарная плитка / Ярославль";"тротуарная плитка частник в ярославле"
"Профессии / Тротуарная плитка / Ярославль";"тротуарная плитка без посредников в ярославле"
"Профессии / Тротуарная плитка / Ярославль";"работа тротуарная плитка в ярославле"
"Профессии / Тротуарная плитка / Ярославль";"подработка тротуарная плитка в ярославле"
"Профессии / Тротуарная плитка / Ярославль";"требуется тротуарная плитка в ярославле"
"Профессии / Тротуарная плитка / Ярославль";"вакансия тротуарная плитка в ярославле"
"Профессии / Тротуарная плитка / Рыбинск";"тротуарная плитка в рыбинске"
"Профессии / Тротуарная плитка / Рыбинск";"тротуарная плитка рыбинск"
"Профессии / Тротуарная плитка / Рыбинск";"тротуарная плитка в рыбинске недорого"
"Профессии / Тротуарная плитка / Рыбинск";"тротуарная плитка в рыбинске цены"
"Профессии / Тротуарная плитка / Рыбинск";"тротуарная плитка в рыбинске на дом"
"Профессии / Тротуарная плитка / Рыбинск";"вызвать мастера по укладке плитки в рыбинске"
"Профессии / Тротуарная плитка / Рыбинск";"нанять мастера по укладке плитки в рыбинске"
"Профессии / Тротуарная плитка / Рыбинск";"найти мастера по укладке плитки в рыбинске"
"Профессии / Тротуарная плитка / Рыбинск";"услуги мастера по укладке плитки в рыбинске"
"Профессии / Тротуарная плитка / Рыбинск";"тротуарная плитка частник в рыбинске"
"Профессии / Тротуарная плитка / Рыбинск";"тротуарная плитка без посредников в рыбинске"
"Профессии / Тротуарная плитка / Рыбинск";"работа тротуарная плитка в рыбинске"
"Профессии / Тротуарная плитка / Рыбинск";"подработка тротуарная плитка в рыбинске"
"Профессии / Тротуарная плитка / Рыбинск";"требуется тротуарная плитка в рыбинске"
"Профессии / Тротуарная плитка / Рыбинск";"вакансия тротуарная плитка в рыбинске"
"Профессии / Тротуарная плитка / Тутаев";"тротуарная плитка в тутаеве"
"Профессии / Тротуарная плитка / Тутаев";"тротуарная плитка тутаев"
"Профессии / Тротуарная плитка / Тутаев";"тротуарная плитка в тутаеве недорого"
"Профессии / Тротуарная плитка / Тутаев";"тротуарная плитка в тутаеве цены"
"Профессии / Тротуарная плитка / Тутаев";"тротуарная плитка в тутаеве на дом"
"Профессии / Тротуарная плитка / Тутаев";"вызвать мастера по укладке плитки в тутаеве"
"Профессии / Тротуарная плитка / Тутаев";"нанять мастера по укладке плитки в тутаеве"
"Профессии / Тротуарная плитка / Тутаев";"найти мастера по укладке плитки в тутаеве"
"Профессии / Тротуарная плитка / Тутаев";"услуги мастера по укладке плитки в тутаеве"
"Профессии / Тротуарная плитка / Тутаев";"тротуарная плитка частник в тутаеве"
"Профессии / Тротуарная плитка / Тутаев";"тротуарная плитка без посредников в тутаеве"
"Профессии / Тротуарная плитка / Тутаев";"работа тротуарная плитка в тутаеве"
"Профессии / Тротуарная плитка / Тутаев";"подработка тротуарная плитка в тутаеве"
"Профессии / Тротуарная плитка / Тутаев";"требуется тротуарная плитка в тутаеве"
"Профессии / Тротуарная плитка / Тутаев";"вакансия тротуарная плитка в тутаеве"
"Профессии / Тротуарная плитка / Переславль-Залесский";"тротуарная плитка в переславле-залесском"
"Профессии / Тротуарная плитка / Переславль-Залесский";"тротуарная плитка переславль-залесский"
"Профессии / Тротуарная плитка / Переславль-Залесский";"тротуарная плитка в переславле-залесском недорого"
"Профессии / Тротуарная плитка / Переславль-Залесский";"тротуарная плитка в переславле-залесском цены"
"Профессии / Тротуарная плитка / Переславль-Залесский";"тротуарная плитка в переславле-залесском на дом"
"Профессии / Тротуарная плитка / Переславль-Залесский";"вызвать мастера по укладке плитки в переславле-залесском"
"Профессии / Тротуарная плитка / Переславль-Залесский";"нанять мастера по укладке плитки в переславле-залесском"
"Профессии / Тротуарная плитка / Переславль-Залесский";"найти мастера по укладке плитки в переславле-залесском"
"Профессии / Тротуарная плитка / Переславль-Залесский";"услуги мастера по укладке плитки в переславле-залесском"
"Профессии / Тротуарная плитка / Переславль-Залесский";"тротуарная плитка частник в переславле-залесском"
"Профессии / Тротуарная плитка / Переславль-Залесский";"тротуарная плитка без посредников в переславле-залесском"
"Профессии / Тротуарная плитка / Переславль-Залесский";"работа тротуарная плитка в переславле-залесском"
"Профессии / Тротуарная плитка / Переславль-Залесский";"подработка тротуарная плитка в переславле-залесском"
"Профессии / Тротуарная плитка / Переславль-Залесский";"требуется тротуарная плитка в переславле-залесском"
"Профессии / Тротуарная плитка / Переславль-Залесский";"вакансия тротуарная плитка в переславле-залесском"
"Профессии / Тротуарная плитка / Углич";"тротуарная плитка в угличе"
"Профессии / Тротуарная плитка / Углич";"тротуарная плитка углич"
"Профессии / Тротуарная плитка / Углич";"тротуарная плитка в угличе недорого"
"Профессии / Тротуарная плитка / Углич";"тротуарная плитка в угличе цены"
"Профессии / Тротуарная плитка / Углич";"тротуарная плитка в угличе на дом"
"Профессии / Тротуарная плитка / Углич";"вызвать мастера по укладке плитки в угличе"
"Профессии / Тротуарная плитка / Углич";"нанять мастера по укладке плитки в угличе"
"Профессии / Тротуарная плитка / Углич";"найти мастера по укладке плитки в угличе"
"Профессии / Тротуарная плитка / Углич";"услуги мастера по укладке плитки в угличе"
"Профессии / Тротуарная плитка / Углич";"тротуарная плитка частник в угличе"
"Профессии / Тротуарная плитка / Углич";"тротуарная плитка без посредников в угличе"
"Профессии / Тротуарная плитка / Углич";"работа тротуарная плитка в угличе"
"Профессии / Тротуарная плитка / Углич";"подработка тротуарная плитка в угличе"
"Профессии / Тротуарная плитка / Углич";"требуется тротуарная плитка в угличе"
"Профессии / Тротуарная плитка / Углич";"вакансия тротуарная плитка в угличе"
"Профессии / Тротуарная плитка / Ростов Великий";"тротуарная плитка в ростове великом"
"Профессии / Тротуарная плитка / Ростов Великий";"тротуарная плитка ростов великий"
"Профессии / Тротуарная плитка / Ростов Великий";"тротуарная плитка в ростове великом недорого"
"Профессии / Тротуарная плитка / Ростов Великий";"тротуарная плитка в ростове великом цены"
"Профессии / Тротуарная плитка / Ростов Великий";"тротуарная плитка в ростове великом на дом"
"Профессии / Тротуарная плитка / Ростов Великий";"вызвать мастера по укладке плитки в ростове великом"
"Профессии / Тротуарная плитка / Ростов Великий";"нанять мастера по укладке плитки в ростове великом"
"Профессии / Тротуарная плитка / Ростов Великий";"найти мастера по укладке плитки в ростове великом"
"Профессии / Тротуарная плитка / Ростов Великий";"услуги мастера по укладке плитки в ростове великом"
"Профессии / Тротуарная плитка / Ростов Великий";"тротуарная плитка частник в ростове великом"
"Профессии / Тротуарная плитка / Ростов Великий";"тротуарная плитка без посредников в ростове великом"
"Профессии / Тротуарная плитка / Ростов Великий";"работа тротуарная плитка в ростове великом"
"Профессии / Тротуарная плитка / Ростов Великий";"подработка тротуарная плитка в ростове великом"
"Профессии / Тротуарная плитка / Ростов Великий";"требуется тротуарная плитка в ростове великом"
"Профессии / Тротуарная плитка / Ростов Великий";"вакансия тротуарная плитка в ростове великом"
"Профессии / Тротуарная плитка / Задачи";"укладка тротуарной плитки"
"Профессии / Тротуарная плитка / Задачи";"сколько стоит укладка тротуарной плитки"
"Профессии / Тротуарная плитка / Задачи";"подготовка основания"
"Профессии / Тротуарная плитка / Задачи";"сколько стоит подготовка основания"
"Профессии / Тротуарная плитка / Задачи";"установка бордюра"
"Профессии / Тротуарная плитка / Задачи";"сколько стоит установка бордюра"
"Профессии / Тракторные работы / Ярославль";"тракторные работы в ярославле"
"Профессии / Тракторные работы / Ярославль";"тракторные работы ярославль"
"Профессии / Тракторные работы / Ярославль";"тракторные работы в ярославле недорого"
"Профессии / Тракторные работы / Ярославль";"тракторные работы в ярославле цены"
"Профессии / Тракторные работы / Ярославль";"тракторные работы в ярославле на дом"
"Профессии / Тракторные работы / Ярославль";"вызвать тракториста в ярославле"
"Профессии / Тракторные работы / Ярославль";"нанять тракториста в ярославле"
"Профессии / Тракторные работы / Ярославль";"найти тракториста в ярославле"
"Профессии / Тракторные работы / Ярославль";"услуги тракториста в ярославле"
"Профессии / Тракторные работы / Ярославль";"тракторные работы частник в ярославле"
"Профессии / Тракторные работы / Ярославль";"тракторные работы без посредников в ярославле"
"Профессии / Тракторные работы / Ярославль";"работа тракторные работы в ярославле"
"Профессии / Тракторные работы / Ярославль";"подработка тракторные работы в ярославле"
"Профессии / Тракторные работы / Ярославль";"требуется тракторные работы в ярославле"
"Профессии / Тракторные работы / Ярославль";"вакансия тракторные работы в ярославле"
"Профессии / Тракторные работы / Рыбинск";"тракторные работы в рыбинске"
"Профессии / Тракторные работы / Рыбинск";"тракторные работы рыбинск"
"Профессии / Тракторные работы / Рыбинск";"тракторные работы в рыбинске недорого"
"Профессии / Тракторные работы / Рыбинск";"тракторные работы в рыбинске цены"
"Профессии / Тракторные работы / Рыбинск";"тракторные работы в рыбинске на дом"
"Профессии / Тракторные работы / Рыбинск";"вызвать тракториста в рыбинске"
"Профессии / Тракторные работы / Рыбинск";"нанять тракториста в рыбинске"
"Профессии / Тракторные работы / Рыбинск";"найти тракториста в рыбинске"
"Профессии / Тракторные работы / Рыбинск";"услуги тракториста в рыбинске"
"Профессии / Тракторные работы / Рыбинск";"тракторные работы частник в рыбинске"
"Профессии / Тракторные работы / Рыбинск";"тракторные работы без посредников в рыбинске"
"Профессии / Тракторные работы / Рыбинск";"работа тракторные работы в рыбинске"
"Профессии / Тракторные работы / Рыбинск";"подработка тракторные работы в рыбинске"
"Профессии / Тракторные работы / Рыбинск";"требуется тракторные работы в рыбинске"
"Профессии / Тракторные работы / Рыбинск";"вакансия тракторные работы в рыбинске"
"Профессии / Тракторные работы / Тутаев";"тракторные работы в тутаеве"
"Профессии / Тракторные работы / Тутаев";"тракторные работы тутаев"
"Профессии / Тракторные работы / Тутаев";"тракторные работы в тутаеве недорого"
"Профессии / Тракторные работы / Тутаев";"тракторные работы в тутаеве цены"
"Профессии / Тракторные работы / Тутаев";"тракторные работы в тутаеве на дом"
"Профессии / Тракторные работы / Тутаев";"вызвать тракториста в тутаеве"
"Профессии / Тракторные работы / Тутаев";"нанять тракториста в тутаеве"
"Профессии / Тракторные работы / Тутаев";"найти тракториста в тутаеве"
"Профессии / Тракторные работы / Тутаев";"услуги тракториста в тутаеве"
"Профессии / Тракторные работы / Тутаев";"тракторные работы частник в тутаеве"
"Профессии / Тракторные работы / Тутаев";"тракторные работы без посредников в тутаеве"
"Профессии / Тракторные работы / Тутаев";"работа тракторные работы в тутаеве"
"Профессии / Тракторные работы / Тутаев";"подработка тракторные работы в тутаеве"
"Профессии / Тракторные работы / Тутаев";"требуется тракторные работы в тутаеве"
"Профессии / Тракторные работы / Тутаев";"вакансия тракторные работы в тутаеве"
"Профессии / Тракторные работы / Переславль-Залесский";"тракторные работы в переславле-залесском"
"Профессии / Тракторные работы / Переславль-Залесский";"тракторные работы переславль-залесский"
"Профессии / Тракторные работы / Переславль-Залесский";"тракторные работы в переславле-залесском недорого"
"Профессии / Тракторные работы / Переславль-Залесский";"тракторные работы в переславле-залесском цены"
"Профессии / Тракторные работы / Переславль-Залесский";"тракторные работы в переславле-залесском на дом"
"Профессии / Тракторные работы / Переславль-Залесский";"вызвать тракториста в переславле-залесском"
"Профессии / Тракторные работы / Переславль-Залесский";"нанять тракториста в переславле-залесском"
"Профессии / Тракторные работы / Переславль-Залесский";"найти тракториста в переславле-залесском"
"Профессии / Тракторные работы / Переславль-Залесский";"услуги тракториста в переславле-залесском"
"Профессии / Тракторные работы / Переславль-Залесский";"тракторные работы частник в переславле-залесском"
"Профессии / Тракторные работы / Переславль-Залесский";"тракторные работы без посредников в переславле-залесском"
"Профессии / Тракторные работы / Переславль-Залесский";"работа тракторные работы в переславле-залесском"
"Профессии / Тракторные работы / Переславль-Залесский";"подработка тракторные работы в переславле-залесском"
"Профессии / Тракторные работы / Переславль-Залесский";"требуется тракторные работы в переславле-залесском"
"Профессии / Тракторные работы / Переславль-Залесский";"вакансия тракторные работы в переславле-залесском"
"Профессии / Тракторные работы / Углич";"тракторные работы в угличе"
"Профессии / Тракторные работы / Углич";"тракторные работы углич"
"Профессии / Тракторные работы / Углич";"тракторные работы в угличе недорого"
"Профессии / Тракторные работы / Углич";"тракторные работы в угличе цены"
"Профессии / Тракторные работы / Углич";"тракторные работы в угличе на дом"
"Профессии / Тракторные работы / Углич";"вызвать тракториста в угличе"
"Профессии / Тракторные работы / Углич";"нанять тракториста в угличе"
"Профессии / Тракторные работы / Углич";"найти тракториста в угличе"
"Профессии / Тракторные работы / Углич";"услуги тракториста в угличе"
"Профессии / Тракторные работы / Углич";"тракторные работы частник в угличе"
"Профессии / Тракторные работы / Углич";"тракторные работы без посредников в угличе"
"Профессии / Тракторные работы / Углич";"работа тракторные работы в угличе"
"Профессии / Тракторные работы / Углич";"подработка тракторные работы в угличе"
"Профессии / Тракторные работы / Углич";"требуется тракторные работы в угличе"
"Профессии / Тракторные работы / Углич";"вакансия тракторные работы в угличе"
"Профессии / Тракторные работы / Ростов Великий";"тракторные работы в ростове великом"
"Профессии / Тракторные работы / Ростов Великий";"тракторные работы ростов великий"
"Профессии / Тракторные работы / Ростов Великий";"тракторные работы в ростове великом недорого"
"Профессии / Тракторные работы / Ростов Великий";"тракторные работы в ростове великом цены"
"Профессии / Тракторные работы / Ростов Великий";"тракторные работы в ростове великом на дом"
"Профессии / Тракторные работы / Ростов Великий";"вызвать тракториста в ростове великом"
"Профессии / Тракторные работы / Ростов Великий";"нанять тракториста в ростове великом"
"Профессии / Тракторные работы / Ростов Великий";"найти тракториста в ростове великом"
"Профессии / Тракторные работы / Ростов Великий";"услуги тракториста в ростове великом"
"Профессии / Тракторные работы / Ростов Великий";"тракторные работы частник в ростове великом"
"Профессии / Тракторные работы / Ростов Великий";"тракторные работы без посредников в ростове великом"
"Профессии / Тракторные работы / Ростов Великий";"работа тракторные работы в ростове великом"
"Профессии / Тракторные работы / Ростов Великий";"подработка тракторные работы в ростове великом"
"Профессии / Тракторные работы / Ростов Великий";"требуется тракторные работы в ростове великом"
"Профессии / Тракторные работы / Ростов Великий";"вакансия тракторные работы в ростове великом"
"Профессии / Тракторные работы / Задачи";"вспашка"
"Профессии / Тракторные работы / Задачи";"сколько стоит вспашка"
"Профессии / Тракторные работы / Задачи";"час работы экскаватора в ярославле"
"Профессии / Тракторные работы / Задачи";"час работы экскаватора цена"
"Профессии / Тракторные работы / Задачи";"сколько стоит час работы экскаватора"
"Профессии / Тракторные работы / Задачи";"смена работы техники в ярославле"
"Профессии / Тракторные работы / Задачи";"смена работы техники цена"
"Профессии / Тракторные работы / Задачи";"сколько стоит смена работы техники"
"Профессии / Уборка снега / Ярославль";"уборка снега в ярославле"
"Профессии / Уборка снега / Ярославль";"уборка снега ярославль"
"Профессии / Уборка снега / Ярославль";"чистка снега в ярославле"
"Профессии / Уборка снега / Ярославль";"чистка снега ярославль"
"Профессии / Уборка снега / Ярославль";"расчистка снега в ярославле"
"Профессии / Уборка снега / Ярославль";"расчистка снега ярославль"
"Профессии / Уборка снега / Ярославль";"уборка снега с крыши в ярославле"
"Профессии / Уборка снега / Ярославль";"уборка снега с крыши ярославль"
"Профессии / Уборка снега / Ярославль";"вывоз снега в ярославле"
"Профессии / Уборка снега / Ярославль";"вывоз снега ярославль"
"Профессии / Уборка снега / Ярославль";"уборка снега в ярославле недорого"
"Профессии / Уборка снега / Ярославль";"уборка снега в ярославле цены"
"Профессии / Уборка снега / Ярославль";"уборка снега в ярославле на дом"
"Профессии / Уборка снега / Ярославль";"вызвать мастера по уборке снега в ярославле"
"Профессии / Уборка снега / Ярославль";"нанять мастера по уборке снега в ярославле"
"Профессии / Уборка снега / Ярославль";"найти мастера по уборке снега в ярославле"
"Профессии / Уборка снега / Ярославль";"услуги мастера по уборке снега в ярославле"
"Профессии / Уборка снега / Ярославль";"уборка снега частник в ярославле"
"Профессии / Уборка снега / Ярославль";"уборка снега без посредников в ярославле"
"Профессии / Уборка снега / Ярославль";"работа уборка снега в ярославле"
"Профессии / Уборка снега / Ярославль";"подработка уборка снега в ярославле"
"Профессии / Уборка снега / Ярославль";"требуется уборка снега в ярославле"
"Профессии / Уборка снега / Ярославль";"вакансия уборка снега в ярославле"
"Профессии / Уборка снега / Рыбинск";"уборка снега в рыбинске"
"Профессии / Уборка снега / Рыбинск";"уборка снега рыбинск"
"Профессии / Уборка снега / Рыбинск";"чистка снега в рыбинске"
"Профессии / Уборка снега / Рыбинск";"чистка снега рыбинск"
"Профессии / Уборка снега / Рыбинск";"расчистка снега в рыбинске"
"Профессии / Уборка снега / Рыбинск";"расчистка снега рыбинск"
"Профессии / Уборка снега / Рыбинск";"уборка снега с крыши в рыбинске"
"Профессии / Уборка снега / Рыбинск";"уборка снега с крыши рыбинск"
"Профессии / Уборка снега / Рыбинск";"вывоз снега в рыбинске"
"Профессии / Уборка снега / Рыбинск";"вывоз снега рыбинск"
"Профессии / Уборка снега / Рыбинск";"уборка снега в рыбинске недорого"
"Профессии / Уборка снега / Рыбинск";"уборка снега в рыбинске цены"
"Профессии / Уборка снега / Рыбинск";"уборка снега в рыбинске на дом"
"Профессии / Уборка снега / Рыбинск";"вызвать мастера по уборке снега в рыбинске"
"Профессии / Уборка снега / Рыбинск";"нанять мастера по уборке снега в рыбинске"
"Профессии / Уборка снега / Рыбинск";"найти мастера по уборке снега в рыбинске"
"Профессии / Уборка снега / Рыбинск";"услуги мастера по уборке снега в рыбинске"
"Профессии / Уборка снега / Рыбинск";"уборка снега частник в рыбинске"
"Профессии / Уборка снега / Рыбинск";"уборка снега без посредников в рыбинске"
"Профессии / Уборка снега / Рыбинск";"работа уборка снега в рыбинске"
"Профессии / Уборка снега / Рыбинск";"подработка уборка снега в рыбинске"
"Профессии / Уборка снега / Рыбинск";"требуется уборка снега в рыбинске"
"Профессии / Уборка снега / Рыбинск";"вакансия уборка снега в рыбинске"
"Профессии / Уборка снега / Тутаев";"уборка снега в тутаеве"
"Профессии / Уборка снега / Тутаев";"уборка снега тутаев"
"Профессии / Уборка снега / Тутаев";"чистка снега в тутаеве"
"Профессии / Уборка снега / Тутаев";"чистка снега тутаев"
"Профессии / Уборка снега / Тутаев";"расчистка снега в тутаеве"
"Профессии / Уборка снега / Тутаев";"расчистка снега тутаев"
"Профессии / Уборка снега / Тутаев";"уборка снега с крыши в тутаеве"
"Профессии / Уборка снега / Тутаев";"уборка снега с крыши тутаев"
"Профессии / Уборка снега / Тутаев";"вывоз снега в тутаеве"
"Профессии / Уборка снега / Тутаев";"вывоз снега тутаев"
"Профессии / Уборка снега / Тутаев";"уборка снега в тутаеве недорого"
"Профессии / Уборка снега / Тутаев";"уборка снега в тутаеве цены"
"Профессии / Уборка снега / Тутаев";"уборка снега в тутаеве на дом"
"Профессии / Уборка снега / Тутаев";"вызвать мастера по уборке снега в тутаеве"
"Профессии / Уборка снега / Тутаев";"нанять мастера по уборке снега в тутаеве"
"Профессии / Уборка снега / Тутаев";"найти мастера по уборке снега в тутаеве"
"Профессии / Уборка снега / Тутаев";"услуги мастера по уборке снега в тутаеве"
"Профессии / Уборка снега / Тутаев";"уборка снега частник в тутаеве"
"Профессии / Уборка снега / Тутаев";"уборка снега без посредников в тутаеве"
"Профессии / Уборка снега / Тутаев";"работа уборка снега в тутаеве"
"Профессии / Уборка снега / Тутаев";"подработка уборка снега в тутаеве"
"Профессии / Уборка снега / Тутаев";"требуется уборка снега в тутаеве"
"Профессии / Уборка снега / Тутаев";"вакансия уборка снега в тутаеве"
"Профессии / Уборка снега / Переславль-Залесский";"уборка снега в переславле-залесском"
"Профессии / Уборка снега / Переславль-Залесский";"уборка снега переславль-залесский"
"Профессии / Уборка снега / Переславль-Залесский";"чистка снега в переславле-залесском"
"Профессии / Уборка снега / Переславль-Залесский";"чистка снега переславль-залесский"
"Профессии / Уборка снега / Переславль-Залесский";"расчистка снега в переславле-залесском"
"Профессии / Уборка снега / Переславль-Залесский";"расчистка снега переславль-залесский"
"Профессии / Уборка снега / Переславль-Залесский";"уборка снега с крыши в переславле-залесском"
"Профессии / Уборка снега / Переславль-Залесский";"уборка снега с крыши переславль-залесский"
"Профессии / Уборка снега / Переславль-Залесский";"вывоз снега в переславле-залесском"
"Профессии / Уборка снега / Переславль-Залесский";"вывоз снега переславль-залесский"
"Профессии / Уборка снега / Переславль-Залесский";"уборка снега в переславле-залесском недорого"
"Профессии / Уборка снега / Переславль-Залесский";"уборка снега в переславле-залесском цены"
"Профессии / Уборка снега / Переславль-Залесский";"уборка снега в переславле-залесском на дом"
"Профессии / Уборка снега / Переславль-Залесский";"вызвать мастера по уборке снега в переславле-залесском"
"Профессии / Уборка снега / Переславль-Залесский";"нанять мастера по уборке снега в переславле-залесском"
"Профессии / Уборка снега / Переславль-Залесский";"найти мастера по уборке снега в переславле-залесском"
"Профессии / Уборка снега / Переславль-Залесский";"услуги мастера по уборке снега в переславле-залесском"
"Профессии / Уборка снега / Переславль-Залесский";"уборка снега частник в переславле-залесском"
"Профессии / Уборка снега / Переславль-Залесский";"уборка снега без посредников в переславле-залесском"
"Профессии / Уборка снега / Переславль-Залесский";"работа уборка снега в переславле-залесском"
"Профессии / Уборка снега / Переславль-Залесский";"подработка уборка снега в переславле-залесском"
"Профессии / Уборка снега / Переславль-Залесский";"требуется уборка снега в переславле-залесском"
"Профессии / Уборка снега / Переславль-Залесский";"вакансия уборка снега в переславле-залесском"
"Профессии / Уборка снега / Углич";"уборка снега в угличе"
"Профессии / Уборка снега / Углич";"уборка снега углич"
"Профессии / Уборка снега / Углич";"чистка снега в угличе"
"Профессии / Уборка снега / Углич";"чистка снега углич"
"Профессии / Уборка снега / Углич";"расчистка снега в угличе"
"Профессии / Уборка снега / Углич";"расчистка снега углич"
"Профессии / Уборка снега / Углич";"уборка снега с крыши в угличе"
"Профессии / Уборка снега / Углич";"уборка снега с крыши углич"
"Профессии / Уборка снега / Углич";"вывоз снега в угличе"
"Профессии / Уборка снега / Углич";"вывоз снега углич"
"Профессии / Уборка снега / Углич";"уборка снега в угличе недорого"
"Профессии / Уборка снега / Углич";"уборка снега в угличе цены"
"Профессии / Уборка снега / Углич";"уборка снега в угличе на дом"
"Профессии / Уборка снега / Углич";"вызвать мастера по уборке снега в угличе"
"Профессии / Уборка снега / Углич";"нанять мастера по уборке снега в угличе"
"Профессии / Уборка снега / Углич";"найти мастера по уборке снега в угличе"
"Профессии / Уборка снега / Углич";"услуги мастера по уборке снега в угличе"
"Профессии / Уборка снега / Углич";"уборка снега частник в угличе"
"Профессии / Уборка снега / Углич";"уборка снега без посредников в угличе"
"Профессии / Уборка снега / Углич";"работа уборка снега в угличе"
"Профессии / Уборка снега / Углич";"подработка уборка снега в угличе"
"Профессии / Уборка снега / Углич";"требуется уборка снега в угличе"
"Профессии / Уборка снега / Углич";"вакансия уборка снега в угличе"
"Профессии / Уборка снега / Ростов Великий";"уборка снега в ростове великом"
"Профессии / Уборка снега / Ростов Великий";"уборка снега ростов великий"
"Профессии / Уборка снега / Ростов Великий";"чистка снега в ростове великом"
"Профессии / Уборка снега / Ростов Великий";"чистка снега ростов великий"
"Профессии / Уборка снега / Ростов Великий";"расчистка снега в ростове великом"
"Профессии / Уборка снега / Ростов Великий";"расчистка снега ростов великий"
"Профессии / Уборка снега / Ростов Великий";"уборка снега с крыши в ростове великом"
"Профессии / Уборка снега / Ростов Великий";"уборка снега с крыши ростов великий"
"Профессии / Уборка снега / Ростов Великий";"вывоз снега в ростове великом"
"Профессии / Уборка снега / Ростов Великий";"вывоз снега ростов великий"
"Профессии / Уборка снега / Ростов Великий";"уборка снега в ростове великом недорого"
"Профессии / Уборка снега / Ростов Великий";"уборка снега в ростове великом цены"
"Профессии / Уборка снега / Ростов Великий";"уборка снега в ростове великом на дом"
"Профессии / Уборка снега / Ростов Великий";"вызвать мастера по уборке снега в ростове великом"
"Профессии / Уборка снега / Ростов Великий";"нанять мастера по уборке снега в ростове великом"
"Профессии / Уборка снега / Ростов Великий";"найти мастера по уборке снега в ростове великом"
"Профессии / Уборка снега / Ростов Великий";"услуги мастера по уборке снега в ростове великом"
"Профессии / Уборка снега / Ростов Великий";"уборка снега частник в ростове великом"
"Профессии / Уборка снега / Ростов Великий";"уборка снега без посредников в ростове великом"
"Профессии / Уборка снега / Ростов Великий";"работа уборка снега в ростове великом"
"Профессии / Уборка снега / Ростов Великий";"подработка уборка снега в ростове великом"
"Профессии / Уборка снега / Ростов Великий";"требуется уборка снега в ростове великом"
"Профессии / Уборка снега / Ростов Великий";"вакансия уборка снега в ростове великом"
"Профессии / Уборка снега / Задачи";"уборка двора вручную"
"Профессии / Уборка снега / Задачи";"сколько стоит уборка двора вручную"
"Профессии / Уборка снега / Задачи";"чистка крыши от снега"
"Профессии / Уборка снега / Задачи";"сколько стоит чистка крыши от снега"
"Профессии / Уборка снега / Задачи";"расчистка проезда трактором в ярославле"
"Профессии / Уборка снега / Задачи";"расчистка проезда трактором цена"
"Профессии / Уборка снега / Задачи";"сколько стоит расчистка проезда трактором"
"Профессии / Уборка снега / Задачи";"уборка участка"
"Профессии / Уборка снега / Задачи";"сколько стоит уборка участка"
"Профессии / Газель, грузоперевозки / Ярославль";"газель"
"Профессии / Газель, грузоперевозки / Ярославль";"грузоперевозки в ярославле"
"Профессии / Газель, грузоперевозки / Ярославль";"грузоперевозки ярославль"
"Профессии / Газель, грузоперевозки / Ярославль";"газель в ярославле"
"Профессии / Газель, грузоперевозки / Ярославль";"газель ярославль"
"Профессии / Газель, грузоперевозки / Ярославль";"перевозка вещей в ярославле"
"Профессии / Газель, грузоперевозки / Ярославль";"перевозка вещей ярославль"
"Профессии / Газель, грузоперевозки / Ярославль";"квартирный переезд в ярославле"
"Профессии / Газель, грузоперевозки / Ярославль";"квартирный переезд ярославль"
"Профессии / Газель, грузоперевозки / Ярославль";"грузовое такси в ярославле"
"Профессии / Газель, грузоперевозки / Ярославль";"грузовое такси ярославль"
"Профессии / Газель, грузоперевозки / Ярославль";"вызвать водителя с газелью в ярославле"
"Профессии / Газель, грузоперевозки / Ярославль";"нанять водителя с газелью в ярославле"
"Профессии / Газель, грузоперевозки / Ярославль";"найти водителя с газелью в ярославле"
"Профессии / Газель, грузоперевозки / Ярославль";"услуги водителя с газелью в ярославле"
"Профессии / Газель, грузоперевозки / Ярославль";"работа газель"
"Профессии / Газель, грузоперевозки / Ярославль";"подработка газель"
"Профессии / Газель, грузоперевозки / Ярославль";"требуется газель"
"Профессии / Газель, грузоперевозки / Ярославль";"вакансия газель"
"Профессии / Газель, грузоперевозки / Рыбинск";"грузоперевозки в рыбинске"
"Профессии / Газель, грузоперевозки / Рыбинск";"грузоперевозки рыбинск"
"Профессии / Газель, грузоперевозки / Рыбинск";"газель в рыбинске"
"Профессии / Газель, грузоперевозки / Рыбинск";"газель рыбинск"
"Профессии / Газель, грузоперевозки / Рыбинск";"перевозка вещей в рыбинске"
"Профессии / Газель, грузоперевозки / Рыбинск";"перевозка вещей рыбинск"
"Профессии / Газель, грузоперевозки / Рыбинск";"квартирный переезд в рыбинске"
"Профессии / Газель, грузоперевозки / Рыбинск";"квартирный переезд рыбинск"
"Профессии / Газель, грузоперевозки / Рыбинск";"грузовое такси в рыбинске"
"Профессии / Газель, грузоперевозки / Рыбинск";"грузовое такси рыбинск"
"Профессии / Газель, грузоперевозки / Рыбинск";"вызвать водителя с газелью в рыбинске"
"Профессии / Газель, грузоперевозки / Рыбинск";"нанять водителя с газелью в рыбинске"
"Профессии / Газель, грузоперевозки / Рыбинск";"найти водителя с газелью в рыбинске"
"Профессии / Газель, грузоперевозки / Рыбинск";"услуги водителя с газелью в рыбинске"
"Профессии / Газель, грузоперевозки / Тутаев";"грузоперевозки в тутаеве"
"Профессии / Газель, грузоперевозки / Тутаев";"грузоперевозки тутаев"
"Профессии / Газель, грузоперевозки / Тутаев";"газель в тутаеве"
"Профессии / Газель, грузоперевозки / Тутаев";"газель тутаев"
"Профессии / Газель, грузоперевозки / Тутаев";"перевозка вещей в тутаеве"
"Профессии / Газель, грузоперевозки / Тутаев";"перевозка вещей тутаев"
"Профессии / Газель, грузоперевозки / Тутаев";"квартирный переезд в тутаеве"
"Профессии / Газель, грузоперевозки / Тутаев";"квартирный переезд тутаев"
"Профессии / Газель, грузоперевозки / Тутаев";"грузовое такси в тутаеве"
"Профессии / Газель, грузоперевозки / Тутаев";"грузовое такси тутаев"
"Профессии / Газель, грузоперевозки / Тутаев";"вызвать водителя с газелью в тутаеве"
"Профессии / Газель, грузоперевозки / Тутаев";"нанять водителя с газелью в тутаеве"
"Профессии / Газель, грузоперевозки / Тутаев";"найти водителя с газелью в тутаеве"
"Профессии / Газель, грузоперевозки / Тутаев";"услуги водителя с газелью в тутаеве"
"Профессии / Газель, грузоперевозки / Переславль-Залесский";"грузоперевозки в переславле-залесском"
"Профессии / Газель, грузоперевозки / Переславль-Залесский";"грузоперевозки переславль-залесский"
"Профессии / Газель, грузоперевозки / Переславль-Залесский";"газель в переславле-залесском"
"Профессии / Газель, грузоперевозки / Переславль-Залесский";"газель переславль-залесский"
"Профессии / Газель, грузоперевозки / Переславль-Залесский";"перевозка вещей в переславле-залесском"
"Профессии / Газель, грузоперевозки / Переславль-Залесский";"перевозка вещей переславль-залесский"
"Профессии / Газель, грузоперевозки / Переславль-Залесский";"квартирный переезд в переславле-залесском"
"Профессии / Газель, грузоперевозки / Переславль-Залесский";"квартирный переезд переславль-залесский"
"Профессии / Газель, грузоперевозки / Переславль-Залесский";"грузовое такси в переславле-залесском"
"Профессии / Газель, грузоперевозки / Переславль-Залесский";"грузовое такси переславль-залесский"
"Профессии / Газель, грузоперевозки / Переславль-Залесский";"вызвать водителя с газелью в переславле-залесском"
"Профессии / Газель, грузоперевозки / Переславль-Залесский";"нанять водителя с газелью в переславле-залесском"
"Профессии / Газель, грузоперевозки / Переславль-Залесский";"найти водителя с газелью в переславле-залесском"
"Профессии / Газель, грузоперевозки / Переславль-Залесский";"услуги водителя с газелью в переславле-залесском"
"Профессии / Газель, грузоперевозки / Углич";"грузоперевозки в угличе"
"Профессии / Газель, грузоперевозки / Углич";"грузоперевозки углич"
"Профессии / Газель, грузоперевозки / Углич";"газель в угличе"
"Профессии / Газель, грузоперевозки / Углич";"газель углич"
"Профессии / Газель, грузоперевозки / Углич";"перевозка вещей в угличе"
"Профессии / Газель, грузоперевозки / Углич";"перевозка вещей углич"
"Профессии / Газель, грузоперевозки / Углич";"квартирный переезд в угличе"
"Профессии / Газель, грузоперевозки / Углич";"квартирный переезд углич"
"Профессии / Газель, грузоперевозки / Углич";"грузовое такси в угличе"
"Профессии / Газель, грузоперевозки / Углич";"грузовое такси углич"
"Профессии / Газель, грузоперевозки / Углич";"вызвать водителя с газелью в угличе"
"Профессии / Газель, грузоперевозки / Углич";"нанять водителя с газелью в угличе"
"Профессии / Газель, грузоперевозки / Углич";"найти водителя с газелью в угличе"
"Профессии / Газель, грузоперевозки / Углич";"услуги водителя с газелью в угличе"
"Профессии / Газель, грузоперевозки / Ростов Великий";"грузоперевозки в ростове великом"
"Профессии / Газель, грузоперевозки / Ростов Великий";"грузоперевозки ростов великий"
"Профессии / Газель, грузоперевозки / Ростов Великий";"газель в ростове великом"
"Профессии / Газель, грузоперевозки / Ростов Великий";"газель ростов великий"
"Профессии / Газель, грузоперевозки / Ростов Великий";"перевозка вещей в ростове великом"
"Профессии / Газель, грузоперевозки / Ростов Великий";"перевозка вещей ростов великий"
"Профессии / Газель, грузоперевозки / Ростов Великий";"квартирный переезд в ростове великом"
"Профессии / Газель, грузоперевозки / Ростов Великий";"квартирный переезд ростов великий"
"Профессии / Газель, грузоперевозки / Ростов Великий";"грузовое такси в ростове великом"
"Профессии / Газель, грузоперевозки / Ростов Великий";"грузовое такси ростов великий"
"Профессии / Газель, грузоперевозки / Ростов Великий";"вызвать водителя с газелью в ростове великом"
"Профессии / Газель, грузоперевозки / Ростов Великий";"нанять водителя с газелью в ростове великом"
"Профессии / Газель, грузоперевозки / Ростов Великий";"найти водителя с газелью в ростове великом"
"Профессии / Газель, грузоперевозки / Ростов Великий";"услуги водителя с газелью в ростове великом"
"Профессии / Газель, грузоперевозки / Задачи";"газель по городу"
"Профессии / Газель, грузоперевозки / Задачи";"сколько стоит газель по городу"
"Профессии / Газель, грузоперевозки / Задачи";"подача машины в ярославле"
"Профессии / Газель, грузоперевозки / Задачи";"подача машины цена"
"Профессии / Газель, грузоперевозки / Задачи";"сколько стоит подача машины"
"Профессии / Газель, грузоперевозки / Задачи";"межгород"
"Профессии / Газель, грузоперевозки / Задачи";"сколько стоит межгород"
"Профессии / Газель, грузоперевозки / Задачи";"переезд с грузчиками в ярославле"
"Профессии / Газель, грузоперевозки / Задачи";"переезд с грузчиками цена"
"Профессии / Газель, грузоперевозки / Задачи";"сколько стоит переезд с грузчиками"
"Профессии / Водитель с авто / Ярославль";"водитель с авто в ярославле"
"Профессии / Водитель с авто / Ярославль";"водитель с авто ярославль"
"Профессии / Водитель с авто / Ярославль";"личный водитель в ярославле"
"Профессии / Водитель с авто / Ярославль";"личный водитель ярославль"
"Профессии / Водитель с авто / Ярославль";"водитель со своим авто в ярославле"
"Профессии / Водитель с авто / Ярославль";"водитель со своим авто ярославль"
"Профессии / Водитель с авто / Ярославль";"трезвый водитель в ярославле"
"Профессии / Водитель с авто / Ярославль";"трезвый водитель ярославль"
"Профессии / Водитель с авто / Ярославль";"водитель с авто в ярославле недорого"
"Профессии / Водитель с авто / Ярославль";"водитель с авто в ярославле цены"
"Профессии / Водитель с авто / Ярославль";"водитель с авто в ярославле на дом"
"Профессии / Водитель с авто / Ярославль";"вызвать водителя в ярославле"
"Профессии / Водитель с авто / Ярославль";"нанять водителя в ярославле"
"Профессии / Водитель с авто / Ярославль";"найти водителя в ярославле"
"Профессии / Водитель с авто / Ярославль";"услуги водителя в ярославле"
"Профессии / Водитель с авто / Ярославль";"водитель с авто частник в ярославле"
"Профессии / Водитель с авто / Ярославль";"водитель с авто без посредников в ярославле"
"Профессии / Водитель с авто / Ярославль";"работа водитель с авто в ярославле"
"Профессии / Водитель с авто / Ярославль";"подработка водитель с авто в ярославле"
"Профессии / Водитель с авто / Ярославль";"требуется водитель с авто в ярославле"
"Профессии / Водитель с авто / Ярославль";"вакансия водитель с авто в ярославле"
"Профессии / Водитель с авто / Рыбинск";"водитель с авто в рыбинске"
"Профессии / Водитель с авто / Рыбинск";"водитель с авто рыбинск"
"Профессии / Водитель с авто / Рыбинск";"личный водитель в рыбинске"
"Профессии / Водитель с авто / Рыбинск";"личный водитель рыбинск"
"Профессии / Водитель с авто / Рыбинск";"водитель со своим авто в рыбинске"
"Профессии / Водитель с авто / Рыбинск";"водитель со своим авто рыбинск"
"Профессии / Водитель с авто / Рыбинск";"трезвый водитель в рыбинске"
"Профессии / Водитель с авто / Рыбинск";"трезвый водитель рыбинск"
"Профессии / Водитель с авто / Рыбинск";"водитель с авто в рыбинске недорого"
"Профессии / Водитель с авто / Рыбинск";"водитель с авто в рыбинске цены"
"Профессии / Водитель с авто / Рыбинск";"водитель с авто в рыбинске на дом"
"Профессии / Водитель с авто / Рыбинск";"вызвать водителя в рыбинске"
"Профессии / Водитель с авто / Рыбинск";"нанять водителя в рыбинске"
"Профессии / Водитель с авто / Рыбинск";"найти водителя в рыбинске"
"Профессии / Водитель с авто / Рыбинск";"услуги водителя в рыбинске"
"Профессии / Водитель с авто / Рыбинск";"водитель с авто частник в рыбинске"
"Профессии / Водитель с авто / Рыбинск";"водитель с авто без посредников в рыбинске"
"Профессии / Водитель с авто / Рыбинск";"работа водитель с авто в рыбинске"
"Профессии / Водитель с авто / Рыбинск";"подработка водитель с авто в рыбинске"
"Профессии / Водитель с авто / Рыбинск";"требуется водитель с авто в рыбинске"
"Профессии / Водитель с авто / Рыбинск";"вакансия водитель с авто в рыбинске"
"Профессии / Водитель с авто / Тутаев";"водитель с авто в тутаеве"
"Профессии / Водитель с авто / Тутаев";"водитель с авто тутаев"
"Профессии / Водитель с авто / Тутаев";"личный водитель в тутаеве"
"Профессии / Водитель с авто / Тутаев";"личный водитель тутаев"
"Профессии / Водитель с авто / Тутаев";"водитель со своим авто в тутаеве"
"Профессии / Водитель с авто / Тутаев";"водитель со своим авто тутаев"
"Профессии / Водитель с авто / Тутаев";"трезвый водитель в тутаеве"
"Профессии / Водитель с авто / Тутаев";"трезвый водитель тутаев"
"Профессии / Водитель с авто / Тутаев";"водитель с авто в тутаеве недорого"
"Профессии / Водитель с авто / Тутаев";"водитель с авто в тутаеве цены"
"Профессии / Водитель с авто / Тутаев";"водитель с авто в тутаеве на дом"
"Профессии / Водитель с авто / Тутаев";"вызвать водителя в тутаеве"
"Профессии / Водитель с авто / Тутаев";"нанять водителя в тутаеве"
"Профессии / Водитель с авто / Тутаев";"найти водителя в тутаеве"
"Профессии / Водитель с авто / Тутаев";"услуги водителя в тутаеве"
"Профессии / Водитель с авто / Тутаев";"водитель с авто частник в тутаеве"
"Профессии / Водитель с авто / Тутаев";"водитель с авто без посредников в тутаеве"
"Профессии / Водитель с авто / Тутаев";"работа водитель с авто в тутаеве"
"Профессии / Водитель с авто / Тутаев";"подработка водитель с авто в тутаеве"
"Профессии / Водитель с авто / Тутаев";"требуется водитель с авто в тутаеве"
"Профессии / Водитель с авто / Тутаев";"вакансия водитель с авто в тутаеве"
"Профессии / Водитель с авто / Переславль-Залесский";"водитель с авто в переславле-залесском"
"Профессии / Водитель с авто / Переславль-Залесский";"водитель с авто переславль-залесский"
"Профессии / Водитель с авто / Переславль-Залесский";"личный водитель в переславле-залесском"
"Профессии / Водитель с авто / Переславль-Залесский";"личный водитель переславль-залесский"
"Профессии / Водитель с авто / Переславль-Залесский";"водитель со своим авто в переславле-залесском"
"Профессии / Водитель с авто / Переславль-Залесский";"водитель со своим авто переславль-залесский"
"Профессии / Водитель с авто / Переславль-Залесский";"трезвый водитель в переславле-залесском"
"Профессии / Водитель с авто / Переславль-Залесский";"трезвый водитель переславль-залесский"
"Профессии / Водитель с авто / Переславль-Залесский";"водитель с авто в переславле-залесском недорого"
"Профессии / Водитель с авто / Переславль-Залесский";"водитель с авто в переславле-залесском цены"
"Профессии / Водитель с авто / Переславль-Залесский";"водитель с авто в переславле-залесском на дом"
"Профессии / Водитель с авто / Переславль-Залесский";"вызвать водителя в переславле-залесском"
"Профессии / Водитель с авто / Переславль-Залесский";"нанять водителя в переславле-залесском"
"Профессии / Водитель с авто / Переславль-Залесский";"найти водителя в переславле-залесском"
"Профессии / Водитель с авто / Переславль-Залесский";"услуги водителя в переславле-залесском"
"Профессии / Водитель с авто / Переславль-Залесский";"водитель с авто частник в переславле-залесском"
"Профессии / Водитель с авто / Переславль-Залесский";"водитель с авто без посредников в переславле-залесском"
"Профессии / Водитель с авто / Переславль-Залесский";"работа водитель с авто в переславле-залесском"
"Профессии / Водитель с авто / Переславль-Залесский";"подработка водитель с авто в переславле-залесском"
"Профессии / Водитель с авто / Переславль-Залесский";"требуется водитель с авто в переславле-залесском"
"Профессии / Водитель с авто / Переславль-Залесский";"вакансия водитель с авто в переславле-залесском"
"Профессии / Водитель с авто / Углич";"водитель с авто в угличе"
"Профессии / Водитель с авто / Углич";"водитель с авто углич"
"Профессии / Водитель с авто / Углич";"личный водитель в угличе"
"Профессии / Водитель с авто / Углич";"личный водитель углич"
"Профессии / Водитель с авто / Углич";"водитель со своим авто в угличе"
"Профессии / Водитель с авто / Углич";"водитель со своим авто углич"
"Профессии / Водитель с авто / Углич";"трезвый водитель в угличе"
"Профессии / Водитель с авто / Углич";"трезвый водитель углич"
"Профессии / Водитель с авто / Углич";"водитель с авто в угличе недорого"
"Профессии / Водитель с авто / Углич";"водитель с авто в угличе цены"
"Профессии / Водитель с авто / Углич";"водитель с авто в угличе на дом"
"Профессии / Водитель с авто / Углич";"вызвать водителя в угличе"
"Профессии / Водитель с авто / Углич";"нанять водителя в угличе"
"Профессии / Водитель с авто / Углич";"найти водителя в угличе"
"Профессии / Водитель с авто / Углич";"услуги водителя в угличе"
"Профессии / Водитель с авто / Углич";"водитель с авто частник в угличе"
"Профессии / Водитель с авто / Углич";"водитель с авто без посредников в угличе"
"Профессии / Водитель с авто / Углич";"работа водитель с авто в угличе"
"Профессии / Водитель с авто / Углич";"подработка водитель с авто в угличе"
"Профессии / Водитель с авто / Углич";"требуется водитель с авто в угличе"
"Профессии / Водитель с авто / Углич";"вакансия водитель с авто в угличе"
"Профессии / Водитель с авто / Ростов Великий";"водитель с авто в ростове великом"
"Профессии / Водитель с авто / Ростов Великий";"водитель с авто ростов великий"
"Профессии / Водитель с авто / Ростов Великий";"личный водитель в ростове великом"
"Профессии / Водитель с авто / Ростов Великий";"личный водитель ростов великий"
"Профессии / Водитель с авто / Ростов Великий";"водитель со своим авто в ростове великом"
"Профессии / Водитель с авто / Ростов Великий";"водитель со своим авто ростов великий"
"Профессии / Водитель с авто / Ростов Великий";"трезвый водитель в ростове великом"
"Профессии / Водитель с авто / Ростов Великий";"трезвый водитель ростов великий"
"Профессии / Водитель с авто / Ростов Великий";"водитель с авто в ростове великом недорого"
"Профессии / Водитель с авто / Ростов Великий";"водитель с авто в ростове великом цены"
"Профессии / Водитель с авто / Ростов Великий";"водитель с авто в ростове великом на дом"
"Профессии / Водитель с авто / Ростов Великий";"вызвать водителя в ростове великом"
"Профессии / Водитель с авто / Ростов Великий";"нанять водителя в ростове великом"
"Профессии / Водитель с авто / Ростов Великий";"найти водителя в ростове великом"
"Профессии / Водитель с авто / Ростов Великий";"услуги водителя в ростове великом"
"Профессии / Водитель с авто / Ростов Великий";"водитель с авто частник в ростове великом"
"Профессии / Водитель с авто / Ростов Великий";"водитель с авто без посредников в ростове великом"
"Профессии / Водитель с авто / Ростов Великий";"работа водитель с авто в ростове великом"
"Профессии / Водитель с авто / Ростов Великий";"подработка водитель с авто в ростове великом"
"Профессии / Водитель с авто / Ростов Великий";"требуется водитель с авто в ростове великом"
"Профессии / Водитель с авто / Ростов Великий";"вакансия водитель с авто в ростове великом"
"Профессии / Водитель с авто / Задачи";"час работы с автомобилем в ярославле"
"Профессии / Водитель с авто / Задачи";"час работы с автомобилем цена"
"Профессии / Водитель с авто / Задачи";"сколько стоит час работы с автомобилем"
"Профессии / Водитель с авто / Задачи";"поездка по городу в ярославле"
"Профессии / Водитель с авто / Задачи";"поездка по городу цена"
"Профессии / Водитель с авто / Задачи";"сколько стоит поездка по городу"
"Профессии / Водитель с авто / Задачи";"встретить на вокзале в ярославле"
"Профессии / Водитель с авто / Задачи";"встретить на вокзале цена"
"Профессии / Водитель с авто / Задачи";"сколько стоит встретить на вокзале"
"Профессии / Вывоз мусора / Ярославль";"вывоз мусора в ярославле"
"Профессии / Вывоз мусора / Ярославль";"вывоз мусора ярославль"
"Профессии / Вывоз мусора / Ярославль";"вывоз хлама в ярославле"
"Профессии / Вывоз мусора / Ярославль";"вывоз хлама ярославль"
"Профессии / Вывоз мусора / Ярославль";"утилизация мебели в ярославле"
"Профессии / Вывоз мусора / Ярославль";"утилизация мебели ярославль"
"Профессии / Вывоз мусора / Ярославль";"вывоз строительного мусора в ярославле"
"Профессии / Вывоз мусора / Ярославль";"вывоз строительного мусора ярославль"
"Профессии / Вывоз мусора / Ярославль";"вывоз мусора в ярославле недорого"
"Профессии / Вывоз мусора / Ярославль";"вывоз мусора в ярославле цены"
"Профессии / Вывоз мусора / Ярославль";"вывоз мусора в ярославле на дом"
"Профессии / Вывоз мусора / Ярославль";"вызвать мастера по вывозу мусора в ярославле"
"Профессии / Вывоз мусора / Ярославль";"нанять мастера по вывозу мусора в ярославле"
"Профессии / Вывоз мусора / Ярославль";"найти мастера по вывозу мусора в ярославле"
"Профессии / Вывоз мусора / Ярославль";"услуги мастера по вывозу мусора в ярославле"
"Профессии / Вывоз мусора / Ярославль";"вывоз мусора частник в ярославле"
"Профессии / Вывоз мусора / Ярославль";"вывоз мусора без посредников в ярославле"
"Профессии / Вывоз мусора / Ярославль";"работа вывоз мусора в ярославле"
"Профессии / Вывоз мусора / Ярославль";"подработка вывоз мусора в ярославле"
"Профессии / Вывоз мусора / Ярославль";"требуется вывоз мусора в ярославле"
"Профессии / Вывоз мусора / Ярославль";"вакансия вывоз мусора в ярославле"
"Профессии / Вывоз мусора / Рыбинск";"вывоз мусора в рыбинске"
"Профессии / Вывоз мусора / Рыбинск";"вывоз мусора рыбинск"
"Профессии / Вывоз мусора / Рыбинск";"вывоз хлама в рыбинске"
"Профессии / Вывоз мусора / Рыбинск";"вывоз хлама рыбинск"
"Профессии / Вывоз мусора / Рыбинск";"утилизация мебели в рыбинске"
"Профессии / Вывоз мусора / Рыбинск";"утилизация мебели рыбинск"
"Профессии / Вывоз мусора / Рыбинск";"вывоз строительного мусора в рыбинске"
"Профессии / Вывоз мусора / Рыбинск";"вывоз строительного мусора рыбинск"
"Профессии / Вывоз мусора / Рыбинск";"вывоз мусора в рыбинске недорого"
"Профессии / Вывоз мусора / Рыбинск";"вывоз мусора в рыбинске цены"
"Профессии / Вывоз мусора / Рыбинск";"вывоз мусора в рыбинске на дом"
"Профессии / Вывоз мусора / Рыбинск";"вызвать мастера по вывозу мусора в рыбинске"
"Профессии / Вывоз мусора / Рыбинск";"нанять мастера по вывозу мусора в рыбинске"
"Профессии / Вывоз мусора / Рыбинск";"найти мастера по вывозу мусора в рыбинске"
"Профессии / Вывоз мусора / Рыбинск";"услуги мастера по вывозу мусора в рыбинске"
"Профессии / Вывоз мусора / Рыбинск";"вывоз мусора частник в рыбинске"
"Профессии / Вывоз мусора / Рыбинск";"вывоз мусора без посредников в рыбинске"
"Профессии / Вывоз мусора / Рыбинск";"работа вывоз мусора в рыбинске"
"Профессии / Вывоз мусора / Рыбинск";"подработка вывоз мусора в рыбинске"
"Профессии / Вывоз мусора / Рыбинск";"требуется вывоз мусора в рыбинске"
"Профессии / Вывоз мусора / Рыбинск";"вакансия вывоз мусора в рыбинске"
"Профессии / Вывоз мусора / Тутаев";"вывоз мусора в тутаеве"
"Профессии / Вывоз мусора / Тутаев";"вывоз мусора тутаев"
"Профессии / Вывоз мусора / Тутаев";"вывоз хлама в тутаеве"
"Профессии / Вывоз мусора / Тутаев";"вывоз хлама тутаев"
"Профессии / Вывоз мусора / Тутаев";"утилизация мебели в тутаеве"
"Профессии / Вывоз мусора / Тутаев";"утилизация мебели тутаев"
"Профессии / Вывоз мусора / Тутаев";"вывоз строительного мусора в тутаеве"
"Профессии / Вывоз мусора / Тутаев";"вывоз строительного мусора тутаев"
"Профессии / Вывоз мусора / Тутаев";"вывоз мусора в тутаеве недорого"
"Профессии / Вывоз мусора / Тутаев";"вывоз мусора в тутаеве цены"
"Профессии / Вывоз мусора / Тутаев";"вывоз мусора в тутаеве на дом"
"Профессии / Вывоз мусора / Тутаев";"вызвать мастера по вывозу мусора в тутаеве"
"Профессии / Вывоз мусора / Тутаев";"нанять мастера по вывозу мусора в тутаеве"
"Профессии / Вывоз мусора / Тутаев";"найти мастера по вывозу мусора в тутаеве"
"Профессии / Вывоз мусора / Тутаев";"услуги мастера по вывозу мусора в тутаеве"
"Профессии / Вывоз мусора / Тутаев";"вывоз мусора частник в тутаеве"
"Профессии / Вывоз мусора / Тутаев";"вывоз мусора без посредников в тутаеве"
"Профессии / Вывоз мусора / Тутаев";"работа вывоз мусора в тутаеве"
"Профессии / Вывоз мусора / Тутаев";"подработка вывоз мусора в тутаеве"
"Профессии / Вывоз мусора / Тутаев";"требуется вывоз мусора в тутаеве"
"Профессии / Вывоз мусора / Тутаев";"вакансия вывоз мусора в тутаеве"
"Профессии / Вывоз мусора / Переславль-Залесский";"вывоз мусора в переславле-залесском"
"Профессии / Вывоз мусора / Переславль-Залесский";"вывоз мусора переславль-залесский"
"Профессии / Вывоз мусора / Переславль-Залесский";"вывоз хлама в переславле-залесском"
"Профессии / Вывоз мусора / Переславль-Залесский";"вывоз хлама переславль-залесский"
"Профессии / Вывоз мусора / Переславль-Залесский";"утилизация мебели в переславле-залесском"
"Профессии / Вывоз мусора / Переславль-Залесский";"утилизация мебели переславль-залесский"
"Профессии / Вывоз мусора / Переславль-Залесский";"вывоз строительного мусора в переславле-залесском"
"Профессии / Вывоз мусора / Переславль-Залесский";"вывоз строительного мусора переславль-залесский"
"Профессии / Вывоз мусора / Переславль-Залесский";"вывоз мусора в переславле-залесском недорого"
"Профессии / Вывоз мусора / Переславль-Залесский";"вывоз мусора в переславле-залесском цены"
"Профессии / Вывоз мусора / Переславль-Залесский";"вывоз мусора в переславле-залесском на дом"
"Профессии / Вывоз мусора / Переславль-Залесский";"вызвать мастера по вывозу мусора в переславле-залесском"
"Профессии / Вывоз мусора / Переславль-Залесский";"нанять мастера по вывозу мусора в переславле-залесском"
"Профессии / Вывоз мусора / Переславль-Залесский";"найти мастера по вывозу мусора в переславле-залесском"
"Профессии / Вывоз мусора / Переславль-Залесский";"услуги мастера по вывозу мусора в переславле-залесском"
"Профессии / Вывоз мусора / Переславль-Залесский";"вывоз мусора частник в переславле-залесском"
"Профессии / Вывоз мусора / Переславль-Залесский";"вывоз мусора без посредников в переславле-залесском"
"Профессии / Вывоз мусора / Переславль-Залесский";"работа вывоз мусора в переславле-залесском"
"Профессии / Вывоз мусора / Переславль-Залесский";"подработка вывоз мусора в переславле-залесском"
"Профессии / Вывоз мусора / Переславль-Залесский";"требуется вывоз мусора в переславле-залесском"
"Профессии / Вывоз мусора / Переславль-Залесский";"вакансия вывоз мусора в переславле-залесском"
"Профессии / Вывоз мусора / Углич";"вывоз мусора в угличе"
"Профессии / Вывоз мусора / Углич";"вывоз мусора углич"
"Профессии / Вывоз мусора / Углич";"вывоз хлама в угличе"
"Профессии / Вывоз мусора / Углич";"вывоз хлама углич"
"Профессии / Вывоз мусора / Углич";"утилизация мебели в угличе"
"Профессии / Вывоз мусора / Углич";"утилизация мебели углич"
"Профессии / Вывоз мусора / Углич";"вывоз строительного мусора в угличе"
"Профессии / Вывоз мусора / Углич";"вывоз строительного мусора углич"
"Профессии / Вывоз мусора / Углич";"вывоз мусора в угличе недорого"
"Профессии / Вывоз мусора / Углич";"вывоз мусора в угличе цены"
"Профессии / Вывоз мусора / Углич";"вывоз мусора в угличе на дом"
"Профессии / Вывоз мусора / Углич";"вызвать мастера по вывозу мусора в угличе"
"Профессии / Вывоз мусора / Углич";"нанять мастера по вывозу мусора в угличе"
"Профессии / Вывоз мусора / Углич";"найти мастера по вывозу мусора в угличе"
"Профессии / Вывоз мусора / Углич";"услуги мастера по вывозу мусора в угличе"
"Профессии / Вывоз мусора / Углич";"вывоз мусора частник в угличе"
"Профессии / Вывоз мусора / Углич";"вывоз мусора без посредников в угличе"
"Профессии / Вывоз мусора / Углич";"работа вывоз мусора в угличе"
"Профессии / Вывоз мусора / Углич";"подработка вывоз мусора в угличе"
"Профессии / Вывоз мусора / Углич";"требуется вывоз мусора в угличе"
"Профессии / Вывоз мусора / Углич";"вакансия вывоз мусора в угличе"
"Профессии / Вывоз мусора / Ростов Великий";"вывоз мусора в ростове великом"
"Профессии / Вывоз мусора / Ростов Великий";"вывоз мусора ростов великий"
"Профессии / Вывоз мусора / Ростов Великий";"вывоз хлама в ростове великом"
"Профессии / Вывоз мусора / Ростов Великий";"вывоз хлама ростов великий"
"Профессии / Вывоз мусора / Ростов Великий";"утилизация мебели в ростове великом"
"Профессии / Вывоз мусора / Ростов Великий";"утилизация мебели ростов великий"
"Профессии / Вывоз мусора / Ростов Великий";"вывоз строительного мусора в ростове великом"
"Профессии / Вывоз мусора / Ростов Великий";"вывоз строительного мусора ростов великий"
"Профессии / Вывоз мусора / Ростов Великий";"вывоз мусора в ростове великом недорого"
"Профессии / Вывоз мусора / Ростов Великий";"вывоз мусора в ростове великом цены"
"Профессии / Вывоз мусора / Ростов Великий";"вывоз мусора в ростове великом на дом"
"Профессии / Вывоз мусора / Ростов Великий";"вызвать мастера по вывозу мусора в ростове великом"
"Профессии / Вывоз мусора / Ростов Великий";"нанять мастера по вывозу мусора в ростове великом"
"Профессии / Вывоз мусора / Ростов Великий";"найти мастера по вывозу мусора в ростове великом"
"Профессии / Вывоз мусора / Ростов Великий";"услуги мастера по вывозу мусора в ростове великом"
"Профессии / Вывоз мусора / Ростов Великий";"вывоз мусора частник в ростове великом"
"Профессии / Вывоз мусора / Ростов Великий";"вывоз мусора без посредников в ростове великом"
"Профессии / Вывоз мусора / Ростов Великий";"работа вывоз мусора в ростове великом"
"Профессии / Вывоз мусора / Ростов Великий";"подработка вывоз мусора в ростове великом"
"Профессии / Вывоз мусора / Ростов Великий";"требуется вывоз мусора в ростове великом"
"Профессии / Вывоз мусора / Ростов Великий";"вакансия вывоз мусора в ростове великом"
"Профессии / Вывоз мусора / Задачи";"газель мусора с погрузкой в ярославле"
"Профессии / Вывоз мусора / Задачи";"газель мусора с погрузкой цена"
"Профессии / Вывоз мусора / Задачи";"сколько стоит газель мусора с погрузкой"
"Профессии / Вывоз мусора / Задачи";"вывоз старой мебели в ярославле"
"Профессии / Вывоз мусора / Задачи";"вывоз старой мебели цена"
"Профессии / Вывоз мусора / Задачи";"сколько стоит вывоз старой мебели"
"Профессии / Вывоз мусора / Задачи";"мешок строительного мусора в ярославле"
"Профессии / Вывоз мусора / Задачи";"мешок строительного мусора цена"
"Профессии / Вывоз мусора / Задачи";"сколько стоит мешок строительного мусора"
"Профессии / Вывоз мусора / Задачи";"контейнер 8 м³ в ярославле"
"Профессии / Вывоз мусора / Задачи";"контейнер 8 м³ цена"
"Профессии / Вывоз мусора / Задачи";"сколько стоит контейнер 8 м³"
"Профессии / Курьер / Ярославль";"курьер в ярославле"
"Профессии / Курьер / Ярославль";"курьер ярославль"
"Профессии / Курьер / Ярославль";"доставка в ярославле"
"Профессии / Курьер / Ярославль";"доставка ярославль"
"Профессии / Курьер / Ярославль";"курьерская доставка в ярославле"
"Профессии / Курьер / Ярославль";"курьерская доставка ярославль"
"Профессии / Курьер / Ярославль";"пеший курьер в ярославле"
"Профессии / Курьер / Ярославль";"пеший курьер ярославль"
"Профессии / Курьер / Ярославль";"курьер на авто в ярославле"
"Профессии / Курьер / Ярославль";"курьер на авто ярославль"
"Профессии / Курьер / Ярославль";"курьер в ярославле недорого"
"Профессии / Курьер / Ярославль";"курьер в ярославле цены"
"Профессии / Курьер / Ярославль";"курьер в ярославле на дом"
"Профессии / Курьер / Ярославль";"вызвать курьера в ярославле"
"Профессии / Курьер / Ярославль";"нанять курьера в ярославле"
"Профессии / Курьер / Ярославль";"найти курьера в ярославле"
"Профессии / Курьер / Ярославль";"услуги курьера в ярославле"
"Профессии / Курьер / Ярославль";"курьер частник в ярославле"
"Профессии / Курьер / Ярославль";"курьер без посредников в ярославле"
"Профессии / Курьер / Ярославль";"работа курьер в ярославле"
"Профессии / Курьер / Ярославль";"подработка курьер в ярославле"
"Профессии / Курьер / Ярославль";"требуется курьер в ярославле"
"Профессии / Курьер / Ярославль";"вакансия курьер в ярославле"
"Профессии / Курьер / Рыбинск";"курьер в рыбинске"
"Профессии / Курьер / Рыбинск";"курьер рыбинск"
"Профессии / Курьер / Рыбинск";"доставка в рыбинске"
"Профессии / Курьер / Рыбинск";"доставка рыбинск"
"Профессии / Курьер / Рыбинск";"курьерская доставка в рыбинске"
"Профессии / Курьер / Рыбинск";"курьерская доставка рыбинск"
"Профессии / Курьер / Рыбинск";"пеший курьер в рыбинске"
"Профессии / Курьер / Рыбинск";"пеший курьер рыбинск"
"Профессии / Курьер / Рыбинск";"курьер на авто в рыбинске"
"Профессии / Курьер / Рыбинск";"курьер на авто рыбинск"
"Профессии / Курьер / Рыбинск";"курьер в рыбинске недорого"
"Профессии / Курьер / Рыбинск";"курьер в рыбинске цены"
"Профессии / Курьер / Рыбинск";"курьер в рыбинске на дом"
"Профессии / Курьер / Рыбинск";"вызвать курьера в рыбинске"
"Профессии / Курьер / Рыбинск";"нанять курьера в рыбинске"
"Профессии / Курьер / Рыбинск";"найти курьера в рыбинске"
"Профессии / Курьер / Рыбинск";"услуги курьера в рыбинске"
"Профессии / Курьер / Рыбинск";"курьер частник в рыбинске"
"Профессии / Курьер / Рыбинск";"курьер без посредников в рыбинске"
"Профессии / Курьер / Рыбинск";"работа курьер в рыбинске"
"Профессии / Курьер / Рыбинск";"подработка курьер в рыбинске"
"Профессии / Курьер / Рыбинск";"требуется курьер в рыбинске"
"Профессии / Курьер / Рыбинск";"вакансия курьер в рыбинске"
"Профессии / Курьер / Тутаев";"курьер в тутаеве"
"Профессии / Курьер / Тутаев";"курьер тутаев"
"Профессии / Курьер / Тутаев";"доставка в тутаеве"
"Профессии / Курьер / Тутаев";"доставка тутаев"
"Профессии / Курьер / Тутаев";"курьерская доставка в тутаеве"
"Профессии / Курьер / Тутаев";"курьерская доставка тутаев"
"Профессии / Курьер / Тутаев";"пеший курьер в тутаеве"
"Профессии / Курьер / Тутаев";"пеший курьер тутаев"
"Профессии / Курьер / Тутаев";"курьер на авто в тутаеве"
"Профессии / Курьер / Тутаев";"курьер на авто тутаев"
"Профессии / Курьер / Тутаев";"курьер в тутаеве недорого"
"Профессии / Курьер / Тутаев";"курьер в тутаеве цены"
"Профессии / Курьер / Тутаев";"курьер в тутаеве на дом"
"Профессии / Курьер / Тутаев";"вызвать курьера в тутаеве"
"Профессии / Курьер / Тутаев";"нанять курьера в тутаеве"
"Профессии / Курьер / Тутаев";"найти курьера в тутаеве"
"Профессии / Курьер / Тутаев";"услуги курьера в тутаеве"
"Профессии / Курьер / Тутаев";"курьер частник в тутаеве"
"Профессии / Курьер / Тутаев";"курьер без посредников в тутаеве"
"Профессии / Курьер / Тутаев";"работа курьер в тутаеве"
"Профессии / Курьер / Тутаев";"подработка курьер в тутаеве"
"Профессии / Курьер / Тутаев";"требуется курьер в тутаеве"
"Профессии / Курьер / Тутаев";"вакансия курьер в тутаеве"
"Профессии / Курьер / Переславль-Залесский";"курьер в переславле-залесском"
"Профессии / Курьер / Переславль-Залесский";"курьер переславль-залесский"
"Профессии / Курьер / Переславль-Залесский";"доставка в переславле-залесском"
"Профессии / Курьер / Переславль-Залесский";"доставка переславль-залесский"
"Профессии / Курьер / Переславль-Залесский";"курьерская доставка в переславле-залесском"
"Профессии / Курьер / Переславль-Залесский";"курьерская доставка переславль-залесский"
"Профессии / Курьер / Переславль-Залесский";"пеший курьер в переславле-залесском"
"Профессии / Курьер / Переславль-Залесский";"пеший курьер переславль-залесский"
"Профессии / Курьер / Переславль-Залесский";"курьер на авто в переславле-залесском"
"Профессии / Курьер / Переславль-Залесский";"курьер на авто переславль-залесский"
"Профессии / Курьер / Переславль-Залесский";"курьер в переславле-залесском недорого"
"Профессии / Курьер / Переславль-Залесский";"курьер в переславле-залесском цены"
"Профессии / Курьер / Переславль-Залесский";"курьер в переславле-залесском на дом"
"Профессии / Курьер / Переславль-Залесский";"вызвать курьера в переславле-залесском"
"Профессии / Курьер / Переславль-Залесский";"нанять курьера в переславле-залесском"
"Профессии / Курьер / Переславль-Залесский";"найти курьера в переславле-залесском"
"Профессии / Курьер / Переславль-Залесский";"услуги курьера в переславле-залесском"
"Профессии / Курьер / Переславль-Залесский";"курьер частник в переславле-залесском"
"Профессии / Курьер / Переславль-Залесский";"курьер без посредников в переславле-залесском"
"Профессии / Курьер / Переславль-Залесский";"работа курьер в переславле-залесском"
"Профессии / Курьер / Переславль-Залесский";"подработка курьер в переславле-залесском"
"Профессии / Курьер / Переславль-Залесский";"требуется курьер в переславле-залесском"
"Профессии / Курьер / Переславль-Залесский";"вакансия курьер в переславле-залесском"
"Профессии / Курьер / Углич";"курьер в угличе"
"Профессии / Курьер / Углич";"курьер углич"
"Профессии / Курьер / Углич";"доставка в угличе"
"Профессии / Курьер / Углич";"доставка углич"
"Профессии / Курьер / Углич";"курьерская доставка в угличе"
"Профессии / Курьер / Углич";"курьерская доставка углич"
"Профессии / Курьер / Углич";"пеший курьер в угличе"
"Профессии / Курьер / Углич";"пеший курьер углич"
"Профессии / Курьер / Углич";"курьер на авто в угличе"
"Профессии / Курьер / Углич";"курьер на авто углич"
"Профессии / Курьер / Углич";"курьер в угличе недорого"
"Профессии / Курьер / Углич";"курьер в угличе цены"
"Профессии / Курьер / Углич";"курьер в угличе на дом"
"Профессии / Курьер / Углич";"вызвать курьера в угличе"
"Профессии / Курьер / Углич";"нанять курьера в угличе"
"Профессии / Курьер / Углич";"найти курьера в угличе"
"Профессии / Курьер / Углич";"услуги курьера в угличе"
"Профессии / Курьер / Углич";"курьер частник в угличе"
"Профессии / Курьер / Углич";"курьер без посредников в угличе"
"Профессии / Курьер / Углич";"работа курьер в угличе"
"Профессии / Курьер / Углич";"подработка курьер в угличе"
"Профессии / Курьер / Углич";"требуется курьер в угличе"
"Профессии / Курьер / Углич";"вакансия курьер в угличе"
"Профессии / Курьер / Ростов Великий";"курьер в ростове великом"
"Профессии / Курьер / Ростов Великий";"курьер ростов великий"
"Профессии / Курьер / Ростов Великий";"доставка в ростове великом"
"Профессии / Курьер / Ростов Великий";"доставка ростов великий"
"Профессии / Курьер / Ростов Великий";"курьерская доставка в ростове великом"
"Профессии / Курьер / Ростов Великий";"курьерская доставка ростов великий"
"Профессии / Курьер / Ростов Великий";"пеший курьер в ростове великом"
"Профессии / Курьер / Ростов Великий";"пеший курьер ростов великий"
"Профессии / Курьер / Ростов Великий";"курьер на авто в ростове великом"
"Профессии / Курьер / Ростов Великий";"курьер на авто ростов великий"
"Профессии / Курьер / Ростов Великий";"курьер в ростове великом недорого"
"Профессии / Курьер / Ростов Великий";"курьер в ростове великом цены"
"Профессии / Курьер / Ростов Великий";"курьер в ростове великом на дом"
"Профессии / Курьер / Ростов Великий";"вызвать курьера в ростове великом"
"Профессии / Курьер / Ростов Великий";"нанять курьера в ростове великом"
"Профессии / Курьер / Ростов Великий";"найти курьера в ростове великом"
"Профессии / Курьер / Ростов Великий";"услуги курьера в ростове великом"
"Профессии / Курьер / Ростов Великий";"курьер частник в ростове великом"
"Профессии / Курьер / Ростов Великий";"курьер без посредников в ростове великом"
"Профессии / Курьер / Ростов Великий";"работа курьер в ростове великом"
"Профессии / Курьер / Ростов Великий";"подработка курьер в ростове великом"
"Профессии / Курьер / Ростов Великий";"требуется курьер в ростове великом"
"Профессии / Курьер / Ростов Великий";"вакансия курьер в ростове великом"
"Профессии / Курьер / Задачи";"доставка по городу в ярославле"
"Профессии / Курьер / Задачи";"доставка по городу цена"
"Профессии / Курьер / Задачи";"сколько стоит доставка по городу"
"Профессии / Курьер / Задачи";"срочная доставка в ярославле"
"Профессии / Курьер / Задачи";"срочная доставка цена"
"Профессии / Курьер / Задачи";"сколько стоит срочная доставка"
"Профессии / Курьер / Задачи";"забрать и передать документы в ярославле"
"Профессии / Курьер / Задачи";"забрать и передать документы цена"
"Профессии / Курьер / Задачи";"сколько стоит забрать и передать документы"
"Профессии / Курьер / Задачи";"несколько адресов"
"Профессии / Курьер / Задачи";"сколько стоит несколько адресов"
"Профессии / Автомастер / Ярославль";"автомастер в ярославле"
"Профессии / Автомастер / Ярославль";"автомастер ярославль"
"Профессии / Автомастер / Ярославль";"автомастер в ярославле недорого"
"Профессии / Автомастер / Ярославль";"автомастер в ярославле цены"
"Профессии / Автомастер / Ярославль";"автомастер в ярославле на дом"
"Профессии / Автомастер / Ярославль";"вызвать автомастера в ярославле"
"Профессии / Автомастер / Ярославль";"нанять автомастера в ярославле"
"Профессии / Автомастер / Ярославль";"найти автомастера в ярославле"
"Профессии / Автомастер / Ярославль";"услуги автомастера в ярославле"
"Профессии / Автомастер / Ярославль";"автомастер частник в ярославле"
"Профессии / Автомастер / Ярославль";"автомастер без посредников в ярославле"
"Профессии / Автомастер / Ярославль";"работа автомастер в ярославле"
"Профессии / Автомастер / Ярославль";"подработка автомастер в ярославле"
"Профессии / Автомастер / Ярославль";"требуется автомастер в ярославле"
"Профессии / Автомастер / Ярославль";"вакансия автомастер в ярославле"
"Профессии / Автомастер / Рыбинск";"автомастер в рыбинске"
"Профессии / Автомастер / Рыбинск";"автомастер рыбинск"
"Профессии / Автомастер / Рыбинск";"автомастер в рыбинске недорого"
"Профессии / Автомастер / Рыбинск";"автомастер в рыбинске цены"
"Профессии / Автомастер / Рыбинск";"автомастер в рыбинске на дом"
"Профессии / Автомастер / Рыбинск";"вызвать автомастера в рыбинске"
"Профессии / Автомастер / Рыбинск";"нанять автомастера в рыбинске"
"Профессии / Автомастер / Рыбинск";"найти автомастера в рыбинске"
"Профессии / Автомастер / Рыбинск";"услуги автомастера в рыбинске"
"Профессии / Автомастер / Рыбинск";"автомастер частник в рыбинске"
"Профессии / Автомастер / Рыбинск";"автомастер без посредников в рыбинске"
"Профессии / Автомастер / Рыбинск";"работа автомастер в рыбинске"
"Профессии / Автомастер / Рыбинск";"подработка автомастер в рыбинске"
"Профессии / Автомастер / Рыбинск";"требуется автомастер в рыбинске"
"Профессии / Автомастер / Рыбинск";"вакансия автомастер в рыбинске"
"Профессии / Автомастер / Тутаев";"автомастер в тутаеве"
"Профессии / Автомастер / Тутаев";"автомастер тутаев"
"Профессии / Автомастер / Тутаев";"автомастер в тутаеве недорого"
"Профессии / Автомастер / Тутаев";"автомастер в тутаеве цены"
"Профессии / Автомастер / Тутаев";"автомастер в тутаеве на дом"
"Профессии / Автомастер / Тутаев";"вызвать автомастера в тутаеве"
"Профессии / Автомастер / Тутаев";"нанять автомастера в тутаеве"
"Профессии / Автомастер / Тутаев";"найти автомастера в тутаеве"
"Профессии / Автомастер / Тутаев";"услуги автомастера в тутаеве"
"Профессии / Автомастер / Тутаев";"автомастер частник в тутаеве"
"Профессии / Автомастер / Тутаев";"автомастер без посредников в тутаеве"
"Профессии / Автомастер / Тутаев";"работа автомастер в тутаеве"
"Профессии / Автомастер / Тутаев";"подработка автомастер в тутаеве"
"Профессии / Автомастер / Тутаев";"требуется автомастер в тутаеве"
"Профессии / Автомастер / Тутаев";"вакансия автомастер в тутаеве"
"Профессии / Автомастер / Переславль-Залесский";"автомастер в переславле-залесском"
"Профессии / Автомастер / Переславль-Залесский";"автомастер переславль-залесский"
"Профессии / Автомастер / Переславль-Залесский";"автомастер в переславле-залесском недорого"
"Профессии / Автомастер / Переславль-Залесский";"автомастер в переславле-залесском цены"
"Профессии / Автомастер / Переславль-Залесский";"автомастер в переславле-залесском на дом"
"Профессии / Автомастер / Переславль-Залесский";"вызвать автомастера в переславле-залесском"
"Профессии / Автомастер / Переславль-Залесский";"нанять автомастера в переславле-залесском"
"Профессии / Автомастер / Переславль-Залесский";"найти автомастера в переславле-залесском"
"Профессии / Автомастер / Переславль-Залесский";"услуги автомастера в переславле-залесском"
"Профессии / Автомастер / Переславль-Залесский";"автомастер частник в переславле-залесском"
"Профессии / Автомастер / Переславль-Залесский";"автомастер без посредников в переславле-залесском"
"Профессии / Автомастер / Переславль-Залесский";"работа автомастер в переславле-залесском"
"Профессии / Автомастер / Переславль-Залесский";"подработка автомастер в переславле-залесском"
"Профессии / Автомастер / Переславль-Залесский";"требуется автомастер в переславле-залесском"
"Профессии / Автомастер / Переславль-Залесский";"вакансия автомастер в переславле-залесском"
"Профессии / Автомастер / Углич";"автомастер в угличе"
"Профессии / Автомастер / Углич";"автомастер углич"
"Профессии / Автомастер / Углич";"автомастер в угличе недорого"
"Профессии / Автомастер / Углич";"автомастер в угличе цены"
"Профессии / Автомастер / Углич";"автомастер в угличе на дом"
"Профессии / Автомастер / Углич";"вызвать автомастера в угличе"
"Профессии / Автомастер / Углич";"нанять автомастера в угличе"
"Профессии / Автомастер / Углич";"найти автомастера в угличе"
"Профессии / Автомастер / Углич";"услуги автомастера в угличе"
"Профессии / Автомастер / Углич";"автомастер частник в угличе"
"Профессии / Автомастер / Углич";"автомастер без посредников в угличе"
"Профессии / Автомастер / Углич";"работа автомастер в угличе"
"Профессии / Автомастер / Углич";"подработка автомастер в угличе"
"Профессии / Автомастер / Углич";"требуется автомастер в угличе"
"Профессии / Автомастер / Углич";"вакансия автомастер в угличе"
"Профессии / Автомастер / Ростов Великий";"автомастер в ростове великом"
"Профессии / Автомастер / Ростов Великий";"автомастер ростов великий"
"Профессии / Автомастер / Ростов Великий";"автомастер в ростове великом недорого"
"Профессии / Автомастер / Ростов Великий";"автомастер в ростове великом цены"
"Профессии / Автомастер / Ростов Великий";"автомастер в ростове великом на дом"
"Профессии / Автомастер / Ростов Великий";"вызвать автомастера в ростове великом"
"Профессии / Автомастер / Ростов Великий";"нанять автомастера в ростове великом"
"Профессии / Автомастер / Ростов Великий";"найти автомастера в ростове великом"
"Профессии / Автомастер / Ростов Великий";"услуги автомастера в ростове великом"
"Профессии / Автомастер / Ростов Великий";"автомастер частник в ростове великом"
"Профессии / Автомастер / Ростов Великий";"автомастер без посредников в ростове великом"
"Профессии / Автомастер / Ростов Великий";"работа автомастер в ростове великом"
"Профессии / Автомастер / Ростов Великий";"подработка автомастер в ростове великом"
"Профессии / Автомастер / Ростов Великий";"требуется автомастер в ростове великом"
"Профессии / Автомастер / Ростов Великий";"вакансия автомастер в ростове великом"
"Профессии / Автомастер / Задачи";"замена масла в ярославле"
"Профессии / Автомастер / Задачи";"замена масла цена"
"Профессии / Автомастер / Задачи";"сколько стоит замена масла"
"Профессии / Автомастер / Задачи";"шиномонтаж"
"Профессии / Автомастер / Задачи";"сколько стоит шиномонтаж"
"Профессии / Автомастер / Задачи";"выездная диагностика в ярославле"
"Профессии / Автомастер / Задачи";"выездная диагностика цена"
"Профессии / Автомастер / Задачи";"сколько стоит выездная диагностика"
"Профессии / Автомастер / Задачи";"прикурить или запуск двигателя в ярославле"
"Профессии / Автомастер / Задачи";"прикурить или запуск двигателя цена"
"Профессии / Автомастер / Задачи";"сколько стоит прикурить или запуск двигателя"
"Профессии / Разнорабочий / Ярославль";"разнорабочий в ярославле"
"Профессии / Разнорабочий / Ярославль";"разнорабочий ярославль"
"Профессии / Разнорабочий / Ярославль";"подсобный рабочий в ярославле"
"Профессии / Разнорабочий / Ярославль";"подсобный рабочий ярославль"
"Профессии / Разнорабочий / Ярославль";"рабочий на день в ярославле"
"Профессии / Разнорабочий / Ярославль";"рабочий на день ярославль"
"Профессии / Разнорабочий / Ярославль";"временный рабочий в ярославле"
"Профессии / Разнорабочий / Ярославль";"временный рабочий ярославль"
"Профессии / Разнорабочий / Ярославль";"рабочие руки в ярославле"
"Профессии / Разнорабочий / Ярославль";"рабочие руки ярославль"
"Профессии / Разнорабочий / Ярославль";"разнорабочий в ярославле недорого"
"Профессии / Разнорабочий / Ярославль";"разнорабочий в ярославле цены"
"Профессии / Разнорабочий / Ярославль";"разнорабочий в ярославле на дом"
"Профессии / Разнорабочий / Ярославль";"вызвать разнорабочего в ярославле"
"Профессии / Разнорабочий / Ярославль";"нанять разнорабочего в ярославле"
"Профессии / Разнорабочий / Ярославль";"найти разнорабочего в ярославле"
"Профессии / Разнорабочий / Ярославль";"услуги разнорабочего в ярославле"
"Профессии / Разнорабочий / Ярославль";"разнорабочий частник в ярославле"
"Профессии / Разнорабочий / Ярославль";"разнорабочий без посредников в ярославле"
"Профессии / Разнорабочий / Ярославль";"работа разнорабочий в ярославле"
"Профессии / Разнорабочий / Ярославль";"подработка разнорабочий в ярославле"
"Профессии / Разнорабочий / Ярославль";"требуется разнорабочий в ярославле"
"Профессии / Разнорабочий / Ярославль";"вакансия разнорабочий в ярославле"
"Профессии / Разнорабочий / Рыбинск";"разнорабочий в рыбинске"
"Профессии / Разнорабочий / Рыбинск";"разнорабочий рыбинск"
"Профессии / Разнорабочий / Рыбинск";"подсобный рабочий в рыбинске"
"Профессии / Разнорабочий / Рыбинск";"подсобный рабочий рыбинск"
"Профессии / Разнорабочий / Рыбинск";"рабочий на день в рыбинске"
"Профессии / Разнорабочий / Рыбинск";"рабочий на день рыбинск"
"Профессии / Разнорабочий / Рыбинск";"временный рабочий в рыбинске"
"Профессии / Разнорабочий / Рыбинск";"временный рабочий рыбинск"
"Профессии / Разнорабочий / Рыбинск";"рабочие руки в рыбинске"
"Профессии / Разнорабочий / Рыбинск";"рабочие руки рыбинск"
"Профессии / Разнорабочий / Рыбинск";"разнорабочий в рыбинске недорого"
"Профессии / Разнорабочий / Рыбинск";"разнорабочий в рыбинске цены"
"Профессии / Разнорабочий / Рыбинск";"разнорабочий в рыбинске на дом"
"Профессии / Разнорабочий / Рыбинск";"вызвать разнорабочего в рыбинске"
"Профессии / Разнорабочий / Рыбинск";"нанять разнорабочего в рыбинске"
"Профессии / Разнорабочий / Рыбинск";"найти разнорабочего в рыбинске"
"Профессии / Разнорабочий / Рыбинск";"услуги разнорабочего в рыбинске"
"Профессии / Разнорабочий / Рыбинск";"разнорабочий частник в рыбинске"
"Профессии / Разнорабочий / Рыбинск";"разнорабочий без посредников в рыбинске"
"Профессии / Разнорабочий / Рыбинск";"работа разнорабочий в рыбинске"
"Профессии / Разнорабочий / Рыбинск";"подработка разнорабочий в рыбинске"
"Профессии / Разнорабочий / Рыбинск";"требуется разнорабочий в рыбинске"
"Профессии / Разнорабочий / Рыбинск";"вакансия разнорабочий в рыбинске"
"Профессии / Разнорабочий / Тутаев";"разнорабочий в тутаеве"
"Профессии / Разнорабочий / Тутаев";"разнорабочий тутаев"
"Профессии / Разнорабочий / Тутаев";"подсобный рабочий в тутаеве"
"Профессии / Разнорабочий / Тутаев";"подсобный рабочий тутаев"
"Профессии / Разнорабочий / Тутаев";"рабочий на день в тутаеве"
"Профессии / Разнорабочий / Тутаев";"рабочий на день тутаев"
"Профессии / Разнорабочий / Тутаев";"временный рабочий в тутаеве"
"Профессии / Разнорабочий / Тутаев";"временный рабочий тутаев"
"Профессии / Разнорабочий / Тутаев";"рабочие руки в тутаеве"
"Профессии / Разнорабочий / Тутаев";"рабочие руки тутаев"
"Профессии / Разнорабочий / Тутаев";"разнорабочий в тутаеве недорого"
"Профессии / Разнорабочий / Тутаев";"разнорабочий в тутаеве цены"
"Профессии / Разнорабочий / Тутаев";"разнорабочий в тутаеве на дом"
"Профессии / Разнорабочий / Тутаев";"вызвать разнорабочего в тутаеве"
"Профессии / Разнорабочий / Тутаев";"нанять разнорабочего в тутаеве"
"Профессии / Разнорабочий / Тутаев";"найти разнорабочего в тутаеве"
"Профессии / Разнорабочий / Тутаев";"услуги разнорабочего в тутаеве"
"Профессии / Разнорабочий / Тутаев";"разнорабочий частник в тутаеве"
"Профессии / Разнорабочий / Тутаев";"разнорабочий без посредников в тутаеве"
"Профессии / Разнорабочий / Тутаев";"работа разнорабочий в тутаеве"
"Профессии / Разнорабочий / Тутаев";"подработка разнорабочий в тутаеве"
"Профессии / Разнорабочий / Тутаев";"требуется разнорабочий в тутаеве"
"Профессии / Разнорабочий / Тутаев";"вакансия разнорабочий в тутаеве"
"Профессии / Разнорабочий / Переславль-Залесский";"разнорабочий в переславле-залесском"
"Профессии / Разнорабочий / Переславль-Залесский";"разнорабочий переславль-залесский"
"Профессии / Разнорабочий / Переславль-Залесский";"подсобный рабочий в переславле-залесском"
"Профессии / Разнорабочий / Переславль-Залесский";"подсобный рабочий переславль-залесский"
"Профессии / Разнорабочий / Переславль-Залесский";"рабочий на день в переславле-залесском"
"Профессии / Разнорабочий / Переславль-Залесский";"рабочий на день переславль-залесский"
"Профессии / Разнорабочий / Переславль-Залесский";"временный рабочий в переславле-залесском"
"Профессии / Разнорабочий / Переславль-Залесский";"временный рабочий переславль-залесский"
"Профессии / Разнорабочий / Переславль-Залесский";"рабочие руки в переславле-залесском"
"Профессии / Разнорабочий / Переславль-Залесский";"рабочие руки переславль-залесский"
"Профессии / Разнорабочий / Переславль-Залесский";"разнорабочий в переславле-залесском недорого"
"Профессии / Разнорабочий / Переславль-Залесский";"разнорабочий в переславле-залесском цены"
"Профессии / Разнорабочий / Переславль-Залесский";"разнорабочий в переславле-залесском на дом"
"Профессии / Разнорабочий / Переславль-Залесский";"вызвать разнорабочего в переславле-залесском"
"Профессии / Разнорабочий / Переславль-Залесский";"нанять разнорабочего в переславле-залесском"
"Профессии / Разнорабочий / Переславль-Залесский";"найти разнорабочего в переславле-залесском"
"Профессии / Разнорабочий / Переславль-Залесский";"услуги разнорабочего в переславле-залесском"
"Профессии / Разнорабочий / Переславль-Залесский";"разнорабочий частник в переславле-залесском"
"Профессии / Разнорабочий / Переславль-Залесский";"разнорабочий без посредников в переславле-залесском"
"Профессии / Разнорабочий / Переславль-Залесский";"работа разнорабочий в переславле-залесском"
"Профессии / Разнорабочий / Переславль-Залесский";"подработка разнорабочий в переславле-залесском"
"Профессии / Разнорабочий / Переславль-Залесский";"требуется разнорабочий в переславле-залесском"
"Профессии / Разнорабочий / Переславль-Залесский";"вакансия разнорабочий в переславле-залесском"
"Профессии / Разнорабочий / Углич";"разнорабочий в угличе"
"Профессии / Разнорабочий / Углич";"разнорабочий углич"
"Профессии / Разнорабочий / Углич";"подсобный рабочий в угличе"
"Профессии / Разнорабочий / Углич";"подсобный рабочий углич"
"Профессии / Разнорабочий / Углич";"рабочий на день в угличе"
"Профессии / Разнорабочий / Углич";"рабочий на день углич"
"Профессии / Разнорабочий / Углич";"временный рабочий в угличе"
"Профессии / Разнорабочий / Углич";"временный рабочий углич"
"Профессии / Разнорабочий / Углич";"рабочие руки в угличе"
"Профессии / Разнорабочий / Углич";"рабочие руки углич"
"Профессии / Разнорабочий / Углич";"разнорабочий в угличе недорого"
"Профессии / Разнорабочий / Углич";"разнорабочий в угличе цены"
"Профессии / Разнорабочий / Углич";"разнорабочий в угличе на дом"
"Профессии / Разнорабочий / Углич";"вызвать разнорабочего в угличе"
"Профессии / Разнорабочий / Углич";"нанять разнорабочего в угличе"
"Профессии / Разнорабочий / Углич";"найти разнорабочего в угличе"
"Профессии / Разнорабочий / Углич";"услуги разнорабочего в угличе"
"Профессии / Разнорабочий / Углич";"разнорабочий частник в угличе"
"Профессии / Разнорабочий / Углич";"разнорабочий без посредников в угличе"
"Профессии / Разнорабочий / Углич";"работа разнорабочий в угличе"
"Профессии / Разнорабочий / Углич";"подработка разнорабочий в угличе"
"Профессии / Разнорабочий / Углич";"требуется разнорабочий в угличе"
"Профессии / Разнорабочий / Углич";"вакансия разнорабочий в угличе"
"Профессии / Разнорабочий / Ростов Великий";"разнорабочий в ростове великом"
"Профессии / Разнорабочий / Ростов Великий";"разнорабочий ростов великий"
"Профессии / Разнорабочий / Ростов Великий";"подсобный рабочий в ростове великом"
"Профессии / Разнорабочий / Ростов Великий";"подсобный рабочий ростов великий"
"Профессии / Разнорабочий / Ростов Великий";"рабочий на день в ростове великом"
"Профессии / Разнорабочий / Ростов Великий";"рабочий на день ростов великий"
"Профессии / Разнорабочий / Ростов Великий";"временный рабочий в ростове великом"
"Профессии / Разнорабочий / Ростов Великий";"временный рабочий ростов великий"
"Профессии / Разнорабочий / Ростов Великий";"рабочие руки в ростове великом"
"Профессии / Разнорабочий / Ростов Великий";"рабочие руки ростов великий"
"Профессии / Разнорабочий / Ростов Великий";"разнорабочий в ростове великом недорого"
"Профессии / Разнорабочий / Ростов Великий";"разнорабочий в ростове великом цены"
"Профессии / Разнорабочий / Ростов Великий";"разнорабочий в ростове великом на дом"
"Профессии / Разнорабочий / Ростов Великий";"вызвать разнорабочего в ростове великом"
"Профессии / Разнорабочий / Ростов Великий";"нанять разнорабочего в ростове великом"
"Профессии / Разнорабочий / Ростов Великий";"найти разнорабочего в ростове великом"
"Профессии / Разнорабочий / Ростов Великий";"услуги разнорабочего в ростове великом"
"Профессии / Разнорабочий / Ростов Великий";"разнорабочий частник в ростове великом"
"Профессии / Разнорабочий / Ростов Великий";"разнорабочий без посредников в ростове великом"
"Профессии / Разнорабочий / Ростов Великий";"работа разнорабочий в ростове великом"
"Профессии / Разнорабочий / Ростов Великий";"подработка разнорабочий в ростове великом"
"Профессии / Разнорабочий / Ростов Великий";"требуется разнорабочий в ростове великом"
"Профессии / Разнорабочий / Ростов Великий";"вакансия разнорабочий в ростове великом"
"Профессии / Разнорабочий / Задачи";"час работы в ярославле"
"Профессии / Разнорабочий / Задачи";"час работы цена"
"Профессии / Разнорабочий / Задачи";"сколько стоит час работы"
"Профессии / Разнорабочий / Задачи";"смена 8 часов в ярославле"
"Профессии / Разнорабочий / Задачи";"смена 8 часов цена"
"Профессии / Разнорабочий / Задачи";"сколько стоит смена 8 часов"
"Профессии / Разнорабочий / Задачи";"подсобные работы на стройке в ярославле"
"Профессии / Разнорабочий / Задачи";"подсобные работы на стройке цена"
"Профессии / Разнорабочий / Задачи";"сколько стоит подсобные работы на стройке"
"Профессии / Разнорабочий / Задачи";"уборка территории в ярославле"
"Профессии / Разнорабочий / Задачи";"уборка территории цена"
"Профессии / Разнорабочий / Задачи";"сколько стоит уборка территории"
"Районы / Кировский район";"подработка в кировском районе"
"Районы / Кировский район";"шабашка в кировском районе"
"Районы / Кировский район";"работа в кировском районе ярославль"
"Районы / Кировский район";"мастер в кировском районе"
"Районы / Кировский район";"вызвать мастера в кировском районе"
"Районы / Кировский район / Микрорайоны";"подработка центр ярославль"
"Районы / Кировский район / Микрорайоны";"мастер центр ярославль"
"Районы / Кировский район / Микрорайоны";"подработка центр"
"Районы / Кировский район / Микрорайоны";"подработка волжская набережная ярославль"
"Районы / Кировский район / Микрорайоны";"мастер волжская набережная ярославль"
"Районы / Кировский район / Микрорайоны";"подработка волжская набережная"
"Районы / Кировский район / Микрорайоны";"подработка стрелка ярославль"
"Районы / Кировский район / Микрорайоны";"мастер стрелка ярославль"
"Районы / Кировский район / Микрорайоны";"подработка стрелка"
"Районы / Кировский район / Микрорайоны";"подработка богоявленская площадь ярославль"
"Районы / Кировский район / Микрорайоны";"мастер богоявленская площадь ярославль"
"Районы / Кировский район / Микрорайоны";"подработка богоявленская площадь"
"Районы / Кировский район / Микрорайоны";"подработка улица кирова ярославль"
"Районы / Кировский район / Микрорайоны";"мастер улица кирова ярославль"
"Районы / Кировский район / Микрорайоны";"подработка улица кирова"
"Районы / Кировский район / Микрорайоны";"подработка красная площадь ярославль"
"Районы / Кировский район / Микрорайоны";"мастер красная площадь ярославль"
"Районы / Кировский район / Микрорайоны";"подработка красная площадь"
"Районы / Кировский район / Мастера";"муж на час в кировском районе"
"Районы / Кировский район / Мастера";"электрик в кировском районе"
"Районы / Кировский район / Мастера";"грузчик в кировском районе"
"Районы / Кировский район / Мастера";"уборка в кировском районе"
"Районы / Кировский район / Мастера";"сборка мебели в кировском районе"
"Районы / Ленинский район";"подработка в ленинском районе"
"Районы / Ленинский район";"шабашка в ленинском районе"
"Районы / Ленинский район";"работа в ленинском районе ярославль"
"Районы / Ленинский район";"мастер в ленинском районе"
"Районы / Ленинский район";"вызвать мастера в ленинском районе"
"Районы / Ленинский район / Микрорайоны";"подработка пятёрка ярославль"
"Районы / Ленинский район / Микрорайоны";"мастер пятёрка ярославль"
"Районы / Ленинский район / Микрорайоны";"подработка пятёрка"
"Районы / Ленинский район / Микрорайоны";"подработка красный перевал ярославль"
"Районы / Ленинский район / Микрорайоны";"мастер красный перевал ярославль"
"Районы / Ленинский район / Микрорайоны";"подработка красный перевал"
"Районы / Ленинский район / Микрорайоны";"подработка улица свободы ярославль"
"Районы / Ленинский район / Микрорайоны";"мастер улица свободы ярославль"
"Районы / Ленинский район / Микрорайоны";"подработка улица свободы"
"Районы / Ленинский район / Микрорайоны";"подработка московский проспект ярославль"
"Районы / Ленинский район / Микрорайоны";"мастер московский проспект ярославль"
"Районы / Ленинский район / Микрорайоны";"подработка московский проспект"
"Районы / Ленинский район / Микрорайоны";"подработка район вокзала ярославль"
"Районы / Ленинский район / Микрорайоны";"мастер район вокзала ярославль"
"Районы / Ленинский район / Микрорайоны";"подработка район вокзала"
"Районы / Ленинский район / Мастера";"грузчик в ленинском районе"
"Районы / Ленинский район / Мастера";"уборка в ленинском районе"
"Районы / Ленинский район / Мастера";"сборка мебели в ленинском районе"
"Районы / Ленинский район / Мастера";"муж на час в ленинском районе"
"Районы / Ленинский район / Мастера";"курьер в ленинском районе"
"Районы / Дзержинский район";"подработка в дзержинском районе"
"Районы / Дзержинский район";"шабашка в дзержинском районе"
"Районы / Дзержинский район";"работа в дзержинском районе ярославль"
"Районы / Дзержинский район";"мастер в дзержинском районе"
"Районы / Дзержинский район";"вызвать мастера в дзержинском районе"
"Районы / Дзержинский район / Микрорайоны";"подработка брагино ярославль"
"Районы / Дзержинский район / Микрорайоны";"мастер брагино ярославль"
"Районы / Дзержинский район / Микрорайоны";"подработка брагино"
"Районы / Дзержинский район / Микрорайоны";"подработка норское ярославль"
"Районы / Дзержинский район / Микрорайоны";"мастер норское ярославль"
"Районы / Дзержинский район / Микрорайоны";"подработка норское"
"Районы / Дзержинский район / Микрорайоны";"подработка пятовский ярославль"
"Районы / Дзержинский район / Микрорайоны";"мастер пятовский ярославль"
"Районы / Дзержинский район / Микрорайоны";"подработка пятовский"
"Районы / Дзержинский район / Микрорайоны";"подработка улица труфанова ярославль"
"Районы / Дзержинский район / Микрорайоны";"мастер улица труфанова ярославль"
"Районы / Дзержинский район / Микрорайоны";"подработка улица труфанова"
"Районы / Дзержинский район / Микрорайоны";"подработка ленинградский проспект ярославль"
"Районы / Дзержинский район / Микрорайоны";"мастер ленинградский проспект ярославль"
"Районы / Дзержинский район / Микрорайоны";"подработка ленинградский проспект"
"Районы / Дзержинский район / Мастера";"грузчик в дзержинском районе"
"Районы / Дзержинский район / Мастера";"сборка мебели в дзержинском районе"
"Районы / Дзержинский район / Мастера";"уборка в дзержинском районе"
"Районы / Дзержинский район / Мастера";"муж на час в дзержинском районе"
"Районы / Дзержинский район / Мастера";"сантехник в дзержинском районе"
"Районы / Заволжский район";"подработка в заволжском районе"
"Районы / Заволжский район";"шабашка в заволжском районе"
"Районы / Заволжский район";"работа в заволжском районе ярославль"
"Районы / Заволжский район";"мастер в заволжском районе"
"Районы / Заволжский район";"вызвать мастера в заволжском районе"
"Районы / Заволжский район / Микрорайоны";"подработка тверицы ярославль"
"Районы / Заволжский район / Микрорайоны";"мастер тверицы ярославль"
"Районы / Заволжский район / Микрорайоны";"подработка тверицы"
"Районы / Заволжский район / Микрорайоны";"подработка резинотехника ярославль"
"Районы / Заволжский район / Микрорайоны";"мастер резинотехника ярославль"
"Районы / Заволжский район / Микрорайоны";"подработка резинотехника"
"Районы / Заволжский район / Микрорайоны";"подработка липовая гора ярославль"
"Районы / Заволжский район / Микрорайоны";"мастер липовая гора ярославль"
"Районы / Заволжский район / Микрорайоны";"подработка липовая гора"
"Районы / Заволжский район / Микрорайоны";"подработка куйбышева ярославль"
"Районы / Заволжский район / Микрорайоны";"мастер куйбышева ярославль"
"Районы / Заволжский район / Микрорайоны";"подработка куйбышева"
"Районы / Заволжский район / Микрорайоны";"подработка урочь ярославль"
"Районы / Заволжский район / Микрорайоны";"мастер урочь ярославль"
"Районы / Заволжский район / Микрорайоны";"подработка урочь"
"Районы / Заволжский район / Мастера";"садовые работы в заволжском районе"
"Районы / Заволжский район / Мастера";"муж на час в заволжском районе"
"Районы / Заволжский район / Мастера";"разнорабочий в заволжском районе"
"Районы / Заволжский район / Мастера";"заборы и ограждения в заволжском районе"
"Районы / Заволжский район / Мастера";"сварщик в заволжском районе"
"Районы / Красноперекопский район";"подработка в красноперекопском районе"
"Районы / Красноперекопский район";"шабашка в красноперекопском районе"
"Районы / Красноперекопский район";"работа в красноперекопском районе ярославль"
"Районы / Красноперекопский район";"мастер в красноперекопском районе"
"Районы / Красноперекопский район";"вызвать мастера в красноперекопском районе"
"Районы / Красноперекопский район / Микрорайоны";"подработка красный перекоп ярославль"
"Районы / Красноперекопский район / Микрорайоны";"мастер красный перекоп ярославль"
"Районы / Красноперекопский район / Микрорайоны";"подработка красный перекоп"
"Районы / Красноперекопский район / Микрорайоны";"подработка суздалка ярославль"
"Районы / Красноперекопский район / Микрорайоны";"мастер суздалка ярославль"
"Районы / Красноперекопский район / Микрорайоны";"подработка суздалка"
"Районы / Красноперекопский район / Микрорайоны";"подработка нефтестрой ярославль"
"Районы / Красноперекопский район / Микрорайоны";"мастер нефтестрой ярославль"
"Районы / Красноперекопский район / Микрорайоны";"подработка нефтестрой"
"Районы / Красноперекопский район / Микрорайоны";"подработка тормозное шоссе ярославль"
"Районы / Красноперекопский район / Микрорайоны";"мастер тормозное шоссе ярославль"
"Районы / Красноперекопский район / Микрорайоны";"подработка тормозное шоссе"
"Районы / Красноперекопский район / Микрорайоны";"подработка дядьково ярославль"
"Районы / Красноперекопский район / Микрорайоны";"мастер дядьково ярославль"
"Районы / Красноперекопский район / Микрорайоны";"подработка дядьково"
"Районы / Красноперекопский район / Мастера";"сантехник в красноперекопском районе"
"Районы / Красноперекопский район / Мастера";"электрик в красноперекопском районе"
"Районы / Красноперекопский район / Мастера";"муж на час в красноперекопском районе"
"Районы / Красноперекопский район / Мастера";"установка окон в красноперекопском районе"
"Районы / Красноперекопский район / Мастера";"установка дверей в красноперекопском районе"
"Районы / Фрунзенский район";"подработка в фрунзенском районе"
"Районы / Фрунзенский район";"шабашка в фрунзенском районе"
"Районы / Фрунзенский район";"работа в фрунзенском районе ярославль"
"Районы / Фрунзенский район";"мастер в фрунзенском районе"
"Районы / Фрунзенский район";"вызвать мастера в фрунзенском районе"
"Районы / Фрунзенский район / Микрорайоны";"подработка суздальское шоссе ярославль"
"Районы / Фрунзенский район / Микрорайоны";"мастер суздальское шоссе ярославль"
"Районы / Фрунзенский район / Микрорайоны";"подработка суздальское шоссе"
"Районы / Фрунзенский район / Микрорайоны";"подработка сокол ярославль"
"Районы / Фрунзенский район / Микрорайоны";"мастер сокол ярославль"
"Районы / Фрунзенский район / Микрорайоны";"подработка сокол"
"Районы / Фрунзенский район / Микрорайоны";"подработка пашуково ярославль"
"Районы / Фрунзенский район / Микрорайоны";"мастер пашуково ярославль"
"Районы / Фрунзенский район / Микрорайоны";"подработка пашуково"
"Районы / Фрунзенский район / Микрорайоны";"подработка 2-я портовая ярославль"
"Районы / Фрунзенский район / Микрорайоны";"мастер 2-я портовая ярославль"
"Районы / Фрунзенский район / Микрорайоны";"подработка 2-я портовая"
"Районы / Фрунзенский район / Мастера";"сборка мебели в фрунзенском районе"
"Районы / Фрунзенский район / Мастера";"муж на час в фрунзенском районе"
"Районы / Фрунзенский район / Мастера";"уборка в фрунзенском районе"
"Районы / Фрунзенский район / Мастера";"грузчик в фрунзенском районе"
"Районы / Фрунзенский район / Мастера";"электрик в фрунзенском районе"
"Бренд";"доделай"
"Бренд";"доделай ру"
"Бренд";"dodelay"
"Бренд";"dodelay ru"
"Бренд";"доделай ярославль"
"Бренд";"доделай сайт"
"Бренд";"доделай подработка"
"Бренд";"сайт доделай ру"
"Общие / Регион";"сервис подработки ярославская область"
"Общие / Регион";"подработка ярославская область"
"Общие / Регион";"шабашка ярославская область"
"Общие / Регион";"найти работу на день ярославль"
"Общие / Регион";"сайт для поиска подработки"
"Общие / Регион";"приложение для подработки"
"Общие / Регион";"подработка без оформления"
"Общие / Регион";"подработка за наличные"