Запрос;Целевая страница
"подработка в ярославле";"https://dodelay.ru/podrabotka/yaroslavl"
"подработка ярославль";"https://dodelay.ru/podrabotka/yaroslavl"
"шабашка в ярославле";"https://dodelay.ru/podrabotka/yaroslavl"
"шабашка ярославль";"https://dodelay.ru/podrabotka/yaroslavl"
"разовая работа в ярославле";"https://dodelay.ru/podrabotka/yaroslavl"
"разовая работа ярославль";"https://dodelay.ru/podrabotka/yaroslavl"
"халтура в ярославле";"https://dodelay.ru/podrabotka/yaroslavl"
"халтура ярославль";"https://dodelay.ru/podrabotka/yaroslavl"
"работа на день в ярославле";"https://dodelay.ru/podrabotka/yaroslavl"
"работа на день ярославль";"https://dodelay.ru/podrabotka/yaroslavl"
"подработка с ежедневной оплатой в ярославле";"https://dodelay.ru/podrabotka/yaroslavl"
"подработка с ежедневной оплатой ярославль";"https://dodelay.ru/podrabotka/yaroslavl"
"вакансии подработка в ярославле";"https://dodelay.ru/podrabotka/yaroslavl"
"вакансии подработка ярославль";"https://dodelay.ru/podrabotka/yaroslavl"
"найти подработку в ярославле";"https://dodelay.ru/podrabotka/yaroslavl"
"найти подработку ярославль";"https://dodelay.ru/podrabotka/yaroslavl"
"подработка для мужчин в ярославле";"https://dodelay.ru/podrabotka/yaroslavl"
"подработка для мужчин ярославль";"https://dodelay.ru/podrabotka/yaroslavl"
"подработка для женщин в ярославле";"https://dodelay.ru/podrabotka/yaroslavl"
"подработка для женщин ярославль";"https://dodelay.ru/podrabotka/yaroslavl"
"подработка для студентов в ярославле";"https://dodelay.ru/podrabotka/yaroslavl"
"подработка для студентов ярославль";"https://dodelay.ru/podrabotka/yaroslavl"
"подработка вечером в ярославле";"https://dodelay.ru/podrabotka/yaroslavl"
"подработка вечером ярославль";"https://dodelay.ru/podrabotka/yaroslavl"
"подработка на выходные в ярославле";"https://dodelay.ru/podrabotka/yaroslavl"
"подработка на выходные ярославль";"https://dodelay.ru/podrabotka/yaroslavl"
"работа без опыта в ярославле";"https://dodelay.ru/podrabotka/yaroslavl"
"работа без опыта ярославль";"https://dodelay.ru/podrabotka/yaroslavl"
"подработка на час в ярославле";"https://dodelay.ru/podrabotka/yaroslavl"
"подработка на час ярославль";"https://dodelay.ru/podrabotka/yaroslavl"
"доска объявлений работа в ярославле";"https://dodelay.ru/podrabotka/yaroslavl"
"объявления подработка в ярославле";"https://dodelay.ru/podrabotka/yaroslavl"
"биржа услуг в ярославле";"https://dodelay.ru/podrabotka/yaroslavl"
"найти мастера в ярославле";"https://dodelay.ru/podrabotka/yaroslavl"
"частные мастера в ярославле";"https://dodelay.ru/podrabotka/yaroslavl"
"услуги частных мастеров в ярославле";"https://dodelay.ru/podrabotka/yaroslavl"
"подработка в рыбинске";"https://dodelay.ru/podrabotka/rybinsk"
"подработка рыбинск";"https://dodelay.ru/podrabotka/rybinsk"
"шабашка в рыбинске";"https://dodelay.ru/podrabotka/rybinsk"
"шабашка рыбинск";"https://dodelay.ru/podrabotka/rybinsk"
"разовая работа в рыбинске";"https://dodelay.ru/podrabotka/rybinsk"
"разовая работа рыбинск";"https://dodelay.ru/podrabotka/rybinsk"
"халтура в рыбинске";"https://dodelay.ru/podrabotka/rybinsk"
"халтура рыбинск";"https://dodelay.ru/podrabotka/rybinsk"
"работа на день в рыбинске";"https://dodelay.ru/podrabotka/rybinsk"
"работа на день рыбинск";"https://dodelay.ru/podrabotka/rybinsk"
"подработка с ежедневной оплатой в рыбинске";"https://dodelay.ru/podrabotka/rybinsk"
"подработка с ежедневной оплатой рыбинск";"https://dodelay.ru/podrabotka/rybinsk"
"вакансии подработка в рыбинске";"https://dodelay.ru/podrabotka/rybinsk"
"вакансии подработка рыбинск";"https://dodelay.ru/podrabotka/rybinsk"
"найти подработку в рыбинске";"https://dodelay.ru/podrabotka/rybinsk"
"найти подработку рыбинск";"https://dodelay.ru/podrabotka/rybinsk"
"подработка для мужчин в рыбинске";"https://dodelay.ru/podrabotka/rybinsk"
"подработка для мужчин рыбинск";"https://dodelay.ru/podrabotka/rybinsk"
"подработка для женщин в рыбинске";"https://dodelay.ru/podrabotka/rybinsk"
"подработка для женщин рыбинск";"https://dodelay.ru/podrabotka/rybinsk"
"подработка для студентов в рыбинске";"https://dodelay.ru/podrabotka/rybinsk"
"подработка для студентов рыбинск";"https://dodelay.ru/podrabotka/rybinsk"
"подработка вечером в рыбинске";"https://dodelay.ru/podrabotka/rybinsk"
"подработка вечером рыбинск";"https://dodelay.ru/podrabotka/rybinsk"
"подработка на выходные в рыбинске";"https://dodelay.ru/podrabotka/rybinsk"
"подработка на выходные рыбинск";"https://dodelay.ru/podrabotka/rybinsk"
"работа без опыта в рыбинске";"https://dodelay.ru/podrabotka/rybinsk"
"работа без опыта рыбинск";"https://dodelay.ru/podrabotka/rybinsk"
"подработка на час в рыбинске";"https://dodelay.ru/podrabotka/rybinsk"
"подработка на час рыбинск";"https://dodelay.ru/podrabotka/rybinsk"
"доска объявлений работа в рыбинске";"https://dodelay.ru/podrabotka/rybinsk"
"объявления подработка в рыбинске";"https://dodelay.ru/podrabotka/rybinsk"
"биржа услуг в рыбинске";"https://dodelay.ru/podrabotka/rybinsk"
"найти мастера в рыбинске";"https://dodelay.ru/podrabotka/rybinsk"
"частные мастера в рыбинске";"https://dodelay.ru/podrabotka/rybinsk"
"услуги частных мастеров в рыбинске";"https://dodelay.ru/podrabotka/rybinsk"
"подработка в тутаеве";"https://dodelay.ru/podrabotka/tutaev"
"подработка тутаев";"https://dodelay.ru/podrabotka/tutaev"
"шабашка в тутаеве";"https://dodelay.ru/podrabotka/tutaev"
"шабашка тутаев";"https://dodelay.ru/podrabotka/tutaev"
"разовая работа в тутаеве";"https://dodelay.ru/podrabotka/tutaev"
"разовая работа тутаев";"https://dodelay.ru/podrabotka/tutaev"
"халтура в тутаеве";"https://dodelay.ru/podrabotka/tutaev"
"халтура тутаев";"https://dodelay.ru/podrabotka/tutaev"
"работа на день в тутаеве";"https://dodelay.ru/podrabotka/tutaev"
"работа на день тутаев";"https://dodelay.ru/podrabotka/tutaev"
"подработка с ежедневной оплатой в тутаеве";"https://dodelay.ru/podrabotka/tutaev"
"подработка с ежедневной оплатой тутаев";"https://dodelay.ru/podrabotka/tutaev"
"вакансии подработка в тутаеве";"https://dodelay.ru/podrabotka/tutaev"
"вакансии подработка тутаев";"https://dodelay.ru/podrabotka/tutaev"
"найти подработку в тутаеве";"https://dodelay.ru/podrabotka/tutaev"
"найти подработку тутаев";"https://dodelay.ru/podrabotka/tutaev"
"подработка для мужчин в тутаеве";"https://dodelay.ru/podrabotka/tutaev"
"подработка для мужчин тутаев";"https://dodelay.ru/podrabotka/tutaev"
"подработка для женщин в тутаеве";"https://dodelay.ru/podrabotka/tutaev"
"подработка для женщин тутаев";"https://dodelay.ru/podrabotka/tutaev"
"подработка для студентов в тутаеве";"https://dodelay.ru/podrabotka/tutaev"
"подработка для студентов тутаев";"https://dodelay.ru/podrabotka/tutaev"
"подработка вечером в тутаеве";"https://dodelay.ru/podrabotka/tutaev"
"подработка вечером тутаев";"https://dodelay.ru/podrabotka/tutaev"
"подработка на выходные в тутаеве";"https://dodelay.ru/podrabotka/tutaev"
"подработка на выходные тутаев";"https://dodelay.ru/podrabotka/tutaev"
"работа без опыта в тутаеве";"https://dodelay.ru/podrabotka/tutaev"
"работа без опыта тутаев";"https://dodelay.ru/podrabotka/tutaev"
"подработка на час в тутаеве";"https://dodelay.ru/podrabotka/tutaev"
"подработка на час тутаев";"https://dodelay.ru/podrabotka/tutaev"
"доска объявлений работа в тутаеве";"https://dodelay.ru/podrabotka/tutaev"
"объявления подработка в тутаеве";"https://dodelay.ru/podrabotka/tutaev"
"биржа услуг в тутаеве";"https://dodelay.ru/podrabotka/tutaev"
"найти мастера в тутаеве";"https://dodelay.ru/podrabotka/tutaev"
"частные мастера в тутаеве";"https://dodelay.ru/podrabotka/tutaev"
"услуги частных мастеров в тутаеве";"https://dodelay.ru/podrabotka/tutaev"
"подработка в переславле-залесском";"https://dodelay.ru/podrabotka/pereslavl"
"подработка переславль-залесский";"https://dodelay.ru/podrabotka/pereslavl"
"шабашка в переславле-залесском";"https://dodelay.ru/podrabotka/pereslavl"
"шабашка переславль-залесский";"https://dodelay.ru/podrabotka/pereslavl"
"разовая работа в переславле-залесском";"https://dodelay.ru/podrabotka/pereslavl"
"разовая работа переславль-залесский";"https://dodelay.ru/podrabotka/pereslavl"
"халтура в переславле-залесском";"https://dodelay.ru/podrabotka/pereslavl"
"халтура переславль-залесский";"https://dodelay.ru/podrabotka/pereslavl"
"работа на день в переславле-залесском";"https://dodelay.ru/podrabotka/pereslavl"
"работа на день переславль-залесский";"https://dodelay.ru/podrabotka/pereslavl"
"подработка с ежедневной оплатой в переславле-залесском";"https://dodelay.ru/podrabotka/pereslavl"
"подработка с ежедневной оплатой переславль-залесский";"https://dodelay.ru/podrabotka/pereslavl"
"вакансии подработка в переславле-залесском";"https://dodelay.ru/podrabotka/pereslavl"
"вакансии подработка переславль-залесский";"https://dodelay.ru/podrabotka/pereslavl"
"найти подработку в переславле-залесском";"https://dodelay.ru/podrabotka/pereslavl"
"найти подработку переславль-залесский";"https://dodelay.ru/podrabotka/pereslavl"
"подработка для мужчин в переславле-залесском";"https://dodelay.ru/podrabotka/pereslavl"
"подработка для мужчин переславль-залесский";"https://dodelay.ru/podrabotka/pereslavl"
"подработка для женщин в переславле-залесском";"https://dodelay.ru/podrabotka/pereslavl"
"подработка для женщин переславль-залесский";"https://dodelay.ru/podrabotka/pereslavl"
"подработка для студентов в переславле-залесском";"https://dodelay.ru/podrabotka/pereslavl"
"подработка для студентов переславль-залесский";"https://dodelay.ru/podrabotka/pereslavl"
"подработка вечером в переславле-залесском";"https://dodelay.ru/podrabotka/pereslavl"
"подработка вечером переславль-залесский";"https://dodelay.ru/podrabotka/pereslavl"
"подработка на выходные в переславле-залесском";"https://dodelay.ru/podrabotka/pereslavl"
"подработка на выходные переславль-залесский";"https://dodelay.ru/podrabotka/pereslavl"
"работа без опыта в переславле-залесском";"https://dodelay.ru/podrabotka/pereslavl"
"работа без опыта переславль-залесский";"https://dodelay.ru/podrabotka/pereslavl"
"подработка на час в переславле-залесском";"https://dodelay.ru/podrabotka/pereslavl"
"подработка на час переславль-залесский";"https://dodelay.ru/podrabotka/pereslavl"
"доска объявлений работа в переславле-залесском";"https://dodelay.ru/podrabotka/pereslavl"
"объявления подработка в переславле-залесском";"https://dodelay.ru/podrabotka/pereslavl"
"биржа услуг в переславле-залесском";"https://dodelay.ru/podrabotka/pereslavl"
"найти мастера в переславле-залесском";"https://dodelay.ru/podrabotka/pereslavl"
"частные мастера в переславле-залесском";"https://dodelay.ru/podrabotka/pereslavl"
"услуги частных мастеров в переславле-залесском";"https://dodelay.ru/podrabotka/pereslavl"
"подработка в угличе";"https://dodelay.ru/podrabotka/uglich"
"подработка углич";"https://dodelay.ru/podrabotka/uglich"
"шабашка в угличе";"https://dodelay.ru/podrabotka/uglich"
"шабашка углич";"https://dodelay.ru/podrabotka/uglich"
"разовая работа в угличе";"https://dodelay.ru/podrabotka/uglich"
"разовая работа углич";"https://dodelay.ru/podrabotka/uglich"
"халтура в угличе";"https://dodelay.ru/podrabotka/uglich"
"халтура углич";"https://dodelay.ru/podrabotka/uglich"
"работа на день в угличе";"https://dodelay.ru/podrabotka/uglich"
"работа на день углич";"https://dodelay.ru/podrabotka/uglich"
"подработка с ежедневной оплатой в угличе";"https://dodelay.ru/podrabotka/uglich"
"подработка с ежедневной оплатой углич";"https://dodelay.ru/podrabotka/uglich"
"вакансии подработка в угличе";"https://dodelay.ru/podrabotka/uglich"
"вакансии подработка углич";"https://dodelay.ru/podrabotka/uglich"
"найти подработку в угличе";"https://dodelay.ru/podrabotka/uglich"
"найти подработку углич";"https://dodelay.ru/podrabotka/uglich"
"подработка для мужчин в угличе";"https://dodelay.ru/podrabotka/uglich"
"подработка для мужчин углич";"https://dodelay.ru/podrabotka/uglich"
"подработка для женщин в угличе";"https://dodelay.ru/podrabotka/uglich"
"подработка для женщин углич";"https://dodelay.ru/podrabotka/uglich"
"подработка для студентов в угличе";"https://dodelay.ru/podrabotka/uglich"
"подработка для студентов углич";"https://dodelay.ru/podrabotka/uglich"
"подработка вечером в угличе";"https://dodelay.ru/podrabotka/uglich"
"подработка вечером углич";"https://dodelay.ru/podrabotka/uglich"
"подработка на выходные в угличе";"https://dodelay.ru/podrabotka/uglich"
"подработка на выходные углич";"https://dodelay.ru/podrabotka/uglich"
"работа без опыта в угличе";"https://dodelay.ru/podrabotka/uglich"
"работа без опыта углич";"https://dodelay.ru/podrabotka/uglich"
"подработка на час в угличе";"https://dodelay.ru/podrabotka/uglich"
"подработка на час углич";"https://dodelay.ru/podrabotka/uglich"
"доска объявлений работа в угличе";"https://dodelay.ru/podrabotka/uglich"
"объявления подработка в угличе";"https://dodelay.ru/podrabotka/uglich"
"биржа услуг в угличе";"https://dodelay.ru/podrabotka/uglich"
"найти мастера в угличе";"https://dodelay.ru/podrabotka/uglich"
"частные мастера в угличе";"https://dodelay.ru/podrabotka/uglich"
"услуги частных мастеров в угличе";"https://dodelay.ru/podrabotka/uglich"
"подработка в ростове великом";"https://dodelay.ru/podrabotka/rostov"
"подработка ростов великий";"https://dodelay.ru/podrabotka/rostov"
"шабашка в ростове великом";"https://dodelay.ru/podrabotka/rostov"
"шабашка ростов великий";"https://dodelay.ru/podrabotka/rostov"
"разовая работа в ростове великом";"https://dodelay.ru/podrabotka/rostov"
"разовая работа ростов великий";"https://dodelay.ru/podrabotka/rostov"
"халтура в ростове великом";"https://dodelay.ru/podrabotka/rostov"
"халтура ростов великий";"https://dodelay.ru/podrabotka/rostov"
"работа на день в ростове великом";"https://dodelay.ru/podrabotka/rostov"
"работа на день ростов великий";"https://dodelay.ru/podrabotka/rostov"
"подработка с ежедневной оплатой в ростове великом";"https://dodelay.ru/podrabotka/rostov"
"подработка с ежедневной оплатой ростов великий";"https://dodelay.ru/podrabotka/rostov"
"вакансии подработка в ростове великом";"https://dodelay.ru/podrabotka/rostov"
"вакансии подработка ростов великий";"https://dodelay.ru/podrabotka/rostov"
"найти подработку в ростове великом";"https://dodelay.ru/podrabotka/rostov"
"найти подработку ростов великий";"https://dodelay.ru/podrabotka/rostov"
"подработка для мужчин в ростове великом";"https://dodelay.ru/podrabotka/rostov"
"подработка для мужчин ростов великий";"https://dodelay.ru/podrabotka/rostov"
"подработка для женщин в ростове великом";"https://dodelay.ru/podrabotka/rostov"
"подработка для женщин ростов великий";"https://dodelay.ru/podrabotka/rostov"
"подработка для студентов в ростове великом";"https://dodelay.ru/podrabotka/rostov"
"подработка для студентов ростов великий";"https://dodelay.ru/podrabotka/rostov"
"подработка вечером в ростове великом";"https://dodelay.ru/podrabotka/rostov"
"подработка вечером ростов великий";"https://dodelay.ru/podrabotka/rostov"
"подработка на выходные в ростове великом";"https://dodelay.ru/podrabotka/rostov"
"подработка на выходные ростов великий";"https://dodelay.ru/podrabotka/rostov"
"работа без опыта в ростове великом";"https://dodelay.ru/podrabotka/rostov"
"работа без опыта ростов великий";"https://dodelay.ru/podrabotka/rostov"
"подработка на час в ростове великом";"https://dodelay.ru/podrabotka/rostov"
"подработка на час ростов великий";"https://dodelay.ru/podrabotka/rostov"
"доска объявлений работа в ростове великом";"https://dodelay.ru/podrabotka/rostov"
"объявления подработка в ростове великом";"https://dodelay.ru/podrabotka/rostov"
"биржа услуг в ростове великом";"https://dodelay.ru/podrabotka/rostov"
"найти мастера в ростове великом";"https://dodelay.ru/podrabotka/rostov"
"частные мастера в ростове великом";"https://dodelay.ru/podrabotka/rostov"
"услуги частных мастеров в ростове великом";"https://dodelay.ru/podrabotka/rostov"
"муж на час в ярославле";"https://dodelay.ru/podrabotka/yaroslavl/handyman"
"муж на час ярославль";"https://dodelay.ru/podrabotka/yaroslavl/handyman"
"мастер на час в ярославле";"https://dodelay.ru/podrabotka/yaroslavl/handyman"
"мастер на час ярославль";"https://dodelay.ru/podrabotka/yaroslavl/handyman"
"домашний мастер в ярославле";"https://dodelay.ru/podrabotka/yaroslavl/handyman"
"домашний мастер ярославль";"https://dodelay.ru/podrabotka/yaroslavl/handyman"
"мелкий ремонт в ярославле";"https://dodelay.ru/podrabotka/yaroslavl/handyman"
"мелкий ремонт ярославль";"https://dodelay.ru/podrabotka/yaroslavl/handyman"
"мастер на все руки в ярославле";"https://dodelay.ru/podrabotka/yaroslavl/handyman"
"мастер на все руки ярославль";"https://dodelay.ru/podrabotka/yaroslavl/handyman"
"муж на час в ярославле недорого";"https://dodelay.ru/podrabotka/yaroslavl/handyman"
"муж на час в ярославле цены";"https://dodelay.ru/podrabotka/yaroslavl/handyman"
"муж на час в ярославле на дом";"https://dodelay.ru/podrabotka/yaroslavl/handyman"
"вызвать мужа на час в ярославле";"https://dodelay.ru/podrabotka/yaroslavl/handyman"
"нанять мужа на час в ярославле";"https://dodelay.ru/podrabotka/yaroslavl/handyman"
"найти мужа на час в ярославле";"https://dodelay.ru/podrabotka/yaroslavl/handyman"
"услуги мужа на час в ярославле";"https://dodelay.ru/podrabotka/yaroslavl/handyman"
"муж на час частник в ярославле";"https://dodelay.ru/podrabotka/yaroslavl/handyman"
"муж на час без посредников в ярославле";"https://dodelay.ru/podrabotka/yaroslavl/handyman"
"работа муж на час в ярославле";"https://dodelay.ru/podrabotka/yaroslavl/handyman"
"подработка муж на час в ярославле";"https://dodelay.ru/podrabotka/yaroslavl/handyman"
"требуется муж на час в ярославле";"https://dodelay.ru/podrabotka/yaroslavl/handyman"
"вакансия муж на час в ярославле";"https://dodelay.ru/podrabotka/yaroslavl/handyman"
"муж на час в рыбинске";"https://dodelay.ru/podrabotka/rybinsk/handyman"
"муж на час рыбинск";"https://dodelay.ru/podrabotka/rybinsk/handyman"
"мастер на час в рыбинске";"https://dodelay.ru/podrabotka/rybinsk/handyman"
"мастер на час рыбинск";"https://dodelay.ru/podrabotka/rybinsk/handyman"
"домашний мастер в рыбинске";"https://dodelay.ru/podrabotka/rybinsk/handyman"
"домашний мастер рыбинск";"https://dodelay.ru/podrabotka/rybinsk/handyman"
"мелкий ремонт в рыбинске";"https://dodelay.ru/podrabotka/rybinsk/handyman"
"мелкий ремонт рыбинск";"https://dodelay.ru/podrabotka/rybinsk/handyman"
"мастер на все руки в рыбинске";"https://dodelay.ru/podrabotka/rybinsk/handyman"
"мастер на все руки рыбинск";"https://dodelay.ru/podrabotka/rybinsk/handyman"
"муж на час в рыбинске недорого";"https://dodelay.ru/podrabotka/rybinsk/handyman"
"муж на час в рыбинске цены";"https://dodelay.ru/podrabotka/rybinsk/handyman"
"муж на час в рыбинске на дом";"https://dodelay.ru/podrabotka/rybinsk/handyman"
"вызвать мужа на час в рыбинске";"https://dodelay.ru/podrabotka/rybinsk/handyman"
"нанять мужа на час в рыбинске";"https://dodelay.ru/podrabotka/rybinsk/handyman"
"найти мужа на час в рыбинске";"https://dodelay.ru/podrabotka/rybinsk/handyman"
"услуги мужа на час в рыбинске";"https://dodelay.ru/podrabotka/rybinsk/handyman"
"муж на час частник в рыбинске";"https://dodelay.ru/podrabotka/rybinsk/handyman"
"муж на час без посредников в рыбинске";"https://dodelay.ru/podrabotka/rybinsk/handyman"
"работа муж на час в рыбинске";"https://dodelay.ru/podrabotka/rybinsk/handyman"
"подработка муж на час в рыбинске";"https://dodelay.ru/podrabotka/rybinsk/handyman"
"требуется муж на час в рыбинске";"https://dodelay.ru/podrabotka/rybinsk/handyman"
"вакансия муж на час в рыбинске";"https://dodelay.ru/podrabotka/rybinsk/handyman"
"муж на час в тутаеве";"https://dodelay.ru/podrabotka/tutaev/handyman"
"муж на час тутаев";"https://dodelay.ru/podrabotka/tutaev/handyman"
"мастер на час в тутаеве";"https://dodelay.ru/podrabotka/tutaev/handyman"
"мастер на час тутаев";"https://dodelay.ru/podrabotka/tutaev/handyman"
"домашний мастер в тутаеве";"https://dodelay.ru/podrabotka/tutaev/handyman"
"домашний мастер тутаев";"https://dodelay.ru/podrabotka/tutaev/handyman"
"мелкий ремонт в тутаеве";"https://dodelay.ru/podrabotka/tutaev/handyman"
"мелкий ремонт тутаев";"https://dodelay.ru/podrabotka/tutaev/handyman"
"мастер на все руки в тутаеве";"https://dodelay.ru/podrabotka/tutaev/handyman"
"мастер на все руки тутаев";"https://dodelay.ru/podrabotka/tutaev/handyman"
"муж на час в тутаеве недорого";"https://dodelay.ru/podrabotka/tutaev/handyman"
"муж на час в тутаеве цены";"https://dodelay.ru/podrabotka/tutaev/handyman"
"муж на час в тутаеве на дом";"https://dodelay.ru/podrabotka/tutaev/handyman"
"вызвать мужа на час в тутаеве";"https://dodelay.ru/podrabotka/tutaev/handyman"
"нанять мужа на час в тутаеве";"https://dodelay.ru/podrabotka/tutaev/handyman"
"найти мужа на час в тутаеве";"https://dodelay.ru/podrabotka/tutaev/handyman"
"услуги мужа на час в тутаеве";"https://dodelay.ru/podrabotka/tutaev/handyman"
"муж на час частник в тутаеве";"https://dodelay.ru/podrabotka/tutaev/handyman"
"муж на час без посредников в тутаеве";"https://dodelay.ru/podrabotka/tutaev/handyman"
"работа муж на час в тутаеве";"https://dodelay.ru/podrabotka/tutaev/handyman"
"подработка муж на час в тутаеве";"https://dodelay.ru/podrabotka/tutaev/handyman"
"требуется муж на час в тутаеве";"https://dodelay.ru/podrabotka/tutaev/handyman"
"вакансия муж на час в тутаеве";"https://dodelay.ru/podrabotka/tutaev/handyman"
"муж на час в переславле-залесском";"https://dodelay.ru/podrabotka/pereslavl/handyman"
"муж на час переславль-залесский";"https://dodelay.ru/podrabotka/pereslavl/handyman"
"мастер на час в переславле-залесском";"https://dodelay.ru/podrabotka/pereslavl/handyman"
"мастер на час переславль-залесский";"https://dodelay.ru/podrabotka/pereslavl/handyman"
"домашний мастер в переславле-залесском";"https://dodelay.ru/podrabotka/pereslavl/handyman"
"домашний мастер переславль-залесский";"https://dodelay.ru/podrabotka/pereslavl/handyman"
"мелкий ремонт в переславле-залесском";"https://dodelay.ru/podrabotka/pereslavl/handyman"
"мелкий ремонт переславль-залесский";"https://dodelay.ru/podrabotka/pereslavl/handyman"
"мастер на все руки в переславле-залесском";"https://dodelay.ru/podrabotka/pereslavl/handyman"
"мастер на все руки переславль-залесский";"https://dodelay.ru/podrabotka/pereslavl/handyman"
"муж на час в переславле-залесском недорого";"https://dodelay.ru/podrabotka/pereslavl/handyman"
"муж на час в переславле-залесском цены";"https://dodelay.ru/podrabotka/pereslavl/handyman"
"муж на час в переславле-залесском на дом";"https://dodelay.ru/podrabotka/pereslavl/handyman"
"вызвать мужа на час в переславле-залесском";"https://dodelay.ru/podrabotka/pereslavl/handyman"
"нанять мужа на час в переславле-залесском";"https://dodelay.ru/podrabotka/pereslavl/handyman"
"найти мужа на час в переславле-залесском";"https://dodelay.ru/podrabotka/pereslavl/handyman"
"услуги мужа на час в переславле-залесском";"https://dodelay.ru/podrabotka/pereslavl/handyman"
"муж на час частник в переславле-залесском";"https://dodelay.ru/podrabotka/pereslavl/handyman"
"муж на час без посредников в переславле-залесском";"https://dodelay.ru/podrabotka/pereslavl/handyman"
"работа муж на час в переславле-залесском";"https://dodelay.ru/podrabotka/pereslavl/handyman"
"подработка муж на час в переславле-залесском";"https://dodelay.ru/podrabotka/pereslavl/handyman"
"требуется муж на час в переславле-залесском";"https://dodelay.ru/podrabotka/pereslavl/handyman"
"вакансия муж на час в переславле-залесском";"https://dodelay.ru/podrabotka/pereslavl/handyman"
"муж на час в угличе";"https://dodelay.ru/podrabotka/uglich/handyman"
"муж на час углич";"https://dodelay.ru/podrabotka/uglich/handyman"
"мастер на час в угличе";"https://dodelay.ru/podrabotka/uglich/handyman"
"мастер на час углич";"https://dodelay.ru/podrabotka/uglich/handyman"
"домашний мастер в угличе";"https://dodelay.ru/podrabotka/uglich/handyman"
"домашний мастер углич";"https://dodelay.ru/podrabotka/uglich/handyman"
"мелкий ремонт в угличе";"https://dodelay.ru/podrabotka/uglich/handyman"
"мелкий ремонт углич";"https://dodelay.ru/podrabotka/uglich/handyman"
"мастер на все руки в угличе";"https://dodelay.ru/podrabotka/uglich/handyman"
"мастер на все руки углич";"https://dodelay.ru/podrabotka/uglich/handyman"
"муж на час в угличе недорого";"https://dodelay.ru/podrabotka/uglich/handyman"
"муж на час в угличе цены";"https://dodelay.ru/podrabotka/uglich/handyman"
"муж на час в угличе на дом";"https://dodelay.ru/podrabotka/uglich/handyman"
"вызвать мужа на час в угличе";"https://dodelay.ru/podrabotka/uglich/handyman"
"нанять мужа на час в угличе";"https://dodelay.ru/podrabotka/uglich/handyman"
"найти мужа на час в угличе";"https://dodelay.ru/podrabotka/uglich/handyman"
"услуги мужа на час в угличе";"https://dodelay.ru/podrabotka/uglich/handyman"
"муж на час частник в угличе";"https://dodelay.ru/podrabotka/uglich/handyman"
"муж на час без посредников в угличе";"https://dodelay.ru/podrabotka/uglich/handyman"
"работа муж на час в угличе";"https://dodelay.ru/podrabotka/uglich/handyman"
"подработка муж на час в угличе";"https://dodelay.ru/podrabotka/uglich/handyman"
"требуется муж на час в угличе";"https://dodelay.ru/podrabotka/uglich/handyman"
"вакансия муж на час в угличе";"https://dodelay.ru/podrabotka/uglich/handyman"
"муж на час в ростове великом";"https://dodelay.ru/podrabotka/rostov/handyman"
"муж на час ростов великий";"https://dodelay.ru/podrabotka/rostov/handyman"
"мастер на час в ростове великом";"https://dodelay.ru/podrabotka/rostov/handyman"
"мастер на час ростов великий";"https://dodelay.ru/podrabotka/rostov/handyman"
"домашний мастер в ростове великом";"https://dodelay.ru/podrabotka/rostov/handyman"
"домашний мастер ростов великий";"https://dodelay.ru/podrabotka/rostov/handyman"
"мелкий ремонт в ростове великом";"https://dodelay.ru/podrabotka/rostov/handyman"
"мелкий ремонт ростов великий";"https://dodelay.ru/podrabotka/rostov/handyman"
"мастер на все руки в ростове великом";"https://dodelay.ru/podrabotka/rostov/handyman"
"мастер на все руки ростов великий";"https://dodelay.ru/podrabotka/rostov/handyman"
"муж на час в ростове великом недорого";"https://dodelay.ru/podrabotka/rostov/handyman"
"муж на час в ростове великом цены";"https://dodelay.ru/podrabotka/rostov/handyman"
"муж на час в ростове великом на дом";"https://dodelay.ru/podrabotka/rostov/handyman"
"вызвать мужа на час в ростове великом";"https://dodelay.ru/podrabotka/rostov/handyman"
"нанять мужа на час в ростове великом";"https://dodelay.ru/podrabotka/rostov/handyman"
"найти мужа на час в ростове великом";"https://dodelay.ru/podrabotka/rostov/handyman"
"услуги мужа на час в ростове великом";"https://dodelay.ru/podrabotka/rostov/handyman"
"муж на час частник в ростове великом";"https://dodelay.ru/podrabotka/rostov/handyman"
"муж на час без посредников в ростове великом";"https://dodelay.ru/podrabotka/rostov/handyman"
"работа муж на час в ростове великом";"https://dodelay.ru/podrabotka/rostov/handyman"
"подработка муж на час в ростове великом";"https://dodelay.ru/podrabotka/rostov/handyman"
"требуется муж на час в ростове великом";"https://dodelay.ru/podrabotka/rostov/handyman"
"вакансия муж на час в ростове великом";"https://dodelay.ru/podrabotka/rostov/handyman"
"повесить полку или картину в ярославле";"https://dodelay.ru/podrabotka/yaroslavl/handyman"
"повесить полку или картину цена";"https://dodelay.ru/podrabotka/yaroslavl/handyman"
"сколько стоит повесить полку или картину";"https://dodelay.ru/podrabotka/yaroslavl/handyman"
"установить карниз для штор в ярославле";"https://dodelay.ru/podrabotka/yaroslavl/handyman"
"установить карниз для штор цена";"https://dodelay.ru/podrabotka/yaroslavl/handyman"
"сколько стоит установить карниз для штор";"https://dodelay.ru/podrabotka/yaroslavl/handyman"
"замена дверного замка в ярославле";"https://dodelay.ru/podrabotka/yaroslavl/handyman"
"замена дверного замка цена";"https://dodelay.ru/podrabotka/yaroslavl/handyman"
"сколько стоит замена дверного замка";"https://dodelay.ru/podrabotka/yaroslavl/handyman"
"мелкий ремонт списком";"https://dodelay.ru/podrabotka/yaroslavl/handyman"
"сколько стоит мелкий ремонт списком";"https://dodelay.ru/podrabotka/yaroslavl/handyman"
"электрик в ярославле";"https://dodelay.ru/podrabotka/yaroslavl/electrician"
"электрик ярославль";"https://dodelay.ru/podrabotka/yaroslavl/electrician"
"электромонтаж в ярославле";"https://dodelay.ru/podrabotka/yaroslavl/electrician"
"электромонтаж ярославль";"https://dodelay.ru/podrabotka/yaroslavl/electrician"
"электрик на дом в ярославле";"https://dodelay.ru/podrabotka/yaroslavl/electrician"
"электрик на дом ярославль";"https://dodelay.ru/podrabotka/yaroslavl/electrician"
"электромонтажные работы в ярославле";"https://dodelay.ru/podrabotka/yaroslavl/electrician"
"электромонтажные работы ярославль";"https://dodelay.ru/podrabotka/yaroslavl/electrician"
"вызвать электрика в ярославле";"https://dodelay.ru/podrabotka/yaroslavl/electrician"
"вызвать электрика ярославль";"https://dodelay.ru/podrabotka/yaroslavl/electrician"
"электрик в ярославле недорого";"https://dodelay.ru/podrabotka/yaroslavl/electrician"
"электрик в ярославле цены";"https://dodelay.ru/podrabotka/yaroslavl/electrician"
"электрик в ярославле на дом";"https://dodelay.ru/podrabotka/yaroslavl/electrician"
"нанять электрика в ярославле";"https://dodelay.ru/podrabotka/yaroslavl/electrician"
"найти электрика в ярославле";"https://dodelay.ru/podrabotka/yaroslavl/electrician"
"услуги электрика в ярославле";"https://dodelay.ru/podrabotka/yaroslavl/electrician"
"электрик частник в ярославле";"https://dodelay.ru/podrabotka/yaroslavl/electrician"
"электрик без посредников в ярославле";"https://dodelay.ru/podrabotka/yaroslavl/electrician"
"работа электрик в ярославле";"https://dodelay.ru/podrabotka/yaroslavl/electrician"
"подработка электрик в ярославле";"https://dodelay.ru/podrabotka/yaroslavl/electrician"
"требуется электрик в ярославле";"https://dodelay.ru/podrabotka/yaroslavl/electrician"
"вакансия электрик в ярославле";"https://dodelay.ru/podrabotka/yaroslavl/electrician"
"электрик в рыбинске";"https://dodelay.ru/podrabotka/rybinsk/electrician"
"электрик рыбинск";"https://dodelay.ru/podrabotka/rybinsk/electrician"
"электромонтаж в рыбинске";"https://dodelay.ru/podrabotka/rybinsk/electrician"
"электромонтаж рыбинск";"https://dodelay.ru/podrabotka/rybinsk/electrician"
"электрик на дом в рыбинске";"https://dodelay.ru/podrabotka/rybinsk/electrician"
"электрик на дом рыбинск";"https://dodelay.ru/podrabotka/rybinsk/electrician"
"электромонтажные работы в рыбинске";"https://dodelay.ru/podrabotka/rybinsk/electrician"
"электромонтажные работы рыбинск";"https://dodelay.ru/podrabotka/rybinsk/electrician"
"вызвать электрика в рыбинске";"https://dodelay.ru/podrabotka/rybinsk/electrician"
"вызвать электрика рыбинск";"https://dodelay.ru/podrabotka/rybinsk/electrician"
"электрик в рыбинске недорого";"https://dodelay.ru/podrabotka/rybinsk/electrician"
"электрик в рыбинске цены";"https://dodelay.ru/podrabotka/rybinsk/electrician"
"электрик в рыбинске на дом";"https://dodelay.ru/podrabotka/rybinsk/electrician"
"нанять электрика в рыбинске";"https://dodelay.ru/podrabotka/rybinsk/electrician"
"найти электрика в рыбинске";"https://dodelay.ru/podrabotka/rybinsk/electrician"
"услуги электрика в рыбинске";"https://dodelay.ru/podrabotka/rybinsk/electrician"
"электрик частник в рыбинске";"https://dodelay.ru/podrabotka/rybinsk/electrician"
"электрик без посредников в рыбинске";"https://dodelay.ru/podrabotka/rybinsk/electrician"
"работа электрик в рыбинске";"https://dodelay.ru/podrabotka/rybinsk/electrician"
"подработка электрик в рыбинске";"https://dodelay.ru/podrabotka/rybinsk/electrician"
"требуется электрик в рыбинске";"https://dodelay.ru/podrabotka/rybinsk/electrician"
"вакансия электрик в рыбинске";"https://dodelay.ru/podrabotka/rybinsk/electrician"
"электрик в тутаеве";"https://dodelay.ru/podrabotka/tutaev/electrician"
"электрик тутаев";"https://dodelay.ru/podrabotka/tutaev/electrician"
"электромонтаж в тутаеве";"https://dodelay.ru/podrabotka/tutaev/electrician"
"электромонтаж тутаев";"https://dodelay.ru/podrabotka/tutaev/electrician"
"электрик на дом в тутаеве";"https://dodelay.ru/podrabotka/tutaev/electrician"
"электрик на дом тутаев";"https://dodelay.ru/podrabotka/tutaev/electrician"
"электромонтажные работы в тутаеве";"https://dodelay.ru/podrabotka/tutaev/electrician"
"электромонтажные работы тутаев";"https://dodelay.ru/podrabotka/tutaev/electrician"
"вызвать электрика в тутаеве";"https://dodelay.ru/podrabotka/tutaev/electrician"
"вызвать электрика тутаев";"https://dodelay.ru/podrabotka/tutaev/electrician"
"электрик в тутаеве недорого";"https://dodelay.ru/podrabotka/tutaev/electrician"
"электрик в тутаеве цены";"https://dodelay.ru/podrabotka/tutaev/electrician"
"электрик в тутаеве на дом";"https://dodelay.ru/podrabotka/tutaev/electrician"
"нанять электрика в тутаеве";"https://dodelay.ru/podrabotka/tutaev/electrician"
"найти электрика в тутаеве";"https://dodelay.ru/podrabotka/tutaev/electrician"
"услуги электрика в тутаеве";"https://dodelay.ru/podrabotka/tutaev/electrician"
"электрик частник в тутаеве";"https://dodelay.ru/podrabotka/tutaev/electrician"
"электрик без посредников в тутаеве";"https://dodelay.ru/podrabotka/tutaev/electrician"
"работа электрик в тутаеве";"https://dodelay.ru/podrabotka/tutaev/electrician"
"подработка электрик в тутаеве";"https://dodelay.ru/podrabotka/tutaev/electrician"
"требуется электрик в тутаеве";"https://dodelay.ru/podrabotka/tutaev/electrician"
"вакансия электрик в тутаеве";"https://dodelay.ru/podrabotka/tutaev/electrician"
"электрик в переславле-залесском";"https://dodelay.ru/podrabotka/pereslavl/electrician"
"электрик переславль-залесский";"https://dodelay.ru/podrabotka/pereslavl/electrician"
"электромонтаж в переславле-залесском";"https://dodelay.ru/podrabotka/pereslavl/electrician"
"электромонтаж переславль-залесский";"https://dodelay.ru/podrabotka/pereslavl/electrician"
"электрик на дом в переславле-залесском";"https://dodelay.ru/podrabotka/pereslavl/electrician"
"электрик на дом переславль-залесский";"https://dodelay.ru/podrabotka/pereslavl/electrician"
"электромонтажные работы в переславле-залесском";"https://dodelay.ru/podrabotka/pereslavl/electrician"
"электромонтажные работы переславль-залесский";"https://dodelay.ru/podrabotka/pereslavl/electrician"
"вызвать электрика в переславле-залесском";"https://dodelay.ru/podrabotka/pereslavl/electrician"
"вызвать электрика переславль-залесский";"https://dodelay.ru/podrabotka/pereslavl/electrician"
"электрик в переславле-залесском недорого";"https://dodelay.ru/podrabotka/pereslavl/electrician"
"электрик в переславле-залесском цены";"https://dodelay.ru/podrabotka/pereslavl/electrician"
"электрик в переславле-залесском на дом";"https://dodelay.ru/podrabotka/pereslavl/electrician"
"нанять электрика в переславле-залесском";"https://dodelay.ru/podrabotka/pereslavl/electrician"
"найти электрика в переславле-залесском";"https://dodelay.ru/podrabotka/pereslavl/electrician"
"услуги электрика в переславле-залесском";"https://dodelay.ru/podrabotka/pereslavl/electrician"
"электрик частник в переславле-залесском";"https://dodelay.ru/podrabotka/pereslavl/electrician"
"электрик без посредников в переславле-залесском";"https://dodelay.ru/podrabotka/pereslavl/electrician"
"работа электрик в переславле-залесском";"https://dodelay.ru/podrabotka/pereslavl/electrician"
"подработка электрик в переславле-залесском";"https://dodelay.ru/podrabotka/pereslavl/electrician"
"требуется электрик в переславле-залесском";"https://dodelay.ru/podrabotka/pereslavl/electrician"
"вакансия электрик в переславле-залесском";"https://dodelay.ru/podrabotka/pereslavl/electrician"
"электрик в угличе";"https://dodelay.ru/podrabotka/uglich/electrician"
"электрик углич";"https://dodelay.ru/podrabotka/uglich/electrician"
"электромонтаж в угличе";"https://dodelay.ru/podrabotka/uglich/electrician"
"электромонтаж углич";"https://dodelay.ru/podrabotka/uglich/electrician"
"электрик на дом в угличе";"https://dodelay.ru/podrabotka/uglich/electrician"
"электрик на дом углич";"https://dodelay.ru/podrabotka/uglich/electrician"
"электромонтажные работы в угличе";"https://dodelay.ru/podrabotka/uglich/electrician"
"электромонтажные работы углич";"https://dodelay.ru/podrabotka/uglich/electrician"
"вызвать электрика в угличе";"https://dodelay.ru/podrabotka/uglich/electrician"
"вызвать электрика углич";"https://dodelay.ru/podrabotka/uglich/electrician"
"электрик в угличе недорого";"https://dodelay.ru/podrabotka/uglich/electrician"
"электрик в угличе цены";"https://dodelay.ru/podrabotka/uglich/electrician"
"электрик в угличе на дом";"https://dodelay.ru/podrabotka/uglich/electrician"
"нанять электрика в угличе";"https://dodelay.ru/podrabotka/uglich/electrician"
"найти электрика в угличе";"https://dodelay.ru/podrabotka/uglich/electrician"
"услуги электрика в угличе";"https://dodelay.ru/podrabotka/uglich/electrician"
"электрик частник в угличе";"https://dodelay.ru/podrabotka/uglich/electrician"
"электрик без посредников в угличе";"https://dodelay.ru/podrabotka/uglich/electrician"
"работа электрик в угличе";"https://dodelay.ru/podrabotka/uglich/electrician"
"подработка электрик в угличе";"https://dodelay.ru/podrabotka/uglich/electrician"
"требуется электрик в угличе";"https://dodelay.ru/podrabotka/uglich/electrician"
"вакансия электрик в угличе";"https://dodelay.ru/podrabotka/uglich/electrician"
"электрик в ростове великом";"https://dodelay.ru/podrabotka/rostov/electrician"
"электрик ростов великий";"https://dodelay.ru/podrabotka/rostov/electrician"
"электромонтаж в ростове великом";"https://dodelay.ru/podrabotka/rostov/electrician"
"электромонтаж ростов великий";"https://dodelay.ru/podrabotka/rostov/electrician"
"электрик на дом в ростове великом";"https://dodelay.ru/podrabotka/rostov/electrician"
"электрик на дом ростов великий";"https://dodelay.ru/podrabotka/rostov/electrician"
"электромонтажные работы в ростове великом";"https://dodelay.ru/podrabotka/rostov/electrician"
"электромонтажные работы ростов великий";"https://dodelay.ru/podrabotka/rostov/electrician"
"вызвать электрика в ростове великом";"https://dodelay.ru/podrabotka/rostov/electrician"
"вызвать электрика ростов великий";"https://dodelay.ru/podrabotka/rostov/electrician"
"электрик в ростове великом недорого";"https://dodelay.ru/podrabotka/rostov/electrician"
"электрик в ростове великом цены";"https://dodelay.ru/podrabotka/rostov/electrician"
"электрик в ростове великом на дом";"https://dodelay.ru/podrabotka/rostov/electrician"
"нанять электрика в ростове великом";"https://dodelay.ru/podrabotka/rostov/electrician"
"найти электрика в ростове великом";"https://dodelay.ru/podrabotka/rostov/electrician"
"услуги электрика в ростове великом";"https://dodelay.ru/podrabotka/rostov/electrician"
"электрик частник в ростове великом";"https://dodelay.ru/podrabotka/rostov/electrician"
"электрик без посредников в ростове великом";"https://dodelay.ru/podrabotka/rostov/electrician"
"работа электрик в ростове великом";"https://dodelay.ru/podrabotka/rostov/electrician"
"подработка электрик в ростове великом";"https://dodelay.ru/podrabotka/rostov/electrician"
"требуется электрик в ростове великом";"https://dodelay.ru/podrabotka/rostov/electrician"
"вакансия электрик в ростове великом";"https://dodelay.ru/podrabotka/rostov/electrician"
"замена розетки или выключателя в ярославле";"https://dodelay.ru/podrabotka/yaroslavl/electrician"
"замена розетки или выключателя цена";"https://dodelay.ru/podrabotka/yaroslavl/electrician"
"сколько стоит замена розетки или выключателя";"https://dodelay.ru/podrabotka/yaroslavl/electrician"
"установка люстры в ярославле";"https://dodelay.ru/podrabotka/yaroslavl/electrician"
"установка люстры цена";"https://dodelay.ru/podrabotka/yaroslavl/electrician"
"сколько стоит установка люстры";"https://dodelay.ru/podrabotka/yaroslavl/electrician"
"замена автомата в щитке в ярославле";"https://dodelay.ru/podrabotka/yaroslavl/electrician"
"замена автомата в щитке цена";"https://dodelay.ru/podrabotka/yaroslavl/electrician"
"сколько стоит замена автомата в щитке";"https://dodelay.ru/podrabotka/yaroslavl/electrician"
"разводка проводки в квартире в ярославле";"https://dodelay.ru/podrabotka/yaroslavl/electrician"
"разводка проводки в квартире цена";"https://dodelay.ru/podrabotka/yaroslavl/electrician"
"сколько стоит разводка проводки в квартире";"https://dodelay.ru/podrabotka/yaroslavl/electrician"
"сантехник в ярославле";"https://dodelay.ru/podrabotka/yaroslavl/plumber"
"сантехник ярославль";"https://dodelay.ru/podrabotka/yaroslavl/plumber"
"сантехнические работы в ярославле";"https://dodelay.ru/podrabotka/yaroslavl/plumber"
"сантехнические работы ярославль";"https://dodelay.ru/podrabotka/yaroslavl/plumber"
"водопроводчик в ярославле";"https://dodelay.ru/podrabotka/yaroslavl/plumber"
"водопроводчик ярославль";"https://dodelay.ru/podrabotka/yaroslavl/plumber"
"сантехник на дом в ярославле";"https://dodelay.ru/podrabotka/yaroslavl/plumber"
"сантехник на дом ярославль";"https://dodelay.ru/podrabotka/yaroslavl/plumber"
"установка сантехники в ярославле";"https://dodelay.ru/podrabotka/yaroslavl/plumber"
"установка сантехники ярославль";"https://dodelay.ru/podrabotka/yaroslavl/plumber"
"сантехник в ярославле недорого";"https://dodelay.ru/podrabotka/yaroslavl/plumber"
"сантехник в ярославле цены";"https://dodelay.ru/podrabotka/yaroslavl/plumber"
"сантехник в ярославле на дом";"https://dodelay.ru/podrabotka/yaroslavl/plumber"
"вызвать сантехника в ярославле";"https://dodelay.ru/podrabotka/yaroslavl/plumber"
"нанять сантехника в ярославле";"https://dodelay.ru/podrabotka/yaroslavl/plumber"
"найти сантехника в ярославле";"https://dodelay.ru/podrabotka/yaroslavl/plumber"
"услуги сантехника в ярославле";"https://dodelay.ru/podrabotka/yaroslavl/plumber"
"сантехник частник в ярославле";"https://dodelay.ru/podrabotka/yaroslavl/plumber"
"сантехник без посредников в ярославле";"https://dodelay.ru/podrabotka/yaroslavl/plumber"
"работа сантехник в ярославле";"https://dodelay.ru/podrabotka/yaroslavl/plumber"
"подработка сантехник в ярославле";"https://dodelay.ru/podrabotka/yaroslavl/plumber"
"требуется сантехник в ярославле";"https://dodelay.ru/podrabotka/yaroslavl/plumber"
"вакансия сантехник в ярославле";"https://dodelay.ru/podrabotka/yaroslavl/plumber"
"сантехник в рыбинске";"https://dodelay.ru/podrabotka/rybinsk/plumber"
"сантехник рыбинск";"https://dodelay.ru/podrabotka/rybinsk/plumber"
"сантехнические работы в рыбинске";"https://dodelay.ru/podrabotka/rybinsk/plumber"
"сантехнические работы рыбинск";"https://dodelay.ru/podrabotka/rybinsk/plumber"
"водопроводчик в рыбинске";"https://dodelay.ru/podrabotka/rybinsk/plumber"
"водопроводчик рыбинск";"https://dodelay.ru/podrabotka/rybinsk/plumber"
"сантехник на дом в рыбинске";"https://dodelay.ru/podrabotka/rybinsk/plumber"
"сантехник на дом рыбинск";"https://dodelay.ru/podrabotka/rybinsk/plumber"
"установка сантехники в рыбинске";"https://dodelay.ru/podrabotka/rybinsk/plumber"
"установка сантехники рыбинск";"https://dodelay.ru/podrabotka/rybinsk/plumber"
"сантехник в рыбинске недорого";"https://dodelay.ru/podrabotka/rybinsk/plumber"
"сантехник в рыбинске цены";"https://dodelay.ru/podrabotka/rybinsk/plumber"
"сантехник в рыбинске на дом";"https://dodelay.ru/podrabotka/rybinsk/plumber"
"вызвать сантехника в рыбинске";"https://dodelay.ru/podrabotka/rybinsk/plumber"
"нанять сантехника в рыбинске";"https://dodelay.ru/podrabotka/rybinsk/plumber"
"найти сантехника в рыбинске";"https://dodelay.ru/podrabotka/rybinsk/plumber"
"услуги сантехника в рыбинске";"https://dodelay.ru/podrabotka/rybinsk/plumber"
"сантехник частник в рыбинске";"https://dodelay.ru/podrabotka/rybinsk/plumber"
"сантехник без посредников в рыбинске";"https://dodelay.ru/podrabotka/rybinsk/plumber"
"работа сантехник в рыбинске";"https://dodelay.ru/podrabotka/rybinsk/plumber"
"подработка сантехник в рыбинске";"https://dodelay.ru/podrabotka/rybinsk/plumber"
"требуется сантехник в рыбинске";"https://dodelay.ru/podrabotka/rybinsk/plumber"
"вакансия сантехник в рыбинске";"https://dodelay.ru/podrabotka/rybinsk/plumber"
"сантехник в тутаеве";"https://dodelay.ru/podrabotka/tutaev/plumber"
"сантехник тутаев";"https://dodelay.ru/podrabotka/tutaev/plumber"
"сантехнические работы в тутаеве";"https://dodelay.ru/podrabotka/tutaev/plumber"
"сантехнические работы тутаев";"https://dodelay.ru/podrabotka/tutaev/plumber"
"водопроводчик в тутаеве";"https://dodelay.ru/podrabotka/tutaev/plumber"
"водопроводчик тутаев";"https://dodelay.ru/podrabotka/tutaev/plumber"
"сантехник на дом в тутаеве";"https://dodelay.ru/podrabotka/tutaev/plumber"
"сантехник на дом тутаев";"https://dodelay.ru/podrabotka/tutaev/plumber"
"установка сантехники в тутаеве";"https://dodelay.ru/podrabotka/tutaev/plumber"
"установка сантехники тутаев";"https://dodelay.ru/podrabotka/tutaev/plumber"
"сантехник в тутаеве недорого";"https://dodelay.ru/podrabotka/tutaev/plumber"
"сантехник в тутаеве цены";"https://dodelay.ru/podrabotka/tutaev/plumber"
"сантехник в тутаеве на дом";"https://dodelay.ru/podrabotka/tutaev/plumber"
"вызвать сантехника в тутаеве";"https://dodelay.ru/podrabotka/tutaev/plumber"
"нанять сантехника в тутаеве";"https://dodelay.ru/podrabotka/tutaev/plumber"
"найти сантехника в тутаеве";"https://dodelay.ru/podrabotka/tutaev/plumber"
"услуги сантехника в тутаеве";"https://dodelay.ru/podrabotka/tutaev/plumber"
"сантехник частник в тутаеве";"https://dodelay.ru/podrabotka/tutaev/plumber"
"сантехник без посредников в тутаеве";"https://dodelay.ru/podrabotka/tutaev/plumber"
"работа сантехник в тутаеве";"https://dodelay.ru/podrabotka/tutaev/plumber"
"подработка сантехник в тутаеве";"https://dodelay.ru/podrabotka/tutaev/plumber"
"требуется сантехник в тутаеве";"https://dodelay.ru/podrabotka/tutaev/plumber"
"вакансия сантехник в тутаеве";"https://dodelay.ru/podrabotka/tutaev/plumber"
"сантехник в переславле-залесском";"https://dodelay.ru/podrabotka/pereslavl/plumber"
"сантехник переславль-залесский";"https://dodelay.ru/podrabotka/pereslavl/plumber"
"сантехнические работы в переславле-залесском";"https://dodelay.ru/podrabotka/pereslavl/plumber"
"сантехнические работы переславль-залесский";"https://dodelay.ru/podrabotka/pereslavl/plumber"
"водопроводчик в переславле-залесском";"https://dodelay.ru/podrabotka/pereslavl/plumber"
"водопроводчик переславль-залесский";"https://dodelay.ru/podrabotka/pereslavl/plumber"
"сантехник на дом в переславле-залесском";"https://dodelay.ru/podrabotka/pereslavl/plumber"
"сантехник на дом переславль-залесский";"https://dodelay.ru/podrabotka/pereslavl/plumber"
"установка сантехники в переславле-залесском";"https://dodelay.ru/podrabotka/pereslavl/plumber"
"установка сантехники переславль-залесский";"https://dodelay.ru/podrabotka/pereslavl/plumber"
"сантехник в переславле-залесском недорого";"https://dodelay.ru/podrabotka/pereslavl/plumber"
"сантехник в переславле-залесском цены";"https://dodelay.ru/podrabotka/pereslavl/plumber"
"сантехник в переславле-залесском на дом";"https://dodelay.ru/podrabotka/pereslavl/plumber"
"вызвать сантехника в переславле-залесском";"https://dodelay.ru/podrabotka/pereslavl/plumber"
"нанять сантехника в переславле-залесском";"https://dodelay.ru/podrabotka/pereslavl/plumber"
"найти сантехника в переславле-залесском";"https://dodelay.ru/podrabotka/pereslavl/plumber"
"услуги сантехника в переславле-залесском";"https://dodelay.ru/podrabotka/pereslavl/plumber"
"сантехник частник в переславле-залесском";"https://dodelay.ru/podrabotka/pereslavl/plumber"
"сантехник без посредников в переславле-залесском";"https://dodelay.ru/podrabotka/pereslavl/plumber"
"работа сантехник в переславле-залесском";"https://dodelay.ru/podrabotka/pereslavl/plumber"
"подработка сантехник в переславле-залесском";"https://dodelay.ru/podrabotka/pereslavl/plumber"
"требуется сантехник в переславле-залесском";"https://dodelay.ru/podrabotka/pereslavl/plumber"
"вакансия сантехник в переславле-залесском";"https://dodelay.ru/podrabotka/pereslavl/plumber"
"сантехник в угличе";"https://dodelay.ru/podrabotka/uglich/plumber"
"сантехник углич";"https://dodelay.ru/podrabotka/uglich/plumber"
"сантехнические работы в угличе";"https://dodelay.ru/podrabotka/uglich/plumber"
"сантехнические работы углич";"https://dodelay.ru/podrabotka/uglich/plumber"
"водопроводчик в угличе";"https://dodelay.ru/podrabotka/uglich/plumber"
"водопроводчик углич";"https://dodelay.ru/podrabotka/uglich/plumber"
"сантехник на дом в угличе";"https://dodelay.ru/podrabotka/uglich/plumber"
"сантехник на дом углич";"https://dodelay.ru/podrabotka/uglich/plumber"
"установка сантехники в угличе";"https://dodelay.ru/podrabotka/uglich/plumber"
"установка сантехники углич";"https://dodelay.ru/podrabotka/uglich/plumber"
"сантехник в угличе недорого";"https://dodelay.ru/podrabotka/uglich/plumber"
"сантехник в угличе цены";"https://dodelay.ru/podrabotka/uglich/plumber"
"сантехник в угличе на дом";"https://dodelay.ru/podrabotka/uglich/plumber"
"вызвать сантехника в угличе";"https://dodelay.ru/podrabotka/uglich/plumber"
"нанять сантехника в угличе";"https://dodelay.ru/podrabotka/uglich/plumber"
"найти сантехника в угличе";"https://dodelay.ru/podrabotka/uglich/plumber"
"услуги сантехника в угличе";"https://dodelay.ru/podrabotka/uglich/plumber"
"сантехник частник в угличе";"https://dodelay.ru/podrabotka/uglich/plumber"
"сантехник без посредников в угличе";"https://dodelay.ru/podrabotka/uglich/plumber"
"работа сантехник в угличе";"https://dodelay.ru/podrabotka/uglich/plumber"
"подработка сантехник в угличе";"https://dodelay.ru/podrabotka/uglich/plumber"
"требуется сантехник в угличе";"https://dodelay.ru/podrabotka/uglich/plumber"
"вакансия сантехник в угличе";"https://dodelay.ru/podrabotka/uglich/plumber"
"сантехник в ростове великом";"https://dodelay.ru/podrabotka/rostov/plumber"
"сантехник ростов великий";"https://dodelay.ru/podrabotka/rostov/plumber"
"сантехнические работы в ростове великом";"https://dodelay.ru/podrabotka/rostov/plumber"
"сантехнические работы ростов великий";"https://dodelay.ru/podrabotka/rostov/plumber"
"водопроводчик в ростове великом";"https://dodelay.ru/podrabotka/rostov/plumber"
"водопроводчик ростов великий";"https://dodelay.ru/podrabotka/rostov/plumber"
"сантехник на дом в ростове великом";"https://dodelay.ru/podrabotka/rostov/plumber"
"сантехник на дом ростов великий";"https://dodelay.ru/podrabotka/rostov/plumber"
"установка сантехники в ростове великом";"https://dodelay.ru/podrabotka/rostov/plumber"
"установка сантехники ростов великий";"https://dodelay.ru/podrabotka/rostov/plumber"
"сантехник в ростове великом недорого";"https://dodelay.ru/podrabotka/rostov/plumber"
"сантехник в ростове великом цены";"https://dodelay.ru/podrabotka/rostov/plumber"
"сантехник в ростове великом на дом";"https://dodelay.ru/podrabotka/rostov/plumber"
"вызвать сантехника в ростове великом";"https://dodelay.ru/podrabotka/rostov/plumber"
"нанять сантехника в ростове великом";"https://dodelay.ru/podrabotka/rostov/plumber"
"найти сантехника в ростове великом";"https://dodelay.ru/podrabotka/rostov/plumber"
"услуги сантехника в ростове великом";"https://dodelay.ru/podrabotka/rostov/plumber"
"сантехник частник в ростове великом";"https://dodelay.ru/podrabotka/rostov/plumber"
"сантехник без посредников в ростове великом";"https://dodelay.ru/podrabotka/rostov/plumber"
"работа сантехник в ростове великом";"https://dodelay.ru/podrabotka/rostov/plumber"
"подработка сантехник в ростове великом";"https://dodelay.ru/podrabotka/rostov/plumber"
"требуется сантехник в ростове великом";"https://dodelay.ru/podrabotka/rostov/plumber"
"вакансия сантехник в ростове великом";"https://dodelay.ru/podrabotka/rostov/plumber"
"замена смесителя в ярославле";"https://dodelay.ru/podrabotka/yaroslavl/plumber"
"замена смесителя цена";"https://dodelay.ru/podrabotka/yaroslavl/plumber"
"сколько стоит замена смесителя";"https://dodelay.ru/podrabotka/yaroslavl/plumber"
"устранение засора в ярославле";"https://dodelay.ru/podrabotka/yaroslavl/plumber"
"устранение засора цена";"https://dodelay.ru/podrabotka/yaroslavl/plumber"
"сколько стоит устранение засора";"https://dodelay.ru/podrabotka/yaroslavl/plumber"
"установка унитаза в ярославле";"https://dodelay.ru/podrabotka/yaroslavl/plumber"
"установка унитаза цена";"https://dodelay.ru/podrabotka/yaroslavl/plumber"
"сколько стоит установка унитаза";"https://dodelay.ru/podrabotka/yaroslavl/plumber"
"подключение стиральной машины в ярославле";"https://dodelay.ru/podrabotka/yaroslavl/plumber"
"подключение стиральной машины цена";"https://dodelay.ru/podrabotka/yaroslavl/plumber"
"сколько стоит подключение стиральной машины";"https://dodelay.ru/podrabotka/yaroslavl/plumber"
"сборка мебели в ярославле";"https://dodelay.ru/podrabotka/yaroslavl/furniture"
"сборка мебели ярославль";"https://dodelay.ru/podrabotka/yaroslavl/furniture"
"сборщик мебели в ярославле";"https://dodelay.ru/podrabotka/yaroslavl/furniture"
"сборщик мебели ярославль";"https://dodelay.ru/podrabotka/yaroslavl/furniture"
"сборка шкафов в ярославле";"https://dodelay.ru/podrabotka/yaroslavl/furniture"
"сборка шкафов ярославль";"https://dodelay.ru/podrabotka/yaroslavl/furniture"
"сборка кухни в ярославле";"https://dodelay.ru/podrabotka/yaroslavl/furniture"
"сборка кухни ярославль";"https://dodelay.ru/podrabotka/yaroslavl/furniture"
"монтаж мебели в ярославле";"https://dodelay.ru/podrabotka/yaroslavl/furniture"
"монтаж мебели ярославль";"https://dodelay.ru/podrabotka/yaroslavl/furniture"
"сборка мебели в ярославле недорого";"https://dodelay.ru/podrabotka/yaroslavl/furniture"
"сборка мебели в ярославле цены";"https://dodelay.ru/podrabotka/yaroslavl/furniture"
"сборка мебели в ярославле на дом";"https://dodelay.ru/podrabotka/yaroslavl/furniture"
"вызвать сборщика мебели в ярославле";"https://dodelay.ru/podrabotka/yaroslavl/furniture"
"нанять сборщика мебели в ярославле";"https://dodelay.ru/podrabotka/yaroslavl/furniture"
"найти сборщика мебели в ярославле";"https://dodelay.ru/podrabotka/yaroslavl/furniture"
"услуги сборщика мебели в ярославле";"https://dodelay.ru/podrabotka/yaroslavl/furniture"
"сборка мебели частник в ярославле";"https://dodelay.ru/podrabotka/yaroslavl/furniture"
"сборка мебели без посредников в ярославле";"https://dodelay.ru/podrabotka/yaroslavl/furniture"
"работа сборка мебели в ярославле";"https://dodelay.ru/podrabotka/yaroslavl/furniture"
"подработка сборка мебели в ярославле";"https://dodelay.ru/podrabotka/yaroslavl/furniture"
"требуется сборка мебели в ярославле";"https://dodelay.ru/podrabotka/yaroslavl/furniture"
"вакансия сборка мебели в ярославле";"https://dodelay.ru/podrabotka/yaroslavl/furniture"
"сборка мебели в рыбинске";"https://dodelay.ru/podrabotka/rybinsk/furniture"
"сборка мебели рыбинск";"https://dodelay.ru/podrabotka/rybinsk/furniture"
"сборщик мебели в рыбинске";"https://dodelay.ru/podrabotka/rybinsk/furniture"
"сборщик мебели рыбинск";"https://dodelay.ru/podrabotka/rybinsk/furniture"
"сборка шкафов в рыбинске";"https://dodelay.ru/podrabotka/rybinsk/furniture"
"сборка шкафов рыбинск";"https://dodelay.ru/podrabotka/rybinsk/furniture"
"сборка кухни в рыбинске";"https://dodelay.ru/podrabotka/rybinsk/furniture"
"сборка кухни рыбинск";"https://dodelay.ru/podrabotka/rybinsk/furniture"
"монтаж мебели в рыбинске";"https://dodelay.ru/podrabotka/rybinsk/furniture"
"монтаж мебели рыбинск";"https://dodelay.ru/podrabotka/rybinsk/furniture"
"сборка мебели в рыбинске недорого";"https://dodelay.ru/podrabotka/rybinsk/furniture"
"сборка мебели в рыбинске цены";"https://dodelay.ru/podrabotka/rybinsk/furniture"
"сборка мебели в рыбинске на дом";"https://dodelay.ru/podrabotka/rybinsk/furniture"
"вызвать сборщика мебели в рыбинске";"https://dodelay.ru/podrabotka/rybinsk/furniture"
"нанять сборщика мебели в рыбинске";"https://dodelay.ru/podrabotka/rybinsk/furniture"
"найти сборщика мебели в рыбинске";"https://dodelay.ru/podrabotka/rybinsk/furniture"
"услуги сборщика мебели в рыбинске";"https://dodelay.ru/podrabotka/rybinsk/furniture"
"сборка мебели частник в рыбинске";"https://dodelay.ru/podrabotka/rybinsk/furniture"
"сборка мебели без посредников в рыбинске";"https://dodelay.ru/podrabotka/rybinsk/furniture"
"работа сборка мебели в рыбинске";"https://dodelay.ru/podrabotka/rybinsk/furniture"
"подработка сборка мебели в рыбинске";"https://dodelay.ru/podrabotka/rybinsk/furniture"
"требуется сборка мебели в рыбинске";"https://dodelay.ru/podrabotka/rybinsk/furniture"
"вакансия сборка мебели в рыбинске";"https://dodelay.ru/podrabotka/rybinsk/furniture"
"сборка мебели в тутаеве";"https://dodelay.ru/podrabotka/tutaev/furniture"
"сборка мебели тутаев";"https://dodelay.ru/podrabotka/tutaev/furniture"
"сборщик мебели в тутаеве";"https://dodelay.ru/podrabotka/tutaev/furniture"
"сборщик мебели тутаев";"https://dodelay.ru/podrabotka/tutaev/furniture"
"сборка шкафов в тутаеве";"https://dodelay.ru/podrabotka/tutaev/furniture"
"сборка шкафов тутаев";"https://dodelay.ru/podrabotka/tutaev/furniture"
"сборка кухни в тутаеве";"https://dodelay.ru/podrabotka/tutaev/furniture"
"сборка кухни тутаев";"https://dodelay.ru/podrabotka/tutaev/furniture"
"монтаж мебели в тутаеве";"https://dodelay.ru/podrabotka/tutaev/furniture"
"монтаж мебели тутаев";"https://dodelay.ru/podrabotka/tutaev/furniture"
"сборка мебели в тутаеве недорого";"https://dodelay.ru/podrabotka/tutaev/furniture"
"сборка мебели в тутаеве цены";"https://dodelay.ru/podrabotka/tutaev/furniture"
"сборка мебели в тутаеве на дом";"https://dodelay.ru/podrabotka/tutaev/furniture"
"вызвать сборщика мебели в тутаеве";"https://dodelay.ru/podrabotka/tutaev/furniture"
"нанять сборщика мебели в тутаеве";"https://dodelay.ru/podrabotka/tutaev/furniture"
"найти сборщика мебели в тутаеве";"https://dodelay.ru/podrabotka/tutaev/furniture"
"услуги сборщика мебели в тутаеве";"https://dodelay.ru/podrabotka/tutaev/furniture"
"сборка мебели частник в тутаеве";"https://dodelay.ru/podrabotka/tutaev/furniture"
"сборка мебели без посредников в тутаеве";"https://dodelay.ru/podrabotka/tutaev/furniture"
"работа сборка мебели в тутаеве";"https://dodelay.ru/podrabotka/tutaev/furniture"
"подработка сборка мебели в тутаеве";"https://dodelay.ru/podrabotka/tutaev/furniture"
"требуется сборка мебели в тутаеве";"https://dodelay.ru/podrabotka/tutaev/furniture"
"вакансия сборка мебели в тутаеве";"https://dodelay.ru/podrabotka/tutaev/furniture"
"сборка мебели в переславле-залесском";"https://dodelay.ru/podrabotka/pereslavl/furniture"
"сборка мебели переславль-залесский";"https://dodelay.ru/podrabotka/pereslavl/furniture"
"сборщик мебели в переславле-залесском";"https://dodelay.ru/podrabotka/pereslavl/furniture"
"сборщик мебели переславль-залесский";"https://dodelay.ru/podrabotka/pereslavl/furniture"
"сборка шкафов в переславле-залесском";"https://dodelay.ru/podrabotka/pereslavl/furniture"
"сборка шкафов переславль-залесский";"https://dodelay.ru/podrabotka/pereslavl/furniture"
"сборка кухни в переславле-залесском";"https://dodelay.ru/podrabotka/pereslavl/furniture"
"сборка кухни переславль-залесский";"https://dodelay.ru/podrabotka/pereslavl/furniture"
"монтаж мебели в переславле-залесском";"https://dodelay.ru/podrabotka/pereslavl/furniture"
"монтаж мебели переславль-залесский";"https://dodelay.ru/podrabotka/pereslavl/furniture"
"сборка мебели в переславле-залесском недорого";"https://dodelay.ru/podrabotka/pereslavl/furniture"
"сборка мебели в переславле-залесском цены";"https://dodelay.ru/podrabotka/pereslavl/furniture"
"сборка мебели в переславле-залесском на дом";"https://dodelay.ru/podrabotka/pereslavl/furniture"
"вызвать сборщика мебели в переславле-залесском";"https://dodelay.ru/podrabotka/pereslavl/furniture"
"нанять сборщика мебели в переславле-залесском";"https://dodelay.ru/podrabotka/pereslavl/furniture"
"найти сборщика мебели в переславле-залесском";"https://dodelay.ru/podrabotka/pereslavl/furniture"
"услуги сборщика мебели в переславле-залесском";"https://dodelay.ru/podrabotka/pereslavl/furniture"
"сборка мебели частник в переславле-залесском";"https://dodelay.ru/podrabotka/pereslavl/furniture"
"сборка мебели без посредников в переславле-залесском";"https://dodelay.ru/podrabotka/pereslavl/furniture"
"работа сборка мебели в переславле-залесском";"https://dodelay.ru/podrabotka/pereslavl/furniture"
"подработка сборка мебели в переславле-залесском";"https://dodelay.ru/podrabotka/pereslavl/furniture"
"требуется сборка мебели в переславле-залесском";"https://dodelay.ru/podrabotka/pereslavl/furniture"
"вакансия сборка мебели в переславле-залесском";"https://dodelay.ru/podrabotka/pereslavl/furniture"
"сборка мебели в угличе";"https://dodelay.ru/podrabotka/uglich/furniture"
"сборка мебели углич";"https://dodelay.ru/podrabotka/uglich/furniture"
"сборщик мебели в угличе";"https://dodelay.ru/podrabotka/uglich/furniture"
"сборщик мебели углич";"https://dodelay.ru/podrabotka/uglich/furniture"
"сборка шкафов в угличе";"https://dodelay.ru/podrabotka/uglich/furniture"
"сборка шкафов углич";"https://dodelay.ru/podrabotka/uglich/furniture"
"сборка кухни в угличе";"https://dodelay.ru/podrabotka/uglich/furniture"
"сборка кухни углич";"https://dodelay.ru/podrabotka/uglich/furniture"
"монтаж мебели в угличе";"https://dodelay.ru/podrabotka/uglich/furniture"
"монтаж мебели углич";"https://dodelay.ru/podrabotka/uglich/furniture"
"сборка мебели в угличе недорого";"https://dodelay.ru/podrabotka/uglich/furniture"
"сборка мебели в угличе цены";"https://dodelay.ru/podrabotka/uglich/furniture"
"сборка мебели в угличе на дом";"https://dodelay.ru/podrabotka/uglich/furniture"
"вызвать сборщика мебели в угличе";"https://dodelay.ru/podrabotka/uglich/furniture"
"нанять сборщика мебели в угличе";"https://dodelay.ru/podrabotka/uglich/furniture"
"найти сборщика мебели в угличе";"https://dodelay.ru/podrabotka/uglich/furniture"
"услуги сборщика мебели в угличе";"https://dodelay.ru/podrabotka/uglich/furniture"
"сборка мебели частник в угличе";"https://dodelay.ru/podrabotka/uglich/furniture"
"сборка мебели без посредников в угличе";"https://dodelay.ru/podrabotka/uglich/furniture"
"работа сборка мебели в угличе";"https://dodelay.ru/podrabotka/uglich/furniture"
"подработка сборка мебели в угличе";"https://dodelay.ru/podrabotka/uglich/furniture"
"требуется сборка мебели в угличе";"https://dodelay.ru/podrabotka/uglich/furniture"
"вакансия сборка мебели в угличе";"https://dodelay.ru/podrabotka/uglich/furniture"
"сборка мебели в ростове великом";"https://dodelay.ru/podrabotka/rostov/furniture"
"сборка мебели ростов великий";"https://dodelay.ru/podrabotka/rostov/furniture"
"сборщик мебели в ростове великом";"https://dodelay.ru/podrabotka/rostov/furniture"
"сборщик мебели ростов великий";"https://dodelay.ru/podrabotka/rostov/furniture"
"сборка шкафов в ростове великом";"https://dodelay.ru/podrabotka/rostov/furniture"
"сборка шкафов ростов великий";"https://dodelay.ru/podrabotka/rostov/furniture"
"сборка кухни в ростове великом";"https://dodelay.ru/podrabotka/rostov/furniture"
"сборка кухни ростов великий";"https://dodelay.ru/podrabotka/rostov/furniture"
"монтаж мебели в ростове великом";"https://dodelay.ru/podrabotka/rostov/furniture"
"монтаж мебели ростов великий";"https://dodelay.ru/podrabotka/rostov/furniture"
"сборка мебели в ростове великом недорого";"https://dodelay.ru/podrabotka/rostov/furniture"
"сборка мебели в ростове великом цены";"https://dodelay.ru/podrabotka/rostov/furniture"
"сборка мебели в ростове великом на дом";"https://dodelay.ru/podrabotka/rostov/furniture"
"вызвать сборщика мебели в ростове великом";"https://dodelay.ru/podrabotka/rostov/furniture"
"нанять сборщика мебели в ростове великом";"https://dodelay.ru/podrabotka/rostov/furniture"
"найти сборщика мебели в ростове великом";"https://dodelay.ru/podrabotka/rostov/furniture"
"услуги сборщика мебели в ростове великом";"https://dodelay.ru/podrabotka/rostov/furniture"
"сборка мебели частник в ростове великом";"https://dodelay.ru/podrabotka/rostov/furniture"
"сборка мебели без посредников в ростове великом";"https://dodelay.ru/podrabotka/rostov/furniture"
"работа сборка мебели в ростове великом";"https://dodelay.ru/podrabotka/rostov/furniture"
"подработка сборка мебели в ростове великом";"https://dodelay.ru/podrabotka/rostov/furniture"
"требуется сборка мебели в ростове великом";"https://dodelay.ru/podrabotka/rostov/furniture"
"вакансия сборка мебели в ростове великом";"https://dodelay.ru/podrabotka/rostov/furniture"
"сборка шкафа в ярославле";"https://dodelay.ru/podrabotka/yaroslavl/furniture"
"сборка шкафа цена";"https://dodelay.ru/podrabotka/yaroslavl/furniture"
"сколько стоит сборка шкафа";"https://dodelay.ru/podrabotka/yaroslavl/furniture"
"сборка кровати в ярославле";"https://dodelay.ru/podrabotka/yaroslavl/furniture"
"сборка кровати цена";"https://dodelay.ru/podrabotka/yaroslavl/furniture"
"сколько стоит сборка кровати";"https://dodelay.ru/podrabotka/yaroslavl/furniture"
"сборка кухонного гарнитура в ярославле";"https://dodelay.ru/podrabotka/yaroslavl/furniture"
"сборка кухонного гарнитура цена";"https://dodelay.ru/podrabotka/yaroslavl/furniture"
"сколько стоит сборка кухонного гарнитура";"https://dodelay.ru/podrabotka/yaroslavl/furniture"
"разборка мебели перед переездом в ярославле";"https://dodelay.ru/podrabotka/yaroslavl/furniture"
"разборка мебели перед переездом цена";"https://dodelay.ru/podrabotka/yaroslavl/furniture"
"сколько стоит разборка мебели перед переездом";"https://dodelay.ru/podrabotka/yaroslavl/furniture"
"грузчик в ярославле";"https://dodelay.ru/podrabotka/yaroslavl/mover"
"грузчик ярославль";"https://dodelay.ru/podrabotka/yaroslavl/mover"
"грузчики в ярославле";"https://dodelay.ru/podrabotka/yaroslavl/mover"
"грузчики ярославль";"https://dodelay.ru/podrabotka/yaroslavl/mover"
"такелажник в ярославле";"https://dodelay.ru/podrabotka/yaroslavl/mover"
"такелажник ярославль";"https://dodelay.ru/podrabotka/yaroslavl/mover"
"разнорабочий на погрузку в ярославле";"https://dodelay.ru/podrabotka/yaroslavl/mover"
"разнорабочий на погрузку ярославль";"https://dodelay.ru/podrabotka/yaroslavl/mover"
"подсобник в ярославле";"https://dodelay.ru/podrabotka/yaroslavl/mover"
"подсобник ярославль";"https://dodelay.ru/podrabotka/yaroslavl/mover"
"помощь при переезде в ярославле";"https://dodelay.ru/podrabotka/yaroslavl/mover"
"помощь при переезде ярославль";"https://dodelay.ru/podrabotka/yaroslavl/mover"
"грузчик на час в ярославле";"https://dodelay.ru/podrabotka/yaroslavl/mover"
"грузчик на час ярославль";"https://dodelay.ru/podrabotka/yaroslavl/mover"
"грузчик в ярославле недорого";"https://dodelay.ru/podrabotka/yaroslavl/mover"
"грузчик в ярославле цены";"https://dodelay.ru/podrabotka/yaroslavl/mover"
"грузчик в ярославле на дом";"https://dodelay.ru/podrabotka/yaroslavl/mover"
"вызвать грузчика в ярославле";"https://dodelay.ru/podrabotka/yaroslavl/mover"
"нанять грузчика в ярославле";"https://dodelay.ru/podrabotka/yaroslavl/mover"
"найти грузчика в ярославле";"https://dodelay.ru/podrabotka/yaroslavl/mover"
"услуги грузчика в ярославле";"https://dodelay.ru/podrabotka/yaroslavl/mover"
"грузчик частник в ярославле";"https://dodelay.ru/podrabotka/yaroslavl/mover"
"грузчик без посредников в ярославле";"https://dodelay.ru/podrabotka/yaroslavl/mover"
"работа грузчик в ярославле";"https://dodelay.ru/podrabotka/yaroslavl/mover"
"подработка грузчик в ярославле";"https://dodelay.ru/podrabotka/yaroslavl/mover"
"требуется грузчик в ярославле";"https://dodelay.ru/podrabotka/yaroslavl/mover"
"вакансия грузчик в ярославле";"https://dodelay.ru/podrabotka/yaroslavl/mover"
"грузчик в рыбинске";"https://dodelay.ru/podrabotka/rybinsk/mover"
"грузчик рыбинск";"https://dodelay.ru/podrabotka/rybinsk/mover"
"грузчики в рыбинске";"https://dodelay.ru/podrabotka/rybinsk/mover"
"грузчики рыбинск";"https://dodelay.ru/podrabotka/rybinsk/mover"
"такелажник в рыбинске";"https://dodelay.ru/podrabotka/rybinsk/mover"
"такелажник рыбинск";"https://dodelay.ru/podrabotka/rybinsk/mover"
"разнорабочий на погрузку в рыбинске";"https://dodelay.ru/podrabotka/rybinsk/mover"
"разнорабочий на погрузку рыбинск";"https://dodelay.ru/podrabotka/rybinsk/mover"
"подсобник в рыбинске";"https://dodelay.ru/podrabotka/rybinsk/mover"
"подсобник рыбинск";"https://dodelay.ru/podrabotka/rybinsk/mover"
"помощь при переезде в рыбинске";"https://dodelay.ru/podrabotka/rybinsk/mover"
"помощь при переезде рыбинск";"https://dodelay.ru/podrabotka/rybinsk/mover"
"грузчик на час в рыбинске";"https://dodelay.ru/podrabotka/rybinsk/mover"
"грузчик на час рыбинск";"https://dodelay.ru/podrabotka/rybinsk/mover"
"грузчик в рыбинске недорого";"https://dodelay.ru/podrabotka/rybinsk/mover"
"грузчик в рыбинске цены";"https://dodelay.ru/podrabotka/rybinsk/mover"
"грузчик в рыбинске на дом";"https://dodelay.ru/podrabotka/rybinsk/mover"
"вызвать грузчика в рыбинске";"https://dodelay.ru/podrabotka/rybinsk/mover"
"нанять грузчика в рыбинске";"https://dodelay.ru/podrabotka/rybinsk/mover"
"найти грузчика в рыбинске";"https://dodelay.ru/podrabotka/rybinsk/mover"
"услуги грузчика в рыбинске";"https://dodelay.ru/podrabotka/rybinsk/mover"
"грузчик частник в рыбинске";"https://dodelay.ru/podrabotka/rybinsk/mover"
"грузчик без посредников в рыбинске";"https://dodelay.ru/podrabotka/rybinsk/mover"
"работа грузчик в рыбинске";"https://dodelay.ru/podrabotka/rybinsk/mover"
"подработка грузчик в рыбинске";"https://dodelay.ru/podrabotka/rybinsk/mover"
"требуется грузчик в рыбинске";"https://dodelay.ru/podrabotka/rybinsk/mover"
"вакансия грузчик в рыбинске";"https://dodelay.ru/podrabotka/rybinsk/mover"
"грузчик в тутаеве";"https://dodelay.ru/podrabotka/tutaev/mover"
"грузчик тутаев";"https://dodelay.ru/podrabotka/tutaev/mover"
"грузчики в тутаеве";"https://dodelay.ru/podrabotka/tutaev/mover"
"грузчики тутаев";"https://dodelay.ru/podrabotka/tutaev/mover"
"такелажник в тутаеве";"https://dodelay.ru/podrabotka/tutaev/mover"
"такелажник тутаев";"https://dodelay.ru/podrabotka/tutaev/mover"
"разнорабочий на погрузку в тутаеве";"https://dodelay.ru/podrabotka/tutaev/mover"
"разнорабочий на погрузку тутаев";"https://dodelay.ru/podrabotka/tutaev/mover"
"подсобник в тутаеве";"https://dodelay.ru/podrabotka/tutaev/mover"
"подсобник тутаев";"https://dodelay.ru/podrabotka/tutaev/mover"
"помощь при переезде в тутаеве";"https://dodelay.ru/podrabotka/tutaev/mover"
"помощь при переезде тутаев";"https://dodelay.ru/podrabotka/tutaev/mover"
"грузчик на час в тутаеве";"https://dodelay.ru/podrabotka/tutaev/mover"
"грузчик на час тутаев";"https://dodelay.ru/podrabotka/tutaev/mover"
"грузчик в тутаеве недорого";"https://dodelay.ru/podrabotka/tutaev/mover"
"грузчик в тутаеве цены";"https://dodelay.ru/podrabotka/tutaev/mover"
"грузчик в тутаеве на дом";"https://dodelay.ru/podrabotka/tutaev/mover"
"вызвать грузчика в тутаеве";"https://dodelay.ru/podrabotka/tutaev/mover"
"нанять грузчика в тутаеве";"https://dodelay.ru/podrabotka/tutaev/mover"
"найти грузчика в тутаеве";"https://dodelay.ru/podrabotka/tutaev/mover"
"услуги грузчика в тутаеве";"https://dodelay.ru/podrabotka/tutaev/mover"
"грузчик частник в тутаеве";"https://dodelay.ru/podrabotka/tutaev/mover"
"грузчик без посредников в тутаеве";"https://dodelay.ru/podrabotka/tutaev/mover"
"работа грузчик в тутаеве";"https://dodelay.ru/podrabotka/tutaev/mover"
"подработка грузчик в тутаеве";"https://dodelay.ru/podrabotka/tutaev/mover"
"требуется грузчик в тутаеве";"https://dodelay.ru/podrabotka/tutaev/mover"
"вакансия грузчик в тутаеве";"https://dodelay.ru/podrabotka/tutaev/mover"
"грузчик в переславле-залесском";"https://dodelay.ru/podrabotka/pereslavl/mover"
"грузчик переславль-залесский";"https://dodelay.ru/podrabotka/pereslavl/mover"
"грузчики в переславле-залесском";"https://dodelay.ru/podrabotka/pereslavl/mover"
"грузчики переславль-залесский";"https://dodelay.ru/podrabotka/pereslavl/mover"
"такелажник в переславле-залесском";"https://dodelay.ru/podrabotka/pereslavl/mover"
"такелажник переславль-залесский";"https://dodelay.ru/podrabotka/pereslavl/mover"
"разнорабочий на погрузку в переславле-залесском";"https://dodelay.ru/podrabotka/pereslavl/mover"
"разнорабочий на погрузку переславль-залесский";"https://dodelay.ru/podrabotka/pereslavl/mover"
"подсобник в переславле-залесском";"https://dodelay.ru/podrabotka/pereslavl/mover"
"подсобник переславль-залесский";"https://dodelay.ru/podrabotka/pereslavl/mover"
"помощь при переезде в переславле-залесском";"https://dodelay.ru/podrabotka/pereslavl/mover"
"помощь при переезде переславль-залесский";"https://dodelay.ru/podrabotka/pereslavl/mover"
"грузчик на час в переславле-залесском";"https://dodelay.ru/podrabotka/pereslavl/mover"
"грузчик на час переславль-залесский";"https://dodelay.ru/podrabotka/pereslavl/mover"
"грузчик в переславле-залесском недорого";"https://dodelay.ru/podrabotka/pereslavl/mover"
"грузчик в переславле-залесском цены";"https://dodelay.ru/podrabotka/pereslavl/mover"
"грузчик в переславле-залесском на дом";"https://dodelay.ru/podrabotka/pereslavl/mover"
"вызвать грузчика в переславле-залесском";"https://dodelay.ru/podrabotka/pereslavl/mover"
"нанять грузчика в переславле-залесском";"https://dodelay.ru/podrabotka/pereslavl/mover"
"найти грузчика в переславле-залесском";"https://dodelay.ru/podrabotka/pereslavl/mover"
"услуги грузчика в переславле-залесском";"https://dodelay.ru/podrabotka/pereslavl/mover"
"грузчик частник в переславле-залесском";"https://dodelay.ru/podrabotka/pereslavl/mover"
"грузчик без посредников в переславле-залесском";"https://dodelay.ru/podrabotka/pereslavl/mover"
"работа грузчик в переславле-залесском";"https://dodelay.ru/podrabotka/pereslavl/mover"
"подработка грузчик в переславле-залесском";"https://dodelay.ru/podrabotka/pereslavl/mover"
"требуется грузчик в переславле-залесском";"https://dodelay.ru/podrabotka/pereslavl/mover"
"вакансия грузчик в переславле-залесском";"https://dodelay.ru/podrabotka/pereslavl/mover"
"грузчик в угличе";"https://dodelay.ru/podrabotka/uglich/mover"
"грузчик углич";"https://dodelay.ru/podrabotka/uglich/mover"
"грузчики в угличе";"https://dodelay.ru/podrabotka/uglich/mover"
"грузчики углич";"https://dodelay.ru/podrabotka/uglich/mover"
"такелажник в угличе";"https://dodelay.ru/podrabotka/uglich/mover"
"такелажник углич";"https://dodelay.ru/podrabotka/uglich/mover"
"разнорабочий на погрузку в угличе";"https://dodelay.ru/podrabotka/uglich/mover"
"разнорабочий на погрузку углич";"https://dodelay.ru/podrabotka/uglich/mover"
"подсобник в угличе";"https://dodelay.ru/podrabotka/uglich/mover"
"подсобник углич";"https://dodelay.ru/podrabotka/uglich/mover"
"помощь при переезде в угличе";"https://dodelay.ru/podrabotka/uglich/mover"
"помощь при переезде углич";"https://dodelay.ru/podrabotka/uglich/mover"
"грузчик на час в угличе";"https://dodelay.ru/podrabotka/uglich/mover"
"грузчик на час углич";"https://dodelay.ru/podrabotka/uglich/mover"
"грузчик в угличе недорого";"https://dodelay.ru/podrabotka/uglich/mover"
"грузчик в угличе цены";"https://dodelay.ru/podrabotka/uglich/mover"
"грузчик в угличе на дом";"https://dodelay.ru/podrabotka/uglich/mover"
"вызвать грузчика в угличе";"https://dodelay.ru/podrabotka/uglich/mover"
"нанять грузчика в угличе";"https://dodelay.ru/podrabotka/uglich/mover"
"найти грузчика в угличе";"https://dodelay.ru/podrabotka/uglich/mover"
"услуги грузчика в угличе";"https://dodelay.ru/podrabotka/uglich/mover"
"грузчик частник в угличе";"https://dodelay.ru/podrabotka/uglich/mover"
"грузчик без посредников в угличе";"https://dodelay.ru/podrabotka/uglich/mover"
"работа грузчик в угличе";"https://dodelay.ru/podrabotka/uglich/mover"
"подработка грузчик в угличе";"https://dodelay.ru/podrabotka/uglich/mover"
"требуется грузчик в угличе";"https://dodelay.ru/podrabotka/uglich/mover"
"вакансия грузчик в угличе";"https://dodelay.ru/podrabotka/uglich/mover"
"грузчик в ростове великом";"https://dodelay.ru/podrabotka/rostov/mover"
"грузчик ростов великий";"https://dodelay.ru/podrabotka/rostov/mover"
"грузчики в ростове великом";"https://dodelay.ru/podrabotka/rostov/mover"
"грузчики ростов великий";"https://dodelay.ru/podrabotka/rostov/mover"
"такелажник в ростове великом";"https://dodelay.ru/podrabotka/rostov/mover"
"такелажник ростов великий";"https://dodelay.ru/podrabotka/rostov/mover"
"разнорабочий на погрузку в ростове великом";"https://dodelay.ru/podrabotka/rostov/mover"
"разнорабочий на погрузку ростов великий";"https://dodelay.ru/podrabotka/rostov/mover"
"подсобник в ростове великом";"https://dodelay.ru/podrabotka/rostov/mover"
"подсобник ростов великий";"https://dodelay.ru/podrabotka/rostov/mover"
"помощь при переезде в ростове великом";"https://dodelay.ru/podrabotka/rostov/mover"
"помощь при переезде ростов великий";"https://dodelay.ru/podrabotka/rostov/mover"
"грузчик на час в ростове великом";"https://dodelay.ru/podrabotka/rostov/mover"
"грузчик на час ростов великий";"https://dodelay.ru/podrabotka/rostov/mover"
"грузчик в ростове великом недорого";"https://dodelay.ru/podrabotka/rostov/mover"
"грузчик в ростове великом цены";"https://dodelay.ru/podrabotka/rostov/mover"
"грузчик в ростове великом на дом";"https://dodelay.ru/podrabotka/rostov/mover"
"вызвать грузчика в ростове великом";"https://dodelay.ru/podrabotka/rostov/mover"
"нанять грузчика в ростове великом";"https://dodelay.ru/podrabotka/rostov/mover"
"найти грузчика в ростове великом";"https://dodelay.ru/podrabotka/rostov/mover"
"услуги грузчика в ростове великом";"https://dodelay.ru/podrabotka/rostov/mover"
"грузчик частник в ростове великом";"https://dodelay.ru/podrabotka/rostov/mover"
"грузчик без посредников в ростове великом";"https://dodelay.ru/podrabotka/rostov/mover"
"работа грузчик в ростове великом";"https://dodelay.ru/podrabotka/rostov/mover"
"подработка грузчик в ростове великом";"https://dodelay.ru/podrabotka/rostov/mover"
"требуется грузчик в ростове великом";"https://dodelay.ru/podrabotka/rostov/mover"
"вакансия грузчик в ростове великом";"https://dodelay.ru/podrabotka/rostov/mover"
"погрузка-разгрузка";"https://dodelay.ru/podrabotka/yaroslavl/mover"
"сколько стоит погрузка-разгрузка";"https://dodelay.ru/podrabotka/yaroslavl/mover"
"подъём на этаж без лифта в ярославле";"https://dodelay.ru/podrabotka/yaroslavl/mover"
"подъём на этаж без лифта цена";"https://dodelay.ru/podrabotka/yaroslavl/mover"
"сколько стоит подъём на этаж без лифта";"https://dodelay.ru/podrabotka/yaroslavl/mover"
"квартирный переезд";"https://dodelay.ru/podrabotka/yaroslavl/mover"
"сколько стоит квартирный переезд";"https://dodelay.ru/podrabotka/yaroslavl/mover"
"вынос старой мебели в ярославле";"https://dodelay.ru/podrabotka/yaroslavl/mover"
"вынос старой мебели цена";"https://dodelay.ru/podrabotka/yaroslavl/mover"
"сколько стоит вынос старой мебели";"https://dodelay.ru/podrabotka/yaroslavl/mover"
"сварщик в ярославле";"https://dodelay.ru/podrabotka/yaroslavl/welder"
"сварщик ярославль";"https://dodelay.ru/podrabotka/yaroslavl/welder"
"сварщик в ярославле недорого";"https://dodelay.ru/podrabotka/yaroslavl/welder"
"сварщик в ярославле цены";"https://dodelay.ru/podrabotka/yaroslavl/welder"
"сварщик в ярославле на дом";"https://dodelay.ru/podrabotka/yaroslavl/welder"
"вызвать сварщика в ярославле";"https://dodelay.ru/podrabotka/yaroslavl/welder"
"нанять сварщика в ярославле";"https://dodelay.ru/podrabotka/yaroslavl/welder"
"найти сварщика в ярославле";"https://dodelay.ru/podrabotka/yaroslavl/welder"
"услуги сварщика в ярославле";"https://dodelay.ru/podrabotka/yaroslavl/welder"
"сварщик частник в ярославле";"https://dodelay.ru/podrabotka/yaroslavl/welder"
"сварщик без посредников в ярославле";"https://dodelay.ru/podrabotka/yaroslavl/welder"
"работа сварщик в ярославле";"https://dodelay.ru/podrabotka/yaroslavl/welder"
"подработка сварщик в ярославле";"https://dodelay.ru/podrabotka/yaroslavl/welder"
"требуется сварщик в ярославле";"https://dodelay.ru/podrabotka/yaroslavl/welder"
"вакансия сварщик в ярославле";"https://dodelay.ru/podrabotka/yaroslavl/welder"
"сварщик в рыбинске";"https://dodelay.ru/podrabotka/rybinsk/welder"
"сварщик рыбинск";"https://dodelay.ru/podrabotka/rybinsk/welder"
"сварщик в рыбинске недорого";"https://dodelay.ru/podrabotka/rybinsk/welder"
"сварщик в рыбинске цены";"https://dodelay.ru/podrabotka/rybinsk/welder"
"сварщик в рыбинске на дом";"https://dodelay.ru/podrabotka/rybinsk/welder"
"вызвать сварщика в рыбинске";"https://dodelay.ru/podrabotka/rybinsk/welder"
"нанять сварщика в рыбинске";"https://dodelay.ru/podrabotka/rybinsk/welder"
"найти сварщика в рыбинске";"https://dodelay.ru/podrabotka/rybinsk/welder"
"услуги сварщика в рыбинске";"https://dodelay.ru/podrabotka/rybinsk/welder"
"сварщик частник в рыбинске";"https://dodelay.ru/podrabotka/rybinsk/welder"
"сварщик без посредников в рыбинске";"https://dodelay.ru/podrabotka/rybinsk/welder"
"работа сварщик в рыбинске";"https://dodelay.ru/podrabotka/rybinsk/welder"
"подработка сварщик в рыбинске";"https://dodelay.ru/podrabotka/rybinsk/welder"
"требуется сварщик в рыбинске";"https://dodelay.ru/podrabotka/rybinsk/welder"
"вакансия сварщик в рыбинске";"https://dodelay.ru/podrabotka/rybinsk/welder"
"сварщик в тутаеве";"https://dodelay.ru/podrabotka/tutaev/welder"
"сварщик тутаев";"https://dodelay.ru/podrabotka/tutaev/welder"
"сварщик в тутаеве недорого";"https://dodelay.ru/podrabotka/tutaev/welder"
"сварщик в тутаеве цены";"https://dodelay.ru/podrabotka/tutaev/welder"
"сварщик в тутаеве на дом";"https://dodelay.ru/podrabotka/tutaev/welder"
"вызвать сварщика в тутаеве";"https://dodelay.ru/podrabotka/tutaev/welder"
"нанять сварщика в тутаеве";"https://dodelay.ru/podrabotka/tutaev/welder"
"найти сварщика в тутаеве";"https://dodelay.ru/podrabotka/tutaev/welder"
"услуги сварщика в тутаеве";"https://dodelay.ru/podrabotka/tutaev/welder"
"сварщик частник в тутаеве";"https://dodelay.ru/podrabotka/tutaev/welder"
"сварщик без посредников в тутаеве";"https://dodelay.ru/podrabotka/tutaev/welder"
"работа сварщик в тутаеве";"https://dodelay.ru/podrabotka/tutaev/welder"
"подработка сварщик в тутаеве";"https://dodelay.ru/podrabotka/tutaev/welder"
"требуется сварщик в тутаеве";"https://dodelay.ru/podrabotka/tutaev/welder"
"вакансия сварщик в тутаеве";"https://dodelay.ru/podrabotka/tutaev/welder"
"сварщик в переславле-залесском";"https://dodelay.ru/podrabotka/pereslavl/welder"
"сварщик переславль-залесский";"https://dodelay.ru/podrabotka/pereslavl/welder"
"сварщик в переславле-залесском недорого";"https://dodelay.ru/podrabotka/pereslavl/welder"
"сварщик в переславле-залесском цены";"https://dodelay.ru/podrabotka/pereslavl/welder"
"сварщик в переславле-залесском на дом";"https://dodelay.ru/podrabotka/pereslavl/welder"
"вызвать сварщика в переславле-залесском";"https://dodelay.ru/podrabotka/pereslavl/welder"
"нанять сварщика в переславле-залесском";"https://dodelay.ru/podrabotka/pereslavl/welder"
"найти сварщика в переславле-залесском";"https://dodelay.ru/podrabotka/pereslavl/welder"
"услуги сварщика в переславле-залесском";"https://dodelay.ru/podrabotka/pereslavl/welder"
"сварщик частник в переславле-залесском";"https://dodelay.ru/podrabotka/pereslavl/welder"
"сварщик без посредников в переславле-залесском";"https://dodelay.ru/podrabotka/pereslavl/welder"
"работа сварщик в переславле-залесском";"https://dodelay.ru/podrabotka/pereslavl/welder"
"подработка сварщик в переславле-залесском";"https://dodelay.ru/podrabotka/pereslavl/welder"
"требуется сварщик в переславле-залесском";"https://dodelay.ru/podrabotka/pereslavl/welder"
"вакансия сварщик в переславле-залесском";"https://dodelay.ru/podrabotka/pereslavl/welder"
"сварщик в угличе";"https://dodelay.ru/podrabotka/uglich/welder"
"сварщик углич";"https://dodelay.ru/podrabotka/uglich/welder"
"сварщик в угличе недорого";"https://dodelay.ru/podrabotka/uglich/welder"
"сварщик в угличе цены";"https://dodelay.ru/podrabotka/uglich/welder"
"сварщик в угличе на дом";"https://dodelay.ru/podrabotka/uglich/welder"
"вызвать сварщика в угличе";"https://dodelay.ru/podrabotka/uglich/welder"
"нанять сварщика в угличе";"https://dodelay.ru/podrabotka/uglich/welder"
"найти сварщика в угличе";"https://dodelay.ru/podrabotka/uglich/welder"
"услуги сварщика в угличе";"https://dodelay.ru/podrabotka/uglich/welder"
"сварщик частник в угличе";"https://dodelay.ru/podrabotka/uglich/welder"
"сварщик без посредников в угличе";"https://dodelay.ru/podrabotka/uglich/welder"
"работа сварщик в угличе";"https://dodelay.ru/podrabotka/uglich/welder"
"подработка сварщик в угличе";"https://dodelay.ru/podrabotka/uglich/welder"
"требуется сварщик в угличе";"https://dodelay.ru/podrabotka/uglich/welder"
"вакансия сварщик в угличе";"https://dodelay.ru/podrabotka/uglich/welder"
"сварщик в ростове великом";"https://dodelay.ru/podrabotka/rostov/welder"
"сварщик ростов великий";"https://dodelay.ru/podrabotka/rostov/welder"
"сварщик в ростове великом недорого";"https://dodelay.ru/podrabotka/rostov/welder"
"сварщик в ростове великом цены";"https://dodelay.ru/podrabotka/rostov/welder"
"сварщик в ростове великом на дом";"https://dodelay.ru/podrabotka/rostov/welder"
"вызвать сварщика в ростове великом";"https://dodelay.ru/podrabotka/rostov/welder"
"нанять сварщика в ростове великом";"https://dodelay.ru/podrabotka/rostov/welder"
"найти сварщика в ростове великом";"https://dodelay.ru/podrabotka/rostov/welder"
"услуги сварщика в ростове великом";"https://dodelay.ru/podrabotka/rostov/welder"
"сварщик частник в ростове великом";"https://dodelay.ru/podrabotka/rostov/welder"
"сварщик без посредников в ростове великом";"https://dodelay.ru/podrabotka/rostov/welder"
"работа сварщик в ростове великом";"https://dodelay.ru/podrabotka/rostov/welder"
"подработка сварщик в ростове великом";"https://dodelay.ru/podrabotka/rostov/welder"
"требуется сварщик в ростове великом";"https://dodelay.ru/podrabotka/rostov/welder"
"вакансия сварщик в ростове великом";"https://dodelay.ru/podrabotka/rostov/welder"
"сварочный шов";"https://dodelay.ru/podrabotka/yaroslavl/welder"
"сколько стоит сварочный шов";"https://dodelay.ru/podrabotka/yaroslavl/welder"
"ремонт ворот или калитки в ярославле";"https://dodelay.ru/podrabotka/yaroslavl/welder"
"ремонт ворот или калитки цена";"https://dodelay.ru/podrabotka/yaroslavl/welder"
"сколько стоит ремонт ворот или калитки";"https://dodelay.ru/podrabotka/yaroslavl/welder"
"изготовление навеса в ярославле";"https://dodelay.ru/podrabotka/yaroslavl/welder"
"изготовление навеса цена";"https://dodelay.ru/podrabotka/yaroslavl/welder"
"сколько стоит изготовление навеса";"https://dodelay.ru/podrabotka/yaroslavl/welder"
"металлокаркас под лестницу в ярославле";"https://dodelay.ru/podrabotka/yaroslavl/welder"
"металлокаркас под лестницу цена";"https://dodelay.ru/podrabotka/yaroslavl/welder"
"сколько стоит металлокаркас под лестницу";"https://dodelay.ru/podrabotka/yaroslavl/welder"
"плиточник в ярославле";"https://dodelay.ru/podrabotka/yaroslavl/tiler"
"плиточник ярославль";"https://dodelay.ru/podrabotka/yaroslavl/tiler"
"плиточник в ярославле недорого";"https://dodelay.ru/podrabotka/yaroslavl/tiler"
"плиточник в ярославле цены";"https://dodelay.ru/podrabotka/yaroslavl/tiler"
"плиточник в ярославле на дом";"https://dodelay.ru/podrabotka/yaroslavl/tiler"
"вызвать плиточника в ярославле";"https://dodelay.ru/podrabotka/yaroslavl/tiler"
"нанять плиточника в ярославле";"https://dodelay.ru/podrabotka/yaroslavl/tiler"
"найти плиточника в ярославле";"https://dodelay.ru/podrabotka/yaroslavl/tiler"
"услуги плиточника в ярославле";"https://dodelay.ru/podrabotka/yaroslavl/tiler"
"плиточник частник в ярославле";"https://dodelay.ru/podrabotka/yaroslavl/tiler"
"плиточник без посредников в ярославле";"https://dodelay.ru/podrabotka/yaroslavl/tiler"
"работа плиточник в ярославле";"https://dodelay.ru/podrabotka/yaroslavl/tiler"
"подработка плиточник в ярославле";"https://dodelay.ru/podrabotka/yaroslavl/tiler"
"требуется плиточник в ярославле";"https://dodelay.ru/podrabotka/yaroslavl/tiler"
"вакансия плиточник в ярославле";"https://dodelay.ru/podrabotka/yaroslavl/tiler"
"плиточник в рыбинске";"https://dodelay.ru/podrabotka/rybinsk/tiler"
"плиточник рыбинск";"https://dodelay.ru/podrabotka/rybinsk/tiler"
"плиточник в рыбинске недорого";"https://dodelay.ru/podrabotka/rybinsk/tiler"
"плиточник в рыбинске цены";"https://dodelay.ru/podrabotka/rybinsk/tiler"
"плиточник в рыбинске на дом";"https://dodelay.ru/podrabotka/rybinsk/tiler"
"вызвать плиточника в рыбинске";"https://dodelay.ru/podrabotka/rybinsk/tiler"
"нанять плиточника в рыбинске";"https://dodelay.ru/podrabotka/rybinsk/tiler"
"найти плиточника в рыбинске";"https://dodelay.ru/podrabotka/rybinsk/tiler"
"услуги плиточника в рыбинске";"https://dodelay.ru/podrabotka/rybinsk/tiler"
"плиточник частник в рыбинске";"https://dodelay.ru/podrabotka/rybinsk/tiler"
"плиточник без посредников в рыбинске";"https://dodelay.ru/podrabotka/rybinsk/tiler"
"работа плиточник в рыбинске";"https://dodelay.ru/podrabotka/rybinsk/tiler"
"подработка плиточник в рыбинске";"https://dodelay.ru/podrabotka/rybinsk/tiler"
"требуется плиточник в рыбинске";"https://dodelay.ru/podrabotka/rybinsk/tiler"
"вакансия плиточник в рыбинске";"https://dodelay.ru/podrabotka/rybinsk/tiler"
"плиточник в тутаеве";"https://dodelay.ru/podrabotka/tutaev/tiler"
"плиточник тутаев";"https://dodelay.ru/podrabotka/tutaev/tiler"
"плиточник в тутаеве недорого";"https://dodelay.ru/podrabotka/tutaev/tiler"
"плиточник в тутаеве цены";"https://dodelay.ru/podrabotka/tutaev/tiler"
"плиточник в тутаеве на дом";"https://dodelay.ru/podrabotka/tutaev/tiler"
"вызвать плиточника в тутаеве";"https://dodelay.ru/podrabotka/tutaev/tiler"
"нанять плиточника в тутаеве";"https://dodelay.ru/podrabotka/tutaev/tiler"
"найти плиточника в тутаеве";"https://dodelay.ru/podrabotka/tutaev/tiler"
"услуги плиточника в тутаеве";"https://dodelay.ru/podrabotka/tutaev/tiler"
"плиточник частник в тутаеве";"https://dodelay.ru/podrabotka/tutaev/tiler"
"плиточник без посредников в тутаеве";"https://dodelay.ru/podrabotka/tutaev/tiler"
"работа плиточник в тутаеве";"https://dodelay.ru/podrabotka/tutaev/tiler"
"подработка плиточник в тутаеве";"https://dodelay.ru/podrabotka/tutaev/tiler"
"требуется плиточник в тутаеве";"https://dodelay.ru/podrabotka/tutaev/tiler"
"вакансия плиточник в тутаеве";"https://dodelay.ru/podrabotka/tutaev/tiler"
"плиточник в переславле-залесском";"https://dodelay.ru/podrabotka/pereslavl/tiler"
"плиточник переславль-залесский";"https://dodelay.ru/podrabotka/pereslavl/tiler"
"плиточник в переславле-залесском недорого";"https://dodelay.ru/podrabotka/pereslavl/tiler"
"плиточник в переславле-залесском цены";"https://dodelay.ru/podrabotka/pereslavl/tiler"
"плиточник в переславле-залесском на дом";"https://dodelay.ru/podrabotka/pereslavl/tiler"
"вызвать плиточника в переславле-залесском";"https://dodelay.ru/podrabotka/pereslavl/tiler"
"нанять плиточника в переславле-залесском";"https://dodelay.ru/podrabotka/pereslavl/tiler"
"найти плиточника в переславле-залесском";"https://dodelay.ru/podrabotka/pereslavl/tiler"
"услуги плиточника в переславле-залесском";"https://dodelay.ru/podrabotka/pereslavl/tiler"
"плиточник частник в переславле-залесском";"https://dodelay.ru/podrabotka/pereslavl/tiler"
"плиточник без посредников в переславле-залесском";"https://dodelay.ru/podrabotka/pereslavl/tiler"
"работа плиточник в переславле-залесском";"https://dodelay.ru/podrabotka/pereslavl/tiler"
"подработка плиточник в переславле-залесском";"https://dodelay.ru/podrabotka/pereslavl/tiler"
"требуется плиточник в переславле-залесском";"https://dodelay.ru/podrabotka/pereslavl/tiler"
"вакансия плиточник в переславле-залесском";"https://dodelay.ru/podrabotka/pereslavl/tiler"
"плиточник в угличе";"https://dodelay.ru/podrabotka/uglich/tiler"
"плиточник углич";"https://dodelay.ru/podrabotka/uglich/tiler"
"плиточник в угличе недорого";"https://dodelay.ru/podrabotka/uglich/tiler"
"плиточник в угличе цены";"https://dodelay.ru/podrabotka/uglich/tiler"
"плиточник в угличе на дом";"https://dodelay.ru/podrabotka/uglich/tiler"
"вызвать плиточника в угличе";"https://dodelay.ru/podrabotka/uglich/tiler"
"нанять плиточника в угличе";"https://dodelay.ru/podrabotka/uglich/tiler"
"найти плиточника в угличе";"https://dodelay.ru/podrabotka/uglich/tiler"
"услуги плиточника в угличе";"https://dodelay.ru/podrabotka/uglich/tiler"
"плиточник частник в угличе";"https://dodelay.ru/podrabotka/uglich/tiler"
"плиточник без посредников в угличе";"https://dodelay.ru/podrabotka/uglich/tiler"
"работа плиточник в угличе";"https://dodelay.ru/podrabotka/uglich/tiler"
"подработка плиточник в угличе";"https://dodelay.ru/podrabotka/uglich/tiler"
"требуется плиточник в угличе";"https://dodelay.ru/podrabotka/uglich/tiler"
"вакансия плиточник в угличе";"https://dodelay.ru/podrabotka/uglich/tiler"
"плиточник в ростове великом";"https://dodelay.ru/podrabotka/rostov/tiler"
"плиточник ростов великий";"https://dodelay.ru/podrabotka/rostov/tiler"
"плиточник в ростове великом недорого";"https://dodelay.ru/podrabotka/rostov/tiler"
"плиточник в ростове великом цены";"https://dodelay.ru/podrabotka/rostov/tiler"
"плиточник в ростове великом на дом";"https://dodelay.ru/podrabotka/rostov/tiler"
"вызвать плиточника в ростове великом";"https://dodelay.ru/podrabotka/rostov/tiler"
"нанять плиточника в ростове великом";"https://dodelay.ru/podrabotka/rostov/tiler"
"найти плиточника в ростове великом";"https://dodelay.ru/podrabotka/rostov/tiler"
"услуги плиточника в ростове великом";"https://dodelay.ru/podrabotka/rostov/tiler"
"плиточник частник в ростове великом";"https://dodelay.ru/podrabotka/rostov/tiler"
"плиточник без посредников в ростове великом";"https://dodelay.ru/podrabotka/rostov/tiler"
"работа плиточник в ростове великом";"https://dodelay.ru/podrabotka/rostov/tiler"
"подработка плиточник в ростове великом";"https://dodelay.ru/podrabotka/rostov/tiler"
"требуется плиточник в ростове великом";"https://dodelay.ru/podrabotka/rostov/tiler"
"вакансия плиточник в ростове великом";"https://dodelay.ru/podrabotka/rostov/tiler"
"укладка плитки на стену";"https://dodelay.ru/podrabotka/yaroslavl/tiler"
"сколько стоит укладка плитки на стену";"https://dodelay.ru/podrabotka/yaroslavl/tiler"
"укладка плитки на пол";"https://dodelay.ru/podrabotka/yaroslavl/tiler"
"сколько стоит укладка плитки на пол";"https://dodelay.ru/podrabotka/yaroslavl/tiler"
"кухонный фартук под ключ в ярославле";"https://dodelay.ru/podrabotka/yaroslavl/tiler"
"кухонный фартук под ключ цена";"https://dodelay.ru/podrabotka/yaroslavl/tiler"
"сколько стоит кухонный фартук под ключ";"https://dodelay.ru/podrabotka/yaroslavl/tiler"
"санузел под ключ в ярославле";"https://dodelay.ru/podrabotka/yaroslavl/tiler"
"санузел под ключ цена";"https://dodelay.ru/podrabotka/yaroslavl/tiler"
"сколько стоит санузел под ключ";"https://dodelay.ru/podrabotka/yaroslavl/tiler"
"маляр в ярославле";"https://dodelay.ru/podrabotka/yaroslavl/painter"
"маляр ярославль";"https://dodelay.ru/podrabotka/yaroslavl/painter"
"маляр в ярославле недорого";"https://dodelay.ru/podrabotka/yaroslavl/painter"
"маляр в ярославле цены";"https://dodelay.ru/podrabotka/yaroslavl/painter"
"маляр в ярославле на дом";"https://dodelay.ru/podrabotka/yaroslavl/painter"
"вызвать маляра в ярославле";"https://dodelay.ru/podrabotka/yaroslavl/painter"
"нанять маляра в ярославле";"https://dodelay.ru/podrabotka/yaroslavl/painter"
"найти маляра в ярославле";"https://dodelay.ru/podrabotka/yaroslavl/painter"
"услуги маляра в ярославле";"https://dodelay.ru/podrabotka/yaroslavl/painter"
"маляр частник в ярославле";"https://dodelay.ru/podrabotka/yaroslavl/painter"
"маляр без посредников в ярославле";"https://dodelay.ru/podrabotka/yaroslavl/painter"
"работа маляр в ярославле";"https://dodelay.ru/podrabotka/yaroslavl/painter"
"подработка маляр в ярославле";"https://dodelay.ru/podrabotka/yaroslavl/painter"
"требуется маляр в ярославле";"https://dodelay.ru/podrabotka/yaroslavl/painter"
"вакансия маляр в ярославле";"https://dodelay.ru/podrabotka/yaroslavl/painter"
"маляр в рыбинске";"https://dodelay.ru/podrabotka/rybinsk/painter"
"маляр рыбинск";"https://dodelay.ru/podrabotka/rybinsk/painter"
"маляр в рыбинске недорого";"https://dodelay.ru/podrabotka/rybinsk/painter"
"маляр в рыбинске цены";"https://dodelay.ru/podrabotka/rybinsk/painter"
"маляр в рыбинске на дом";"https://dodelay.ru/podrabotka/rybinsk/painter"
"вызвать маляра в рыбинске";"https://dodelay.ru/podrabotka/rybinsk/painter"
"нанять маляра в рыбинске";"https://dodelay.ru/podrabotka/rybinsk/painter"
"найти маляра в рыбинске";"https://dodelay.ru/podrabotka/rybinsk/painter"
"услуги маляра в рыбинске";"https://dodelay.ru/podrabotka/rybinsk/painter"
"маляр частник в рыбинске";"https://dodelay.ru/podrabotka/rybinsk/painter"
"маляр без посредников в рыбинске";"https://dodelay.ru/podrabotka/rybinsk/painter"
"работа маляр в рыбинске";"https://dodelay.ru/podrabotka/rybinsk/painter"
"подработка маляр в рыбинске";"https://dodelay.ru/podrabotka/rybinsk/painter"
"требуется маляр в рыбинске";"https://dodelay.ru/podrabotka/rybinsk/painter"
"вакансия маляр в рыбинске";"https://dodelay.ru/podrabotka/rybinsk/painter"
"маляр в тутаеве";"https://dodelay.ru/podrabotka/tutaev/painter"
"маляр тутаев";"https://dodelay.ru/podrabotka/tutaev/painter"
"маляр в тутаеве недорого";"https://dodelay.ru/podrabotka/tutaev/painter"
"маляр в тутаеве цены";"https://dodelay.ru/podrabotka/tutaev/painter"
"маляр в тутаеве на дом";"https://dodelay.ru/podrabotka/tutaev/painter"
"вызвать маляра в тутаеве";"https://dodelay.ru/podrabotka/tutaev/painter"
"нанять маляра в тутаеве";"https://dodelay.ru/podrabotka/tutaev/painter"
"найти маляра в тутаеве";"https://dodelay.ru/podrabotka/tutaev/painter"
"услуги маляра в тутаеве";"https://dodelay.ru/podrabotka/tutaev/painter"
"маляр частник в тутаеве";"https://dodelay.ru/podrabotka/tutaev/painter"
"маляр без посредников в тутаеве";"https://dodelay.ru/podrabotka/tutaev/painter"
"работа маляр в тутаеве";"https://dodelay.ru/podrabotka/tutaev/painter"
"подработка маляр в тутаеве";"https://dodelay.ru/podrabotka/tutaev/painter"
"требуется маляр в тутаеве";"https://dodelay.ru/podrabotka/tutaev/painter"
"вакансия маляр в тутаеве";"https://dodelay.ru/podrabotka/tutaev/painter"
"маляр в переславле-залесском";"https://dodelay.ru/podrabotka/pereslavl/painter"
"маляр переславль-залесский";"https://dodelay.ru/podrabotka/pereslavl/painter"
"маляр в переславле-залесском недорого";"https://dodelay.ru/podrabotka/pereslavl/painter"
"маляр в переславле-залесском цены";"https://dodelay.ru/podrabotka/pereslavl/painter"
"маляр в переславле-залесском на дом";"https://dodelay.ru/podrabotka/pereslavl/painter"
"вызвать маляра в переславле-залесском";"https://dodelay.ru/podrabotka/pereslavl/painter"
"нанять маляра в переславле-залесском";"https://dodelay.ru/podrabotka/pereslavl/painter"
"найти маляра в переславле-залесском";"https://dodelay.ru/podrabotka/pereslavl/painter"
"услуги маляра в переславле-залесском";"https://dodelay.ru/podrabotka/pereslavl/painter"
"маляр частник в переславле-залесском";"https://dodelay.ru/podrabotka/pereslavl/painter"
"маляр без посредников в переславле-залесском";"https://dodelay.ru/podrabotka/pereslavl/painter"
"работа маляр в переславле-залесском";"https://dodelay.ru/podrabotka/pereslavl/painter"
"подработка маляр в переславле-залесском";"https://dodelay.ru/podrabotka/pereslavl/painter"
"требуется маляр в переславле-залесском";"https://dodelay.ru/podrabotka/pereslavl/painter"
"вакансия маляр в переславле-залесском";"https://dodelay.ru/podrabotka/pereslavl/painter"
"маляр в угличе";"https://dodelay.ru/podrabotka/uglich/painter"
"маляр углич";"https://dodelay.ru/podrabotka/uglich/painter"
"маляр в угличе недорого";"https://dodelay.ru/podrabotka/uglich/painter"
"маляр в угличе цены";"https://dodelay.ru/podrabotka/uglich/painter"
"маляр в угличе на дом";"https://dodelay.ru/podrabotka/uglich/painter"
"вызвать маляра в угличе";"https://dodelay.ru/podrabotka/uglich/painter"
"нанять маляра в угличе";"https://dodelay.ru/podrabotka/uglich/painter"
"найти маляра в угличе";"https://dodelay.ru/podrabotka/uglich/painter"
"услуги маляра в угличе";"https://dodelay.ru/podrabotka/uglich/painter"
"маляр частник в угличе";"https://dodelay.ru/podrabotka/uglich/painter"
"маляр без посредников в угличе";"https://dodelay.ru/podrabotka/uglich/painter"
"работа маляр в угличе";"https://dodelay.ru/podrabotka/uglich/painter"
"подработка маляр в угличе";"https://dodelay.ru/podrabotka/uglich/painter"
"требуется маляр в угличе";"https://dodelay.ru/podrabotka/uglich/painter"
"вакансия маляр в угличе";"https://dodelay.ru/podrabotka/uglich/painter"
"маляр в ростове великом";"https://dodelay.ru/podrabotka/rostov/painter"
"маляр ростов великий";"https://dodelay.ru/podrabotka/rostov/painter"
"маляр в ростове великом недорого";"https://dodelay.ru/podrabotka/rostov/painter"
"маляр в ростове великом цены";"https://dodelay.ru/podrabotka/rostov/painter"
"маляр в ростове великом на дом";"https://dodelay.ru/podrabotka/rostov/painter"
"вызвать маляра в ростове великом";"https://dodelay.ru/podrabotka/rostov/painter"
"нанять маляра в ростове великом";"https://dodelay.ru/podrabotka/rostov/painter"
"найти маляра в ростове великом";"https://dodelay.ru/podrabotka/rostov/painter"
"услуги маляра в ростове великом";"https://dodelay.ru/podrabotka/rostov/painter"
"маляр частник в ростове великом";"https://dodelay.ru/podrabotka/rostov/painter"
"маляр без посредников в ростове великом";"https://dodelay.ru/podrabotka/rostov/painter"
"работа маляр в ростове великом";"https://dodelay.ru/podrabotka/rostov/painter"
"подработка маляр в ростове великом";"https://dodelay.ru/podrabotka/rostov/painter"
"требуется маляр в ростове великом";"https://dodelay.ru/podrabotka/rostov/painter"
"вакансия маляр в ростове великом";"https://dodelay.ru/podrabotka/rostov/painter"
"покраска стен";"https://dodelay.ru/podrabotka/yaroslavl/painter"
"сколько стоит покраска стен";"https://dodelay.ru/podrabotka/yaroslavl/painter"
"покраска потолка";"https://dodelay.ru/podrabotka/yaroslavl/painter"
"сколько стоит покраска потолка";"https://dodelay.ru/podrabotka/yaroslavl/painter"
"покраска батареи в ярославле";"https://dodelay.ru/podrabotka/yaroslavl/painter"
"покраска батареи цена";"https://dodelay.ru/podrabotka/yaroslavl/painter"
"сколько стоит покраска батареи";"https://dodelay.ru/podrabotka/yaroslavl/painter"
"покраска забора";"https://dodelay.ru/podrabotka/yaroslavl/painter"
"сколько стоит покраска забора";"https://dodelay.ru/podrabotka/yaroslavl/painter"
"отделочник в ярославле";"https://dodelay.ru/podrabotka/yaroslavl/finisher"
"отделочник ярославль";"https://dodelay.ru/podrabotka/yaroslavl/finisher"
"отделочные работы в ярославле";"https://dodelay.ru/podrabotka/yaroslavl/finisher"
"отделочные работы ярославль";"https://dodelay.ru/podrabotka/yaroslavl/finisher"
"ремонт квартир в ярославле";"https://dodelay.ru/podrabotka/yaroslavl/finisher"
"ремонт квартир ярославль";"https://dodelay.ru/podrabotka/yaroslavl/finisher"
"отделка под ключ в ярославле";"https://dodelay.ru/podrabotka/yaroslavl/finisher"
"отделка под ключ ярославль";"https://dodelay.ru/podrabotka/yaroslavl/finisher"
"ремонт под ключ в ярославле";"https://dodelay.ru/podrabotka/yaroslavl/finisher"
"ремонт под ключ ярославль";"https://dodelay.ru/podrabotka/yaroslavl/finisher"
"чистовая отделка в ярославле";"https://dodelay.ru/podrabotka/yaroslavl/finisher"
"чистовая отделка ярославль";"https://dodelay.ru/podrabotka/yaroslavl/finisher"
"отделочник в ярославле недорого";"https://dodelay.ru/podrabotka/yaroslavl/finisher"
"отделочник в ярославле цены";"https://dodelay.ru/podrabotka/yaroslavl/finisher"
"отделочник в ярославле на дом";"https://dodelay.ru/podrabotka/yaroslavl/finisher"
"вызвать отделочника в ярославле";"https://dodelay.ru/podrabotka/yaroslavl/finisher"
"нанять отделочника в ярославле";"https://dodelay.ru/podrabotka/yaroslavl/finisher"
"найти отделочника в ярославле";"https://dodelay.ru/podrabotka/yaroslavl/finisher"
"услуги отделочника в ярославле";"https://dodelay.ru/podrabotka/yaroslavl/finisher"
"отделочник частник в ярославле";"https://dodelay.ru/podrabotka/yaroslavl/finisher"
"отделочник без посредников в ярославле";"https://dodelay.ru/podrabotka/yaroslavl/finisher"
"работа отделочник в ярославле";"https://dodelay.ru/podrabotka/yaroslavl/finisher"
"подработка отделочник в ярославле";"https://dodelay.ru/podrabotka/yaroslavl/finisher"
"требуется отделочник в ярославле";"https://dodelay.ru/podrabotka/yaroslavl/finisher"
"вакансия отделочник в ярославле";"https://dodelay.ru/podrabotka/yaroslavl/finisher"
"отделочник в рыбинске";"https://dodelay.ru/podrabotka/rybinsk/finisher"
"отделочник рыбинск";"https://dodelay.ru/podrabotka/rybinsk/finisher"
"отделочные работы в рыбинске";"https://dodelay.ru/podrabotka/rybinsk/finisher"
"отделочные работы рыбинск";"https://dodelay.ru/podrabotka/rybinsk/finisher"
"ремонт квартир в рыбинске";"https://dodelay.ru/podrabotka/rybinsk/finisher"
"ремонт квартир рыбинск";"https://dodelay.ru/podrabotka/rybinsk/finisher"
"отделка под ключ в рыбинске";"https://dodelay.ru/podrabotka/rybinsk/finisher"
"отделка под ключ рыбинск";"https://dodelay.ru/podrabotka/rybinsk/finisher"
"ремонт под ключ в рыбинске";"https://dodelay.ru/podrabotka/rybinsk/finisher"
"ремонт под ключ рыбинск";"https://dodelay.ru/podrabotka/rybinsk/finisher"
"чистовая отделка в рыбинске";"https://dodelay.ru/podrabotka/rybinsk/finisher"
"чистовая отделка рыбинск";"https://dodelay.ru/podrabotka/rybinsk/finisher"
"отделочник в рыбинске недорого";"https://dodelay.ru/podrabotka/rybinsk/finisher"
"отделочник в рыбинске цены";"https://dodelay.ru/podrabotka/rybinsk/finisher"
"отделочник в рыбинске на дом";"https://dodelay.ru/podrabotka/rybinsk/finisher"
"вызвать отделочника в рыбинске";"https://dodelay.ru/podrabotka/rybinsk/finisher"
"нанять отделочника в рыбинске";"https://dodelay.ru/podrabotka/rybinsk/finisher"
"найти отделочника в рыбинске";"https://dodelay.ru/podrabotka/rybinsk/finisher"
"услуги отделочника в рыбинске";"https://dodelay.ru/podrabotka/rybinsk/finisher"
"отделочник частник в рыбинске";"https://dodelay.ru/podrabotka/rybinsk/finisher"
"отделочник без посредников в рыбинске";"https://dodelay.ru/podrabotka/rybinsk/finisher"
"работа отделочник в рыбинске";"https://dodelay.ru/podrabotka/rybinsk/finisher"
"подработка отделочник в рыбинске";"https://dodelay.ru/podrabotka/rybinsk/finisher"
"требуется отделочник в рыбинске";"https://dodelay.ru/podrabotka/rybinsk/finisher"
"вакансия отделочник в рыбинске";"https://dodelay.ru/podrabotka/rybinsk/finisher"
"отделочник в тутаеве";"https://dodelay.ru/podrabotka/tutaev/finisher"
"отделочник тутаев";"https://dodelay.ru/podrabotka/tutaev/finisher"
"отделочные работы в тутаеве";"https://dodelay.ru/podrabotka/tutaev/finisher"
"отделочные работы тутаев";"https://dodelay.ru/podrabotka/tutaev/finisher"
"ремонт квартир в тутаеве";"https://dodelay.ru/podrabotka/tutaev/finisher"
"ремонт квартир тутаев";"https://dodelay.ru/podrabotka/tutaev/finisher"
"отделка под ключ в тутаеве";"https://dodelay.ru/podrabotka/tutaev/finisher"
"отделка под ключ тутаев";"https://dodelay.ru/podrabotka/tutaev/finisher"
"ремонт под ключ в тутаеве";"https://dodelay.ru/podrabotka/tutaev/finisher"
"ремонт под ключ тутаев";"https://dodelay.ru/podrabotka/tutaev/finisher"
"чистовая отделка в тутаеве";"https://dodelay.ru/podrabotka/tutaev/finisher"
"чистовая отделка тутаев";"https://dodelay.ru/podrabotka/tutaev/finisher"
"отделочник в тутаеве недорого";"https://dodelay.ru/podrabotka/tutaev/finisher"
"отделочник в тутаеве цены";"https://dodelay.ru/podrabotka/tutaev/finisher"
"отделочник в тутаеве на дом";"https://dodelay.ru/podrabotka/tutaev/finisher"
"вызвать отделочника в тутаеве";"https://dodelay.ru/podrabotka/tutaev/finisher"
"нанять отделочника в тутаеве";"https://dodelay.ru/podrabotka/tutaev/finisher"
"найти отделочника в тутаеве";"https://dodelay.ru/podrabotka/tutaev/finisher"
"услуги отделочника в тутаеве";"https://dodelay.ru/podrabotka/tutaev/finisher"
"отделочник частник в тутаеве";"https://dodelay.ru/podrabotka/tutaev/finisher"
"отделочник без посредников в тутаеве";"https://dodelay.ru/podrabotka/tutaev/finisher"
"работа отделочник в тутаеве";"https://dodelay.ru/podrabotka/tutaev/finisher"
"подработка отделочник в тутаеве";"https://dodelay.ru/podrabotka/tutaev/finisher"
"требуется отделочник в тутаеве";"https://dodelay.ru/podrabotka/tutaev/finisher"
"вакансия отделочник в тутаеве";"https://dodelay.ru/podrabotka/tutaev/finisher"
"отделочник в переславле-залесском";"https://dodelay.ru/podrabotka/pereslavl/finisher"
"отделочник переславль-залесский";"https://dodelay.ru/podrabotka/pereslavl/finisher"
"отделочные работы в переславле-залесском";"https://dodelay.ru/podrabotka/pereslavl/finisher"
"отделочные работы переславль-залесский";"https://dodelay.ru/podrabotka/pereslavl/finisher"
"ремонт квартир в переславле-залесском";"https://dodelay.ru/podrabotka/pereslavl/finisher"
"ремонт квартир переславль-залесский";"https://dodelay.ru/podrabotka/pereslavl/finisher"
"отделка под ключ в переславле-залесском";"https://dodelay.ru/podrabotka/pereslavl/finisher"
"отделка под ключ переславль-залесский";"https://dodelay.ru/podrabotka/pereslavl/finisher"
"ремонт под ключ в переславле-залесском";"https://dodelay.ru/podrabotka/pereslavl/finisher"
"ремонт под ключ переславль-залесский";"https://dodelay.ru/podrabotka/pereslavl/finisher"
"чистовая отделка в переславле-залесском";"https://dodelay.ru/podrabotka/pereslavl/finisher"
"чистовая отделка переславль-залесский";"https://dodelay.ru/podrabotka/pereslavl/finisher"
"отделочник в переславле-залесском недорого";"https://dodelay.ru/podrabotka/pereslavl/finisher"
"отделочник в переславле-залесском цены";"https://dodelay.ru/podrabotka/pereslavl/finisher"
"отделочник в переславле-залесском на дом";"https://dodelay.ru/podrabotka/pereslavl/finisher"
"вызвать отделочника в переславле-залесском";"https://dodelay.ru/podrabotka/pereslavl/finisher"
"нанять отделочника в переславле-залесском";"https://dodelay.ru/podrabotka/pereslavl/finisher"
"найти отделочника в переславле-залесском";"https://dodelay.ru/podrabotka/pereslavl/finisher"
"услуги отделочника в переславле-залесском";"https://dodelay.ru/podrabotka/pereslavl/finisher"
"отделочник частник в переславле-залесском";"https://dodelay.ru/podrabotka/pereslavl/finisher"
"отделочник без посредников в переславле-залесском";"https://dodelay.ru/podrabotka/pereslavl/finisher"
"работа отделочник в переславле-залесском";"https://dodelay.ru/podrabotka/pereslavl/finisher"
"подработка отделочник в переславле-залесском";"https://dodelay.ru/podrabotka/pereslavl/finisher"
"требуется отделочник в переславле-залесском";"https://dodelay.ru/podrabotka/pereslavl/finisher"
"вакансия отделочник в переславле-залесском";"https://dodelay.ru/podrabotka/pereslavl/finisher"
"отделочник в угличе";"https://dodelay.ru/podrabotka/uglich/finisher"
"отделочник углич";"https://dodelay.ru/podrabotka/uglich/finisher"
"отделочные работы в угличе";"https://dodelay.ru/podrabotka/uglich/finisher"
"отделочные работы углич";"https://dodelay.ru/podrabotka/uglich/finisher"
"ремонт квартир в угличе";"https://dodelay.ru/podrabotka/uglich/finisher"
"ремонт квартир углич";"https://dodelay.ru/podrabotka/uglich/finisher"
"отделка под ключ в угличе";"https://dodelay.ru/podrabotka/uglich/finisher"
"отделка под ключ углич";"https://dodelay.ru/podrabotka/uglich/finisher"
"ремонт под ключ в угличе";"https://dodelay.ru/podrabotka/uglich/finisher"
"ремонт под ключ углич";"https://dodelay.ru/podrabotka/uglich/finisher"
"чистовая отделка в угличе";"https://dodelay.ru/podrabotka/uglich/finisher"
"чистовая отделка углич";"https://dodelay.ru/podrabotka/uglich/finisher"
"отделочник в угличе недорого";"https://dodelay.ru/podrabotka/uglich/finisher"
"отделочник в угличе цены";"https://dodelay.ru/podrabotka/uglich/finisher"
"отделочник в угличе на дом";"https://dodelay.ru/podrabotka/uglich/finisher"
"вызвать отделочника в угличе";"https://dodelay.ru/podrabotka/uglich/finisher"
"нанять отделочника в угличе";"https://dodelay.ru/podrabotka/uglich/finisher"
"найти отделочника в угличе";"https://dodelay.ru/podrabotka/uglich/finisher"
"услуги отделочника в угличе";"https://dodelay.ru/podrabotka/uglich/finisher"
"отделочник частник в угличе";"https://dodelay.ru/podrabotka/uglich/finisher"
"отделочник без посредников в угличе";"https://dodelay.ru/podrabotka/uglich/finisher"
"работа отделочник в угличе";"https://dodelay.ru/podrabotka/uglich/finisher"
"подработка отделочник в угличе";"https://dodelay.ru/podrabotka/uglich/finisher"
"требуется отделочник в угличе";"https://dodelay.ru/podrabotka/uglich/finisher"
"вакансия отделочник в угличе";"https://dodelay.ru/podrabotka/uglich/finisher"
"отделочник в ростове великом";"https://dodelay.ru/podrabotka/rostov/finisher"
"отделочник ростов великий";"https://dodelay.ru/podrabotka/rostov/finisher"
"отделочные работы в ростове великом";"https://dodelay.ru/podrabotka/rostov/finisher"
"отделочные работы ростов великий";"https://dodelay.ru/podrabotka/rostov/finisher"
"ремонт квартир в ростове великом";"https://dodelay.ru/podrabotka/rostov/finisher"
"ремонт квартир ростов великий";"https://dodelay.ru/podrabotka/rostov/finisher"
"отделка под ключ в ростове великом";"https://dodelay.ru/podrabotka/rostov/finisher"
"отделка под ключ ростов великий";"https://dodelay.ru/podrabotka/rostov/finisher"
"ремонт под ключ в ростове великом";"https://dodelay.ru/podrabotka/rostov/finisher"
"ремонт под ключ ростов великий";"https://dodelay.ru/podrabotka/rostov/finisher"
"чистовая отделка в ростове великом";"https://dodelay.ru/podrabotka/rostov/finisher"
"чистовая отделка ростов великий";"https://dodelay.ru/podrabotka/rostov/finisher"
"отделочник в ростове великом недорого";"https://dodelay.ru/podrabotka/rostov/finisher"
"отделочник в ростове великом цены";"https://dodelay.ru/podrabotka/rostov/finisher"
"отделочник в ростове великом на дом";"https://dodelay.ru/podrabotka/rostov/finisher"
"вызвать отделочника в ростове великом";"https://dodelay.ru/podrabotka/rostov/finisher"
"нанять отделочника в ростове великом";"https://dodelay.ru/podrabotka/rostov/finisher"
"найти отделочника в ростове великом";"https://dodelay.ru/podrabotka/rostov/finisher"
"услуги отделочника в ростове великом";"https://dodelay.ru/podrabotka/rostov/finisher"
"отделочник частник в ростове великом";"https://dodelay.ru/podrabotka/rostov/finisher"
"отделочник без посредников в ростове великом";"https://dodelay.ru/podrabotka/rostov/finisher"
"работа отделочник в ростове великом";"https://dodelay.ru/podrabotka/rostov/finisher"
"подработка отделочник в ростове великом";"https://dodelay.ru/podrabotka/rostov/finisher"
"требуется отделочник в ростове великом";"https://dodelay.ru/podrabotka/rostov/finisher"
"вакансия отделочник в ростове великом";"https://dodelay.ru/podrabotka/rostov/finisher"
"ремонт комнаты под ключ";"https://dodelay.ru/podrabotka/yaroslavl/finisher"
"сколько стоит ремонт комнаты под ключ";"https://dodelay.ru/podrabotka/yaroslavl/finisher"
"выравнивание стен";"https://dodelay.ru/podrabotka/yaroslavl/finisher"
"сколько стоит выравнивание стен";"https://dodelay.ru/podrabotka/yaroslavl/finisher"
"монтаж плинтуса";"https://dodelay.ru/podrabotka/yaroslavl/finisher"
"сколько стоит монтаж плинтуса";"https://dodelay.ru/podrabotka/yaroslavl/finisher"
"косметический ремонт комнаты в ярославле";"https://dodelay.ru/podrabotka/yaroslavl/finisher"
"косметический ремонт комнаты цена";"https://dodelay.ru/podrabotka/yaroslavl/finisher"
"сколько стоит косметический ремонт комнаты";"https://dodelay.ru/podrabotka/yaroslavl/finisher"
"плотник";"https://dodelay.ru/podrabotka/yaroslavl/carpenter"
"вызвать плотника в ярославле";"https://dodelay.ru/podrabotka/yaroslavl/carpenter"
"нанять плотника в ярославле";"https://dodelay.ru/podrabotka/yaroslavl/carpenter"
"найти плотника в ярославле";"https://dodelay.ru/podrabotka/yaroslavl/carpenter"
"услуги плотника в ярославле";"https://dodelay.ru/podrabotka/yaroslavl/carpenter"
"работа плотник";"https://dodelay.ru/podrabotka/yaroslavl/carpenter"
"подработка плотник";"https://dodelay.ru/podrabotka/yaroslavl/carpenter"
"требуется плотник";"https://dodelay.ru/podrabotka/yaroslavl/carpenter"
"вакансия плотник";"https://dodelay.ru/podrabotka/yaroslavl/carpenter"
"вызвать плотника в рыбинске";"https://dodelay.ru/podrabotka/rybinsk/carpenter"
"нанять плотника в рыбинске";"https://dodelay.ru/podrabotka/rybinsk/carpenter"
"найти плотника в рыбинске";"https://dodelay.ru/podrabotka/rybinsk/carpenter"
"услуги плотника в рыбинске";"https://dodelay.ru/podrabotka/rybinsk/carpenter"
"вызвать плотника в тутаеве";"https://dodelay.ru/podrabotka/tutaev/carpenter"
"нанять плотника в тутаеве";"https://dodelay.ru/podrabotka/tutaev/carpenter"
"найти плотника в тутаеве";"https://dodelay.ru/podrabotka/tutaev/carpenter"
"услуги плотника в тутаеве";"https://dodelay.ru/podrabotka/tutaev/carpenter"
"вызвать плотника в переславле-залесском";"https://dodelay.ru/podrabotka/pereslavl/carpenter"
"нанять плотника в переславле-залесском";"https://dodelay.ru/podrabotka/pereslavl/carpenter"
"найти плотника в переславле-залесском";"https://dodelay.ru/podrabotka/pereslavl/carpenter"
"услуги плотника в переславле-залесском";"https://dodelay.ru/podrabotka/pereslavl/carpenter"
"вызвать плотника в угличе";"https://dodelay.ru/podrabotka/uglich/carpenter"
"нанять плотника в угличе";"https://dodelay.ru/podrabotka/uglich/carpenter"
"найти плотника в угличе";"https://dodelay.ru/podrabotka/uglich/carpenter"
"услуги плотника в угличе";"https://dodelay.ru/podrabotka/uglich/carpenter"
"вызвать плотника в ростове великом";"https://dodelay.ru/podrabotka/rostov/carpenter"
"нанять плотника в ростове великом";"https://dodelay.ru/podrabotka/rostov/carpenter"
"найти плотника в ростове великом";"https://dodelay.ru/podrabotka/rostov/carpenter"
"услуги плотника в ростове великом";"https://dodelay.ru/podrabotka/rostov/carpenter"
"настил половой доски";"https://dodelay.ru/podrabotka/yaroslavl/carpenter"
"сколько стоит настил половой доски";"https://dodelay.ru/podrabotka/yaroslavl/carpenter"
"ремонт крыльца в ярославле";"https://dodelay.ru/podrabotka/yaroslavl/carpenter"
"ремонт крыльца цена";"https://dodelay.ru/podrabotka/yaroslavl/carpenter"
"сколько стоит ремонт крыльца";"https://dodelay.ru/podrabotka/yaroslavl/carpenter"
"изготовление стеллажа в ярославле";"https://dodelay.ru/podrabotka/yaroslavl/carpenter"
"изготовление стеллажа цена";"https://dodelay.ru/podrabotka/yaroslavl/carpenter"
"сколько стоит изготовление стеллажа";"https://dodelay.ru/podrabotka/yaroslavl/carpenter"
"деревянная лестница в ярославле";"https://dodelay.ru/podrabotka/yaroslavl/carpenter"
"деревянная лестница цена";"https://dodelay.ru/podrabotka/yaroslavl/carpenter"
"сколько стоит деревянная лестница";"https://dodelay.ru/podrabotka/yaroslavl/carpenter"
"каменщик в ярославле";"https://dodelay.ru/podrabotka/yaroslavl/mason"
"каменщик ярославль";"https://dodelay.ru/podrabotka/yaroslavl/mason"
"каменщик в ярославле недорого";"https://dodelay.ru/podrabotka/yaroslavl/mason"
"каменщик в ярославле цены";"https://dodelay.ru/podrabotka/yaroslavl/mason"
"каменщик в ярославле на дом";"https://dodelay.ru/podrabotka/yaroslavl/mason"
"вызвать каменщика в ярославле";"https://dodelay.ru/podrabotka/yaroslavl/mason"
"нанять каменщика в ярославле";"https://dodelay.ru/podrabotka/yaroslavl/mason"
"найти каменщика в ярославле";"https://dodelay.ru/podrabotka/yaroslavl/mason"
"услуги каменщика в ярославле";"https://dodelay.ru/podrabotka/yaroslavl/mason"
"каменщик частник в ярославле";"https://dodelay.ru/podrabotka/yaroslavl/mason"
"каменщик без посредников в ярославле";"https://dodelay.ru/podrabotka/yaroslavl/mason"
"работа каменщик в ярославле";"https://dodelay.ru/podrabotka/yaroslavl/mason"
"подработка каменщик в ярославле";"https://dodelay.ru/podrabotka/yaroslavl/mason"
"требуется каменщик в ярославле";"https://dodelay.ru/podrabotka/yaroslavl/mason"
"вакансия каменщик в ярославле";"https://dodelay.ru/podrabotka/yaroslavl/mason"
"каменщик в рыбинске";"https://dodelay.ru/podrabotka/rybinsk/mason"
"каменщик рыбинск";"https://dodelay.ru/podrabotka/rybinsk/mason"
"каменщик в рыбинске недорого";"https://dodelay.ru/podrabotka/rybinsk/mason"
"каменщик в рыбинске цены";"https://dodelay.ru/podrabotka/rybinsk/mason"
"каменщик в рыбинске на дом";"https://dodelay.ru/podrabotka/rybinsk/mason"
"вызвать каменщика в рыбинске";"https://dodelay.ru/podrabotka/rybinsk/mason"
"нанять каменщика в рыбинске";"https://dodelay.ru/podrabotka/rybinsk/mason"
"найти каменщика в рыбинске";"https://dodelay.ru/podrabotka/rybinsk/mason"
"услуги каменщика в рыбинске";"https://dodelay.ru/podrabotka/rybinsk/mason"
"каменщик частник в рыбинске";"https://dodelay.ru/podrabotka/rybinsk/mason"
"каменщик без посредников в рыбинске";"https://dodelay.ru/podrabotka/rybinsk/mason"
"работа каменщик в рыбинске";"https://dodelay.ru/podrabotka/rybinsk/mason"
"подработка каменщик в рыбинске";"https://dodelay.ru/podrabotka/rybinsk/mason"
"требуется каменщик в рыбинске";"https://dodelay.ru/podrabotka/rybinsk/mason"
"вакансия каменщик в рыбинске";"https://dodelay.ru/podrabotka/rybinsk/mason"
"каменщик в тутаеве";"https://dodelay.ru/podrabotka/tutaev/mason"
"каменщик тутаев";"https://dodelay.ru/podrabotka/tutaev/mason"
"каменщик в тутаеве недорого";"https://dodelay.ru/podrabotka/tutaev/mason"
"каменщик в тутаеве цены";"https://dodelay.ru/podrabotka/tutaev/mason"
"каменщик в тутаеве на дом";"https://dodelay.ru/podrabotka/tutaev/mason"
"вызвать каменщика в тутаеве";"https://dodelay.ru/podrabotka/tutaev/mason"
"нанять каменщика в тутаеве";"https://dodelay.ru/podrabotka/tutaev/mason"
"найти каменщика в тутаеве";"https://dodelay.ru/podrabotka/tutaev/mason"
"услуги каменщика в тутаеве";"https://dodelay.ru/podrabotka/tutaev/mason"
"каменщик частник в тутаеве";"https://dodelay.ru/podrabotka/tutaev/mason"
"каменщик без посредников в тутаеве";"https://dodelay.ru/podrabotka/tutaev/mason"
"работа каменщик в тутаеве";"https://dodelay.ru/podrabotka/tutaev/mason"
"подработка каменщик в тутаеве";"https://dodelay.ru/podrabotka/tutaev/mason"
"требуется каменщик в тутаеве";"https://dodelay.ru/podrabotka/tutaev/mason"
"вакансия каменщик в тутаеве";"https://dodelay.ru/podrabotka/tutaev/mason"
"каменщик в переславле-залесском";"https://dodelay.ru/podrabotka/pereslavl/mason"
"каменщик переславль-залесский";"https://dodelay.ru/podrabotka/pereslavl/mason"
"каменщик в переславле-залесском недорого";"https://dodelay.ru/podrabotka/pereslavl/mason"
"каменщик в переславле-залесском цены";"https://dodelay.ru/podrabotka/pereslavl/mason"
"каменщик в переславле-залесском на дом";"https://dodelay.ru/podrabotka/pereslavl/mason"
"вызвать каменщика в переславле-залесском";"https://dodelay.ru/podrabotka/pereslavl/mason"
"нанять каменщика в переславле-залесском";"https://dodelay.ru/podrabotka/pereslavl/mason"
"найти каменщика в переславле-залесском";"https://dodelay.ru/podrabotka/pereslavl/mason"
"услуги каменщика в переславле-залесском";"https://dodelay.ru/podrabotka/pereslavl/mason"
"каменщик частник в переславле-залесском";"https://dodelay.ru/podrabotka/pereslavl/mason"
"каменщик без посредников в переславле-залесском";"https://dodelay.ru/podrabotka/pereslavl/mason"
"работа каменщик в переславле-залесском";"https://dodelay.ru/podrabotka/pereslavl/mason"
"подработка каменщик в переславле-залесском";"https://dodelay.ru/podrabotka/pereslavl/mason"
"требуется каменщик в переславле-залесском";"https://dodelay.ru/podrabotka/pereslavl/mason"
"вакансия каменщик в переславле-залесском";"https://dodelay.ru/podrabotka/pereslavl/mason"
"каменщик в угличе";"https://dodelay.ru/podrabotka/uglich/mason"
"каменщик углич";"https://dodelay.ru/podrabotka/uglich/mason"
"каменщик в угличе недорого";"https://dodelay.ru/podrabotka/uglich/mason"
"каменщик в угличе цены";"https://dodelay.ru/podrabotka/uglich/mason"
"каменщик в угличе на дом";"https://dodelay.ru/podrabotka/uglich/mason"
"вызвать каменщика в угличе";"https://dodelay.ru/podrabotka/uglich/mason"
"нанять каменщика в угличе";"https://dodelay.ru/podrabotka/uglich/mason"
"найти каменщика в угличе";"https://dodelay.ru/podrabotka/uglich/mason"
"услуги каменщика в угличе";"https://dodelay.ru/podrabotka/uglich/mason"
"каменщик частник в угличе";"https://dodelay.ru/podrabotka/uglich/mason"
"каменщик без посредников в угличе";"https://dodelay.ru/podrabotka/uglich/mason"
"работа каменщик в угличе";"https://dodelay.ru/podrabotka/uglich/mason"
"подработка каменщик в угличе";"https://dodelay.ru/podrabotka/uglich/mason"
"требуется каменщик в угличе";"https://dodelay.ru/podrabotka/uglich/mason"
"вакансия каменщик в угличе";"https://dodelay.ru/podrabotka/uglich/mason"
"каменщик в ростове великом";"https://dodelay.ru/podrabotka/rostov/mason"
"каменщик ростов великий";"https://dodelay.ru/podrabotka/rostov/mason"
"каменщик в ростове великом недорого";"https://dodelay.ru/podrabotka/rostov/mason"
"каменщик в ростове великом цены";"https://dodelay.ru/podrabotka/rostov/mason"
"каменщик в ростове великом на дом";"https://dodelay.ru/podrabotka/rostov/mason"
"вызвать каменщика в ростове великом";"https://dodelay.ru/podrabotka/rostov/mason"
"нанять каменщика в ростове великом";"https://dodelay.ru/podrabotka/rostov/mason"
"найти каменщика в ростове великом";"https://dodelay.ru/podrabotka/rostov/mason"
"услуги каменщика в ростове великом";"https://dodelay.ru/podrabotka/rostov/mason"
"каменщик частник в ростове великом";"https://dodelay.ru/podrabotka/rostov/mason"
"каменщик без посредников в ростове великом";"https://dodelay.ru/podrabotka/rostov/mason"
"работа каменщик в ростове великом";"https://dodelay.ru/podrabotka/rostov/mason"
"подработка каменщик в ростове великом";"https://dodelay.ru/podrabotka/rostov/mason"
"требуется каменщик в ростове великом";"https://dodelay.ru/podrabotka/rostov/mason"
"вакансия каменщик в ростове великом";"https://dodelay.ru/podrabotka/rostov/mason"
"кладка кирпича";"https://dodelay.ru/podrabotka/yaroslavl/mason"
"сколько стоит кладка кирпича";"https://dodelay.ru/podrabotka/yaroslavl/mason"
"кладка газоблока";"https://dodelay.ru/podrabotka/yaroslavl/mason"
"сколько стоит кладка газоблока";"https://dodelay.ru/podrabotka/yaroslavl/mason"
"кирпичный мангал в ярославле";"https://dodelay.ru/podrabotka/yaroslavl/mason"
"кирпичный мангал цена";"https://dodelay.ru/podrabotka/yaroslavl/mason"
"сколько стоит кирпичный мангал";"https://dodelay.ru/podrabotka/yaroslavl/mason"
"ленточный фундамент";"https://dodelay.ru/podrabotka/yaroslavl/mason"
"сколько стоит ленточный фундамент";"https://dodelay.ru/podrabotka/yaroslavl/mason"
"штукатур в ярославле";"https://dodelay.ru/podrabotka/yaroslavl/plasterer"
"штукатур ярославль";"https://dodelay.ru/podrabotka/yaroslavl/plasterer"
"штукатур в ярославле недорого";"https://dodelay.ru/podrabotka/yaroslavl/plasterer"
"штукатур в ярославле цены";"https://dodelay.ru/podrabotka/yaroslavl/plasterer"
"штукатур в ярославле на дом";"https://dodelay.ru/podrabotka/yaroslavl/plasterer"
"вызвать штукатура в ярославле";"https://dodelay.ru/podrabotka/yaroslavl/plasterer"
"нанять штукатура в ярославле";"https://dodelay.ru/podrabotka/yaroslavl/plasterer"
"найти штукатура в ярославле";"https://dodelay.ru/podrabotka/yaroslavl/plasterer"
"услуги штукатура в ярославле";"https://dodelay.ru/podrabotka/yaroslavl/plasterer"
"штукатур частник в ярославле";"https://dodelay.ru/podrabotka/yaroslavl/plasterer"
"штукатур без посредников в ярославле";"https://dodelay.ru/podrabotka/yaroslavl/plasterer"
"работа штукатур в ярославле";"https://dodelay.ru/podrabotka/yaroslavl/plasterer"
"подработка штукатур в ярославле";"https://dodelay.ru/podrabotka/yaroslavl/plasterer"
"требуется штукатур в ярославле";"https://dodelay.ru/podrabotka/yaroslavl/plasterer"
"вакансия штукатур в ярославле";"https://dodelay.ru/podrabotka/yaroslavl/plasterer"
"штукатур в рыбинске";"https://dodelay.ru/podrabotka/rybinsk/plasterer"
"штукатур рыбинск";"https://dodelay.ru/podrabotka/rybinsk/plasterer"
"штукатур в рыбинске недорого";"https://dodelay.ru/podrabotka/rybinsk/plasterer"
"штукатур в рыбинске цены";"https://dodelay.ru/podrabotka/rybinsk/plasterer"
"штукатур в рыбинске на дом";"https://dodelay.ru/podrabotka/rybinsk/plasterer"
"вызвать штукатура в рыбинске";"https://dodelay.ru/podrabotka/rybinsk/plasterer"
"нанять штукатура в рыбинске";"https://dodelay.ru/podrabotka/rybinsk/plasterer"
"найти штукатура в рыбинске";"https://dodelay.ru/podrabotka/rybinsk/plasterer"
"услуги штукатура в рыбинске";"https://dodelay.ru/podrabotka/rybinsk/plasterer"
"штукатур частник в рыбинске";"https://dodelay.ru/podrabotka/rybinsk/plasterer"
"штукатур без посредников в рыбинске";"https://dodelay.ru/podrabotka/rybinsk/plasterer"
"работа штукатур в рыбинске";"https://dodelay.ru/podrabotka/rybinsk/plasterer"
"подработка штукатур в рыбинске";"https://dodelay.ru/podrabotka/rybinsk/plasterer"
"требуется штукатур в рыбинске";"https://dodelay.ru/podrabotka/rybinsk/plasterer"
"вакансия штукатур в рыбинске";"https://dodelay.ru/podrabotka/rybinsk/plasterer"
"штукатур в тутаеве";"https://dodelay.ru/podrabotka/tutaev/plasterer"
"штукатур тутаев";"https://dodelay.ru/podrabotka/tutaev/plasterer"
"штукатур в тутаеве недорого";"https://dodelay.ru/podrabotka/tutaev/plasterer"
"штукатур в тутаеве цены";"https://dodelay.ru/podrabotka/tutaev/plasterer"
"штукатур в тутаеве на дом";"https://dodelay.ru/podrabotka/tutaev/plasterer"
"вызвать штукатура в тутаеве";"https://dodelay.ru/podrabotka/tutaev/plasterer"
"нанять штукатура в тутаеве";"https://dodelay.ru/podrabotka/tutaev/plasterer"
"найти штукатура в тутаеве";"https://dodelay.ru/podrabotka/tutaev/plasterer"
"услуги штукатура в тутаеве";"https://dodelay.ru/podrabotka/tutaev/plasterer"
"штукатур частник в тутаеве";"https://dodelay.ru/podrabotka/tutaev/plasterer"
"штукатур без посредников в тутаеве";"https://dodelay.ru/podrabotka/tutaev/plasterer"
"работа штукатур в тутаеве";"https://dodelay.ru/podrabotka/tutaev/plasterer"
"подработка штукатур в тутаеве";"https://dodelay.ru/podrabotka/tutaev/plasterer"
"требуется штукатур в тутаеве";"https://dodelay.ru/podrabotka/tutaev/plasterer"
"вакансия штукатур в тутаеве";"https://dodelay.ru/podrabotka/tutaev/plasterer"
"штукатур в переславле-залесском";"https://dodelay.ru/podrabotka/pereslavl/plasterer"
"штукатур переславль-залесский";"https://dodelay.ru/podrabotka/pereslavl/plasterer"
"штукатур в переславле-залесском недорого";"https://dodelay.ru/podrabotka/pereslavl/plasterer"
"штукатур в переславле-залесском цены";"https://dodelay.ru/podrabotka/pereslavl/plasterer"
"штукатур в переславле-залесском на дом";"https://dodelay.ru/podrabotka/pereslavl/plasterer"
"вызвать штукатура в переславле-залесском";"https://dodelay.ru/podrabotka/pereslavl/plasterer"
"нанять штукатура в переславле-залесском";"https://dodelay.ru/podrabotka/pereslavl/plasterer"
"найти штукатура в переславле-залесском";"https://dodelay.ru/podrabotka/pereslavl/plasterer"
"услуги штукатура в переславле-залесском";"https://dodelay.ru/podrabotka/pereslavl/plasterer"
"штукатур частник в переславле-залесском";"https://dodelay.ru/podrabotka/pereslavl/plasterer"
"штукатур без посредников в переславле-залесском";"https://dodelay.ru/podrabotka/pereslavl/plasterer"
"работа штукатур в переславле-залесском";"https://dodelay.ru/podrabotka/pereslavl/plasterer"
"подработка штукатур в переславле-залесском";"https://dodelay.ru/podrabotka/pereslavl/plasterer"
"требуется штукатур в переславле-залесском";"https://dodelay.ru/podrabotka/pereslavl/plasterer"
"вакансия штукатур в переславле-залесском";"https://dodelay.ru/podrabotka/pereslavl/plasterer"
"штукатур в угличе";"https://dodelay.ru/podrabotka/uglich/plasterer"
"штукатур углич";"https://dodelay.ru/podrabotka/uglich/plasterer"
"штукатур в угличе недорого";"https://dodelay.ru/podrabotka/uglich/plasterer"
"штукатур в угличе цены";"https://dodelay.ru/podrabotka/uglich/plasterer"
"штукатур в угличе на дом";"https://dodelay.ru/podrabotka/uglich/plasterer"
"вызвать штукатура в угличе";"https://dodelay.ru/podrabotka/uglich/plasterer"
"нанять штукатура в угличе";"https://dodelay.ru/podrabotka/uglich/plasterer"
"найти штукатура в угличе";"https://dodelay.ru/podrabotka/uglich/plasterer"
"услуги штукатура в угличе";"https://dodelay.ru/podrabotka/uglich/plasterer"
"штукатур частник в угличе";"https://dodelay.ru/podrabotka/uglich/plasterer"
"штукатур без посредников в угличе";"https://dodelay.ru/podrabotka/uglich/plasterer"
"работа штукатур в угличе";"https://dodelay.ru/podrabotka/uglich/plasterer"
"подработка штукатур в угличе";"https://dodelay.ru/podrabotka/uglich/plasterer"
"требуется штукатур в угличе";"https://dodelay.ru/podrabotka/uglich/plasterer"
"вакансия штукатур в угличе";"https://dodelay.ru/podrabotka/uglich/plasterer"
"штукатур в ростове великом";"https://dodelay.ru/podrabotka/rostov/plasterer"
"штукатур ростов великий";"https://dodelay.ru/podrabotka/rostov/plasterer"
"штукатур в ростове великом недорого";"https://dodelay.ru/podrabotka/rostov/plasterer"
"штукатур в ростове великом цены";"https://dodelay.ru/podrabotka/rostov/plasterer"
"штукатур в ростове великом на дом";"https://dodelay.ru/podrabotka/rostov/plasterer"
"вызвать штукатура в ростове великом";"https://dodelay.ru/podrabotka/rostov/plasterer"
"нанять штукатура в ростове великом";"https://dodelay.ru/podrabotka/rostov/plasterer"
"найти штукатура в ростове великом";"https://dodelay.ru/podrabotka/rostov/plasterer"
"услуги штукатура в ростове великом";"https://dodelay.ru/podrabotka/rostov/plasterer"
"штукатур частник в ростове великом";"https://dodelay.ru/podrabotka/rostov/plasterer"
"штукатур без посредников в ростове великом";"https://dodelay.ru/podrabotka/rostov/plasterer"
"работа штукатур в ростове великом";"https://dodelay.ru/podrabotka/rostov/plasterer"
"подработка штукатур в ростове великом";"https://dodelay.ru/podrabotka/rostov/plasterer"
"требуется штукатур в ростове великом";"https://dodelay.ru/podrabotka/rostov/plasterer"
"вакансия штукатур в ростове великом";"https://dodelay.ru/podrabotka/rostov/plasterer"
"штукатурка стен по маякам";"https://dodelay.ru/podrabotka/yaroslavl/plasterer"
"сколько стоит штукатурка стен по маякам";"https://dodelay.ru/podrabotka/yaroslavl/plasterer"
"шпаклёвка под покраску";"https://dodelay.ru/podrabotka/yaroslavl/plasterer"
"сколько стоит шпаклёвка под покраску";"https://dodelay.ru/podrabotka/yaroslavl/plasterer"
"штукатурка откосов";"https://dodelay.ru/podrabotka/yaroslavl/plasterer"
"сколько стоит штукатурка откосов";"https://dodelay.ru/podrabotka/yaroslavl/plasterer"
"машинная штукатурка";"https://dodelay.ru/podrabotka/yaroslavl/plasterer"
"сколько стоит машинная штукатурка";"https://dodelay.ru/podrabotka/yaroslavl/plasterer"
"обойщик в ярославле";"https://dodelay.ru/podrabotka/yaroslavl/wallpaper"
"обойщик ярославль";"https://dodelay.ru/podrabotka/yaroslavl/wallpaper"
"обойщик в ярославле недорого";"https://dodelay.ru/podrabotka/yaroslavl/wallpaper"
"обойщик в ярославле цены";"https://dodelay.ru/podrabotka/yaroslavl/wallpaper"
"обойщик в ярославле на дом";"https://dodelay.ru/podrabotka/yaroslavl/wallpaper"
"вызвать мастера по обоям в ярославле";"https://dodelay.ru/podrabotka/yaroslavl/wallpaper"
"нанять мастера по обоям в ярославле";"https://dodelay.ru/podrabotka/yaroslavl/wallpaper"
"найти мастера по обоям в ярославле";"https://dodelay.ru/podrabotka/yaroslavl/wallpaper"
"услуги мастера по обоям в ярославле";"https://dodelay.ru/podrabotka/yaroslavl/wallpaper"
"обойщик частник в ярославле";"https://dodelay.ru/podrabotka/yaroslavl/wallpaper"
"обойщик без посредников в ярославле";"https://dodelay.ru/podrabotka/yaroslavl/wallpaper"
"работа обойщик в ярославле";"https://dodelay.ru/podrabotka/yaroslavl/wallpaper"
"подработка обойщик в ярославле";"https://dodelay.ru/podrabotka/yaroslavl/wallpaper"
"требуется обойщик в ярославле";"https://dodelay.ru/podrabotka/yaroslavl/wallpaper"
"вакансия обойщик в ярославле";"https://dodelay.ru/podrabotka/yaroslavl/wallpaper"
"обойщик в рыбинске";"https://dodelay.ru/podrabotka/rybinsk/wallpaper"
"обойщик рыбинск";"https://dodelay.ru/podrabotka/rybinsk/wallpaper"
"обойщик в рыбинске недорого";"https://dodelay.ru/podrabotka/rybinsk/wallpaper"
"обойщик в рыбинске цены";"https://dodelay.ru/podrabotka/rybinsk/wallpaper"
"обойщик в рыбинске на дом";"https://dodelay.ru/podrabotka/rybinsk/wallpaper"
"вызвать мастера по обоям в рыбинске";"https://dodelay.ru/podrabotka/rybinsk/wallpaper"
"нанять мастера по обоям в рыбинске";"https://dodelay.ru/podrabotka/rybinsk/wallpaper"
"найти мастера по обоям в рыбинске";"https://dodelay.ru/podrabotka/rybinsk/wallpaper"
"услуги мастера по обоям в рыбинске";"https://dodelay.ru/podrabotka/rybinsk/wallpaper"
"обойщик частник в рыбинске";"https://dodelay.ru/podrabotka/rybinsk/wallpaper"
"обойщик без посредников в рыбинске";"https://dodelay.ru/podrabotka/rybinsk/wallpaper"
"работа обойщик в рыбинске";"https://dodelay.ru/podrabotka/rybinsk/wallpaper"
"подработка обойщик в рыбинске";"https://dodelay.ru/podrabotka/rybinsk/wallpaper"
"требуется обойщик в рыбинске";"https://dodelay.ru/podrabotka/rybinsk/wallpaper"
"вакансия обойщик в рыбинске";"https://dodelay.ru/podrabotka/rybinsk/wallpaper"
"обойщик в тутаеве";"https://dodelay.ru/podrabotka/tutaev/wallpaper"
"обойщик тутаев";"https://dodelay.ru/podrabotka/tutaev/wallpaper"
"обойщик в тутаеве недорого";"https://dodelay.ru/podrabotka/tutaev/wallpaper"
"обойщик в тутаеве цены";"https://dodelay.ru/podrabotka/tutaev/wallpaper"
"обойщик в тутаеве на дом";"https://dodelay.ru/podrabotka/tutaev/wallpaper"
"вызвать мастера по обоям в тутаеве";"https://dodelay.ru/podrabotka/tutaev/wallpaper"
"нанять мастера по обоям в тутаеве";"https://dodelay.ru/podrabotka/tutaev/wallpaper"
"найти мастера по обоям в тутаеве";"https://dodelay.ru/podrabotka/tutaev/wallpaper"
"услуги мастера по обоям в тутаеве";"https://dodelay.ru/podrabotka/tutaev/wallpaper"
"обойщик частник в тутаеве";"https://dodelay.ru/podrabotka/tutaev/wallpaper"
"обойщик без посредников в тутаеве";"https://dodelay.ru/podrabotka/tutaev/wallpaper"
"работа обойщик в тутаеве";"https://dodelay.ru/podrabotka/tutaev/wallpaper"
"подработка обойщик в тутаеве";"https://dodelay.ru/podrabotka/tutaev/wallpaper"
"требуется обойщик в тутаеве";"https://dodelay.ru/podrabotka/tutaev/wallpaper"
"вакансия обойщик в тутаеве";"https://dodelay.ru/podrabotka/tutaev/wallpaper"
"обойщик в переславле-залесском";"https://dodelay.ru/podrabotka/pereslavl/wallpaper"
"обойщик переславль-залесский";"https://dodelay.ru/podrabotka/pereslavl/wallpaper"
"обойщик в переславле-залесском недорого";"https://dodelay.ru/podrabotka/pereslavl/wallpaper"
"обойщик в переславле-залесском цены";"https://dodelay.ru/podrabotka/pereslavl/wallpaper"
"обойщик в переславле-залесском на дом";"https://dodelay.ru/podrabotka/pereslavl/wallpaper"
"вызвать мастера по обоям в переславле-залесском";"https://dodelay.ru/podrabotka/pereslavl/wallpaper"
"нанять мастера по обоям в переславле-залесском";"https://dodelay.ru/podrabotka/pereslavl/wallpaper"
"найти мастера по обоям в переславле-залесском";"https://dodelay.ru/podrabotka/pereslavl/wallpaper"
"услуги мастера по обоям в переславле-залесском";"https://dodelay.ru/podrabotka/pereslavl/wallpaper"
"обойщик частник в переславле-залесском";"https://dodelay.ru/podrabotka/pereslavl/wallpaper"
"обойщик без посредников в переславле-залесском";"https://dodelay.ru/podrabotka/pereslavl/wallpaper"
"работа обойщик в переславле-залесском";"https://dodelay.ru/podrabotka/pereslavl/wallpaper"
"подработка обойщик в переславле-залесском";"https://dodelay.ru/podrabotka/pereslavl/wallpaper"
"требуется обойщик в переславле-залесском";"https://dodelay.ru/podrabotka/pereslavl/wallpaper"
"вакансия обойщик в переславле-залесском";"https://dodelay.ru/podrabotka/pereslavl/wallpaper"
"обойщик в угличе";"https://dodelay.ru/podrabotka/uglich/wallpaper"
"обойщик углич";"https://dodelay.ru/podrabotka/uglich/wallpaper"
"обойщик в угличе недорого";"https://dodelay.ru/podrabotka/uglich/wallpaper"
"обойщик в угличе цены";"https://dodelay.ru/podrabotka/uglich/wallpaper"
"обойщик в угличе на дом";"https://dodelay.ru/podrabotka/uglich/wallpaper"
"вызвать мастера по обоям в угличе";"https://dodelay.ru/podrabotka/uglich/wallpaper"
"нанять мастера по обоям в угличе";"https://dodelay.ru/podrabotka/uglich/wallpaper"
"найти мастера по обоям в угличе";"https://dodelay.ru/podrabotka/uglich/wallpaper"
"услуги мастера по обоям в угличе";"https://dodelay.ru/podrabotka/uglich/wallpaper"
"обойщик частник в угличе";"https://dodelay.ru/podrabotka/uglich/wallpaper"
"обойщик без посредников в угличе";"https://dodelay.ru/podrabotka/uglich/wallpaper"
"работа обойщик в угличе";"https://dodelay.ru/podrabotka/uglich/wallpaper"
"подработка обойщик в угличе";"https://dodelay.ru/podrabotka/uglich/wallpaper"
"требуется обойщик в угличе";"https://dodelay.ru/podrabotka/uglich/wallpaper"
"вакансия обойщик в угличе";"https://dodelay.ru/podrabotka/uglich/wallpaper"
"обойщик в ростове великом";"https://dodelay.ru/podrabotka/rostov/wallpaper"
"обойщик ростов великий";"https://dodelay.ru/podrabotka/rostov/wallpaper"
"обойщик в ростове великом недорого";"https://dodelay.ru/podrabotka/rostov/wallpaper"
"обойщик в ростове великом цены";"https://dodelay.ru/podrabotka/rostov/wallpaper"
"обойщик в ростове великом на дом";"https://dodelay.ru/podrabotka/rostov/wallpaper"
"вызвать мастера по обоям в ростове великом";"https://dodelay.ru/podrabotka/rostov/wallpaper"
"нанять мастера по обоям в ростове великом";"https://dodelay.ru/podrabotka/rostov/wallpaper"
"найти мастера по обоям в ростове великом";"https://dodelay.ru/podrabotka/rostov/wallpaper"
"услуги мастера по обоям в ростове великом";"https://dodelay.ru/podrabotka/rostov/wallpaper"
"обойщик частник в ростове великом";"https://dodelay.ru/podrabotka/rostov/wallpaper"
"обойщик без посредников в ростове великом";"https://dodelay.ru/podrabotka/rostov/wallpaper"
"работа обойщик в ростове великом";"https://dodelay.ru/podrabotka/rostov/wallpaper"
"подработка обойщик в ростове великом";"https://dodelay.ru/podrabotka/rostov/wallpaper"
"требуется обойщик в ростове великом";"https://dodelay.ru/podrabotka/rostov/wallpaper"
"вакансия обойщик в ростове великом";"https://dodelay.ru/podrabotka/rostov/wallpaper"
"поклейка обоев";"https://dodelay.ru/podrabotka/yaroslavl/wallpaper"
"сколько стоит поклейка обоев";"https://dodelay.ru/podrabotka/yaroslavl/wallpaper"
"снятие старых обоев";"https://dodelay.ru/podrabotka/yaroslavl/wallpaper"
"сколько стоит снятие старых обоев";"https://dodelay.ru/podrabotka/yaroslavl/wallpaper"
"поклейка флизелина под покраску";"https://dodelay.ru/podrabotka/yaroslavl/wallpaper"
"сколько стоит поклейка флизелина под покраску";"https://dodelay.ru/podrabotka/yaroslavl/wallpaper"
"укладка полов в ярославле";"https://dodelay.ru/podrabotka/yaroslavl/flooring"
"укладка полов ярославль";"https://dodelay.ru/podrabotka/yaroslavl/flooring"
"укладка полов в ярославле недорого";"https://dodelay.ru/podrabotka/yaroslavl/flooring"
"укладка полов в ярославле цены";"https://dodelay.ru/podrabotka/yaroslavl/flooring"
"укладка полов в ярославле на дом";"https://dodelay.ru/podrabotka/yaroslavl/flooring"
"вызвать мастера по полам в ярославле";"https://dodelay.ru/podrabotka/yaroslavl/flooring"
"нанять мастера по полам в ярославле";"https://dodelay.ru/podrabotka/yaroslavl/flooring"
"найти мастера по полам в ярославле";"https://dodelay.ru/podrabotka/yaroslavl/flooring"
"услуги мастера по полам в ярославле";"https://dodelay.ru/podrabotka/yaroslavl/flooring"
"укладка полов частник в ярославле";"https://dodelay.ru/podrabotka/yaroslavl/flooring"
"укладка полов без посредников в ярославле";"https://dodelay.ru/podrabotka/yaroslavl/flooring"
"работа укладка полов в ярославле";"https://dodelay.ru/podrabotka/yaroslavl/flooring"
"подработка укладка полов в ярославле";"https://dodelay.ru/podrabotka/yaroslavl/flooring"
"требуется укладка полов в ярославле";"https://dodelay.ru/podrabotka/yaroslavl/flooring"
"вакансия укладка полов в ярославле";"https://dodelay.ru/podrabotka/yaroslavl/flooring"
"укладка полов в рыбинске";"https://dodelay.ru/podrabotka/rybinsk/flooring"
"укладка полов рыбинск";"https://dodelay.ru/podrabotka/rybinsk/flooring"
"укладка полов в рыбинске недорого";"https://dodelay.ru/podrabotka/rybinsk/flooring"
"укладка полов в рыбинске цены";"https://dodelay.ru/podrabotka/rybinsk/flooring"
"укладка полов в рыбинске на дом";"https://dodelay.ru/podrabotka/rybinsk/flooring"
"вызвать мастера по полам в рыбинске";"https://dodelay.ru/podrabotka/rybinsk/flooring"
"нанять мастера по полам в рыбинске";"https://dodelay.ru/podrabotka/rybinsk/flooring"
"найти мастера по полам в рыбинске";"https://dodelay.ru/podrabotka/rybinsk/flooring"
"услуги мастера по полам в рыбинске";"https://dodelay.ru/podrabotka/rybinsk/flooring"
"укладка полов частник в рыбинске";"https://dodelay.ru/podrabotka/rybinsk/flooring"
"укладка полов без посредников в рыбинске";"https://dodelay.ru/podrabotka/rybinsk/flooring"
"работа укладка полов в рыбинске";"https://dodelay.ru/podrabotka/rybinsk/flooring"
"подработка укладка полов в рыбинске";"https://dodelay.ru/podrabotka/rybinsk/flooring"
"требуется укладка полов в рыбинске";"https://dodelay.ru/podrabotka/rybinsk/flooring"
"вакансия укладка полов в рыбинске";"https://dodelay.ru/podrabotka/rybinsk/flooring"
"укладка полов в тутаеве";"https://dodelay.ru/podrabotka/tutaev/flooring"
"укладка полов тутаев";"https://dodelay.ru/podrabotka/tutaev/flooring"
"укладка полов в тутаеве недорого";"https://dodelay.ru/podrabotka/tutaev/flooring"
"укладка полов в тутаеве цены";"https://dodelay.ru/podrabotka/tutaev/flooring"
"укладка полов в тутаеве на дом";"https://dodelay.ru/podrabotka/tutaev/flooring"
"вызвать мастера по полам в тутаеве";"https://dodelay.ru/podrabotka/tutaev/flooring"
"нанять мастера по полам в тутаеве";"https://dodelay.ru/podrabotka/tutaev/flooring"
"найти мастера по полам в тутаеве";"https://dodelay.ru/podrabotka/tutaev/flooring"
"услуги мастера по полам в тутаеве";"https://dodelay.ru/podrabotka/tutaev/flooring"
"укладка полов частник в тутаеве";"https://dodelay.ru/podrabotka/tutaev/flooring"
"укладка полов без посредников в тутаеве";"https://dodelay.ru/podrabotka/tutaev/flooring"
"работа укладка полов в тутаеве";"https://dodelay.ru/podrabotka/tutaev/flooring"
"подработка укладка полов в тутаеве";"https://dodelay.ru/podrabotka/tutaev/flooring"
"требуется укладка полов в тутаеве";"https://dodelay.ru/podrabotka/tutaev/flooring"
"вакансия укладка полов в тутаеве";"https://dodelay.ru/podrabotka/tutaev/flooring"
"укладка полов в переславле-залесском";"https://dodelay.ru/podrabotka/pereslavl/flooring"
"укладка полов переславль-залесский";"https://dodelay.ru/podrabotka/pereslavl/flooring"
"укладка полов в переславле-залесском недорого";"https://dodelay.ru/podrabotka/pereslavl/flooring"
"укладка полов в переславле-залесском цены";"https://dodelay.ru/podrabotka/pereslavl/flooring"
"укладка полов в переславле-залесском на дом";"https://dodelay.ru/podrabotka/pereslavl/flooring"
"вызвать мастера по полам в переславле-залесском";"https://dodelay.ru/podrabotka/pereslavl/flooring"
"нанять мастера по полам в переславле-залесском";"https://dodelay.ru/podrabotka/pereslavl/flooring"
"найти мастера по полам в переславле-залесском";"https://dodelay.ru/podrabotka/pereslavl/flooring"
"услуги мастера по полам в переславле-залесском";"https://dodelay.ru/podrabotka/pereslavl/flooring"
"укладка полов частник в переславле-залесском";"https://dodelay.ru/podrabotka/pereslavl/flooring"
"укладка полов без посредников в переславле-залесском";"https://dodelay.ru/podrabotka/pereslavl/flooring"
"работа укладка полов в переславле-залесском";"https://dodelay.ru/podrabotka/pereslavl/flooring"
"подработка укладка полов в переславле-залесском";"https://dodelay.ru/podrabotka/pereslavl/flooring"
"требуется укладка полов в переславле-залесском";"https://dodelay.ru/podrabotka/pereslavl/flooring"
"вакансия укладка полов в переславле-залесском";"https://dodelay.ru/podrabotka/pereslavl/flooring"
"укладка полов в угличе";"https://dodelay.ru/podrabotka/uglich/flooring"
"укладка полов углич";"https://dodelay.ru/podrabotka/uglich/flooring"
"укладка полов в угличе недорого";"https://dodelay.ru/podrabotka/uglich/flooring"
"укладка полов в угличе цены";"https://dodelay.ru/podrabotka/uglich/flooring"
"укладка полов в угличе на дом";"https://dodelay.ru/podrabotka/uglich/flooring"
"вызвать мастера по полам в угличе";"https://dodelay.ru/podrabotka/uglich/flooring"
"нанять мастера по полам в угличе";"https://dodelay.ru/podrabotka/uglich/flooring"
"найти мастера по полам в угличе";"https://dodelay.ru/podrabotka/uglich/flooring"
"услуги мастера по полам в угличе";"https://dodelay.ru/podrabotka/uglich/flooring"
"укладка полов частник в угличе";"https://dodelay.ru/podrabotka/uglich/flooring"
"укладка полов без посредников в угличе";"https://dodelay.ru/podrabotka/uglich/flooring"
"работа укладка полов в угличе";"https://dodelay.ru/podrabotka/uglich/flooring"
"подработка укладка полов в угличе";"https://dodelay.ru/podrabotka/uglich/flooring"
"требуется укладка полов в угличе";"https://dodelay.ru/podrabotka/uglich/flooring"
"вакансия укладка полов в угличе";"https://dodelay.ru/podrabotka/uglich/flooring"
"укладка полов в ростове великом";"https://dodelay.ru/podrabotka/rostov/flooring"
"укладка полов ростов великий";"https://dodelay.ru/podrabotka/rostov/flooring"
"укладка полов в ростове великом недорого";"https://dodelay.ru/podrabotka/rostov/flooring"
"укладка полов в ростове великом цены";"https://dodelay.ru/podrabotka/rostov/flooring"
"укладка полов в ростове великом на дом";"https://dodelay.ru/podrabotka/rostov/flooring"
"вызвать мастера по полам в ростове великом";"https://dodelay.ru/podrabotka/rostov/flooring"
"нанять мастера по полам в ростове великом";"https://dodelay.ru/podrabotka/rostov/flooring"
"найти мастера по полам в ростове великом";"https://dodelay.ru/podrabotka/rostov/flooring"
"услуги мастера по полам в ростове великом";"https://dodelay.ru/podrabotka/rostov/flooring"
"укладка полов частник в ростове великом";"https://dodelay.ru/podrabotka/rostov/flooring"
"укладка полов без посредников в ростове великом";"https://dodelay.ru/podrabotka/rostov/flooring"
"работа укладка полов в ростове великом";"https://dodelay.ru/podrabotka/rostov/flooring"
"подработка укладка полов в ростове великом";"https://dodelay.ru/podrabotka/rostov/flooring"
"требуется укладка полов в ростове великом";"https://dodelay.ru/podrabotka/rostov/flooring"
"вакансия укладка полов в ростове великом";"https://dodelay.ru/podrabotka/rostov/flooring"
"укладка ламината";"https://dodelay.ru/podrabotka/yaroslavl/flooring"
"сколько стоит укладка ламината";"https://dodelay.ru/podrabotka/yaroslavl/flooring"
"укладка линолеума";"https://dodelay.ru/podrabotka/yaroslavl/flooring"
"сколько стоит укладка линолеума";"https://dodelay.ru/podrabotka/yaroslavl/flooring"
"стяжка пола";"https://dodelay.ru/podrabotka/yaroslavl/flooring"
"сколько стоит стяжка пола";"https://dodelay.ru/podrabotka/yaroslavl/flooring"
"гипсокартон в ярославле";"https://dodelay.ru/podrabotka/yaroslavl/drywall"
"гипсокартон ярославль";"https://dodelay.ru/podrabotka/yaroslavl/drywall"
"гипсокартон в ярославле недорого";"https://dodelay.ru/podrabotka/yaroslavl/drywall"
"гипсокартон в ярославле цены";"https://dodelay.ru/podrabotka/yaroslavl/drywall"
"гипсокартон в ярославле на дом";"https://dodelay.ru/podrabotka/yaroslavl/drywall"
"вызвать мастера по гипсокартону в ярославле";"https://dodelay.ru/podrabotka/yaroslavl/drywall"
"нанять мастера по гипсокартону в ярославле";"https://dodelay.ru/podrabotka/yaroslavl/drywall"
"найти мастера по гипсокартону в ярославле";"https://dodelay.ru/podrabotka/yaroslavl/drywall"
"услуги мастера по гипсокартону в ярославле";"https://dodelay.ru/podrabotka/yaroslavl/drywall"
"гипсокартон частник в ярославле";"https://dodelay.ru/podrabotka/yaroslavl/drywall"
"гипсокартон без посредников в ярославле";"https://dodelay.ru/podrabotka/yaroslavl/drywall"
"работа гипсокартон в ярославле";"https://dodelay.ru/podrabotka/yaroslavl/drywall"
"подработка гипсокартон в ярославле";"https://dodelay.ru/podrabotka/yaroslavl/drywall"
"требуется гипсокартон в ярославле";"https://dodelay.ru/podrabotka/yaroslavl/drywall"
"вакансия гипсокартон в ярославле";"https://dodelay.ru/podrabotka/yaroslavl/drywall"
"гипсокартон в рыбинске";"https://dodelay.ru/podrabotka/rybinsk/drywall"
"гипсокартон рыбинск";"https://dodelay.ru/podrabotka/rybinsk/drywall"
"гипсокартон в рыбинске недорого";"https://dodelay.ru/podrabotka/rybinsk/drywall"
"гипсокартон в рыбинске цены";"https://dodelay.ru/podrabotka/rybinsk/drywall"
"гипсокартон в рыбинске на дом";"https://dodelay.ru/podrabotka/rybinsk/drywall"
"вызвать мастера по гипсокартону в рыбинске";"https://dodelay.ru/podrabotka/rybinsk/drywall"
"нанять мастера по гипсокартону в рыбинске";"https://dodelay.ru/podrabotka/rybinsk/drywall"
"найти мастера по гипсокартону в рыбинске";"https://dodelay.ru/podrabotka/rybinsk/drywall"
"услуги мастера по гипсокартону в рыбинске";"https://dodelay.ru/podrabotka/rybinsk/drywall"
"гипсокартон частник в рыбинске";"https://dodelay.ru/podrabotka/rybinsk/drywall"
"гипсокартон без посредников в рыбинске";"https://dodelay.ru/podrabotka/rybinsk/drywall"
"работа гипсокартон в рыбинске";"https://dodelay.ru/podrabotka/rybinsk/drywall"
"подработка гипсокартон в рыбинске";"https://dodelay.ru/podrabotka/rybinsk/drywall"
"требуется гипсокартон в рыбинске";"https://dodelay.ru/podrabotka/rybinsk/drywall"
"вакансия гипсокартон в рыбинске";"https://dodelay.ru/podrabotka/rybinsk/drywall"
"гипсокартон в тутаеве";"https://dodelay.ru/podrabotka/tutaev/drywall"
"гипсокартон тутаев";"https://dodelay.ru/podrabotka/tutaev/drywall"
"гипсокартон в тутаеве недорого";"https://dodelay.ru/podrabotka/tutaev/drywall"
"гипсокартон в тутаеве цены";"https://dodelay.ru/podrabotka/tutaev/drywall"
"гипсокартон в тутаеве на дом";"https://dodelay.ru/podrabotka/tutaev/drywall"
"вызвать мастера по гипсокартону в тутаеве";"https://dodelay.ru/podrabotka/tutaev/drywall"
"нанять мастера по гипсокартону в тутаеве";"https://dodelay.ru/podrabotka/tutaev/drywall"
"найти мастера по гипсокартону в тутаеве";"https://dodelay.ru/podrabotka/tutaev/drywall"
"услуги мастера по гипсокартону в тутаеве";"https://dodelay.ru/podrabotka/tutaev/drywall"
"гипсокартон частник в тутаеве";"https://dodelay.ru/podrabotka/tutaev/drywall"
"гипсокартон без посредников в тутаеве";"https://dodelay.ru/podrabotka/tutaev/drywall"
"работа гипсокартон в тутаеве";"https://dodelay.ru/podrabotka/tutaev/drywall"
"подработка гипсокартон в тутаеве";"https://dodelay.ru/podrabotka/tutaev/drywall"
"требуется гипсокартон в тутаеве";"https://dodelay.ru/podrabotka/tutaev/drywall"
"вакансия гипсокартон в тутаеве";"https://dodelay.ru/podrabotka/tutaev/drywall"
"гипсокартон в переславле-залесском";"https://dodelay.ru/podrabotka/pereslavl/drywall"
"гипсокартон переславль-залесский";"https://dodelay.ru/podrabotka/pereslavl/drywall"
"гипсокартон в переславле-залесском недорого";"https://dodelay.ru/podrabotka/pereslavl/drywall"
"гипсокартон в переславле-залесском цены";"https://dodelay.ru/podrabotka/pereslavl/drywall"
"гипсокартон в переславле-залесском на дом";"https://dodelay.ru/podrabotka/pereslavl/drywall"
"вызвать мастера по гипсокартону в переславле-залесском";"https://dodelay.ru/podrabotka/pereslavl/drywall"
"нанять мастера по гипсокартону в переславле-залесском";"https://dodelay.ru/podrabotka/pereslavl/drywall"
"найти мастера по гипсокартону в переславле-залесском";"https://dodelay.ru/podrabotka/pereslavl/drywall"
"услуги мастера по гипсокартону в переславле-залесском";"https://dodelay.ru/podrabotka/pereslavl/drywall"
"гипсокартон частник в переславле-залесском";"https://dodelay.ru/podrabotka/pereslavl/drywall"
"гипсокартон без посредников в переславле-залесском";"https://dodelay.ru/podrabotka/pereslavl/drywall"
"работа гипсокартон в переславле-залесском";"https://dodelay.ru/podrabotka/pereslavl/drywall"
"подработка гипсокартон в переславле-залесском";"https://dodelay.ru/podrabotka/pereslavl/drywall"
"требуется гипсокартон в переславле-залесском";"https://dodelay.ru/podrabotka/pereslavl/drywall"
"вакансия гипсокартон в переславле-залесском";"https://dodelay.ru/podrabotka/pereslavl/drywall"
"гипсокартон в угличе";"https://dodelay.ru/podrabotka/uglich/drywall"
"гипсокартон углич";"https://dodelay.ru/podrabotka/uglich/drywall"
"гипсокартон в угличе недорого";"https://dodelay.ru/podrabotka/uglich/drywall"
"гипсокартон в угличе цены";"https://dodelay.ru/podrabotka/uglich/drywall"
"гипсокартон в угличе на дом";"https://dodelay.ru/podrabotka/uglich/drywall"
"вызвать мастера по гипсокартону в угличе";"https://dodelay.ru/podrabotka/uglich/drywall"
"нанять мастера по гипсокартону в угличе";"https://dodelay.ru/podrabotka/uglich/drywall"
"найти мастера по гипсокартону в угличе";"https://dodelay.ru/podrabotka/uglich/drywall"
"услуги мастера по гипсокартону в угличе";"https://dodelay.ru/podrabotka/uglich/drywall"
"гипсокартон частник в угличе";"https://dodelay.ru/podrabotka/uglich/drywall"
"гипсокартон без посредников в угличе";"https://dodelay.ru/podrabotka/uglich/drywall"
"работа гипсокартон в угличе";"https://dodelay.ru/podrabotka/uglich/drywall"
"подработка гипсокартон в угличе";"https://dodelay.ru/podrabotka/uglich/drywall"
"требуется гипсокартон в угличе";"https://dodelay.ru/podrabotka/uglich/drywall"
"вакансия гипсокартон в угличе";"https://dodelay.ru/podrabotka/uglich/drywall"
"гипсокартон в ростове великом";"https://dodelay.ru/podrabotka/rostov/drywall"
"гипсокартон ростов великий";"https://dodelay.ru/podrabotka/rostov/drywall"
"гипсокартон в ростове великом недорого";"https://dodelay.ru/podrabotka/rostov/drywall"
"гипсокартон в ростове великом цены";"https://dodelay.ru/podrabotka/rostov/drywall"
"гипсокартон в ростове великом на дом";"https://dodelay.ru/podrabotka/rostov/drywall"
"вызвать мастера по гипсокартону в ростове великом";"https://dodelay.ru/podrabotka/rostov/drywall"
"нанять мастера по гипсокартону в ростове великом";"https://dodelay.ru/podrabotka/rostov/drywall"
"найти мастера по гипсокартону в ростове великом";"https://dodelay.ru/podrabotka/rostov/drywall"
"услуги мастера по гипсокартону в ростове великом";"https://dodelay.ru/podrabotka/rostov/drywall"
"гипсокартон частник в ростове великом";"https://dodelay.ru/podrabotka/rostov/drywall"
"гипсокартон без посредников в ростове великом";"https://dodelay.ru/podrabotka/rostov/drywall"
"работа гипсокартон в ростове великом";"https://dodelay.ru/podrabotka/rostov/drywall"
"подработка гипсокартон в ростове великом";"https://dodelay.ru/podrabotka/rostov/drywall"
"требуется гипсокартон в ростове великом";"https://dodelay.ru/podrabotka/rostov/drywall"
"вакансия гипсокартон в ростове великом";"https://dodelay.ru/podrabotka/rostov/drywall"
"перегородка из гипсокартона";"https://dodelay.ru/podrabotka/yaroslavl/drywall"
"сколько стоит перегородка из гипсокартона";"https://dodelay.ru/podrabotka/yaroslavl/drywall"
"потолок из гипсокартона";"https://dodelay.ru/podrabotka/yaroslavl/drywall"
"сколько стоит потолок из гипсокартона";"https://dodelay.ru/podrabotka/yaroslavl/drywall"
"короб для труб";"https://dodelay.ru/podrabotka/yaroslavl/drywall"
"сколько стоит короб для труб";"https://dodelay.ru/podrabotka/yaroslavl/drywall"
"ниша под телевизор в ярославле";"https://dodelay.ru/podrabotka/yaroslavl/drywall"
"ниша под телевизор цена";"https://dodelay.ru/podrabotka/yaroslavl/drywall"
"сколько стоит ниша под телевизор";"https://dodelay.ru/podrabotka/yaroslavl/drywall"
"установка дверей в ярославле";"https://dodelay.ru/podrabotka/yaroslavl/doors"
"установка дверей ярославль";"https://dodelay.ru/podrabotka/yaroslavl/doors"
"установка дверей в ярославле недорого";"https://dodelay.ru/podrabotka/yaroslavl/doors"
"установка дверей в ярославле цены";"https://dodelay.ru/podrabotka/yaroslavl/doors"
"установка дверей в ярославле на дом";"https://dodelay.ru/podrabotka/yaroslavl/doors"
"вызвать мастера по дверям в ярославле";"https://dodelay.ru/podrabotka/yaroslavl/doors"
"нанять мастера по дверям в ярославле";"https://dodelay.ru/podrabotka/yaroslavl/doors"
"найти мастера по дверям в ярославле";"https://dodelay.ru/podrabotka/yaroslavl/doors"
"услуги мастера по дверям в ярославле";"https://dodelay.ru/podrabotka/yaroslavl/doors"
"установка дверей частник в ярославле";"https://dodelay.ru/podrabotka/yaroslavl/doors"
"установка дверей без посредников в ярославле";"https://dodelay.ru/podrabotka/yaroslavl/doors"
"работа установка дверей в ярославле";"https://dodelay.ru/podrabotka/yaroslavl/doors"
"подработка установка дверей в ярославле";"https://dodelay.ru/podrabotka/yaroslavl/doors"
"требуется установка дверей в ярославле";"https://dodelay.ru/podrabotka/yaroslavl/doors"
"вакансия установка дверей в ярославле";"https://dodelay.ru/podrabotka/yaroslavl/doors"
"установка дверей в рыбинске";"https://dodelay.ru/podrabotka/rybinsk/doors"
"установка дверей рыбинск";"https://dodelay.ru/podrabotka/rybinsk/doors"
"установка дверей в рыбинске недорого";"https://dodelay.ru/podrabotka/rybinsk/doors"
"установка дверей в рыбинске цены";"https://dodelay.ru/podrabotka/rybinsk/doors"
"установка дверей в рыбинске на дом";"https://dodelay.ru/podrabotka/rybinsk/doors"
"вызвать мастера по дверям в рыбинске";"https://dodelay.ru/podrabotka/rybinsk/doors"
"нанять мастера по дверям в рыбинске";"https://dodelay.ru/podrabotka/rybinsk/doors"
"найти мастера по дверям в рыбинске";"https://dodelay.ru/podrabotka/rybinsk/doors"
"услуги мастера по дверям в рыбинске";"https://dodelay.ru/podrabotka/rybinsk/doors"
"установка дверей частник в рыбинске";"https://dodelay.ru/podrabotka/rybinsk/doors"
"установка дверей без посредников в рыбинске";"https://dodelay.ru/podrabotka/rybinsk/doors"
"работа установка дверей в рыбинске";"https://dodelay.ru/podrabotka/rybinsk/doors"
"подработка установка дверей в рыбинске";"https://dodelay.ru/podrabotka/rybinsk/doors"
"требуется установка дверей в рыбинске";"https://dodelay.ru/podrabotka/rybinsk/doors"
"вакансия установка дверей в рыбинске";"https://dodelay.ru/podrabotka/rybinsk/doors"
"установка дверей в тутаеве";"https://dodelay.ru/podrabotka/tutaev/doors"
"установка дверей тутаев";"https://dodelay.ru/podrabotka/tutaev/doors"
"установка дверей в тутаеве недорого";"https://dodelay.ru/podrabotka/tutaev/doors"
"установка дверей в тутаеве цены";"https://dodelay.ru/podrabotka/tutaev/doors"
"установка дверей в тутаеве на дом";"https://dodelay.ru/podrabotka/tutaev/doors"
"вызвать мастера по дверям в тутаеве";"https://dodelay.ru/podrabotka/tutaev/doors"
"нанять мастера по дверям в тутаеве";"https://dodelay.ru/podrabotka/tutaev/doors"
"найти мастера по дверям в тутаеве";"https://dodelay.ru/podrabotka/tutaev/doors"
"услуги мастера по дверям в тутаеве";"https://dodelay.ru/podrabotka/tutaev/doors"
"установка дверей частник в тутаеве";"https://dodelay.ru/podrabotka/tutaev/doors"
"установка дверей без посредников в тутаеве";"https://dodelay.ru/podrabotka/tutaev/doors"
"работа установка дверей в тутаеве";"https://dodelay.ru/podrabotka/tutaev/doors"
"подработка установка дверей в тутаеве";"https://dodelay.ru/podrabotka/tutaev/doors"
"требуется установка дверей в тутаеве";"https://dodelay.ru/podrabotka/tutaev/doors"
"вакансия установка дверей в тутаеве";"https://dodelay.ru/podrabotka/tutaev/doors"
"установка дверей в переславле-залесском";"https://dodelay.ru/podrabotka/pereslavl/doors"
"установка дверей переславль-залесский";"https://dodelay.ru/podrabotka/pereslavl/doors"
"установка дверей в переславле-залесском недорого";"https://dodelay.ru/podrabotka/pereslavl/doors"
"установка дверей в переславле-залесском цены";"https://dodelay.ru/podrabotka/pereslavl/doors"
"установка дверей в переславле-залесском на дом";"https://dodelay.ru/podrabotka/pereslavl/doors"
"вызвать мастера по дверям в переславле-залесском";"https://dodelay.ru/podrabotka/pereslavl/doors"
"нанять мастера по дверям в переславле-залесском";"https://dodelay.ru/podrabotka/pereslavl/doors"
"найти мастера по дверям в переславле-залесском";"https://dodelay.ru/podrabotka/pereslavl/doors"
"услуги мастера по дверям в переславле-залесском";"https://dodelay.ru/podrabotka/pereslavl/doors"
"установка дверей частник в переславле-залесском";"https://dodelay.ru/podrabotka/pereslavl/doors"
"установка дверей без посредников в переславле-залесском";"https://dodelay.ru/podrabotka/pereslavl/doors"
"работа установка дверей в переславле-залесском";"https://dodelay.ru/podrabotka/pereslavl/doors"
"подработка установка дверей в переславле-залесском";"https://dodelay.ru/podrabotka/pereslavl/doors"
"требуется установка дверей в переславле-залесском";"https://dodelay.ru/podrabotka/pereslavl/doors"
"вакансия установка дверей в переславле-залесском";"https://dodelay.ru/podrabotka/pereslavl/doors"
"установка дверей в угличе";"https://dodelay.ru/podrabotka/uglich/doors"
"установка дверей углич";"https://dodelay.ru/podrabotka/uglich/doors"
"установка дверей в угличе недорого";"https://dodelay.ru/podrabotka/uglich/doors"
"установка дверей в угличе цены";"https://dodelay.ru/podrabotka/uglich/doors"
"установка дверей в угличе на дом";"https://dodelay.ru/podrabotka/uglich/doors"
"вызвать мастера по дверям в угличе";"https://dodelay.ru/podrabotka/uglich/doors"
"нанять мастера по дверям в угличе";"https://dodelay.ru/podrabotka/uglich/doors"
"найти мастера по дверям в угличе";"https://dodelay.ru/podrabotka/uglich/doors"
"услуги мастера по дверям в угличе";"https://dodelay.ru/podrabotka/uglich/doors"
"установка дверей частник в угличе";"https://dodelay.ru/podrabotka/uglich/doors"
"установка дверей без посредников в угличе";"https://dodelay.ru/podrabotka/uglich/doors"
"работа установка дверей в угличе";"https://dodelay.ru/podrabotka/uglich/doors"
"подработка установка дверей в угличе";"https://dodelay.ru/podrabotka/uglich/doors"
"требуется установка дверей в угличе";"https://dodelay.ru/podrabotka/uglich/doors"
"вакансия установка дверей в угличе";"https://dodelay.ru/podrabotka/uglich/doors"
"установка дверей в ростове великом";"https://dodelay.ru/podrabotka/rostov/doors"
"установка дверей ростов великий";"https://dodelay.ru/podrabotka/rostov/doors"
"установка дверей в ростове великом недорого";"https://dodelay.ru/podrabotka/rostov/doors"
"установка дверей в ростове великом цены";"https://dodelay.ru/podrabotka/rostov/doors"
"установка дверей в ростове великом на дом";"https://dodelay.ru/podrabotka/rostov/doors"
"вызвать мастера по дверям в ростове великом";"https://dodelay.ru/podrabotka/rostov/doors"
"нанять мастера по дверям в ростове великом";"https://dodelay.ru/podrabotka/rostov/doors"
"найти мастера по дверям в ростове великом";"https://dodelay.ru/podrabotka/rostov/doors"
"услуги мастера по дверям в ростове великом";"https://dodelay.ru/podrabotka/rostov/doors"
"установка дверей частник в ростове великом";"https://dodelay.ru/podrabotka/rostov/doors"
"установка дверей без посредников в ростове великом";"https://dodelay.ru/podrabotka/rostov/doors"
"работа установка дверей в ростове великом";"https://dodelay.ru/podrabotka/rostov/doors"
"подработка установка дверей в ростове великом";"https://dodelay.ru/podrabotka/rostov/doors"
"требуется установка дверей в ростове великом";"https://dodelay.ru/podrabotka/rostov/doors"
"вакансия установка дверей в ростове великом";"https://dodelay.ru/podrabotka/rostov/doors"
"установка межкомнатной двери в ярославле";"https://dodelay.ru/podrabotka/yaroslavl/doors"
"установка межкомнатной двери цена";"https://dodelay.ru/podrabotka/yaroslavl/doors"
"сколько стоит установка межкомнатной двери";"https://dodelay.ru/podrabotka/yaroslavl/doors"
"установка входной двери в ярославле";"https://dodelay.ru/podrabotka/yaroslavl/doors"
"установка входной двери цена";"https://dodelay.ru/podrabotka/yaroslavl/doors"
"сколько стоит установка входной двери";"https://dodelay.ru/podrabotka/yaroslavl/doors"
"демонтаж старой двери в ярославле";"https://dodelay.ru/podrabotka/yaroslavl/doors"
"демонтаж старой двери цена";"https://dodelay.ru/podrabotka/yaroslavl/doors"
"сколько стоит демонтаж старой двери";"https://dodelay.ru/podrabotka/yaroslavl/doors"
"установка доборов и наличников в ярославле";"https://dodelay.ru/podrabotka/yaroslavl/doors"
"установка доборов и наличников цена";"https://dodelay.ru/podrabotka/yaroslavl/doors"
"сколько стоит установка доборов и наличников";"https://dodelay.ru/podrabotka/yaroslavl/doors"
"установка окон в ярославле";"https://dodelay.ru/podrabotka/yaroslavl/windows"
"установка окон ярославль";"https://dodelay.ru/podrabotka/yaroslavl/windows"
"установка окон в ярославле недорого";"https://dodelay.ru/podrabotka/yaroslavl/windows"
"установка окон в ярославле цены";"https://dodelay.ru/podrabotka/yaroslavl/windows"
"установка окон в ярославле на дом";"https://dodelay.ru/podrabotka/yaroslavl/windows"
"вызвать мастера по окнам в ярославле";"https://dodelay.ru/podrabotka/yaroslavl/windows"
"нанять мастера по окнам в ярославле";"https://dodelay.ru/podrabotka/yaroslavl/windows"
"найти мастера по окнам в ярославле";"https://dodelay.ru/podrabotka/yaroslavl/windows"
"услуги мастера по окнам в ярославле";"https://dodelay.ru/podrabotka/yaroslavl/windows"
"установка окон частник в ярославле";"https://dodelay.ru/podrabotka/yaroslavl/windows"
"установка окон без посредников в ярославле";"https://dodelay.ru/podrabotka/yaroslavl/windows"
"работа установка окон в ярославле";"https://dodelay.ru/podrabotka/yaroslavl/windows"
"подработка установка окон в ярославле";"https://dodelay.ru/podrabotka/yaroslavl/windows"
"требуется установка окон в ярославле";"https://dodelay.ru/podrabotka/yaroslavl/windows"
"вакансия установка окон в ярославле";"https://dodelay.ru/podrabotka/yaroslavl/windows"
"установка окон в рыбинске";"https://dodelay.ru/podrabotka/rybinsk/windows"
"установка окон рыбинск";"https://dodelay.ru/podrabotka/rybinsk/windows"
"установка окон в рыбинске недорого";"https://dodelay.ru/podrabotka/rybinsk/windows"
"установка окон в рыбинске цены";"https://dodelay.ru/podrabotka/rybinsk/windows"
"установка окон в рыбинске на дом";"https://dodelay.ru/podrabotka/rybinsk/windows"
"вызвать мастера по окнам в рыбинске";"https://dodelay.ru/podrabotka/rybinsk/windows"
"нанять мастера по окнам в рыбинске";"https://dodelay.ru/podrabotka/rybinsk/windows"
"найти мастера по окнам в рыбинске";"https://dodelay.ru/podrabotka/rybinsk/windows"
"услуги мастера по окнам в рыбинске";"https://dodelay.ru/podrabotka/rybinsk/windows"
"установка окон частник в рыбинске";"https://dodelay.ru/podrabotka/rybinsk/windows"
"установка окон без посредников в рыбинске";"https://dodelay.ru/podrabotka/rybinsk/windows"
"работа установка окон в рыбинске";"https://dodelay.ru/podrabotka/rybinsk/windows"
"подработка установка окон в рыбинске";"https://dodelay.ru/podrabotka/rybinsk/windows"
"требуется установка окон в рыбинске";"https://dodelay.ru/podrabotka/rybinsk/windows"
"вакансия установка окон в рыбинске";"https://dodelay.ru/podrabotka/rybinsk/windows"
"установка окон в тутаеве";"https://dodelay.ru/podrabotka/tutaev/windows"
"установка окон тутаев";"https://dodelay.ru/podrabotka/tutaev/windows"
"установка окон в тутаеве недорого";"https://dodelay.ru/podrabotka/tutaev/windows"
"установка окон в тутаеве цены";"https://dodelay.ru/podrabotka/tutaev/windows"
"установка окон в тутаеве на дом";"https://dodelay.ru/podrabotka/tutaev/windows"
"вызвать мастера по окнам в тутаеве";"https://dodelay.ru/podrabotka/tutaev/windows"
"нанять мастера по окнам в тутаеве";"https://dodelay.ru/podrabotka/tutaev/windows"
"найти мастера по окнам в тутаеве";"https://dodelay.ru/podrabotka/tutaev/windows"
"услуги мастера по окнам в тутаеве";"https://dodelay.ru/podrabotka/tutaev/windows"
"установка окон частник в тутаеве";"https://dodelay.ru/podrabotka/tutaev/windows"
"установка окон без посредников в тутаеве";"https://dodelay.ru/podrabotka/tutaev/windows"
"работа установка окон в тутаеве";"https://dodelay.ru/podrabotka/tutaev/windows"
"подработка установка окон в тутаеве";"https://dodelay.ru/podrabotka/tutaev/windows"
"требуется установка окон в тутаеве";"https://dodelay.ru/podrabotka/tutaev/windows"
"вакансия установка окон в тутаеве";"https://dodelay.ru/podrabotka/tutaev/windows"
"установка окон в переславле-залесском";"https://dodelay.ru/podrabotka/pereslavl/windows"
"установка окон переславль-залесский";"https://dodelay.ru/podrabotka/pereslavl/windows"
"установка окон в переславле-залесском недорого";"https://dodelay.ru/podrabotka/pereslavl/windows"
"установка окон в переславле-залесском цены";"https://dodelay.ru/podrabotka/pereslavl/windows"
"установка окон в переславле-залесском на дом";"https://dodelay.ru/podrabotka/pereslavl/windows"
"вызвать мастера по окнам в переславле-залесском";"https://dodelay.ru/podrabotka/pereslavl/windows"
"нанять мастера по окнам в переславле-залесском";"https://dodelay.ru/podrabotka/pereslavl/windows"
"найти мастера по окнам в переславле-залесском";"https://dodelay.ru/podrabotka/pereslavl/windows"
"услуги мастера по окнам в переславле-залесском";"https://dodelay.ru/podrabotka/pereslavl/windows"
"установка окон частник в переславле-залесском";"https://dodelay.ru/podrabotka/pereslavl/windows"
"установка окон без посредников в переславле-залесском";"https://dodelay.ru/podrabotka/pereslavl/windows"
"работа установка окон в переславле-залесском";"https://dodelay.ru/podrabotka/pereslavl/windows"
"подработка установка окон в переславле-залесском";"https://dodelay.ru/podrabotka/pereslavl/windows"
"требуется установка окон в переславле-залесском";"https://dodelay.ru/podrabotka/pereslavl/windows"
"вакансия установка окон в переславле-залесском";"https://dodelay.ru/podrabotka/pereslavl/windows"
"установка окон в угличе";"https://dodelay.ru/podrabotka/uglich/windows"
"установка окон углич";"https://dodelay.ru/podrabotka/uglich/windows"
"установка окон в угличе недорого";"https://dodelay.ru/podrabotka/uglich/windows"
"установка окон в угличе цены";"https://dodelay.ru/podrabotka/uglich/windows"
"установка окон в угличе на дом";"https://dodelay.ru/podrabotka/uglich/windows"
"вызвать мастера по окнам в угличе";"https://dodelay.ru/podrabotka/uglich/windows"
"нанять мастера по окнам в угличе";"https://dodelay.ru/podrabotka/uglich/windows"
"найти мастера по окнам в угличе";"https://dodelay.ru/podrabotka/uglich/windows"
"услуги мастера по окнам в угличе";"https://dodelay.ru/podrabotka/uglich/windows"
"установка окон частник в угличе";"https://dodelay.ru/podrabotka/uglich/windows"
"установка окон без посредников в угличе";"https://dodelay.ru/podrabotka/uglich/windows"
"работа установка окон в угличе";"https://dodelay.ru/podrabotka/uglich/windows"
"подработка установка окон в угличе";"https://dodelay.ru/podrabotka/uglich/windows"
"требуется установка окон в угличе";"https://dodelay.ru/podrabotka/uglich/windows"
"вакансия установка окон в угличе";"https://dodelay.ru/podrabotka/uglich/windows"
"установка окон в ростове великом";"https://dodelay.ru/podrabotka/rostov/windows"
"установка окон ростов великий";"https://dodelay.ru/podrabotka/rostov/windows"
"установка окон в ростове великом недорого";"https://dodelay.ru/podrabotka/rostov/windows"
"установка окон в ростове великом цены";"https://dodelay.ru/podrabotka/rostov/windows"
"установка окон в ростове великом на дом";"https://dodelay.ru/podrabotka/rostov/windows"
"вызвать мастера по окнам в ростове великом";"https://dodelay.ru/podrabotka/rostov/windows"
"нанять мастера по окнам в ростове великом";"https://dodelay.ru/podrabotka/rostov/windows"
"найти мастера по окнам в ростове великом";"https://dodelay.ru/podrabotka/rostov/windows"
"услуги мастера по окнам в ростове великом";"https://dodelay.ru/podrabotka/rostov/windows"
"установка окон частник в ростове великом";"https://dodelay.ru/podrabotka/rostov/windows"
"установка окон без посредников в ростове великом";"https://dodelay.ru/podrabotka/rostov/windows"
"работа установка окон в ростове великом";"https://dodelay.ru/podrabotka/rostov/windows"
"подработка установка окон в ростове великом";"https://dodelay.ru/podrabotka/rostov/windows"
"требуется установка окон в ростове великом";"https://dodelay.ru/podrabotka/rostov/windows"
"вакансия установка окон в ростове великом";"https://dodelay.ru/podrabotka/rostov/windows"
"установка окна в ярославле";"https://dodelay.ru/podrabotka/yaroslavl/windows"
"установка окна цена";"https://dodelay.ru/podrabotka/yaroslavl/windows"
"сколько стоит установка окна";"https://dodelay.ru/podrabotka/yaroslavl/windows"
"отделка откосов в ярославле";"https://dodelay.ru/podrabotka/yaroslavl/windows"
"отделка откосов цена";"https://dodelay.ru/podrabotka/yaroslavl/windows"
"сколько стоит отделка откосов";"https://dodelay.ru/podrabotka/yaroslavl/windows"
"регулировка створок в ярославле";"https://dodelay.ru/podrabotka/yaroslavl/windows"
"регулировка створок цена";"https://dodelay.ru/podrabotka/yaroslavl/windows"
"сколько стоит регулировка створок";"https://dodelay.ru/podrabotka/yaroslavl/windows"
"замена уплотнителя";"https://dodelay.ru/podrabotka/yaroslavl/windows"
"сколько стоит замена уплотнителя";"https://dodelay.ru/podrabotka/yaroslavl/windows"
"натяжные потолки в ярославле";"https://dodelay.ru/podrabotka/yaroslavl/ceilings"
"натяжные потолки ярославль";"https://dodelay.ru/podrabotka/yaroslavl/ceilings"
"натяжные потолки в ярославле недорого";"https://dodelay.ru/podrabotka/yaroslavl/ceilings"
"натяжные потолки в ярославле цены";"https://dodelay.ru/podrabotka/yaroslavl/ceilings"
"натяжные потолки в ярославле на дом";"https://dodelay.ru/podrabotka/yaroslavl/ceilings"
"вызвать мастера по натяжным потолкам в ярославле";"https://dodelay.ru/podrabotka/yaroslavl/ceilings"
"нанять мастера по натяжным потолкам в ярославле";"https://dodelay.ru/podrabotka/yaroslavl/ceilings"
"найти мастера по натяжным потолкам в ярославле";"https://dodelay.ru/podrabotka/yaroslavl/ceilings"
"услуги мастера по натяжным потолкам в ярославле";"https://dodelay.ru/podrabotka/yaroslavl/ceilings"
"натяжные потолки частник в ярославле";"https://dodelay.ru/podrabotka/yaroslavl/ceilings"
"натяжные потолки без посредников в ярославле";"https://dodelay.ru/podrabotka/yaroslavl/ceilings"
"работа натяжные потолки в ярославле";"https://dodelay.ru/podrabotka/yaroslavl/ceilings"
"подработка натяжные потолки в ярославле";"https://dodelay.ru/podrabotka/yaroslavl/ceilings"
"требуется натяжные потолки в ярославле";"https://dodelay.ru/podrabotka/yaroslavl/ceilings"
"вакансия натяжные потолки в ярославле";"https://dodelay.ru/podrabotka/yaroslavl/ceilings"
"натяжные потолки в рыбинске";"https://dodelay.ru/podrabotka/rybinsk/ceilings"
"натяжные потолки рыбинск";"https://dodelay.ru/podrabotka/rybinsk/ceilings"
"натяжные потолки в рыбинске недорого";"https://dodelay.ru/podrabotka/rybinsk/ceilings"
"натяжные потолки в рыбинске цены";"https://dodelay.ru/podrabotka/rybinsk/ceilings"
"натяжные потолки в рыбинске на дом";"https://dodelay.ru/podrabotka/rybinsk/ceilings"
"вызвать мастера по натяжным потолкам в рыбинске";"https://dodelay.ru/podrabotka/rybinsk/ceilings"
"нанять мастера по натяжным потолкам в рыбинске";"https://dodelay.ru/podrabotka/rybinsk/ceilings"
"найти мастера по натяжным потолкам в рыбинске";"https://dodelay.ru/podrabotka/rybinsk/ceilings"
"услуги мастера по натяжным потолкам в рыбинске";"https://dodelay.ru/podrabotka/rybinsk/ceilings"
"натяжные потолки частник в рыбинске";"https://dodelay.ru/podrabotka/rybinsk/ceilings"
"натяжные потолки без посредников в рыбинске";"https://dodelay.ru/podrabotka/rybinsk/ceilings"
"работа натяжные потолки в рыбинске";"https://dodelay.ru/podrabotka/rybinsk/ceilings"
"подработка натяжные потолки в рыбинске";"https://dodelay.ru/podrabotka/rybinsk/ceilings"
"требуется натяжные потолки в рыбинске";"https://dodelay.ru/podrabotka/rybinsk/ceilings"
"вакансия натяжные потолки в рыбинске";"https://dodelay.ru/podrabotka/rybinsk/ceilings"
"натяжные потолки в тутаеве";"https://dodelay.ru/podrabotka/tutaev/ceilings"
"натяжные потолки тутаев";"https://dodelay.ru/podrabotka/tutaev/ceilings"
"натяжные потолки в тутаеве недорого";"https://dodelay.ru/podrabotka/tutaev/ceilings"
"натяжные потолки в тутаеве цены";"https://dodelay.ru/podrabotka/tutaev/ceilings"
"натяжные потолки в тутаеве на дом";"https://dodelay.ru/podrabotka/tutaev/ceilings"
"вызвать мастера по натяжным потолкам в тутаеве";"https://dodelay.ru/podrabotka/tutaev/ceilings"
"нанять мастера по натяжным потолкам в тутаеве";"https://dodelay.ru/podrabotka/tutaev/ceilings"
"найти мастера по натяжным потолкам в тутаеве";"https://dodelay.ru/podrabotka/tutaev/ceilings"
"услуги мастера по натяжным потолкам в тутаеве";"https://dodelay.ru/podrabotka/tutaev/ceilings"
"натяжные потолки частник в тутаеве";"https://dodelay.ru/podrabotka/tutaev/ceilings"
"натяжные потолки без посредников в тутаеве";"https://dodelay.ru/podrabotka/tutaev/ceilings"
"работа натяжные потолки в тутаеве";"https://dodelay.ru/podrabotka/tutaev/ceilings"
"подработка натяжные потолки в тутаеве";"https://dodelay.ru/podrabotka/tutaev/ceilings"
"требуется натяжные потолки в тутаеве";"https://dodelay.ru/podrabotka/tutaev/ceilings"
"вакансия натяжные потолки в тутаеве";"https://dodelay.ru/podrabotka/tutaev/ceilings"
"натяжные потолки в переславле-залесском";"https://dodelay.ru/podrabotka/pereslavl/ceilings"
"натяжные потолки переславль-залесский";"https://dodelay.ru/podrabotka/pereslavl/ceilings"
"натяжные потолки в переславле-залесском недорого";"https://dodelay.ru/podrabotka/pereslavl/ceilings"
"натяжные потолки в переславле-залесском цены";"https://dodelay.ru/podrabotka/pereslavl/ceilings"
"натяжные потолки в переславле-залесском на дом";"https://dodelay.ru/podrabotka/pereslavl/ceilings"
"вызвать мастера по натяжным потолкам в переславле-залесском";"https://dodelay.ru/podrabotka/pereslavl/ceilings"
"нанять мастера по натяжным потолкам в переславле-залесском";"https://dodelay.ru/podrabotka/pereslavl/ceilings"
"найти мастера по натяжным потолкам в переславле-залесском";"https://dodelay.ru/podrabotka/pereslavl/ceilings"
"услуги мастера по натяжным потолкам в переславле-залесском";"https://dodelay.ru/podrabotka/pereslavl/ceilings"
"натяжные потолки частник в переславле-залесском";"https://dodelay.ru/podrabotka/pereslavl/ceilings"
"натяжные потолки без посредников в переславле-залесском";"https://dodelay.ru/podrabotka/pereslavl/ceilings"
"работа натяжные потолки в переславле-залесском";"https://dodelay.ru/podrabotka/pereslavl/ceilings"
"подработка натяжные потолки в переславле-залесском";"https://dodelay.ru/podrabotka/pereslavl/ceilings"
"требуется натяжные потолки в переславле-залесском";"https://dodelay.ru/podrabotka/pereslavl/ceilings"
"вакансия натяжные потолки в переславле-залесском";"https://dodelay.ru/podrabotka/pereslavl/ceilings"
"натяжные потолки в угличе";"https://dodelay.ru/podrabotka/uglich/ceilings"
"натяжные потолки углич";"https://dodelay.ru/podrabotka/uglich/ceilings"
"натяжные потолки в угличе недорого";"https://dodelay.ru/podrabotka/uglich/ceilings"
"натяжные потолки в угличе цены";"https://dodelay.ru/podrabotka/uglich/ceilings"
"натяжные потолки в угличе на дом";"https://dodelay.ru/podrabotka/uglich/ceilings"
"вызвать мастера по натяжным потолкам в угличе";"https://dodelay.ru/podrabotka/uglich/ceilings"
"нанять мастера по натяжным потолкам в угличе";"https://dodelay.ru/podrabotka/uglich/ceilings"
"найти мастера по натяжным потолкам в угличе";"https://dodelay.ru/podrabotka/uglich/ceilings"
"услуги мастера по натяжным потолкам в угличе";"https://dodelay.ru/podrabotka/uglich/ceilings"
"натяжные потолки частник в угличе";"https://dodelay.ru/podrabotka/uglich/ceilings"
"натяжные потолки без посредников в угличе";"https://dodelay.ru/podrabotka/uglich/ceilings"
"работа натяжные потолки в угличе";"https://dodelay.ru/podrabotka/uglich/ceilings"
"подработка натяжные потолки в угличе";"https://dodelay.ru/podrabotka/uglich/ceilings"
"требуется натяжные потолки в угличе";"https://dodelay.ru/podrabotka/uglich/ceilings"
"вакансия натяжные потолки в угличе";"https://dodelay.ru/podrabotka/uglich/ceilings"
"натяжные потолки в ростове великом";"https://dodelay.ru/podrabotka/rostov/ceilings"
"натяжные потолки ростов великий";"https://dodelay.ru/podrabotka/rostov/ceilings"
"натяжные потолки в ростове великом недорого";"https://dodelay.ru/podrabotka/rostov/ceilings"
"натяжные потолки в ростове великом цены";"https://dodelay.ru/podrabotka/rostov/ceilings"
"натяжные потолки в ростове великом на дом";"https://dodelay.ru/podrabotka/rostov/ceilings"
"вызвать мастера по натяжным потолкам в ростове великом";"https://dodelay.ru/podrabotka/rostov/ceilings"
"нанять мастера по натяжным потолкам в ростове великом";"https://dodelay.ru/podrabotka/rostov/ceilings"
"найти мастера по натяжным потолкам в ростове великом";"https://dodelay.ru/podrabotka/rostov/ceilings"
"услуги мастера по натяжным потолкам в ростове великом";"https://dodelay.ru/podrabotka/rostov/ceilings"
"натяжные потолки частник в ростове великом";"https://dodelay.ru/podrabotka/rostov/ceilings"
"натяжные потолки без посредников в ростове великом";"https://dodelay.ru/podrabotka/rostov/ceilings"
"работа натяжные потолки в ростове великом";"https://dodelay.ru/podrabotka/rostov/ceilings"
"подработка натяжные потолки в ростове великом";"https://dodelay.ru/podrabotka/rostov/ceilings"
"требуется натяжные потолки в ростове великом";"https://dodelay.ru/podrabotka/rostov/ceilings"
"вакансия натяжные потолки в ростове великом";"https://dodelay.ru/podrabotka/rostov/ceilings"
"натяжной потолок";"https://dodelay.ru/podrabotka/yaroslavl/ceilings"
"сколько стоит натяжной потолок";"https://dodelay.ru/podrabotka/yaroslavl/ceilings"
"установка светильника в потолок в ярославле";"https://dodelay.ru/podrabotka/yaroslavl/ceilings"
"установка светильника в потолок цена";"https://dodelay.ru/podrabotka/yaroslavl/ceilings"
"сколько стоит установка светильника в потолок";"https://dodelay.ru/podrabotka/yaroslavl/ceilings"
"обвод трубы в ярославле";"https://dodelay.ru/podrabotka/yaroslavl/ceilings"
"обвод трубы цена";"https://dodelay.ru/podrabotka/yaroslavl/ceilings"
"сколько стоит обвод трубы";"https://dodelay.ru/podrabotka/yaroslavl/ceilings"
"кровельщик в ярославле";"https://dodelay.ru/podrabotka/yaroslavl/roofer"
"кровельщик ярославль";"https://dodelay.ru/podrabotka/yaroslavl/roofer"
"кровельщик в ярославле недорого";"https://dodelay.ru/podrabotka/yaroslavl/roofer"
"кровельщик в ярославле цены";"https://dodelay.ru/podrabotka/yaroslavl/roofer"
"кровельщик в ярославле на дом";"https://dodelay.ru/podrabotka/yaroslavl/roofer"
"вызвать кровельщика в ярославле";"https://dodelay.ru/podrabotka/yaroslavl/roofer"
"нанять кровельщика в ярославле";"https://dodelay.ru/podrabotka/yaroslavl/roofer"
"найти кровельщика в ярославле";"https://dodelay.ru/podrabotka/yaroslavl/roofer"
"услуги кровельщика в ярославле";"https://dodelay.ru/podrabotka/yaroslavl/roofer"
"кровельщик частник в ярославле";"https://dodelay.ru/podrabotka/yaroslavl/roofer"
"кровельщик без посредников в ярославле";"https://dodelay.ru/podrabotka/yaroslavl/roofer"
"работа кровельщик в ярославле";"https://dodelay.ru/podrabotka/yaroslavl/roofer"
"подработка кровельщик в ярославле";"https://dodelay.ru/podrabotka/yaroslavl/roofer"
"требуется кровельщик в ярославле";"https://dodelay.ru/podrabotka/yaroslavl/roofer"
"вакансия кровельщик в ярославле";"https://dodelay.ru/podrabotka/yaroslavl/roofer"
"кровельщик в рыбинске";"https://dodelay.ru/podrabotka/rybinsk/roofer"
"кровельщик рыбинск";"https://dodelay.ru/podrabotka/rybinsk/roofer"
"кровельщик в рыбинске недорого";"https://dodelay.ru/podrabotka/rybinsk/roofer"
"кровельщик в рыбинске цены";"https://dodelay.ru/podrabotka/rybinsk/roofer"
"кровельщик в рыбинске на дом";"https://dodelay.ru/podrabotka/rybinsk/roofer"
"вызвать кровельщика в рыбинске";"https://dodelay.ru/podrabotka/rybinsk/roofer"
"нанять кровельщика в рыбинске";"https://dodelay.ru/podrabotka/rybinsk/roofer"
"найти кровельщика в рыбинске";"https://dodelay.ru/podrabotka/rybinsk/roofer"
"услуги кровельщика в рыбинске";"https://dodelay.ru/podrabotka/rybinsk/roofer"
"кровельщик частник в рыбинске";"https://dodelay.ru/podrabotka/rybinsk/roofer"
"кровельщик без посредников в рыбинске";"https://dodelay.ru/podrabotka/rybinsk/roofer"
"работа кровельщик в рыбинске";"https://dodelay.ru/podrabotka/rybinsk/roofer"
"подработка кровельщик в рыбинске";"https://dodelay.ru/podrabotka/rybinsk/roofer"
"требуется кровельщик в рыбинске";"https://dodelay.ru/podrabotka/rybinsk/roofer"
"вакансия кровельщик в рыбинске";"https://dodelay.ru/podrabotka/rybinsk/roofer"
"кровельщик в тутаеве";"https://dodelay.ru/podrabotka/tutaev/roofer"
"кровельщик тутаев";"https://dodelay.ru/podrabotka/tutaev/roofer"
"кровельщик в тутаеве недорого";"https://dodelay.ru/podrabotka/tutaev/roofer"
"кровельщик в тутаеве цены";"https://dodelay.ru/podrabotka/tutaev/roofer"
"кровельщик в тутаеве на дом";"https://dodelay.ru/podrabotka/tutaev/roofer"
"вызвать кровельщика в тутаеве";"https://dodelay.ru/podrabotka/tutaev/roofer"
"нанять кровельщика в тутаеве";"https://dodelay.ru/podrabotka/tutaev/roofer"
"найти кровельщика в тутаеве";"https://dodelay.ru/podrabotka/tutaev/roofer"
"услуги кровельщика в тутаеве";"https://dodelay.ru/podrabotka/tutaev/roofer"
"кровельщик частник в тутаеве";"https://dodelay.ru/podrabotka/tutaev/roofer"
"кровельщик без посредников в тутаеве";"https://dodelay.ru/podrabotka/tutaev/roofer"
"работа кровельщик в тутаеве";"https://dodelay.ru/podrabotka/tutaev/roofer"
"подработка кровельщик в тутаеве";"https://dodelay.ru/podrabotka/tutaev/roofer"
"требуется кровельщик в тутаеве";"https://dodelay.ru/podrabotka/tutaev/roofer"
"вакансия кровельщик в тутаеве";"https://dodelay.ru/podrabotka/tutaev/roofer"
"кровельщик в переславле-залесском";"https://dodelay.ru/podrabotka/pereslavl/roofer"
"кровельщик переславль-залесский";"https://dodelay.ru/podrabotka/pereslavl/roofer"
"кровельщик в переславле-залесском недорого";"https://dodelay.ru/podrabotka/pereslavl/roofer"
"кровельщик в переславле-залесском цены";"https://dodelay.ru/podrabotka/pereslavl/roofer"
"кровельщик в переславле-залесском на дом";"https://dodelay.ru/podrabotka/pereslavl/roofer"
"вызвать кровельщика в переславле-залесском";"https://dodelay.ru/podrabotka/pereslavl/roofer"
"нанять кровельщика в переславле-залесском";"https://dodelay.ru/podrabotka/pereslavl/roofer"
"найти кровельщика в переславле-залесском";"https://dodelay.ru/podrabotka/pereslavl/roofer"
"услуги кровельщика в переславле-залесском";"https://dodelay.ru/podrabotka/pereslavl/roofer"
"кровельщик частник в переславле-залесском";"https://dodelay.ru/podrabotka/pereslavl/roofer"
"кровельщик без посредников в переславле-залесском";"https://dodelay.ru/podrabotka/pereslavl/roofer"
"работа кровельщик в переславле-залесском";"https://dodelay.ru/podrabotka/pereslavl/roofer"
"подработка кровельщик в переславле-залесском";"https://dodelay.ru/podrabotka/pereslavl/roofer"
"требуется кровельщик в переславле-залесском";"https://dodelay.ru/podrabotka/pereslavl/roofer"
"вакансия кровельщик в переславле-залесском";"https://dodelay.ru/podrabotka/pereslavl/roofer"
"кровельщик в угличе";"https://dodelay.ru/podrabotka/uglich/roofer"
"кровельщик углич";"https://dodelay.ru/podrabotka/uglich/roofer"
"кровельщик в угличе недорого";"https://dodelay.ru/podrabotka/uglich/roofer"
"кровельщик в угличе цены";"https://dodelay.ru/podrabotka/uglich/roofer"
"кровельщик в угличе на дом";"https://dodelay.ru/podrabotka/uglich/roofer"
"вызвать кровельщика в угличе";"https://dodelay.ru/podrabotka/uglich/roofer"
"нанять кровельщика в угличе";"https://dodelay.ru/podrabotka/uglich/roofer"
"найти кровельщика в угличе";"https://dodelay.ru/podrabotka/uglich/roofer"
"услуги кровельщика в угличе";"https://dodelay.ru/podrabotka/uglich/roofer"
"кровельщик частник в угличе";"https://dodelay.ru/podrabotka/uglich/roofer"
"кровельщик без посредников в угличе";"https://dodelay.ru/podrabotka/uglich/roofer"
"работа кровельщик в угличе";"https://dodelay.ru/podrabotka/uglich/roofer"
"подработка кровельщик в угличе";"https://dodelay.ru/podrabotka/uglich/roofer"
"требуется кровельщик в угличе";"https://dodelay.ru/podrabotka/uglich/roofer"
"вакансия кровельщик в угличе";"https://dodelay.ru/podrabotka/uglich/roofer"
"кровельщик в ростове великом";"https://dodelay.ru/podrabotka/rostov/roofer"
"кровельщик ростов великий";"https://dodelay.ru/podrabotka/rostov/roofer"
"кровельщик в ростове великом недорого";"https://dodelay.ru/podrabotka/rostov/roofer"
"кровельщик в ростове великом цены";"https://dodelay.ru/podrabotka/rostov/roofer"
"кровельщик в ростове великом на дом";"https://dodelay.ru/podrabotka/rostov/roofer"
"вызвать кровельщика в ростове великом";"https://dodelay.ru/podrabotka/rostov/roofer"
"нанять кровельщика в ростове великом";"https://dodelay.ru/podrabotka/rostov/roofer"
"найти кровельщика в ростове великом";"https://dodelay.ru/podrabotka/rostov/roofer"
"услуги кровельщика в ростове великом";"https://dodelay.ru/podrabotka/rostov/roofer"
"кровельщик частник в ростове великом";"https://dodelay.ru/podrabotka/rostov/roofer"
"кровельщик без посредников в ростове великом";"https://dodelay.ru/podrabotka/rostov/roofer"
"работа кровельщик в ростове великом";"https://dodelay.ru/podrabotka/rostov/roofer"
"подработка кровельщик в ростове великом";"https://dodelay.ru/podrabotka/rostov/roofer"
"требуется кровельщик в ростове великом";"https://dodelay.ru/podrabotka/rostov/roofer"
"вакансия кровельщик в ростове великом";"https://dodelay.ru/podrabotka/rostov/roofer"
"монтаж кровли";"https://dodelay.ru/podrabotka/yaroslavl/roofer"
"сколько стоит монтаж кровли";"https://dodelay.ru/podrabotka/yaroslavl/roofer"
"ремонт протечки в ярославле";"https://dodelay.ru/podrabotka/yaroslavl/roofer"
"ремонт протечки цена";"https://dodelay.ru/podrabotka/yaroslavl/roofer"
"сколько стоит ремонт протечки";"https://dodelay.ru/podrabotka/yaroslavl/roofer"
"монтаж водостока";"https://dodelay.ru/podrabotka/yaroslavl/roofer"
"сколько стоит монтаж водостока";"https://dodelay.ru/podrabotka/yaroslavl/roofer"
"замена шифера на профлист";"https://dodelay.ru/podrabotka/yaroslavl/roofer"
"сколько стоит замена шифера на профлист";"https://dodelay.ru/podrabotka/yaroslavl/roofer"
"демонтаж в ярославле";"https://dodelay.ru/podrabotka/yaroslavl/demolition"
"демонтаж ярославль";"https://dodelay.ru/podrabotka/yaroslavl/demolition"
"демонтаж в ярославле недорого";"https://dodelay.ru/podrabotka/yaroslavl/demolition"
"демонтаж в ярославле цены";"https://dodelay.ru/podrabotka/yaroslavl/demolition"
"демонтаж в ярославле на дом";"https://dodelay.ru/podrabotka/yaroslavl/demolition"
"вызвать мастера по демонтажу в ярославле";"https://dodelay.ru/podrabotka/yaroslavl/demolition"
"нанять мастера по демонтажу в ярославле";"https://dodelay.ru/podrabotka/yaroslavl/demolition"
"найти мастера по демонтажу в ярославле";"https://dodelay.ru/podrabotka/yaroslavl/demolition"
"услуги мастера по демонтажу в ярославле";"https://dodelay.ru/podrabotka/yaroslavl/demolition"
"демонтаж частник в ярославле";"https://dodelay.ru/podrabotka/yaroslavl/demolition"
"демонтаж без посредников в ярославле";"https://dodelay.ru/podrabotka/yaroslavl/demolition"
"работа демонтаж в ярославле";"https://dodelay.ru/podrabotka/yaroslavl/demolition"
"подработка демонтаж в ярославле";"https://dodelay.ru/podrabotka/yaroslavl/demolition"
"требуется демонтаж в ярославле";"https://dodelay.ru/podrabotka/yaroslavl/demolition"
"вакансия демонтаж в ярославле";"https://dodelay.ru/podrabotka/yaroslavl/demolition"
"демонтаж в рыбинске";"https://dodelay.ru/podrabotka/rybinsk/demolition"
"демонтаж рыбинск";"https://dodelay.ru/podrabotka/rybinsk/demolition"
"демонтаж в рыбинске недорого";"https://dodelay.ru/podrabotka/rybinsk/demolition"
"демонтаж в рыбинске цены";"https://dodelay.ru/podrabotka/rybinsk/demolition"
"демонтаж в рыбинске на дом";"https://dodelay.ru/podrabotka/rybinsk/demolition"
"вызвать мастера по демонтажу в рыбинске";"https://dodelay.ru/podrabotka/rybinsk/demolition"
"нанять мастера по демонтажу в рыбинске";"https://dodelay.ru/podrabotka/rybinsk/demolition"
"найти мастера по демонтажу в рыбинске";"https://dodelay.ru/podrabotka/rybinsk/demolition"
"услуги мастера по демонтажу в рыбинске";"https://dodelay.ru/podrabotka/rybinsk/demolition"
"демонтаж частник в рыбинске";"https://dodelay.ru/podrabotka/rybinsk/demolition"
"демонтаж без посредников в рыбинске";"https://dodelay.ru/podrabotka/rybinsk/demolition"
"работа демонтаж в рыбинске";"https://dodelay.ru/podrabotka/rybinsk/demolition"
"подработка демонтаж в рыбинске";"https://dodelay.ru/podrabotka/rybinsk/demolition"
"требуется демонтаж в рыбинске";"https://dodelay.ru/podrabotka/rybinsk/demolition"
"вакансия демонтаж в рыбинске";"https://dodelay.ru/podrabotka/rybinsk/demolition"
"демонтаж в тутаеве";"https://dodelay.ru/podrabotka/tutaev/demolition"
"демонтаж тутаев";"https://dodelay.ru/podrabotka/tutaev/demolition"
"демонтаж в тутаеве недорого";"https://dodelay.ru/podrabotka/tutaev/demolition"
"демонтаж в тутаеве цены";"https://dodelay.ru/podrabotka/tutaev/demolition"
"демонтаж в тутаеве на дом";"https://dodelay.ru/podrabotka/tutaev/demolition"
"вызвать мастера по демонтажу в тутаеве";"https://dodelay.ru/podrabotka/tutaev/demolition"
"нанять мастера по демонтажу в тутаеве";"https://dodelay.ru/podrabotka/tutaev/demolition"
"найти мастера по демонтажу в тутаеве";"https://dodelay.ru/podrabotka/tutaev/demolition"
"услуги мастера по демонтажу в тутаеве";"https://dodelay.ru/podrabotka/tutaev/demolition"
"демонтаж частник в тутаеве";"https://dodelay.ru/podrabotka/tutaev/demolition"
"демонтаж без посредников в тутаеве";"https://dodelay.ru/podrabotka/tutaev/demolition"
"работа демонтаж в тутаеве";"https://dodelay.ru/podrabotka/tutaev/demolition"
"подработка демонтаж в тутаеве";"https://dodelay.ru/podrabotka/tutaev/demolition"
"требуется демонтаж в тутаеве";"https://dodelay.ru/podrabotka/tutaev/demolition"
"вакансия демонтаж в тутаеве";"https://dodelay.ru/podrabotka/tutaev/demolition"
"демонтаж в переславле-залесском";"https://dodelay.ru/podrabotka/pereslavl/demolition"
"демонтаж переславль-залесский";"https://dodelay.ru/podrabotka/pereslavl/demolition"
"демонтаж в переславле-залесском недорого";"https://dodelay.ru/podrabotka/pereslavl/demolition"
"демонтаж в переславле-залесском цены";"https://dodelay.ru/podrabotka/pereslavl/demolition"
"демонтаж в переславле-залесском на дом";"https://dodelay.ru/podrabotka/pereslavl/demolition"
"вызвать мастера по демонтажу в переславле-залесском";"https://dodelay.ru/podrabotka/pereslavl/demolition"
"нанять мастера по демонтажу в переславле-залесском";"https://dodelay.ru/podrabotka/pereslavl/demolition"
"найти мастера по демонтажу в переславле-залесском";"https://dodelay.ru/podrabotka/pereslavl/demolition"
"услуги мастера по демонтажу в переславле-залесском";"https://dodelay.ru/podrabotka/pereslavl/demolition"
"демонтаж частник в переславле-залесском";"https://dodelay.ru/podrabotka/pereslavl/demolition"
"демонтаж без посредников в переславле-залесском";"https://dodelay.ru/podrabotka/pereslavl/demolition"
"работа демонтаж в переславле-залесском";"https://dodelay.ru/podrabotka/pereslavl/demolition"
"подработка демонтаж в переславле-залесском";"https://dodelay.ru/podrabotka/pereslavl/demolition"
"требуется демонтаж в переславле-залесском";"https://dodelay.ru/podrabotka/pereslavl/demolition"
"вакансия демонтаж в переславле-залесском";"https://dodelay.ru/podrabotka/pereslavl/demolition"
"демонтаж в угличе";"https://dodelay.ru/podrabotka/uglich/demolition"
"демонтаж углич";"https://dodelay.ru/podrabotka/uglich/demolition"
"демонтаж в угличе недорого";"https://dodelay.ru/podrabotka/uglich/demolition"
"демонтаж в угличе цены";"https://dodelay.ru/podrabotka/uglich/demolition"
"демонтаж в угличе на дом";"https://dodelay.ru/podrabotka/uglich/demolition"
"вызвать мастера по демонтажу в угличе";"https://dodelay.ru/podrabotka/uglich/demolition"
"нанять мастера по демонтажу в угличе";"https://dodelay.ru/podrabotka/uglich/demolition"
"найти мастера по демонтажу в угличе";"https://dodelay.ru/podrabotka/uglich/demolition"
"услуги мастера по демонтажу в угличе";"https://dodelay.ru/podrabotka/uglich/demolition"
"демонтаж частник в угличе";"https://dodelay.ru/podrabotka/uglich/demolition"
"демонтаж без посредников в угличе";"https://dodelay.ru/podrabotka/uglich/demolition"
"работа демонтаж в угличе";"https://dodelay.ru/podrabotka/uglich/demolition"
"подработка демонтаж в угличе";"https://dodelay.ru/podrabotka/uglich/demolition"
"требуется демонтаж в угличе";"https://dodelay.ru/podrabotka/uglich/demolition"
"вакансия демонтаж в угличе";"https://dodelay.ru/podrabotka/uglich/demolition"
"демонтаж в ростове великом";"https://dodelay.ru/podrabotka/rostov/demolition"
"демонтаж ростов великий";"https://dodelay.ru/podrabotka/rostov/demolition"
"демонтаж в ростове великом недорого";"https://dodelay.ru/podrabotka/rostov/demolition"
"демонтаж в ростове великом цены";"https://dodelay.ru/podrabotka/rostov/demolition"
"демонтаж в ростове великом на дом";"https://dodelay.ru/podrabotka/rostov/demolition"
"вызвать мастера по демонтажу в ростове великом";"https://dodelay.ru/podrabotka/rostov/demolition"
"нанять мастера по демонтажу в ростове великом";"https://dodelay.ru/podrabotka/rostov/demolition"
"найти мастера по демонтажу в ростове великом";"https://dodelay.ru/podrabotka/rostov/demolition"
"услуги мастера по демонтажу в ростове великом";"https://dodelay.ru/podrabotka/rostov/demolition"
"демонтаж частник в ростове великом";"https://dodelay.ru/podrabotka/rostov/demolition"
"демонтаж без посредников в ростове великом";"https://dodelay.ru/podrabotka/rostov/demolition"
"работа демонтаж в ростове великом";"https://dodelay.ru/podrabotka/rostov/demolition"
"подработка демонтаж в ростове великом";"https://dodelay.ru/podrabotka/rostov/demolition"
"требуется демонтаж в ростове великом";"https://dodelay.ru/podrabotka/rostov/demolition"
"вакансия демонтаж в ростове великом";"https://dodelay.ru/podrabotka/rostov/demolition"
"демонтаж перегородки";"https://dodelay.ru/podrabotka/yaroslavl/demolition"
"сколько стоит демонтаж перегородки";"https://dodelay.ru/podrabotka/yaroslavl/demolition"
"снятие плитки";"https://dodelay.ru/podrabotka/yaroslavl/demolition"
"сколько стоит снятие плитки";"https://dodelay.ru/podrabotka/yaroslavl/demolition"
"демонтаж старого пола";"https://dodelay.ru/podrabotka/yaroslavl/demolition"
"сколько стоит демонтаж старого пола";"https://dodelay.ru/podrabotka/yaroslavl/demolition"
"разбор сарая или пристройки в ярославле";"https://dodelay.ru/podrabotka/yaroslavl/demolition"
"разбор сарая или пристройки цена";"https://dodelay.ru/podrabotka/yaroslavl/demolition"
"сколько стоит разбор сарая или пристройки";"https://dodelay.ru/podrabotka/yaroslavl/demolition"
"отопление и котлы в ярославле";"https://dodelay.ru/podrabotka/yaroslavl/heating"
"отопление и котлы ярославль";"https://dodelay.ru/podrabotka/yaroslavl/heating"
"отопление и котлы в ярославле недорого";"https://dodelay.ru/podrabotka/yaroslavl/heating"
"отопление и котлы в ярославле цены";"https://dodelay.ru/podrabotka/yaroslavl/heating"
"отопление и котлы в ярославле на дом";"https://dodelay.ru/podrabotka/yaroslavl/heating"
"вызвать мастера по отоплению в ярославле";"https://dodelay.ru/podrabotka/yaroslavl/heating"
"нанять мастера по отоплению в ярославле";"https://dodelay.ru/podrabotka/yaroslavl/heating"
"найти мастера по отоплению в ярославле";"https://dodelay.ru/podrabotka/yaroslavl/heating"
"услуги мастера по отоплению в ярославле";"https://dodelay.ru/podrabotka/yaroslavl/heating"
"отопление и котлы частник в ярославле";"https://dodelay.ru/podrabotka/yaroslavl/heating"
"отопление и котлы без посредников в ярославле";"https://dodelay.ru/podrabotka/yaroslavl/heating"
"работа отопление и котлы в ярославле";"https://dodelay.ru/podrabotka/yaroslavl/heating"
"подработка отопление и котлы в ярославле";"https://dodelay.ru/podrabotka/yaroslavl/heating"
"требуется отопление и котлы в ярославле";"https://dodelay.ru/podrabotka/yaroslavl/heating"
"вакансия отопление и котлы в ярославле";"https://dodelay.ru/podrabotka/yaroslavl/heating"
"отопление и котлы в рыбинске";"https://dodelay.ru/podrabotka/rybinsk/heating"
"отопление и котлы рыбинск";"https://dodelay.ru/podrabotka/rybinsk/heating"
"отопление и котлы в рыбинске недорого";"https://dodelay.ru/podrabotka/rybinsk/heating"
"отопление и котлы в рыбинске цены";"https://dodelay.ru/podrabotka/rybinsk/heating"
"отопление и котлы в рыбинске на дом";"https://dodelay.ru/podrabotka/rybinsk/heating"
"вызвать мастера по отоплению в рыбинске";"https://dodelay.ru/podrabotka/rybinsk/heating"
"нанять мастера по отоплению в рыбинске";"https://dodelay.ru/podrabotka/rybinsk/heating"
"найти мастера по отоплению в рыбинске";"https://dodelay.ru/podrabotka/rybinsk/heating"
"услуги мастера по отоплению в рыбинске";"https://dodelay.ru/podrabotka/rybinsk/heating"
"отопление и котлы частник в рыбинске";"https://dodelay.ru/podrabotka/rybinsk/heating"
"отопление и котлы без посредников в рыбинске";"https://dodelay.ru/podrabotka/rybinsk/heating"
"работа отопление и котлы в рыбинске";"https://dodelay.ru/podrabotka/rybinsk/heating"
"подработка отопление и котлы в рыбинске";"https://dodelay.ru/podrabotka/rybinsk/heating"
"требуется отопление и котлы в рыбинске";"https://dodelay.ru/podrabotka/rybinsk/heating"
"вакансия отопление и котлы в рыбинске";"https://dodelay.ru/podrabotka/rybinsk/heating"
"отопление и котлы в тутаеве";"https://dodelay.ru/podrabotka/tutaev/heating"
"отопление и котлы тутаев";"https://dodelay.ru/podrabotka/tutaev/heating"
"отопление и котлы в тутаеве недорого";"https://dodelay.ru/podrabotka/tutaev/heating"
"отопление и котлы в тутаеве цены";"https://dodelay.ru/podrabotka/tutaev/heating"
"отопление и котлы в тутаеве на дом";"https://dodelay.ru/podrabotka/tutaev/heating"
"вызвать мастера по отоплению в тутаеве";"https://dodelay.ru/podrabotka/tutaev/heating"
"нанять мастера по отоплению в тутаеве";"https://dodelay.ru/podrabotka/tutaev/heating"
"найти мастера по отоплению в тутаеве";"https://dodelay.ru/podrabotka/tutaev/heating"
"услуги мастера по отоплению в тутаеве";"https://dodelay.ru/podrabotka/tutaev/heating"
"отопление и котлы частник в тутаеве";"https://dodelay.ru/podrabotka/tutaev/heating"
"отопление и котлы без посредников в тутаеве";"https://dodelay.ru/podrabotka/tutaev/heating"
"работа отопление и котлы в тутаеве";"https://dodelay.ru/podrabotka/tutaev/heating"
"подработка отопление и котлы в тутаеве";"https://dodelay.ru/podrabotka/tutaev/heating"
"требуется отопление и котлы в тутаеве";"https://dodelay.ru/podrabotka/tutaev/heating"
"вакансия отопление и котлы в тутаеве";"https://dodelay.ru/podrabotka/tutaev/heating"
"отопление и котлы в переславле-залесском";"https://dodelay.ru/podrabotka/pereslavl/heating"
"отопление и котлы переславль-залесский";"https://dodelay.ru/podrabotka/pereslavl/heating"
"отопление и котлы в переславле-залесском недорого";"https://dodelay.ru/podrabotka/pereslavl/heating"
"отопление и котлы в переславле-залесском цены";"https://dodelay.ru/podrabotka/pereslavl/heating"
"отопление и котлы в переславле-залесском на дом";"https://dodelay.ru/podrabotka/pereslavl/heating"
"вызвать мастера по отоплению в переславле-залесском";"https://dodelay.ru/podrabotka/pereslavl/heating"
"нанять мастера по отоплению в переславле-залесском";"https://dodelay.ru/podrabotka/pereslavl/heating"
"найти мастера по отоплению в переславле-залесском";"https://dodelay.ru/podrabotka/pereslavl/heating"
"услуги мастера по отоплению в переславле-залесском";"https://dodelay.ru/podrabotka/pereslavl/heating"
"отопление и котлы частник в переславле-залесском";"https://dodelay.ru/podrabotka/pereslavl/heating"
"отопление и котлы без посредников в переславле-залесском";"https://dodelay.ru/podrabotka/pereslavl/heating"
"работа отопление и котлы в переславле-залесском";"https://dodelay.ru/podrabotka/pereslavl/heating"
"подработка отопление и котлы в переславле-залесском";"https://dodelay.ru/podrabotka/pereslavl/heating"
"требуется отопление и котлы в переславле-залесском";"https://dodelay.ru/podrabotka/pereslavl/heating"
"вакансия отопление и котлы в переславле-залесском";"https://dodelay.ru/podrabotka/pereslavl/heating"
"отопление и котлы в угличе";"https://dodelay.ru/podrabotka/uglich/heating"
"отопление и котлы углич";"https://dodelay.ru/podrabotka/uglich/heating"
"отопление и котлы в угличе недорого";"https://dodelay.ru/podrabotka/uglich/heating"
"отопление и котлы в угличе цены";"https://dodelay.ru/podrabotka/uglich/heating"
"отопление и котлы в угличе на дом";"https://dodelay.ru/podrabotka/uglich/heating"
"вызвать мастера по отоплению в угличе";"https://dodelay.ru/podrabotka/uglich/heating"
"нанять мастера по отоплению в угличе";"https://dodelay.ru/podrabotka/uglich/heating"
"найти мастера по отоплению в угличе";"https://dodelay.ru/podrabotka/uglich/heating"
"услуги мастера по отоплению в угличе";"https://dodelay.ru/podrabotka/uglich/heating"
"отопление и котлы частник в угличе";"https://dodelay.ru/podrabotka/uglich/heating"
"отопление и котлы без посредников в угличе";"https://dodelay.ru/podrabotka/uglich/heating"
"работа отопление и котлы в угличе";"https://dodelay.ru/podrabotka/uglich/heating"
"подработка отопление и котлы в угличе";"https://dodelay.ru/podrabotka/uglich/heating"
"требуется отопление и котлы в угличе";"https://dodelay.ru/podrabotka/uglich/heating"
"вакансия отопление и котлы в угличе";"https://dodelay.ru/podrabotka/uglich/heating"
"отопление и котлы в ростове великом";"https://dodelay.ru/podrabotka/rostov/heating"
"отопление и котлы ростов великий";"https://dodelay.ru/podrabotka/rostov/heating"
"отопление и котлы в ростове великом недорого";"https://dodelay.ru/podrabotka/rostov/heating"
"отопление и котлы в ростове великом цены";"https://dodelay.ru/podrabotka/rostov/heating"
"отопление и котлы в ростове великом на дом";"https://dodelay.ru/podrabotka/rostov/heating"
"вызвать мастера по отоплению в ростове великом";"https://dodelay.ru/podrabotka/rostov/heating"
"нанять мастера по отоплению в ростове великом";"https://dodelay.ru/podrabotka/rostov/heating"
"найти мастера по отоплению в ростове великом";"https://dodelay.ru/podrabotka/rostov/heating"
"услуги мастера по отоплению в ростове великом";"https://dodelay.ru/podrabotka/rostov/heating"
"отопление и котлы частник в ростове великом";"https://dodelay.ru/podrabotka/rostov/heating"
"отопление и котлы без посредников в ростове великом";"https://dodelay.ru/podrabotka/rostov/heating"
"работа отопление и котлы в ростове великом";"https://dodelay.ru/podrabotka/rostov/heating"
"подработка отопление и котлы в ростове великом";"https://dodelay.ru/podrabotka/rostov/heating"
"требуется отопление и котлы в ростове великом";"https://dodelay.ru/podrabotka/rostov/heating"
"вакансия отопление и котлы в ростове великом";"https://dodelay.ru/podrabotka/rostov/heating"
"замена радиатора в ярославле";"https://dodelay.ru/podrabotka/yaroslavl/heating"
"замена радиатора цена";"https://dodelay.ru/podrabotka/yaroslavl/heating"
"сколько стоит замена радиатора";"https://dodelay.ru/podrabotka/yaroslavl/heating"
"установка котла в ярославле";"https://dodelay.ru/podrabotka/yaroslavl/heating"
"установка котла цена";"https://dodelay.ru/podrabotka/yaroslavl/heating"
"сколько стоит установка котла";"https://dodelay.ru/podrabotka/yaroslavl/heating"
"монтаж тёплого пола";"https://dodelay.ru/podrabotka/yaroslavl/heating"
"сколько стоит монтаж тёплого пола";"https://dodelay.ru/podrabotka/yaroslavl/heating"
"промывка системы отопления в ярославле";"https://dodelay.ru/podrabotka/yaroslavl/heating"
"промывка системы отопления цена";"https://dodelay.ru/podrabotka/yaroslavl/heating"
"сколько стоит промывка системы отопления";"https://dodelay.ru/podrabotka/yaroslavl/heating"
"кондиционеры в ярославле";"https://dodelay.ru/podrabotka/yaroslavl/aircon"
"кондиционеры ярославль";"https://dodelay.ru/podrabotka/yaroslavl/aircon"
"кондиционеры в ярославле недорого";"https://dodelay.ru/podrabotka/yaroslavl/aircon"
"кондиционеры в ярославле цены";"https://dodelay.ru/podrabotka/yaroslavl/aircon"
"кондиционеры в ярославле на дом";"https://dodelay.ru/podrabotka/yaroslavl/aircon"
"вызвать мастера по кондиционерам в ярославле";"https://dodelay.ru/podrabotka/yaroslavl/aircon"
"нанять мастера по кондиционерам в ярославле";"https://dodelay.ru/podrabotka/yaroslavl/aircon"
"найти мастера по кондиционерам в ярославле";"https://dodelay.ru/podrabotka/yaroslavl/aircon"
"услуги мастера по кондиционерам в ярославле";"https://dodelay.ru/podrabotka/yaroslavl/aircon"
"кондиционеры частник в ярославле";"https://dodelay.ru/podrabotka/yaroslavl/aircon"
"кондиционеры без посредников в ярославле";"https://dodelay.ru/podrabotka/yaroslavl/aircon"
"работа кондиционеры в ярославле";"https://dodelay.ru/podrabotka/yaroslavl/aircon"
"подработка кондиционеры в ярославле";"https://dodelay.ru/podrabotka/yaroslavl/aircon"
"требуется кондиционеры в ярославле";"https://dodelay.ru/podrabotka/yaroslavl/aircon"
"вакансия кондиционеры в ярославле";"https://dodelay.ru/podrabotka/yaroslavl/aircon"
"кондиционеры в рыбинске";"https://dodelay.ru/podrabotka/rybinsk/aircon"
"кондиционеры рыбинск";"https://dodelay.ru/podrabotka/rybinsk/aircon"
"кондиционеры в рыбинске недорого";"https://dodelay.ru/podrabotka/rybinsk/aircon"
"кондиционеры в рыбинске цены";"https://dodelay.ru/podrabotka/rybinsk/aircon"
"кондиционеры в рыбинске на дом";"https://dodelay.ru/podrabotka/rybinsk/aircon"
"вызвать мастера по кондиционерам в рыбинске";"https://dodelay.ru/podrabotka/rybinsk/aircon"
"нанять мастера по кондиционерам в рыбинске";"https://dodelay.ru/podrabotka/rybinsk/aircon"
"найти мастера по кондиционерам в рыбинске";"https://dodelay.ru/podrabotka/rybinsk/aircon"
"услуги мастера по кондиционерам в рыбинске";"https://dodelay.ru/podrabotka/rybinsk/aircon"
"кондиционеры частник в рыбинске";"https://dodelay.ru/podrabotka/rybinsk/aircon"
"кондиционеры без посредников в рыбинске";"https://dodelay.ru/podrabotka/rybinsk/aircon"
"работа кондиционеры в рыбинске";"https://dodelay.ru/podrabotka/rybinsk/aircon"
"подработка кондиционеры в рыбинске";"https://dodelay.ru/podrabotka/rybinsk/aircon"
"требуется кондиционеры в рыбинске";"https://dodelay.ru/podrabotka/rybinsk/aircon"
"вакансия кондиционеры в рыбинске";"https://dodelay.ru/podrabotka/rybinsk/aircon"
"кондиционеры в тутаеве";"https://dodelay.ru/podrabotka/tutaev/aircon"
"кондиционеры тутаев";"https://dodelay.ru/podrabotka/tutaev/aircon"
"кондиционеры в тутаеве недорого";"https://dodelay.ru/podrabotka/tutaev/aircon"
"кондиционеры в тутаеве цены";"https://dodelay.ru/podrabotka/tutaev/aircon"
"кондиционеры в тутаеве на дом";"https://dodelay.ru/podrabotka/tutaev/aircon"
"вызвать мастера по кондиционерам в тутаеве";"https://dodelay.ru/podrabotka/tutaev/aircon"
"нанять мастера по кондиционерам в тутаеве";"https://dodelay.ru/podrabotka/tutaev/aircon"
"найти мастера по кондиционерам в тутаеве";"https://dodelay.ru/podrabotka/tutaev/aircon"
"услуги мастера по кондиционерам в тутаеве";"https://dodelay.ru/podrabotka/tutaev/aircon"
"кондиционеры частник в тутаеве";"https://dodelay.ru/podrabotka/tutaev/aircon"
"кондиционеры без посредников в тутаеве";"https://dodelay.ru/podrabotka/tutaev/aircon"
"работа кондиционеры в тутаеве";"https://dodelay.ru/podrabotka/tutaev/aircon"
"подработка кондиционеры в тутаеве";"https://dodelay.ru/podrabotka/tutaev/aircon"
"требуется кондиционеры в тутаеве";"https://dodelay.ru/podrabotka/tutaev/aircon"
"вакансия кондиционеры в тутаеве";"https://dodelay.ru/podrabotka/tutaev/aircon"
"кондиционеры в переславле-залесском";"https://dodelay.ru/podrabotka/pereslavl/aircon"
"кондиционеры переславль-залесский";"https://dodelay.ru/podrabotka/pereslavl/aircon"
"кондиционеры в переславле-залесском недорого";"https://dodelay.ru/podrabotka/pereslavl/aircon"
"кондиционеры в переславле-залесском цены";"https://dodelay.ru/podrabotka/pereslavl/aircon"
"кондиционеры в переславле-залесском на дом";"https://dodelay.ru/podrabotka/pereslavl/aircon"
"вызвать мастера по кондиционерам в переславле-залесском";"https://dodelay.ru/podrabotka/pereslavl/aircon"
"нанять мастера по кондиционерам в переславле-залесском";"https://dodelay.ru/podrabotka/pereslavl/aircon"
"найти мастера по кондиционерам в переславле-залесском";"https://dodelay.ru/podrabotka/pereslavl/aircon"
"услуги мастера по кондиционерам в переславле-залесском";"https://dodelay.ru/podrabotka/pereslavl/aircon"
"кондиционеры частник в переславле-залесском";"https://dodelay.ru/podrabotka/pereslavl/aircon"
"кондиционеры без посредников в переславле-залесском";"https://dodelay.ru/podrabotka/pereslavl/aircon"
"работа кондиционеры в переславле-залесском";"https://dodelay.ru/podrabotka/pereslavl/aircon"
"подработка кондиционеры в переславле-залесском";"https://dodelay.ru/podrabotka/pereslavl/aircon"
"требуется кондиционеры в переславле-залесском";"https://dodelay.ru/podrabotka/pereslavl/aircon"
"вакансия кондиционеры в переславле-залесском";"https://dodelay.ru/podrabotka/pereslavl/aircon"
"кондиционеры в угличе";"https://dodelay.ru/podrabotka/uglich/aircon"
"кондиционеры углич";"https://dodelay.ru/podrabotka/uglich/aircon"
"кондиционеры в угличе недорого";"https://dodelay.ru/podrabotka/uglich/aircon"
"кондиционеры в угличе цены";"https://dodelay.ru/podrabotka/uglich/aircon"
"кондиционеры в угличе на дом";"https://dodelay.ru/podrabotka/uglich/aircon"
"вызвать мастера по кондиционерам в угличе";"https://dodelay.ru/podrabotka/uglich/aircon"
"нанять мастера по кондиционерам в угличе";"https://dodelay.ru/podrabotka/uglich/aircon"
"найти мастера по кондиционерам в угличе";"https://dodelay.ru/podrabotka/uglich/aircon"
"услуги мастера по кондиционерам в угличе";"https://dodelay.ru/podrabotka/uglich/aircon"
"кондиционеры частник в угличе";"https://dodelay.ru/podrabotka/uglich/aircon"
"кондиционеры без посредников в угличе";"https://dodelay.ru/podrabotka/uglich/aircon"
"работа кондиционеры в угличе";"https://dodelay.ru/podrabotka/uglich/aircon"
"подработка кондиционеры в угличе";"https://dodelay.ru/podrabotka/uglich/aircon"
"требуется кондиционеры в угличе";"https://dodelay.ru/podrabotka/uglich/aircon"
"вакансия кондиционеры в угличе";"https://dodelay.ru/podrabotka/uglich/aircon"
"кондиционеры в ростове великом";"https://dodelay.ru/podrabotka/rostov/aircon"
"кондиционеры ростов великий";"https://dodelay.ru/podrabotka/rostov/aircon"
"кондиционеры в ростове великом недорого";"https://dodelay.ru/podrabotka/rostov/aircon"
"кондиционеры в ростове великом цены";"https://dodelay.ru/podrabotka/rostov/aircon"
"кондиционеры в ростове великом на дом";"https://dodelay.ru/podrabotka/rostov/aircon"
"вызвать мастера по кондиционерам в ростове великом";"https://dodelay.ru/podrabotka/rostov/aircon"
"нанять мастера по кондиционерам в ростове великом";"https://dodelay.ru/podrabotka/rostov/aircon"
"найти мастера по кондиционерам в ростове великом";"https://dodelay.ru/podrabotka/rostov/aircon"
"услуги мастера по кондиционерам в ростове великом";"https://dodelay.ru/podrabotka/rostov/aircon"
"кондиционеры частник в ростове великом";"https://dodelay.ru/podrabotka/rostov/aircon"
"кондиционеры без посредников в ростове великом";"https://dodelay.ru/podrabotka/rostov/aircon"
"работа кондиционеры в ростове великом";"https://dodelay.ru/podrabotka/rostov/aircon"
"подработка кондиционеры в ростове великом";"https://dodelay.ru/podrabotka/rostov/aircon"
"требуется кондиционеры в ростове великом";"https://dodelay.ru/podrabotka/rostov/aircon"
"вакансия кондиционеры в ростове великом";"https://dodelay.ru/podrabotka/rostov/aircon"
"установка сплит-системы в ярославле";"https://dodelay.ru/podrabotka/yaroslavl/aircon"
"установка сплит-системы цена";"https://dodelay.ru/podrabotka/yaroslavl/aircon"
"сколько стоит установка сплит-системы";"https://dodelay.ru/podrabotka/yaroslavl/aircon"
"чистка кондиционера в ярославле";"https://dodelay.ru/podrabotka/yaroslavl/aircon"
"чистка кондиционера цена";"https://dodelay.ru/podrabotka/yaroslavl/aircon"
"сколько стоит чистка кондиционера";"https://dodelay.ru/podrabotka/yaroslavl/aircon"
"заправка фреоном в ярославле";"https://dodelay.ru/podrabotka/yaroslavl/aircon"
"заправка фреоном цена";"https://dodelay.ru/podrabotka/yaroslavl/aircon"
"сколько стоит заправка фреоном";"https://dodelay.ru/podrabotka/yaroslavl/aircon"
"демонтаж кондиционера в ярославле";"https://dodelay.ru/podrabotka/yaroslavl/aircon"
"демонтаж кондиционера цена";"https://dodelay.ru/podrabotka/yaroslavl/aircon"
"сколько стоит демонтаж кондиционера";"https://dodelay.ru/podrabotka/yaroslavl/aircon"
"вентиляция в ярославле";"https://dodelay.ru/podrabotka/yaroslavl/ventilation"
"вентиляция ярославль";"https://dodelay.ru/podrabotka/yaroslavl/ventilation"
"вентиляция в ярославле недорого";"https://dodelay.ru/podrabotka/yaroslavl/ventilation"
"вентиляция в ярославле цены";"https://dodelay.ru/podrabotka/yaroslavl/ventilation"
"вентиляция в ярославле на дом";"https://dodelay.ru/podrabotka/yaroslavl/ventilation"
"вызвать мастера по вентиляции в ярославле";"https://dodelay.ru/podrabotka/yaroslavl/ventilation"
"нанять мастера по вентиляции в ярославле";"https://dodelay.ru/podrabotka/yaroslavl/ventilation"
"найти мастера по вентиляции в ярославле";"https://dodelay.ru/podrabotka/yaroslavl/ventilation"
"услуги мастера по вентиляции в ярославле";"https://dodelay.ru/podrabotka/yaroslavl/ventilation"
"вентиляция частник в ярославле";"https://dodelay.ru/podrabotka/yaroslavl/ventilation"
"вентиляция без посредников в ярославле";"https://dodelay.ru/podrabotka/yaroslavl/ventilation"
"работа вентиляция в ярославле";"https://dodelay.ru/podrabotka/yaroslavl/ventilation"
"подработка вентиляция в ярославле";"https://dodelay.ru/podrabotka/yaroslavl/ventilation"
"требуется вентиляция в ярославле";"https://dodelay.ru/podrabotka/yaroslavl/ventilation"
"вакансия вентиляция в ярославле";"https://dodelay.ru/podrabotka/yaroslavl/ventilation"
"вентиляция в рыбинске";"https://dodelay.ru/podrabotka/rybinsk/ventilation"
"вентиляция рыбинск";"https://dodelay.ru/podrabotka/rybinsk/ventilation"
"вентиляция в рыбинске недорого";"https://dodelay.ru/podrabotka/rybinsk/ventilation"
"вентиляция в рыбинске цены";"https://dodelay.ru/podrabotka/rybinsk/ventilation"
"вентиляция в рыбинске на дом";"https://dodelay.ru/podrabotka/rybinsk/ventilation"
"вызвать мастера по вентиляции в рыбинске";"https://dodelay.ru/podrabotka/rybinsk/ventilation"
"нанять мастера по вентиляции в рыбинске";"https://dodelay.ru/podrabotka/rybinsk/ventilation"
"найти мастера по вентиляции в рыбинске";"https://dodelay.ru/podrabotka/rybinsk/ventilation"
"услуги мастера по вентиляции в рыбинске";"https://dodelay.ru/podrabotka/rybinsk/ventilation"
"вентиляция частник в рыбинске";"https://dodelay.ru/podrabotka/rybinsk/ventilation"
"вентиляция без посредников в рыбинске";"https://dodelay.ru/podrabotka/rybinsk/ventilation"
"работа вентиляция в рыбинске";"https://dodelay.ru/podrabotka/rybinsk/ventilation"
"подработка вентиляция в рыбинске";"https://dodelay.ru/podrabotka/rybinsk/ventilation"
"требуется вентиляция в рыбинске";"https://dodelay.ru/podrabotka/rybinsk/ventilation"
"вакансия вентиляция в рыбинске";"https://dodelay.ru/podrabotka/rybinsk/ventilation"
"вентиляция в тутаеве";"https://dodelay.ru/podrabotka/tutaev/ventilation"
"вентиляция тутаев";"https://dodelay.ru/podrabotka/tutaev/ventilation"
"вентиляция в тутаеве недорого";"https://dodelay.ru/podrabotka/tutaev/ventilation"
"вентиляция в тутаеве цены";"https://dodelay.ru/podrabotka/tutaev/ventilation"
"вентиляция в тутаеве на дом";"https://dodelay.ru/podrabotka/tutaev/ventilation"
"вызвать мастера по вентиляции в тутаеве";"https://dodelay.ru/podrabotka/tutaev/ventilation"
"нанять мастера по вентиляции в тутаеве";"https://dodelay.ru/podrabotka/tutaev/ventilation"
"найти мастера по вентиляции в тутаеве";"https://dodelay.ru/podrabotka/tutaev/ventilation"
"услуги мастера по вентиляции в тутаеве";"https://dodelay.ru/podrabotka/tutaev/ventilation"
"вентиляция частник в тутаеве";"https://dodelay.ru/podrabotka/tutaev/ventilation"
"вентиляция без посредников в тутаеве";"https://dodelay.ru/podrabotka/tutaev/ventilation"
"работа вентиляция в тутаеве";"https://dodelay.ru/podrabotka/tutaev/ventilation"
"подработка вентиляция в тутаеве";"https://dodelay.ru/podrabotka/tutaev/ventilation"
"требуется вентиляция в тутаеве";"https://dodelay.ru/podrabotka/tutaev/ventilation"
"вакансия вентиляция в тутаеве";"https://dodelay.ru/podrabotka/tutaev/ventilation"
"вентиляция в переславле-залесском";"https://dodelay.ru/podrabotka/pereslavl/ventilation"
"вентиляция переславль-залесский";"https://dodelay.ru/podrabotka/pereslavl/ventilation"
"вентиляция в переславле-залесском недорого";"https://dodelay.ru/podrabotka/pereslavl/ventilation"
"вентиляция в переславле-залесском цены";"https://dodelay.ru/podrabotka/pereslavl/ventilation"
"вентиляция в переславле-залесском на дом";"https://dodelay.ru/podrabotka/pereslavl/ventilation"
"вызвать мастера по вентиляции в переславле-залесском";"https://dodelay.ru/podrabotka/pereslavl/ventilation"
"нанять мастера по вентиляции в переславле-залесском";"https://dodelay.ru/podrabotka/pereslavl/ventilation"
"найти мастера по вентиляции в переславле-залесском";"https://dodelay.ru/podrabotka/pereslavl/ventilation"
"услуги мастера по вентиляции в переславле-залесском";"https://dodelay.ru/podrabotka/pereslavl/ventilation"
"вентиляция частник в переславле-залесском";"https://dodelay.ru/podrabotka/pereslavl/ventilation"
"вентиляция без посредников в переславле-залесском";"https://dodelay.ru/podrabotka/pereslavl/ventilation"
"работа вентиляция в переславле-залесском";"https://dodelay.ru/podrabotka/pereslavl/ventilation"
"подработка вентиляция в переславле-залесском";"https://dodelay.ru/podrabotka/pereslavl/ventilation"
"требуется вентиляция в переславле-залесском";"https://dodelay.ru/podrabotka/pereslavl/ventilation"
"вакансия вентиляция в переславле-залесском";"https://dodelay.ru/podrabotka/pereslavl/ventilation"
"вентиляция в угличе";"https://dodelay.ru/podrabotka/uglich/ventilation"
"вентиляция углич";"https://dodelay.ru/podrabotka/uglich/ventilation"
"вентиляция в угличе недорого";"https://dodelay.ru/podrabotka/uglich/ventilation"
"вентиляция в угличе цены";"https://dodelay.ru/podrabotka/uglich/ventilation"
"вентиляция в угличе на дом";"https://dodelay.ru/podrabotka/uglich/ventilation"
"вызвать мастера по вентиляции в угличе";"https://dodelay.ru/podrabotka/uglich/ventilation"
"нанять мастера по вентиляции в угличе";"https://dodelay.ru/podrabotka/uglich/ventilation"
"найти мастера по вентиляции в угличе";"https://dodelay.ru/podrabotka/uglich/ventilation"
"услуги мастера по вентиляции в угличе";"https://dodelay.ru/podrabotka/uglich/ventilation"
"вентиляция частник в угличе";"https://dodelay.ru/podrabotka/uglich/ventilation"
"вентиляция без посредников в угличе";"https://dodelay.ru/podrabotka/uglich/ventilation"
"работа вентиляция в угличе";"https://dodelay.ru/podrabotka/uglich/ventilation"
"подработка вентиляция в угличе";"https://dodelay.ru/podrabotka/uglich/ventilation"
"требуется вентиляция в угличе";"https://dodelay.ru/podrabotka/uglich/ventilation"
"вакансия вентиляция в угличе";"https://dodelay.ru/podrabotka/uglich/ventilation"
"вентиляция в ростове великом";"https://dodelay.ru/podrabotka/rostov/ventilation"
"вентиляция ростов великий";"https://dodelay.ru/podrabotka/rostov/ventilation"
"вентиляция в ростове великом недорого";"https://dodelay.ru/podrabotka/rostov/ventilation"
"вентиляция в ростове великом цены";"https://dodelay.ru/podrabotka/rostov/ventilation"
"вентиляция в ростове великом на дом";"https://dodelay.ru/podrabotka/rostov/ventilation"
"вызвать мастера по вентиляции в ростове великом";"https://dodelay.ru/podrabotka/rostov/ventilation"
"нанять мастера по вентиляции в ростове великом";"https://dodelay.ru/podrabotka/rostov/ventilation"
"найти мастера по вентиляции в ростове великом";"https://dodelay.ru/podrabotka/rostov/ventilation"
"услуги мастера по вентиляции в ростове великом";"https://dodelay.ru/podrabotka/rostov/ventilation"
"вентиляция частник в ростове великом";"https://dodelay.ru/podrabotka/rostov/ventilation"
"вентиляция без посредников в ростове великом";"https://dodelay.ru/podrabotka/rostov/ventilation"
"работа вентиляция в ростове великом";"https://dodelay.ru/podrabotka/rostov/ventilation"
"подработка вентиляция в ростове великом";"https://dodelay.ru/podrabotka/rostov/ventilation"
"требуется вентиляция в ростове великом";"https://dodelay.ru/podrabotka/rostov/ventilation"
"вакансия вентиляция в ростове великом";"https://dodelay.ru/podrabotka/rostov/ventilation"
"прочистка вентканала в ярославле";"https://dodelay.ru/podrabotka/yaroslavl/ventilation"
"прочистка вентканала цена";"https://dodelay.ru/podrabotka/yaroslavl/ventilation"
"сколько стоит прочистка вентканала";"https://dodelay.ru/podrabotka/yaroslavl/ventilation"
"установка вытяжного вентилятора в ярославле";"https://dodelay.ru/podrabotka/yaroslavl/ventilation"
"установка вытяжного вентилятора цена";"https://dodelay.ru/podrabotka/yaroslavl/ventilation"
"сколько стоит установка вытяжного вентилятора";"https://dodelay.ru/podrabotka/yaroslavl/ventilation"
"монтаж воздуховода";"https://dodelay.ru/podrabotka/yaroslavl/ventilation"
"сколько стоит монтаж воздуховода";"https://dodelay.ru/podrabotka/yaroslavl/ventilation"
"установка приточного клапана в ярославле";"https://dodelay.ru/podrabotka/yaroslavl/ventilation"
"установка приточного клапана цена";"https://dodelay.ru/podrabotka/yaroslavl/ventilation"
"сколько стоит установка приточного клапана";"https://dodelay.ru/podrabotka/yaroslavl/ventilation"
"скважины и колодцы в ярославле";"https://dodelay.ru/podrabotka/yaroslavl/wells"
"скважины и колодцы ярославль";"https://dodelay.ru/podrabotka/yaroslavl/wells"
"скважины и колодцы в ярославле недорого";"https://dodelay.ru/podrabotka/yaroslavl/wells"
"скважины и колодцы в ярославле цены";"https://dodelay.ru/podrabotka/yaroslavl/wells"
"скважины и колодцы в ярославле на дом";"https://dodelay.ru/podrabotka/yaroslavl/wells"
"вызвать мастера по скважинам в ярославле";"https://dodelay.ru/podrabotka/yaroslavl/wells"
"нанять мастера по скважинам в ярославле";"https://dodelay.ru/podrabotka/yaroslavl/wells"
"найти мастера по скважинам в ярославле";"https://dodelay.ru/podrabotka/yaroslavl/wells"
"услуги мастера по скважинам в ярославле";"https://dodelay.ru/podrabotka/yaroslavl/wells"
"скважины и колодцы частник в ярославле";"https://dodelay.ru/podrabotka/yaroslavl/wells"
"скважины и колодцы без посредников в ярославле";"https://dodelay.ru/podrabotka/yaroslavl/wells"
"работа скважины и колодцы в ярославле";"https://dodelay.ru/podrabotka/yaroslavl/wells"
"подработка скважины и колодцы в ярославле";"https://dodelay.ru/podrabotka/yaroslavl/wells"
"требуется скважины и колодцы в ярославле";"https://dodelay.ru/podrabotka/yaroslavl/wells"
"вакансия скважины и колодцы в ярославле";"https://dodelay.ru/podrabotka/yaroslavl/wells"
"скважины и колодцы в рыбинске";"https://dodelay.ru/podrabotka/rybinsk/wells"
"скважины и колодцы рыбинск";"https://dodelay.ru/podrabotka/rybinsk/wells"
"скважины и колодцы в рыбинске недорого";"https://dodelay.ru/podrabotka/rybinsk/wells"
"скважины и колодцы в рыбинске цены";"https://dodelay.ru/podrabotka/rybinsk/wells"
"скважины и колодцы в рыбинске на дом";"https://dodelay.ru/podrabotka/rybinsk/wells"
"вызвать мастера по скважинам в рыбинске";"https://dodelay.ru/podrabotka/rybinsk/wells"
"нанять мастера по скважинам в рыбинске";"https://dodelay.ru/podrabotka/rybinsk/wells"
"найти мастера по скважинам в рыбинске";"https://dodelay.ru/podrabotka/rybinsk/wells"
"услуги мастера по скважинам в рыбинске";"https://dodelay.ru/podrabotka/rybinsk/wells"
"скважины и колодцы частник в рыбинске";"https://dodelay.ru/podrabotka/rybinsk/wells"
"скважины и колодцы без посредников в рыбинске";"https://dodelay.ru/podrabotka/rybinsk/wells"
"работа скважины и колодцы в рыбинске";"https://dodelay.ru/podrabotka/rybinsk/wells"
"подработка скважины и колодцы в рыбинске";"https://dodelay.ru/podrabotka/rybinsk/wells"
"требуется скважины и колодцы в рыбинске";"https://dodelay.ru/podrabotka/rybinsk/wells"
"вакансия скважины и колодцы в рыбинске";"https://dodelay.ru/podrabotka/rybinsk/wells"
"скважины и колодцы в тутаеве";"https://dodelay.ru/podrabotka/tutaev/wells"
"скважины и колодцы тутаев";"https://dodelay.ru/podrabotka/tutaev/wells"
"скважины и колодцы в тутаеве недорого";"https://dodelay.ru/podrabotka/tutaev/wells"
"скважины и колодцы в тутаеве цены";"https://dodelay.ru/podrabotka/tutaev/wells"
"скважины и колодцы в тутаеве на дом";"https://dodelay.ru/podrabotka/tutaev/wells"
"вызвать мастера по скважинам в тутаеве";"https://dodelay.ru/podrabotka/tutaev/wells"
"нанять мастера по скважинам в тутаеве";"https://dodelay.ru/podrabotka/tutaev/wells"
"найти мастера по скважинам в тутаеве";"https://dodelay.ru/podrabotka/tutaev/wells"
"услуги мастера по скважинам в тутаеве";"https://dodelay.ru/podrabotka/tutaev/wells"
"скважины и колодцы частник в тутаеве";"https://dodelay.ru/podrabotka/tutaev/wells"
"скважины и колодцы без посредников в тутаеве";"https://dodelay.ru/podrabotka/tutaev/wells"
"работа скважины и колодцы в тутаеве";"https://dodelay.ru/podrabotka/tutaev/wells"
"подработка скважины и колодцы в тутаеве";"https://dodelay.ru/podrabotka/tutaev/wells"
"требуется скважины и колодцы в тутаеве";"https://dodelay.ru/podrabotka/tutaev/wells"
"вакансия скважины и колодцы в тутаеве";"https://dodelay.ru/podrabotka/tutaev/wells"
"скважины и колодцы в переславле-залесском";"https://dodelay.ru/podrabotka/pereslavl/wells"
"скважины и колодцы переславль-залесский";"https://dodelay.ru/podrabotka/pereslavl/wells"
"скважины и колодцы в переславле-залесском недорого";"https://dodelay.ru/podrabotka/pereslavl/wells"
"скважины и колодцы в переславле-залесском цены";"https://dodelay.ru/podrabotka/pereslavl/wells"
"скважины и колодцы в переславле-залесском на дом";"https://dodelay.ru/podrabotka/pereslavl/wells"
"вызвать мастера по скважинам в переславле-залесском";"https://dodelay.ru/podrabotka/pereslavl/wells"
"нанять мастера по скважинам в переславле-залесском";"https://dodelay.ru/podrabotka/pereslavl/wells"
"найти мастера по скважинам в переславле-залесском";"https://dodelay.ru/podrabotka/pereslavl/wells"
"услуги мастера по скважинам в переславле-залесском";"https://dodelay.ru/podrabotka/pereslavl/wells"
"скважины и колодцы частник в переславле-залесском";"https://dodelay.ru/podrabotka/pereslavl/wells"
"скважины и колодцы без посредников в переславле-залесском";"https://dodelay.ru/podrabotka/pereslavl/wells"
"работа скважины и колодцы в переславле-залесском";"https://dodelay.ru/podrabotka/pereslavl/wells"
"подработка скважины и колодцы в переславле-залесском";"https://dodelay.ru/podrabotka/pereslavl/wells"
"требуется скважины и колодцы в переславле-залесском";"https://dodelay.ru/podrabotka/pereslavl/wells"
"вакансия скважины и колодцы в переславле-залесском";"https://dodelay.ru/podrabotka/pereslavl/wells"
"скважины и колодцы в угличе";"https://dodelay.ru/podrabotka/uglich/wells"
"скважины и колодцы углич";"https://dodelay.ru/podrabotka/uglich/wells"
"скважины и колодцы в угличе недорого";"https://dodelay.ru/podrabotka/uglich/wells"
"скважины и колодцы в угличе цены";"https://dodelay.ru/podrabotka/uglich/wells"
"скважины и колодцы в угличе на дом";"https://dodelay.ru/podrabotka/uglich/wells"
"вызвать мастера по скважинам в угличе";"https://dodelay.ru/podrabotka/uglich/wells"
"нанять мастера по скважинам в угличе";"https://dodelay.ru/podrabotka/uglich/wells"
"найти мастера по скважинам в угличе";"https://dodelay.ru/podrabotka/uglich/wells"
"услуги мастера по скважинам в угличе";"https://dodelay.ru/podrabotka/uglich/wells"
"скважины и колодцы частник в угличе";"https://dodelay.ru/podrabotka/uglich/wells"
"скважины и колодцы без посредников в угличе";"https://dodelay.ru/podrabotka/uglich/wells"
"работа скважины и колодцы в угличе";"https://dodelay.ru/podrabotka/uglich/wells"
"подработка скважины и колодцы в угличе";"https://dodelay.ru/podrabotka/uglich/wells"
"требуется скважины и колодцы в угличе";"https://dodelay.ru/podrabotka/uglich/wells"
"вакансия скважины и колодцы в угличе";"https://dodelay.ru/podrabotka/uglich/wells"
"скважины и колодцы в ростове великом";"https://dodelay.ru/podrabotka/rostov/wells"
"скважины и колодцы ростов великий";"https://dodelay.ru/podrabotka/rostov/wells"
"скважины и колодцы в ростове великом недорого";"https://dodelay.ru/podrabotka/rostov/wells"
"скважины и колодцы в ростове великом цены";"https://dodelay.ru/podrabotka/rostov/wells"
"скважины и колодцы в ростове великом на дом";"https://dodelay.ru/podrabotka/rostov/wells"
"вызвать мастера по скважинам в ростове великом";"https://dodelay.ru/podrabotka/rostov/wells"
"нанять мастера по скважинам в ростове великом";"https://dodelay.ru/podrabotka/rostov/wells"
"найти мастера по скважинам в ростове великом";"https://dodelay.ru/podrabotka/rostov/wells"
"услуги мастера по скважинам в ростове великом";"https://dodelay.ru/podrabotka/rostov/wells"
"скважины и колодцы частник в ростове великом";"https://dodelay.ru/podrabotka/rostov/wells"
"скважины и колодцы без посредников в ростове великом";"https://dodelay.ru/podrabotka/rostov/wells"
"работа скважины и колодцы в ростове великом";"https://dodelay.ru/podrabotka/rostov/wells"
"подработка скважины и колодцы в ростове великом";"https://dodelay.ru/podrabotka/rostov/wells"
"требуется скважины и колодцы в ростове великом";"https://dodelay.ru/podrabotka/rostov/wells"
"вакансия скважины и колодцы в ростове великом";"https://dodelay.ru/podrabotka/rostov/wells"
"бурение скважины";"https://dodelay.ru/podrabotka/yaroslavl/wells"
"сколько стоит бурение скважины";"https://dodelay.ru/podrabotka/yaroslavl/wells"
"установка насоса в ярославле";"https://dodelay.ru/podrabotka/yaroslavl/wells"
"установка насоса цена";"https://dodelay.ru/podrabotka/yaroslavl/wells"
"сколько стоит установка насоса";"https://dodelay.ru/podrabotka/yaroslavl/wells"
"чистка колодца в ярославле";"https://dodelay.ru/podrabotka/yaroslavl/wells"
"чистка колодца цена";"https://dodelay.ru/podrabotka/yaroslavl/wells"
"сколько стоит чистка колодца";"https://dodelay.ru/podrabotka/yaroslavl/wells"
"ввод воды в дом в ярославле";"https://dodelay.ru/podrabotka/yaroslavl/wells"
"ввод воды в дом цена";"https://dodelay.ru/podrabotka/yaroslavl/wells"
"сколько стоит ввод воды в дом";"https://dodelay.ru/podrabotka/yaroslavl/wells"
"интернет и видеонаблюдение в ярославле";"https://dodelay.ru/podrabotka/yaroslavl/lowvoltage"
"интернет и видеонаблюдение ярославль";"https://dodelay.ru/podrabotka/yaroslavl/lowvoltage"
"интернет и видеонаблюдение в ярославле недорого";"https://dodelay.ru/podrabotka/yaroslavl/lowvoltage"
"интернет и видеонаблюдение в ярославле цены";"https://dodelay.ru/podrabotka/yaroslavl/lowvoltage"
"интернет и видеонаблюдение в ярославле на дом";"https://dodelay.ru/podrabotka/yaroslavl/lowvoltage"
"вызвать мастера по слаботочке в ярославле";"https://dodelay.ru/podrabotka/yaroslavl/lowvoltage"
"нанять мастера по слаботочке в ярославле";"https://dodelay.ru/podrabotka/yaroslavl/lowvoltage"
"найти мастера по слаботочке в ярославле";"https://dodelay.ru/podrabotka/yaroslavl/lowvoltage"
"услуги мастера по слаботочке в ярославле";"https://dodelay.ru/podrabotka/yaroslavl/lowvoltage"
"интернет и видеонаблюдение частник в ярославле";"https://dodelay.ru/podrabotka/yaroslavl/lowvoltage"
"интернет и видеонаблюдение без посредников в ярославле";"https://dodelay.ru/podrabotka/yaroslavl/lowvoltage"
"работа интернет и видеонаблюдение в ярославле";"https://dodelay.ru/podrabotka/yaroslavl/lowvoltage"
"подработка интернет и видеонаблюдение в ярославле";"https://dodelay.ru/podrabotka/yaroslavl/lowvoltage"
"требуется интернет и видеонаблюдение в ярославле";"https://dodelay.ru/podrabotka/yaroslavl/lowvoltage"
"вакансия интернет и видеонаблюдение в ярославле";"https://dodelay.ru/podrabotka/yaroslavl/lowvoltage"
"интернет и видеонаблюдение в рыбинске";"https://dodelay.ru/podrabotka/rybinsk/lowvoltage"
"интернет и видеонаблюдение рыбинск";"https://dodelay.ru/podrabotka/rybinsk/lowvoltage"
"интернет и видеонаблюдение в рыбинске недорого";"https://dodelay.ru/podrabotka/rybinsk/lowvoltage"
"интернет и видеонаблюдение в рыбинске цены";"https://dodelay.ru/podrabotka/rybinsk/lowvoltage"
"интернет и видеонаблюдение в рыбинске на дом";"https://dodelay.ru/podrabotka/rybinsk/lowvoltage"
"вызвать мастера по слаботочке в рыбинске";"https://dodelay.ru/podrabotka/rybinsk/lowvoltage"
"нанять мастера по слаботочке в рыбинске";"https://dodelay.ru/podrabotka/rybinsk/lowvoltage"
"найти мастера по слаботочке в рыбинске";"https://dodelay.ru/podrabotka/rybinsk/lowvoltage"
"услуги мастера по слаботочке в рыбинске";"https://dodelay.ru/podrabotka/rybinsk/lowvoltage"
"интернет и видеонаблюдение частник в рыбинске";"https://dodelay.ru/podrabotka/rybinsk/lowvoltage"
"интернет и видеонаблюдение без посредников в рыбинске";"https://dodelay.ru/podrabotka/rybinsk/lowvoltage"
"работа интернет и видеонаблюдение в рыбинске";"https://dodelay.ru/podrabotka/rybinsk/lowvoltage"
"подработка интернет и видеонаблюдение в рыбинске";"https://dodelay.ru/podrabotka/rybinsk/lowvoltage"
"требуется интернет и видеонаблюдение в рыбинске";"https://dodelay.ru/podrabotka/rybinsk/lowvoltage"
"вакансия интернет и видеонаблюдение в рыбинске";"https://dodelay.ru/podrabotka/rybinsk/lowvoltage"
"интернет и видеонаблюдение в тутаеве";"https://dodelay.ru/podrabotka/tutaev/lowvoltage"
"интернет и видеонаблюдение тутаев";"https://dodelay.ru/podrabotka/tutaev/lowvoltage"
"интернет и видеонаблюдение в тутаеве недорого";"https://dodelay.ru/podrabotka/tutaev/lowvoltage"
"интернет и видеонаблюдение в тутаеве цены";"https://dodelay.ru/podrabotka/tutaev/lowvoltage"
"интернет и видеонаблюдение в тутаеве на дом";"https://dodelay.ru/podrabotka/tutaev/lowvoltage"
"вызвать мастера по слаботочке в тутаеве";"https://dodelay.ru/podrabotka/tutaev/lowvoltage"
"нанять мастера по слаботочке в тутаеве";"https://dodelay.ru/podrabotka/tutaev/lowvoltage"
"найти мастера по слаботочке в тутаеве";"https://dodelay.ru/podrabotka/tutaev/lowvoltage"
"услуги мастера по слаботочке в тутаеве";"https://dodelay.ru/podrabotka/tutaev/lowvoltage"
"интернет и видеонаблюдение частник в тутаеве";"https://dodelay.ru/podrabotka/tutaev/lowvoltage"
"интернет и видеонаблюдение без посредников в тутаеве";"https://dodelay.ru/podrabotka/tutaev/lowvoltage"
"работа интернет и видеонаблюдение в тутаеве";"https://dodelay.ru/podrabotka/tutaev/lowvoltage"
"подработка интернет и видеонаблюдение в тутаеве";"https://dodelay.ru/podrabotka/tutaev/lowvoltage"
"требуется интернет и видеонаблюдение в тутаеве";"https://dodelay.ru/podrabotka/tutaev/lowvoltage"
"вакансия интернет и видеонаблюдение в тутаеве";"https://dodelay.ru/podrabotka/tutaev/lowvoltage"
"интернет и видеонаблюдение в переславле-залесском";"https://dodelay.ru/podrabotka/pereslavl/lowvoltage"
"интернет и видеонаблюдение переславль-залесский";"https://dodelay.ru/podrabotka/pereslavl/lowvoltage"
"интернет и видеонаблюдение в переславле-залесском недорого";"https://dodelay.ru/podrabotka/pereslavl/lowvoltage"
"интернет и видеонаблюдение в переславле-залесском цены";"https://dodelay.ru/podrabotka/pereslavl/lowvoltage"
"интернет и видеонаблюдение в переславле-залесском на дом";"https://dodelay.ru/podrabotka/pereslavl/lowvoltage"
"вызвать мастера по слаботочке в переславле-залесском";"https://dodelay.ru/podrabotka/pereslavl/lowvoltage"
"нанять мастера по слаботочке в переславле-залесском";"https://dodelay.ru/podrabotka/pereslavl/lowvoltage"
"найти мастера по слаботочке в переславле-залесском";"https://dodelay.ru/podrabotka/pereslavl/lowvoltage"
"услуги мастера по слаботочке в переславле-залесском";"https://dodelay.ru/podrabotka/pereslavl/lowvoltage"
"интернет и видеонаблюдение частник в переславле-залесском";"https://dodelay.ru/podrabotka/pereslavl/lowvoltage"
"интернет и видеонаблюдение без посредников в переславле-залесском";"https://dodelay.ru/podrabotka/pereslavl/lowvoltage"
"работа интернет и видеонаблюдение в переславле-залесском";"https://dodelay.ru/podrabotka/pereslavl/lowvoltage"
"подработка интернет и видеонаблюдение в переславле-залесском";"https://dodelay.ru/podrabotka/pereslavl/lowvoltage"
"требуется интернет и видеонаблюдение в переславле-залесском";"https://dodelay.ru/podrabotka/pereslavl/lowvoltage"
"вакансия интернет и видеонаблюдение в переславле-залесском";"https://dodelay.ru/podrabotka/pereslavl/lowvoltage"
"интернет и видеонаблюдение в угличе";"https://dodelay.ru/podrabotka/uglich/lowvoltage"
"интернет и видеонаблюдение углич";"https://dodelay.ru/podrabotka/uglich/lowvoltage"
"интернет и видеонаблюдение в угличе недорого";"https://dodelay.ru/podrabotka/uglich/lowvoltage"
"интернет и видеонаблюдение в угличе цены";"https://dodelay.ru/podrabotka/uglich/lowvoltage"
"интернет и видеонаблюдение в угличе на дом";"https://dodelay.ru/podrabotka/uglich/lowvoltage"
"вызвать мастера по слаботочке в угличе";"https://dodelay.ru/podrabotka/uglich/lowvoltage"
"нанять мастера по слаботочке в угличе";"https://dodelay.ru/podrabotka/uglich/lowvoltage"
"найти мастера по слаботочке в угличе";"https://dodelay.ru/podrabotka/uglich/lowvoltage"
"услуги мастера по слаботочке в угличе";"https://dodelay.ru/podrabotka/uglich/lowvoltage"
"интернет и видеонаблюдение частник в угличе";"https://dodelay.ru/podrabotka/uglich/lowvoltage"
"интернет и видеонаблюдение без посредников в угличе";"https://dodelay.ru/podrabotka/uglich/lowvoltage"
"работа интернет и видеонаблюдение в угличе";"https://dodelay.ru/podrabotka/uglich/lowvoltage"
"подработка интернет и видеонаблюдение в угличе";"https://dodelay.ru/podrabotka/uglich/lowvoltage"
"требуется интернет и видеонаблюдение в угличе";"https://dodelay.ru/podrabotka/uglich/lowvoltage"
"вакансия интернет и видеонаблюдение в угличе";"https://dodelay.ru/podrabotka/uglich/lowvoltage"
"интернет и видеонаблюдение в ростове великом";"https://dodelay.ru/podrabotka/rostov/lowvoltage"
"интернет и видеонаблюдение ростов великий";"https://dodelay.ru/podrabotka/rostov/lowvoltage"
"интернет и видеонаблюдение в ростове великом недорого";"https://dodelay.ru/podrabotka/rostov/lowvoltage"
"интернет и видеонаблюдение в ростове великом цены";"https://dodelay.ru/podrabotka/rostov/lowvoltage"
"интернет и видеонаблюдение в ростове великом на дом";"https://dodelay.ru/podrabotka/rostov/lowvoltage"
"вызвать мастера по слаботочке в ростове великом";"https://dodelay.ru/podrabotka/rostov/lowvoltage"
"нанять мастера по слаботочке в ростове великом";"https://dodelay.ru/podrabotka/rostov/lowvoltage"
"найти мастера по слаботочке в ростове великом";"https://dodelay.ru/podrabotka/rostov/lowvoltage"
"услуги мастера по слаботочке в ростове великом";"https://dodelay.ru/podrabotka/rostov/lowvoltage"
"интернет и видеонаблюдение частник в ростове великом";"https://dodelay.ru/podrabotka/rostov/lowvoltage"
"интернет и видеонаблюдение без посредников в ростове великом";"https://dodelay.ru/podrabotka/rostov/lowvoltage"
"работа интернет и видеонаблюдение в ростове великом";"https://dodelay.ru/podrabotka/rostov/lowvoltage"
"подработка интернет и видеонаблюдение в ростове великом";"https://dodelay.ru/podrabotka/rostov/lowvoltage"
"требуется интернет и видеонаблюдение в ростове великом";"https://dodelay.ru/podrabotka/rostov/lowvoltage"
"вакансия интернет и видеонаблюдение в ростове великом";"https://dodelay.ru/podrabotka/rostov/lowvoltage"
"настройка роутера и wi-fi в ярославле";"https://dodelay.ru/podrabotka/yaroslavl/lowvoltage"
"настройка роутера и wi-fi цена";"https://dodelay.ru/podrabotka/yaroslavl/lowvoltage"
"сколько стоит настройка роутера и wi-fi";"https://dodelay.ru/podrabotka/yaroslavl/lowvoltage"
"установка камеры видеонаблюдения в ярославле";"https://dodelay.ru/podrabotka/yaroslavl/lowvoltage"
"установка камеры видеонаблюдения цена";"https://dodelay.ru/podrabotka/yaroslavl/lowvoltage"
"сколько стоит установка камеры видеонаблюдения";"https://dodelay.ru/podrabotka/yaroslavl/lowvoltage"
"прокладка кабеля";"https://dodelay.ru/podrabotka/yaroslavl/lowvoltage"
"сколько стоит прокладка кабеля";"https://dodelay.ru/podrabotka/yaroslavl/lowvoltage"
"комплект из 4 камер под ключ в ярославле";"https://dodelay.ru/podrabotka/yaroslavl/lowvoltage"
"комплект из 4 камер под ключ цена";"https://dodelay.ru/podrabotka/yaroslavl/lowvoltage"
"сколько стоит комплект из 4 камер под ключ";"https://dodelay.ru/podrabotka/yaroslavl/lowvoltage"
"ремонт техники в ярославле";"https://dodelay.ru/podrabotka/yaroslavl/appliance"
"ремонт техники ярославль";"https://dodelay.ru/podrabotka/yaroslavl/appliance"
"ремонт техники в ярославле недорого";"https://dodelay.ru/podrabotka/yaroslavl/appliance"
"ремонт техники в ярославле цены";"https://dodelay.ru/podrabotka/yaroslavl/appliance"
"ремонт техники в ярославле на дом";"https://dodelay.ru/podrabotka/yaroslavl/appliance"
"вызвать мастера по ремонту техники в ярославле";"https://dodelay.ru/podrabotka/yaroslavl/appliance"
"нанять мастера по ремонту техники в ярославле";"https://dodelay.ru/podrabotka/yaroslavl/appliance"
"найти мастера по ремонту техники в ярославле";"https://dodelay.ru/podrabotka/yaroslavl/appliance"
"услуги мастера по ремонту техники в ярославле";"https://dodelay.ru/podrabotka/yaroslavl/appliance"
"ремонт техники частник в ярославле";"https://dodelay.ru/podrabotka/yaroslavl/appliance"
"ремонт техники без посредников в ярославле";"https://dodelay.ru/podrabotka/yaroslavl/appliance"
"работа ремонт техники в ярославле";"https://dodelay.ru/podrabotka/yaroslavl/appliance"
"подработка ремонт техники в ярославле";"https://dodelay.ru/podrabotka/yaroslavl/appliance"
"требуется ремонт техники в ярославле";"https://dodelay.ru/podrabotka/yaroslavl/appliance"
"вакансия ремонт техники в ярославле";"https://dodelay.ru/podrabotka/yaroslavl/appliance"
"ремонт техники в рыбинске";"https://dodelay.ru/podrabotka/rybinsk/appliance"
"ремонт техники рыбинск";"https://dodelay.ru/podrabotka/rybinsk/appliance"
"ремонт техники в рыбинске недорого";"https://dodelay.ru/podrabotka/rybinsk/appliance"
"ремонт техники в рыбинске цены";"https://dodelay.ru/podrabotka/rybinsk/appliance"
"ремонт техники в рыбинске на дом";"https://dodelay.ru/podrabotka/rybinsk/appliance"
"вызвать мастера по ремонту техники в рыбинске";"https://dodelay.ru/podrabotka/rybinsk/appliance"
"нанять мастера по ремонту техники в рыбинске";"https://dodelay.ru/podrabotka/rybinsk/appliance"
"найти мастера по ремонту техники в рыбинске";"https://dodelay.ru/podrabotka/rybinsk/appliance"
"услуги мастера по ремонту техники в рыбинске";"https://dodelay.ru/podrabotka/rybinsk/appliance"
"ремонт техники частник в рыбинске";"https://dodelay.ru/podrabotka/rybinsk/appliance"
"ремонт техники без посредников в рыбинске";"https://dodelay.ru/podrabotka/rybinsk/appliance"
"работа ремонт техники в рыбинске";"https://dodelay.ru/podrabotka/rybinsk/appliance"
"подработка ремонт техники в рыбинске";"https://dodelay.ru/podrabotka/rybinsk/appliance"
"требуется ремонт техники в рыбинске";"https://dodelay.ru/podrabotka/rybinsk/appliance"
"вакансия ремонт техники в рыбинске";"https://dodelay.ru/podrabotka/rybinsk/appliance"
"ремонт техники в тутаеве";"https://dodelay.ru/podrabotka/tutaev/appliance"
"ремонт техники тутаев";"https://dodelay.ru/podrabotka/tutaev/appliance"
"ремонт техники в тутаеве недорого";"https://dodelay.ru/podrabotka/tutaev/appliance"
"ремонт техники в тутаеве цены";"https://dodelay.ru/podrabotka/tutaev/appliance"
"ремонт техники в тутаеве на дом";"https://dodelay.ru/podrabotka/tutaev/appliance"
"вызвать мастера по ремонту техники в тутаеве";"https://dodelay.ru/podrabotka/tutaev/appliance"
"нанять мастера по ремонту техники в тутаеве";"https://dodelay.ru/podrabotka/tutaev/appliance"
"найти мастера по ремонту техники в тутаеве";"https://dodelay.ru/podrabotka/tutaev/appliance"
"услуги мастера по ремонту техники в тутаеве";"https://dodelay.ru/podrabotka/tutaev/appliance"
"ремонт техники частник в тутаеве";"https://dodelay.ru/podrabotka/tutaev/appliance"
"ремонт техники без посредников в тутаеве";"https://dodelay.ru/podrabotka/tutaev/appliance"
"работа ремонт техники в тутаеве";"https://dodelay.ru/podrabotka/tutaev/appliance"
"подработка ремонт техники в тутаеве";"https://dodelay.ru/podrabotka/tutaev/appliance"
"требуется ремонт техники в тутаеве";"https://dodelay.ru/podrabotka/tutaev/appliance"
"вакансия ремонт техники в тутаеве";"https://dodelay.ru/podrabotka/tutaev/appliance"
"ремонт техники в переславле-залесском";"https://dodelay.ru/podrabotka/pereslavl/appliance"
"ремонт техники переславль-залесский";"https://dodelay.ru/podrabotka/pereslavl/appliance"
"ремонт техники в переславле-залесском недорого";"https://dodelay.ru/podrabotka/pereslavl/appliance"
"ремонт техники в переславле-залесском цены";"https://dodelay.ru/podrabotka/pereslavl/appliance"
"ремонт техники в переславле-залесском на дом";"https://dodelay.ru/podrabotka/pereslavl/appliance"
"вызвать мастера по ремонту техники в переславле-залесском";"https://dodelay.ru/podrabotka/pereslavl/appliance"
"нанять мастера по ремонту техники в переславле-залесском";"https://dodelay.ru/podrabotka/pereslavl/appliance"
"найти мастера по ремонту техники в переславле-залесском";"https://dodelay.ru/podrabotka/pereslavl/appliance"
"услуги мастера по ремонту техники в переславле-залесском";"https://dodelay.ru/podrabotka/pereslavl/appliance"
"ремонт техники частник в переславле-залесском";"https://dodelay.ru/podrabotka/pereslavl/appliance"
"ремонт техники без посредников в переславле-залесском";"https://dodelay.ru/podrabotka/pereslavl/appliance"
"работа ремонт техники в переславле-залесском";"https://dodelay.ru/podrabotka/pereslavl/appliance"
"подработка ремонт техники в переславле-залесском";"https://dodelay.ru/podrabotka/pereslavl/appliance"
"требуется ремонт техники в переславле-залесском";"https://dodelay.ru/podrabotka/pereslavl/appliance"
"вакансия ремонт техники в переславле-залесском";"https://dodelay.ru/podrabotka/pereslavl/appliance"
"ремонт техники в угличе";"https://dodelay.ru/podrabotka/uglich/appliance"
"ремонт техники углич";"https://dodelay.ru/podrabotka/uglich/appliance"
"ремонт техники в угличе недорого";"https://dodelay.ru/podrabotka/uglich/appliance"
"ремонт техники в угличе цены";"https://dodelay.ru/podrabotka/uglich/appliance"
"ремонт техники в угличе на дом";"https://dodelay.ru/podrabotka/uglich/appliance"
"вызвать мастера по ремонту техники в угличе";"https://dodelay.ru/podrabotka/uglich/appliance"
"нанять мастера по ремонту техники в угличе";"https://dodelay.ru/podrabotka/uglich/appliance"
"найти мастера по ремонту техники в угличе";"https://dodelay.ru/podrabotka/uglich/appliance"
"услуги мастера по ремонту техники в угличе";"https://dodelay.ru/podrabotka/uglich/appliance"
"ремонт техники частник в угличе";"https://dodelay.ru/podrabotka/uglich/appliance"
"ремонт техники без посредников в угличе";"https://dodelay.ru/podrabotka/uglich/appliance"
"работа ремонт техники в угличе";"https://dodelay.ru/podrabotka/uglich/appliance"
"подработка ремонт техники в угличе";"https://dodelay.ru/podrabotka/uglich/appliance"
"требуется ремонт техники в угличе";"https://dodelay.ru/podrabotka/uglich/appliance"
"вакансия ремонт техники в угличе";"https://dodelay.ru/podrabotka/uglich/appliance"
"ремонт техники в ростове великом";"https://dodelay.ru/podrabotka/rostov/appliance"
"ремонт техники ростов великий";"https://dodelay.ru/podrabotka/rostov/appliance"
"ремонт техники в ростове великом недорого";"https://dodelay.ru/podrabotka/rostov/appliance"
"ремонт техники в ростове великом цены";"https://dodelay.ru/podrabotka/rostov/appliance"
"ремонт техники в ростове великом на дом";"https://dodelay.ru/podrabotka/rostov/appliance"
"вызвать мастера по ремонту техники в ростове великом";"https://dodelay.ru/podrabotka/rostov/appliance"
"нанять мастера по ремонту техники в ростове великом";"https://dodelay.ru/podrabotka/rostov/appliance"
"найти мастера по ремонту техники в ростове великом";"https://dodelay.ru/podrabotka/rostov/appliance"
"услуги мастера по ремонту техники в ростове великом";"https://dodelay.ru/podrabotka/rostov/appliance"
"ремонт техники частник в ростове великом";"https://dodelay.ru/podrabotka/rostov/appliance"
"ремонт техники без посредников в ростове великом";"https://dodelay.ru/podrabotka/rostov/appliance"
"работа ремонт техники в ростове великом";"https://dodelay.ru/podrabotka/rostov/appliance"
"подработка ремонт техники в ростове великом";"https://dodelay.ru/podrabotka/rostov/appliance"
"требуется ремонт техники в ростове великом";"https://dodelay.ru/podrabotka/rostov/appliance"
"вакансия ремонт техники в ростове великом";"https://dodelay.ru/podrabotka/rostov/appliance"
"диагностика техники в ярославле";"https://dodelay.ru/podrabotka/yaroslavl/appliance"
"диагностика техники цена";"https://dodelay.ru/podrabotka/yaroslavl/appliance"
"сколько стоит диагностика техники";"https://dodelay.ru/podrabotka/yaroslavl/appliance"
"ремонт микроволновки в ярославле";"https://dodelay.ru/podrabotka/yaroslavl/appliance"
"ремонт микроволновки цена";"https://dodelay.ru/podrabotka/yaroslavl/appliance"
"сколько стоит ремонт микроволновки";"https://dodelay.ru/podrabotka/yaroslavl/appliance"
"ремонт духового шкафа в ярославле";"https://dodelay.ru/podrabotka/yaroslavl/appliance"
"ремонт духового шкафа цена";"https://dodelay.ru/podrabotka/yaroslavl/appliance"
"сколько стоит ремонт духового шкафа";"https://dodelay.ru/podrabotka/yaroslavl/appliance"
"ремонт посудомоечной машины в ярославле";"https://dodelay.ru/podrabotka/yaroslavl/appliance"
"ремонт посудомоечной машины цена";"https://dodelay.ru/podrabotka/yaroslavl/appliance"
"сколько стоит ремонт посудомоечной машины";"https://dodelay.ru/podrabotka/yaroslavl/appliance"
"ремонт бытовой техники в ярославле";"https://dodelay.ru/podrabotka/yaroslavl/appliancerepair"
"ремонт бытовой техники ярославль";"https://dodelay.ru/podrabotka/yaroslavl/appliancerepair"
"ремонт стиральных машин в ярославле";"https://dodelay.ru/podrabotka/yaroslavl/appliancerepair"
"ремонт стиральных машин ярославль";"https://dodelay.ru/podrabotka/yaroslavl/appliancerepair"
"ремонт холодильников в ярославле";"https://dodelay.ru/podrabotka/yaroslavl/appliancerepair"
"ремонт холодильников ярославль";"https://dodelay.ru/podrabotka/yaroslavl/appliancerepair"
"ремонт посудомоечных машин в ярославле";"https://dodelay.ru/podrabotka/yaroslavl/appliancerepair"
"ремонт посудомоечных машин ярославль";"https://dodelay.ru/podrabotka/yaroslavl/appliancerepair"
"мастер по бытовой технике в ярославле";"https://dodelay.ru/podrabotka/yaroslavl/appliancerepair"
"мастер по бытовой технике ярославль";"https://dodelay.ru/podrabotka/yaroslavl/appliancerepair"
"ремонт бытовой техники в ярославле недорого";"https://dodelay.ru/podrabotka/yaroslavl/appliancerepair"
"ремонт бытовой техники в ярославле цены";"https://dodelay.ru/podrabotka/yaroslavl/appliancerepair"
"ремонт бытовой техники в ярославле на дом";"https://dodelay.ru/podrabotka/yaroslavl/appliancerepair"
"вызвать мастера по бытовой технике в ярославле";"https://dodelay.ru/podrabotka/yaroslavl/appliancerepair"
"нанять мастера по бытовой технике в ярославле";"https://dodelay.ru/podrabotka/yaroslavl/appliancerepair"
"найти мастера по бытовой технике в ярославле";"https://dodelay.ru/podrabotka/yaroslavl/appliancerepair"
"услуги мастера по бытовой технике в ярославле";"https://dodelay.ru/podrabotka/yaroslavl/appliancerepair"
"ремонт бытовой техники частник в ярославле";"https://dodelay.ru/podrabotka/yaroslavl/appliancerepair"
"ремонт бытовой техники без посредников в ярославле";"https://dodelay.ru/podrabotka/yaroslavl/appliancerepair"
"работа ремонт бытовой техники в ярославле";"https://dodelay.ru/podrabotka/yaroslavl/appliancerepair"
"подработка ремонт бытовой техники в ярославле";"https://dodelay.ru/podrabotka/yaroslavl/appliancerepair"
"требуется ремонт бытовой техники в ярославле";"https://dodelay.ru/podrabotka/yaroslavl/appliancerepair"
"вакансия ремонт бытовой техники в ярославле";"https://dodelay.ru/podrabotka/yaroslavl/appliancerepair"
"ремонт бытовой техники в рыбинске";"https://dodelay.ru/podrabotka/rybinsk/appliancerepair"
"ремонт бытовой техники рыбинск";"https://dodelay.ru/podrabotka/rybinsk/appliancerepair"
"ремонт стиральных машин в рыбинске";"https://dodelay.ru/podrabotka/rybinsk/appliancerepair"
"ремонт стиральных машин рыбинск";"https://dodelay.ru/podrabotka/rybinsk/appliancerepair"
"ремонт холодильников в рыбинске";"https://dodelay.ru/podrabotka/rybinsk/appliancerepair"
"ремонт холодильников рыбинск";"https://dodelay.ru/podrabotka/rybinsk/appliancerepair"
"ремонт посудомоечных машин в рыбинске";"https://dodelay.ru/podrabotka/rybinsk/appliancerepair"
"ремонт посудомоечных машин рыбинск";"https://dodelay.ru/podrabotka/rybinsk/appliancerepair"
"мастер по бытовой технике в рыбинске";"https://dodelay.ru/podrabotka/rybinsk/appliancerepair"
"мастер по бытовой технике рыбинск";"https://dodelay.ru/podrabotka/rybinsk/appliancerepair"
"ремонт бытовой техники в рыбинске недорого";"https://dodelay.ru/podrabotka/rybinsk/appliancerepair"
"ремонт бытовой техники в рыбинске цены";"https://dodelay.ru/podrabotka/rybinsk/appliancerepair"
"ремонт бытовой техники в рыбинске на дом";"https://dodelay.ru/podrabotka/rybinsk/appliancerepair"
"вызвать мастера по бытовой технике в рыбинске";"https://dodelay.ru/podrabotka/rybinsk/appliancerepair"
"нанять мастера по бытовой технике в рыбинске";"https://dodelay.ru/podrabotka/rybinsk/appliancerepair"
"найти мастера по бытовой технике в рыбинске";"https://dodelay.ru/podrabotka/rybinsk/appliancerepair"
"услуги мастера по бытовой технике в рыбинске";"https://dodelay.ru/podrabotka/rybinsk/appliancerepair"
"ремонт бытовой техники частник в рыбинске";"https://dodelay.ru/podrabotka/rybinsk/appliancerepair"
"ремонт бытовой техники без посредников в рыбинске";"https://dodelay.ru/podrabotka/rybinsk/appliancerepair"
"работа ремонт бытовой техники в рыбинске";"https://dodelay.ru/podrabotka/rybinsk/appliancerepair"
"подработка ремонт бытовой техники в рыбинске";"https://dodelay.ru/podrabotka/rybinsk/appliancerepair"
"требуется ремонт бытовой техники в рыбинске";"https://dodelay.ru/podrabotka/rybinsk/appliancerepair"
"вакансия ремонт бытовой техники в рыбинске";"https://dodelay.ru/podrabotka/rybinsk/appliancerepair"
"ремонт бытовой техники в тутаеве";"https://dodelay.ru/podrabotka/tutaev/appliancerepair"
"ремонт бытовой техники тутаев";"https://dodelay.ru/podrabotka/tutaev/appliancerepair"
"ремонт стиральных машин в тутаеве";"https://dodelay.ru/podrabotka/tutaev/appliancerepair"
"ремонт стиральных машин тутаев";"https://dodelay.ru/podrabotka/tutaev/appliancerepair"
"ремонт холодильников в тутаеве";"https://dodelay.ru/podrabotka/tutaev/appliancerepair"
"ремонт холодильников тутаев";"https://dodelay.ru/podrabotka/tutaev/appliancerepair"
"ремонт посудомоечных машин в тутаеве";"https://dodelay.ru/podrabotka/tutaev/appliancerepair"
"ремонт посудомоечных машин тутаев";"https://dodelay.ru/podrabotka/tutaev/appliancerepair"
"мастер по бытовой технике в тутаеве";"https://dodelay.ru/podrabotka/tutaev/appliancerepair"
"мастер по бытовой технике тутаев";"https://dodelay.ru/podrabotka/tutaev/appliancerepair"
"ремонт бытовой техники в тутаеве недорого";"https://dodelay.ru/podrabotka/tutaev/appliancerepair"
"ремонт бытовой техники в тутаеве цены";"https://dodelay.ru/podrabotka/tutaev/appliancerepair"
"ремонт бытовой техники в тутаеве на дом";"https://dodelay.ru/podrabotka/tutaev/appliancerepair"
"вызвать мастера по бытовой технике в тутаеве";"https://dodelay.ru/podrabotka/tutaev/appliancerepair"
"нанять мастера по бытовой технике в тутаеве";"https://dodelay.ru/podrabotka/tutaev/appliancerepair"
"найти мастера по бытовой технике в тутаеве";"https://dodelay.ru/podrabotka/tutaev/appliancerepair"
"услуги мастера по бытовой технике в тутаеве";"https://dodelay.ru/podrabotka/tutaev/appliancerepair"
"ремонт бытовой техники частник в тутаеве";"https://dodelay.ru/podrabotka/tutaev/appliancerepair"
"ремонт бытовой техники без посредников в тутаеве";"https://dodelay.ru/podrabotka/tutaev/appliancerepair"
"работа ремонт бытовой техники в тутаеве";"https://dodelay.ru/podrabotka/tutaev/appliancerepair"
"подработка ремонт бытовой техники в тутаеве";"https://dodelay.ru/podrabotka/tutaev/appliancerepair"
"требуется ремонт бытовой техники в тутаеве";"https://dodelay.ru/podrabotka/tutaev/appliancerepair"
"вакансия ремонт бытовой техники в тутаеве";"https://dodelay.ru/podrabotka/tutaev/appliancerepair"
"ремонт бытовой техники в переславле-залесском";"https://dodelay.ru/podrabotka/pereslavl/appliancerepair"
"ремонт бытовой техники переславль-залесский";"https://dodelay.ru/podrabotka/pereslavl/appliancerepair"
"ремонт стиральных машин в переславле-залесском";"https://dodelay.ru/podrabotka/pereslavl/appliancerepair"
"ремонт стиральных машин переславль-залесский";"https://dodelay.ru/podrabotka/pereslavl/appliancerepair"
"ремонт холодильников в переславле-залесском";"https://dodelay.ru/podrabotka/pereslavl/appliancerepair"
"ремонт холодильников переславль-залесский";"https://dodelay.ru/podrabotka/pereslavl/appliancerepair"
"ремонт посудомоечных машин в переславле-залесском";"https://dodelay.ru/podrabotka/pereslavl/appliancerepair"
"ремонт посудомоечных машин переславль-залесский";"https://dodelay.ru/podrabotka/pereslavl/appliancerepair"
"мастер по бытовой технике в переславле-залесском";"https://dodelay.ru/podrabotka/pereslavl/appliancerepair"
"мастер по бытовой технике переславль-залесский";"https://dodelay.ru/podrabotka/pereslavl/appliancerepair"
"ремонт бытовой техники в переславле-залесском недорого";"https://dodelay.ru/podrabotka/pereslavl/appliancerepair"
"ремонт бытовой техники в переславле-залесском цены";"https://dodelay.ru/podrabotka/pereslavl/appliancerepair"
"ремонт бытовой техники в переславле-залесском на дом";"https://dodelay.ru/podrabotka/pereslavl/appliancerepair"
"вызвать мастера по бытовой технике в переславле-залесском";"https://dodelay.ru/podrabotka/pereslavl/appliancerepair"
"нанять мастера по бытовой технике в переславле-залесском";"https://dodelay.ru/podrabotka/pereslavl/appliancerepair"
"найти мастера по бытовой технике в переславле-залесском";"https://dodelay.ru/podrabotka/pereslavl/appliancerepair"
"услуги мастера по бытовой технике в переславле-залесском";"https://dodelay.ru/podrabotka/pereslavl/appliancerepair"
"ремонт бытовой техники частник в переславле-залесском";"https://dodelay.ru/podrabotka/pereslavl/appliancerepair"
"ремонт бытовой техники без посредников в переславле-залесском";"https://dodelay.ru/podrabotka/pereslavl/appliancerepair"
"работа ремонт бытовой техники в переславле-залесском";"https://dodelay.ru/podrabotka/pereslavl/appliancerepair"
"подработка ремонт бытовой техники в переславле-залесском";"https://dodelay.ru/podrabotka/pereslavl/appliancerepair"
"требуется ремонт бытовой техники в переславле-залесском";"https://dodelay.ru/podrabotka/pereslavl/appliancerepair"
"вакансия ремонт бытовой техники в переславле-залесском";"https://dodelay.ru/podrabotka/pereslavl/appliancerepair"
"ремонт бытовой техники в угличе";"https://dodelay.ru/podrabotka/uglich/appliancerepair"
"ремонт бытовой техники углич";"https://dodelay.ru/podrabotka/uglich/appliancerepair"
"ремонт стиральных машин в угличе";"https://dodelay.ru/podrabotka/uglich/appliancerepair"
"ремонт стиральных машин углич";"https://dodelay.ru/podrabotka/uglich/appliancerepair"
"ремонт холодильников в угличе";"https://dodelay.ru/podrabotka/uglich/appliancerepair"
"ремонт холодильников углич";"https://dodelay.ru/podrabotka/uglich/appliancerepair"
"ремонт посудомоечных машин в угличе";"https://dodelay.ru/podrabotka/uglich/appliancerepair"
"ремонт посудомоечных машин углич";"https://dodelay.ru/podrabotka/uglich/appliancerepair"
"мастер по бытовой технике в угличе";"https://dodelay.ru/podrabotka/uglich/appliancerepair"
"мастер по бытовой технике углич";"https://dodelay.ru/podrabotka/uglich/appliancerepair"
"ремонт бытовой техники в угличе недорого";"https://dodelay.ru/podrabotka/uglich/appliancerepair"
"ремонт бытовой техники в угличе цены";"https://dodelay.ru/podrabotka/uglich/appliancerepair"
"ремонт бытовой техники в угличе на дом";"https://dodelay.ru/podrabotka/uglich/appliancerepair"
"вызвать мастера по бытовой технике в угличе";"https://dodelay.ru/podrabotka/uglich/appliancerepair"
"нанять мастера по бытовой технике в угличе";"https://dodelay.ru/podrabotka/uglich/appliancerepair"
"найти мастера по бытовой технике в угличе";"https://dodelay.ru/podrabotka/uglich/appliancerepair"
"услуги мастера по бытовой технике в угличе";"https://dodelay.ru/podrabotka/uglich/appliancerepair"
"ремонт бытовой техники частник в угличе";"https://dodelay.ru/podrabotka/uglich/appliancerepair"
"ремонт бытовой техники без посредников в угличе";"https://dodelay.ru/podrabotka/uglich/appliancerepair"
"работа ремонт бытовой техники в угличе";"https://dodelay.ru/podrabotka/uglich/appliancerepair"
"подработка ремонт бытовой техники в угличе";"https://dodelay.ru/podrabotka/uglich/appliancerepair"
"требуется ремонт бытовой техники в угличе";"https://dodelay.ru/podrabotka/uglich/appliancerepair"
"вакансия ремонт бытовой техники в угличе";"https://dodelay.ru/podrabotka/uglich/appliancerepair"
"ремонт бытовой техники в ростове великом";"https://dodelay.ru/podrabotka/rostov/appliancerepair"
"ремонт бытовой техники ростов великий";"https://dodelay.ru/podrabotka/rostov/appliancerepair"
"ремонт стиральных машин в ростове великом";"https://dodelay.ru/podrabotka/rostov/appliancerepair"
"ремонт стиральных машин ростов великий";"https://dodelay.ru/podrabotka/rostov/appliancerepair"
"ремонт холодильников в ростове великом";"https://dodelay.ru/podrabotka/rostov/appliancerepair"
"ремонт холодильников ростов великий";"https://dodelay.ru/podrabotka/rostov/appliancerepair"
"ремонт посудомоечных машин в ростове великом";"https://dodelay.ru/podrabotka/rostov/appliancerepair"
"ремонт посудомоечных машин ростов великий";"https://dodelay.ru/podrabotka/rostov/appliancerepair"
"мастер по бытовой технике в ростове великом";"https://dodelay.ru/podrabotka/rostov/appliancerepair"
"мастер по бытовой технике ростов великий";"https://dodelay.ru/podrabotka/rostov/appliancerepair"
"ремонт бытовой техники в ростове великом недорого";"https://dodelay.ru/podrabotka/rostov/appliancerepair"
"ремонт бытовой техники в ростове великом цены";"https://dodelay.ru/podrabotka/rostov/appliancerepair"
"ремонт бытовой техники в ростове великом на дом";"https://dodelay.ru/podrabotka/rostov/appliancerepair"
"вызвать мастера по бытовой технике в ростове великом";"https://dodelay.ru/podrabotka/rostov/appliancerepair"
"нанять мастера по бытовой технике в ростове великом";"https://dodelay.ru/podrabotka/rostov/appliancerepair"
"найти мастера по бытовой технике в ростове великом";"https://dodelay.ru/podrabotka/rostov/appliancerepair"
"услуги мастера по бытовой технике в ростове великом";"https://dodelay.ru/podrabotka/rostov/appliancerepair"
"ремонт бытовой техники частник в ростове великом";"https://dodelay.ru/podrabotka/rostov/appliancerepair"
"ремонт бытовой техники без посредников в ростове великом";"https://dodelay.ru/podrabotka/rostov/appliancerepair"
"работа ремонт бытовой техники в ростове великом";"https://dodelay.ru/podrabotka/rostov/appliancerepair"
"подработка ремонт бытовой техники в ростове великом";"https://dodelay.ru/podrabotka/rostov/appliancerepair"
"требуется ремонт бытовой техники в ростове великом";"https://dodelay.ru/podrabotka/rostov/appliancerepair"
"вакансия ремонт бытовой техники в ростове великом";"https://dodelay.ru/podrabotka/rostov/appliancerepair"
"диагностика на дому в ярославле";"https://dodelay.ru/podrabotka/yaroslavl/appliancerepair"
"диагностика на дому цена";"https://dodelay.ru/podrabotka/yaroslavl/appliancerepair"
"сколько стоит диагностика на дому";"https://dodelay.ru/podrabotka/yaroslavl/appliancerepair"
"ремонт стиральной машины в ярославле";"https://dodelay.ru/podrabotka/yaroslavl/appliancerepair"
"ремонт стиральной машины цена";"https://dodelay.ru/podrabotka/yaroslavl/appliancerepair"
"сколько стоит ремонт стиральной машины";"https://dodelay.ru/podrabotka/yaroslavl/appliancerepair"
"ремонт холодильника в ярославле";"https://dodelay.ru/podrabotka/yaroslavl/appliancerepair"
"ремонт холодильника цена";"https://dodelay.ru/podrabotka/yaroslavl/appliancerepair"
"сколько стоит ремонт холодильника";"https://dodelay.ru/podrabotka/yaroslavl/appliancerepair"
"замена тэна или насоса в ярославле";"https://dodelay.ru/podrabotka/yaroslavl/appliancerepair"
"замена тэна или насоса цена";"https://dodelay.ru/podrabotka/yaroslavl/appliancerepair"
"сколько стоит замена тэна или насоса";"https://dodelay.ru/podrabotka/yaroslavl/appliancerepair"
"компьютерная помощь в ярославле";"https://dodelay.ru/podrabotka/yaroslavl/computerhelp"
"компьютерная помощь ярославль";"https://dodelay.ru/podrabotka/yaroslavl/computerhelp"
"компьютерный мастер в ярославле";"https://dodelay.ru/podrabotka/yaroslavl/computerhelp"
"компьютерный мастер ярославль";"https://dodelay.ru/podrabotka/yaroslavl/computerhelp"
"настройка компьютера в ярославле";"https://dodelay.ru/podrabotka/yaroslavl/computerhelp"
"настройка компьютера ярославль";"https://dodelay.ru/podrabotka/yaroslavl/computerhelp"
"ремонт ноутбуков в ярославле";"https://dodelay.ru/podrabotka/yaroslavl/computerhelp"
"ремонт ноутбуков ярославль";"https://dodelay.ru/podrabotka/yaroslavl/computerhelp"
"айтишник на дом в ярославле";"https://dodelay.ru/podrabotka/yaroslavl/computerhelp"
"айтишник на дом ярославль";"https://dodelay.ru/podrabotka/yaroslavl/computerhelp"
"компьютерная помощь в ярославле недорого";"https://dodelay.ru/podrabotka/yaroslavl/computerhelp"
"компьютерная помощь в ярославле цены";"https://dodelay.ru/podrabotka/yaroslavl/computerhelp"
"компьютерная помощь в ярославле на дом";"https://dodelay.ru/podrabotka/yaroslavl/computerhelp"
"вызвать компьютерного мастера в ярославле";"https://dodelay.ru/podrabotka/yaroslavl/computerhelp"
"нанять компьютерного мастера в ярославле";"https://dodelay.ru/podrabotka/yaroslavl/computerhelp"
"найти компьютерного мастера в ярославле";"https://dodelay.ru/podrabotka/yaroslavl/computerhelp"
"услуги компьютерного мастера в ярославле";"https://dodelay.ru/podrabotka/yaroslavl/computerhelp"
"компьютерная помощь частник в ярославле";"https://dodelay.ru/podrabotka/yaroslavl/computerhelp"
"компьютерная помощь без посредников в ярославле";"https://dodelay.ru/podrabotka/yaroslavl/computerhelp"
"работа компьютерная помощь в ярославле";"https://dodelay.ru/podrabotka/yaroslavl/computerhelp"
"подработка компьютерная помощь в ярославле";"https://dodelay.ru/podrabotka/yaroslavl/computerhelp"
"требуется компьютерная помощь в ярославле";"https://dodelay.ru/podrabotka/yaroslavl/computerhelp"
"вакансия компьютерная помощь в ярославле";"https://dodelay.ru/podrabotka/yaroslavl/computerhelp"
"компьютерная помощь в рыбинске";"https://dodelay.ru/podrabotka/rybinsk/computerhelp"
"компьютерная помощь рыбинск";"https://dodelay.ru/podrabotka/rybinsk/computerhelp"
"компьютерный мастер в рыбинске";"https://dodelay.ru/podrabotka/rybinsk/computerhelp"
"компьютерный мастер рыбинск";"https://dodelay.ru/podrabotka/rybinsk/computerhelp"
"настройка компьютера в рыбинске";"https://dodelay.ru/podrabotka/rybinsk/computerhelp"
"настройка компьютера рыбинск";"https://dodelay.ru/podrabotka/rybinsk/computerhelp"
"ремонт ноутбуков в рыбинске";"https://dodelay.ru/podrabotka/rybinsk/computerhelp"
"ремонт ноутбуков рыбинск";"https://dodelay.ru/podrabotka/rybinsk/computerhelp"
"айтишник на дом в рыбинске";"https://dodelay.ru/podrabotka/rybinsk/computerhelp"
"айтишник на дом рыбинск";"https://dodelay.ru/podrabotka/rybinsk/computerhelp"
"компьютерная помощь в рыбинске недорого";"https://dodelay.ru/podrabotka/rybinsk/computerhelp"
"компьютерная помощь в рыбинске цены";"https://dodelay.ru/podrabotka/rybinsk/computerhelp"
"компьютерная помощь в рыбинске на дом";"https://dodelay.ru/podrabotka/rybinsk/computerhelp"
"вызвать компьютерного мастера в рыбинске";"https://dodelay.ru/podrabotka/rybinsk/computerhelp"
"нанять компьютерного мастера в рыбинске";"https://dodelay.ru/podrabotka/rybinsk/computerhelp"
"найти компьютерного мастера в рыбинске";"https://dodelay.ru/podrabotka/rybinsk/computerhelp"
"услуги компьютерного мастера в рыбинске";"https://dodelay.ru/podrabotka/rybinsk/computerhelp"
"компьютерная помощь частник в рыбинске";"https://dodelay.ru/podrabotka/rybinsk/computerhelp"
"компьютерная помощь без посредников в рыбинске";"https://dodelay.ru/podrabotka/rybinsk/computerhelp"
"работа компьютерная помощь в рыбинске";"https://dodelay.ru/podrabotka/rybinsk/computerhelp"
"подработка компьютерная помощь в рыбинске";"https://dodelay.ru/podrabotka/rybinsk/computerhelp"
"требуется компьютерная помощь в рыбинске";"https://dodelay.ru/podrabotka/rybinsk/computerhelp"
"вакансия компьютерная помощь в рыбинске";"https://dodelay.ru/podrabotka/rybinsk/computerhelp"
"компьютерная помощь в тутаеве";"https://dodelay.ru/podrabotka/tutaev/computerhelp"
"компьютерная помощь тутаев";"https://dodelay.ru/podrabotka/tutaev/computerhelp"
"компьютерный мастер в тутаеве";"https://dodelay.ru/podrabotka/tutaev/computerhelp"
"компьютерный мастер тутаев";"https://dodelay.ru/podrabotka/tutaev/computerhelp"
"настройка компьютера в тутаеве";"https://dodelay.ru/podrabotka/tutaev/computerhelp"
"настройка компьютера тутаев";"https://dodelay.ru/podrabotka/tutaev/computerhelp"
"ремонт ноутбуков в тутаеве";"https://dodelay.ru/podrabotka/tutaev/computerhelp"
"ремонт ноутбуков тутаев";"https://dodelay.ru/podrabotka/tutaev/computerhelp"
"айтишник на дом в тутаеве";"https://dodelay.ru/podrabotka/tutaev/computerhelp"
"айтишник на дом тутаев";"https://dodelay.ru/podrabotka/tutaev/computerhelp"
"компьютерная помощь в тутаеве недорого";"https://dodelay.ru/podrabotka/tutaev/computerhelp"
"компьютерная помощь в тутаеве цены";"https://dodelay.ru/podrabotka/tutaev/computerhelp"
"компьютерная помощь в тутаеве на дом";"https://dodelay.ru/podrabotka/tutaev/computerhelp"
"вызвать компьютерного мастера в тутаеве";"https://dodelay.ru/podrabotka/tutaev/computerhelp"
"нанять компьютерного мастера в тутаеве";"https://dodelay.ru/podrabotka/tutaev/computerhelp"
"найти компьютерного мастера в тутаеве";"https://dodelay.ru/podrabotka/tutaev/computerhelp"
"услуги компьютерного мастера в тутаеве";"https://dodelay.ru/podrabotka/tutaev/computerhelp"
"компьютерная помощь частник в тутаеве";"https://dodelay.ru/podrabotka/tutaev/computerhelp"
"компьютерная помощь без посредников в тутаеве";"https://dodelay.ru/podrabotka/tutaev/computerhelp"
"работа компьютерная помощь в тутаеве";"https://dodelay.ru/podrabotka/tutaev/computerhelp"
"подработка компьютерная помощь в тутаеве";"https://dodelay.ru/podrabotka/tutaev/computerhelp"
"требуется компьютерная помощь в тутаеве";"https://dodelay.ru/podrabotka/tutaev/computerhelp"
"вакансия компьютерная помощь в тутаеве";"https://dodelay.ru/podrabotka/tutaev/computerhelp"
"компьютерная помощь в переславле-залесском";"https://dodelay.ru/podrabotka/pereslavl/computerhelp"
"компьютерная помощь переславль-залесский";"https://dodelay.ru/podrabotka/pereslavl/computerhelp"
"компьютерный мастер в переславле-залесском";"https://dodelay.ru/podrabotka/pereslavl/computerhelp"
"компьютерный мастер переславль-залесский";"https://dodelay.ru/podrabotka/pereslavl/computerhelp"
"настройка компьютера в переславле-залесском";"https://dodelay.ru/podrabotka/pereslavl/computerhelp"
"настройка компьютера переславль-залесский";"https://dodelay.ru/podrabotka/pereslavl/computerhelp"
"ремонт ноутбуков в переславле-залесском";"https://dodelay.ru/podrabotka/pereslavl/computerhelp"
"ремонт ноутбуков переславль-залесский";"https://dodelay.ru/podrabotka/pereslavl/computerhelp"
"айтишник на дом в переславле-залесском";"https://dodelay.ru/podrabotka/pereslavl/computerhelp"
"айтишник на дом переславль-залесский";"https://dodelay.ru/podrabotka/pereslavl/computerhelp"
"компьютерная помощь в переславле-залесском недорого";"https://dodelay.ru/podrabotka/pereslavl/computerhelp"
"компьютерная помощь в переславле-залесском цены";"https://dodelay.ru/podrabotka/pereslavl/computerhelp"
"компьютерная помощь в переславле-залесском на дом";"https://dodelay.ru/podrabotka/pereslavl/computerhelp"
"вызвать компьютерного мастера в переславле-залесском";"https://dodelay.ru/podrabotka/pereslavl/computerhelp"
"нанять компьютерного мастера в переславле-залесском";"https://dodelay.ru/podrabotka/pereslavl/computerhelp"
"найти компьютерного мастера в переславле-залесском";"https://dodelay.ru/podrabotka/pereslavl/computerhelp"
"услуги компьютерного мастера в переславле-залесском";"https://dodelay.ru/podrabotka/pereslavl/computerhelp"
"компьютерная помощь частник в переславле-залесском";"https://dodelay.ru/podrabotka/pereslavl/computerhelp"
"компьютерная помощь без посредников в переславле-залесском";"https://dodelay.ru/podrabotka/pereslavl/computerhelp"
"работа компьютерная помощь в переславле-залесском";"https://dodelay.ru/podrabotka/pereslavl/computerhelp"
"подработка компьютерная помощь в переславле-залесском";"https://dodelay.ru/podrabotka/pereslavl/computerhelp"
"требуется компьютерная помощь в переславле-залесском";"https://dodelay.ru/podrabotka/pereslavl/computerhelp"
"вакансия компьютерная помощь в переславле-залесском";"https://dodelay.ru/podrabotka/pereslavl/computerhelp"
"компьютерная помощь в угличе";"https://dodelay.ru/podrabotka/uglich/computerhelp"
"компьютерная помощь углич";"https://dodelay.ru/podrabotka/uglich/computerhelp"
"компьютерный мастер в угличе";"https://dodelay.ru/podrabotka/uglich/computerhelp"
"компьютерный мастер углич";"https://dodelay.ru/podrabotka/uglich/computerhelp"
"настройка компьютера в угличе";"https://dodelay.ru/podrabotka/uglich/computerhelp"
"настройка компьютера углич";"https://dodelay.ru/podrabotka/uglich/computerhelp"
"ремонт ноутбуков в угличе";"https://dodelay.ru/podrabotka/uglich/computerhelp"
"ремонт ноутбуков углич";"https://dodelay.ru/podrabotka/uglich/computerhelp"
"айтишник на дом в угличе";"https://dodelay.ru/podrabotka/uglich/computerhelp"
"айтишник на дом углич";"https://dodelay.ru/podrabotka/uglich/computerhelp"
"компьютерная помощь в угличе недорого";"https://dodelay.ru/podrabotka/uglich/computerhelp"
"компьютерная помощь в угличе цены";"https://dodelay.ru/podrabotka/uglich/computerhelp"
"компьютерная помощь в угличе на дом";"https://dodelay.ru/podrabotka/uglich/computerhelp"
"вызвать компьютерного мастера в угличе";"https://dodelay.ru/podrabotka/uglich/computerhelp"
"нанять компьютерного мастера в угличе";"https://dodelay.ru/podrabotka/uglich/computerhelp"
"найти компьютерного мастера в угличе";"https://dodelay.ru/podrabotka/uglich/computerhelp"
"услуги компьютерного мастера в угличе";"https://dodelay.ru/podrabotka/uglich/computerhelp"
"компьютерная помощь частник в угличе";"https://dodelay.ru/podrabotka/uglich/computerhelp"
"компьютерная помощь без посредников в угличе";"https://dodelay.ru/podrabotka/uglich/computerhelp"
"работа компьютерная помощь в угличе";"https://dodelay.ru/podrabotka/uglich/computerhelp"
"подработка компьютерная помощь в угличе";"https://dodelay.ru/podrabotka/uglich/computerhelp"
"требуется компьютерная помощь в угличе";"https://dodelay.ru/podrabotka/uglich/computerhelp"
"вакансия компьютерная помощь в угличе";"https://dodelay.ru/podrabotka/uglich/computerhelp"
"компьютерная помощь в ростове великом";"https://dodelay.ru/podrabotka/rostov/computerhelp"
"компьютерная помощь ростов великий";"https://dodelay.ru/podrabotka/rostov/computerhelp"
"компьютерный мастер в ростове великом";"https://dodelay.ru/podrabotka/rostov/computerhelp"
"компьютерный мастер ростов великий";"https://dodelay.ru/podrabotka/rostov/computerhelp"
"настройка компьютера в ростове великом";"https://dodelay.ru/podrabotka/rostov/computerhelp"
"настройка компьютера ростов великий";"https://dodelay.ru/podrabotka/rostov/computerhelp"
"ремонт ноутбуков в ростове великом";"https://dodelay.ru/podrabotka/rostov/computerhelp"
"ремонт ноутбуков ростов великий";"https://dodelay.ru/podrabotka/rostov/computerhelp"
"айтишник на дом в ростове великом";"https://dodelay.ru/podrabotka/rostov/computerhelp"
"айтишник на дом ростов великий";"https://dodelay.ru/podrabotka/rostov/computerhelp"
"компьютерная помощь в ростове великом недорого";"https://dodelay.ru/podrabotka/rostov/computerhelp"
"компьютерная помощь в ростове великом цены";"https://dodelay.ru/podrabotka/rostov/computerhelp"
"компьютерная помощь в ростове великом на дом";"https://dodelay.ru/podrabotka/rostov/computerhelp"
"вызвать компьютерного мастера в ростове великом";"https://dodelay.ru/podrabotka/rostov/computerhelp"
"нанять компьютерного мастера в ростове великом";"https://dodelay.ru/podrabotka/rostov/computerhelp"
"найти компьютерного мастера в ростове великом";"https://dodelay.ru/podrabotka/rostov/computerhelp"
"услуги компьютерного мастера в ростове великом";"https://dodelay.ru/podrabotka/rostov/computerhelp"
"компьютерная помощь частник в ростове великом";"https://dodelay.ru/podrabotka/rostov/computerhelp"
"компьютерная помощь без посредников в ростове великом";"https://dodelay.ru/podrabotka/rostov/computerhelp"
"работа компьютерная помощь в ростове великом";"https://dodelay.ru/podrabotka/rostov/computerhelp"
"подработка компьютерная помощь в ростове великом";"https://dodelay.ru/podrabotka/rostov/computerhelp"
"требуется компьютерная помощь в ростове великом";"https://dodelay.ru/podrabotka/rostov/computerhelp"
"вакансия компьютерная помощь в ростове великом";"https://dodelay.ru/podrabotka/rostov/computerhelp"
"установка windows в ярославле";"https://dodelay.ru/podrabotka/yaroslavl/computerhelp"
"установка windows цена";"https://dodelay.ru/podrabotka/yaroslavl/computerhelp"
"сколько стоит установка windows";"https://dodelay.ru/podrabotka/yaroslavl/computerhelp"
"чистка ноутбука от пыли в ярославле";"https://dodelay.ru/podrabotka/yaroslavl/computerhelp"
"чистка ноутбука от пыли цена";"https://dodelay.ru/podrabotka/yaroslavl/computerhelp"
"сколько стоит чистка ноутбука от пыли";"https://dodelay.ru/podrabotka/yaroslavl/computerhelp"
"настройка принтера в ярославле";"https://dodelay.ru/podrabotka/yaroslavl/computerhelp"
"настройка принтера цена";"https://dodelay.ru/podrabotka/yaroslavl/computerhelp"
"сколько стоит настройка принтера";"https://dodelay.ru/podrabotka/yaroslavl/computerhelp"
"удаление вирусов в ярославле";"https://dodelay.ru/podrabotka/yaroslavl/computerhelp"
"удаление вирусов цена";"https://dodelay.ru/podrabotka/yaroslavl/computerhelp"
"сколько стоит удаление вирусов";"https://dodelay.ru/podrabotka/yaroslavl/computerhelp"
"уборка в ярославле";"https://dodelay.ru/podrabotka/yaroslavl/cleaner"
"уборка ярославль";"https://dodelay.ru/podrabotka/yaroslavl/cleaner"
"клининг в ярославле";"https://dodelay.ru/podrabotka/yaroslavl/cleaner"
"клининг ярославль";"https://dodelay.ru/podrabotka/yaroslavl/cleaner"
"клининговые услуги в ярославле";"https://dodelay.ru/podrabotka/yaroslavl/cleaner"
"клининговые услуги ярославль";"https://dodelay.ru/podrabotka/yaroslavl/cleaner"
"клинер в ярославле";"https://dodelay.ru/podrabotka/yaroslavl/cleaner"
"клинер ярославль";"https://dodelay.ru/podrabotka/yaroslavl/cleaner"
"уборщица в ярославле";"https://dodelay.ru/podrabotka/yaroslavl/cleaner"
"уборщица ярославль";"https://dodelay.ru/podrabotka/yaroslavl/cleaner"
"генеральная уборка в ярославле";"https://dodelay.ru/podrabotka/yaroslavl/cleaner"
"генеральная уборка ярославль";"https://dodelay.ru/podrabotka/yaroslavl/cleaner"
"уборка квартир в ярославле";"https://dodelay.ru/podrabotka/yaroslavl/cleaner"
"уборка квартир ярославль";"https://dodelay.ru/podrabotka/yaroslavl/cleaner"
"клининговая компания в ярославле";"https://dodelay.ru/podrabotka/yaroslavl/cleaner"
"клининговая компания ярославль";"https://dodelay.ru/podrabotka/yaroslavl/cleaner"
"уборка после ремонта в ярославле";"https://dodelay.ru/podrabotka/yaroslavl/cleaner"
"уборка после ремонта ярославль";"https://dodelay.ru/podrabotka/yaroslavl/cleaner"
"уборка в ярославле недорого";"https://dodelay.ru/podrabotka/yaroslavl/cleaner"
"уборка в ярославле цены";"https://dodelay.ru/podrabotka/yaroslavl/cleaner"
"уборка в ярославле на дом";"https://dodelay.ru/podrabotka/yaroslavl/cleaner"
"вызвать клинера в ярославле";"https://dodelay.ru/podrabotka/yaroslavl/cleaner"
"нанять клинера в ярославле";"https://dodelay.ru/podrabotka/yaroslavl/cleaner"
"найти клинера в ярославле";"https://dodelay.ru/podrabotka/yaroslavl/cleaner"
"услуги клинера в ярославле";"https://dodelay.ru/podrabotka/yaroslavl/cleaner"
"уборка частник в ярославле";"https://dodelay.ru/podrabotka/yaroslavl/cleaner"
"уборка без посредников в ярославле";"https://dodelay.ru/podrabotka/yaroslavl/cleaner"
"работа уборка в ярославле";"https://dodelay.ru/podrabotka/yaroslavl/cleaner"
"подработка уборка в ярославле";"https://dodelay.ru/podrabotka/yaroslavl/cleaner"
"требуется уборка в ярославле";"https://dodelay.ru/podrabotka/yaroslavl/cleaner"
"вакансия уборка в ярославле";"https://dodelay.ru/podrabotka/yaroslavl/cleaner"
"уборка в рыбинске";"https://dodelay.ru/podrabotka/rybinsk/cleaner"
"уборка рыбинск";"https://dodelay.ru/podrabotka/rybinsk/cleaner"
"клининг в рыбинске";"https://dodelay.ru/podrabotka/rybinsk/cleaner"
"клининг рыбинск";"https://dodelay.ru/podrabotka/rybinsk/cleaner"
"клининговые услуги в рыбинске";"https://dodelay.ru/podrabotka/rybinsk/cleaner"
"клининговые услуги рыбинск";"https://dodelay.ru/podrabotka/rybinsk/cleaner"
"клинер в рыбинске";"https://dodelay.ru/podrabotka/rybinsk/cleaner"
"клинер рыбинск";"https://dodelay.ru/podrabotka/rybinsk/cleaner"
"уборщица в рыбинске";"https://dodelay.ru/podrabotka/rybinsk/cleaner"
"уборщица рыбинск";"https://dodelay.ru/podrabotka/rybinsk/cleaner"
"генеральная уборка в рыбинске";"https://dodelay.ru/podrabotka/rybinsk/cleaner"
"генеральная уборка рыбинск";"https://dodelay.ru/podrabotka/rybinsk/cleaner"
"уборка квартир в рыбинске";"https://dodelay.ru/podrabotka/rybinsk/cleaner"
"уборка квартир рыбинск";"https://dodelay.ru/podrabotka/rybinsk/cleaner"
"клининговая компания в рыбинске";"https://dodelay.ru/podrabotka/rybinsk/cleaner"
"клининговая компания рыбинск";"https://dodelay.ru/podrabotka/rybinsk/cleaner"
"уборка после ремонта в рыбинске";"https://dodelay.ru/podrabotka/rybinsk/cleaner"
"уборка после ремонта рыбинск";"https://dodelay.ru/podrabotka/rybinsk/cleaner"
"уборка в рыбинске недорого";"https://dodelay.ru/podrabotka/rybinsk/cleaner"
"уборка в рыбинске цены";"https://dodelay.ru/podrabotka/rybinsk/cleaner"
"уборка в рыбинске на дом";"https://dodelay.ru/podrabotka/rybinsk/cleaner"
"вызвать клинера в рыбинске";"https://dodelay.ru/podrabotka/rybinsk/cleaner"
"нанять клинера в рыбинске";"https://dodelay.ru/podrabotka/rybinsk/cleaner"
"найти клинера в рыбинске";"https://dodelay.ru/podrabotka/rybinsk/cleaner"
"услуги клинера в рыбинске";"https://dodelay.ru/podrabotka/rybinsk/cleaner"
"уборка частник в рыбинске";"https://dodelay.ru/podrabotka/rybinsk/cleaner"
"уборка без посредников в рыбинске";"https://dodelay.ru/podrabotka/rybinsk/cleaner"
"работа уборка в рыбинске";"https://dodelay.ru/podrabotka/rybinsk/cleaner"
"подработка уборка в рыбинске";"https://dodelay.ru/podrabotka/rybinsk/cleaner"
"требуется уборка в рыбинске";"https://dodelay.ru/podrabotka/rybinsk/cleaner"
"вакансия уборка в рыбинске";"https://dodelay.ru/podrabotka/rybinsk/cleaner"
"уборка в тутаеве";"https://dodelay.ru/podrabotka/tutaev/cleaner"
"уборка тутаев";"https://dodelay.ru/podrabotka/tutaev/cleaner"
"клининг в тутаеве";"https://dodelay.ru/podrabotka/tutaev/cleaner"
"клининг тутаев";"https://dodelay.ru/podrabotka/tutaev/cleaner"
"клининговые услуги в тутаеве";"https://dodelay.ru/podrabotka/tutaev/cleaner"
"клининговые услуги тутаев";"https://dodelay.ru/podrabotka/tutaev/cleaner"
"клинер в тутаеве";"https://dodelay.ru/podrabotka/tutaev/cleaner"
"клинер тутаев";"https://dodelay.ru/podrabotka/tutaev/cleaner"
"уборщица в тутаеве";"https://dodelay.ru/podrabotka/tutaev/cleaner"
"уборщица тутаев";"https://dodelay.ru/podrabotka/tutaev/cleaner"
"генеральная уборка в тутаеве";"https://dodelay.ru/podrabotka/tutaev/cleaner"
"генеральная уборка тутаев";"https://dodelay.ru/podrabotka/tutaev/cleaner"
"уборка квартир в тутаеве";"https://dodelay.ru/podrabotka/tutaev/cleaner"
"уборка квартир тутаев";"https://dodelay.ru/podrabotka/tutaev/cleaner"
"клининговая компания в тутаеве";"https://dodelay.ru/podrabotka/tutaev/cleaner"
"клининговая компания тутаев";"https://dodelay.ru/podrabotka/tutaev/cleaner"
"уборка после ремонта в тутаеве";"https://dodelay.ru/podrabotka/tutaev/cleaner"
"уборка после ремонта тутаев";"https://dodelay.ru/podrabotka/tutaev/cleaner"
"уборка в тутаеве недорого";"https://dodelay.ru/podrabotka/tutaev/cleaner"
"уборка в тутаеве цены";"https://dodelay.ru/podrabotka/tutaev/cleaner"
"уборка в тутаеве на дом";"https://dodelay.ru/podrabotka/tutaev/cleaner"
"вызвать клинера в тутаеве";"https://dodelay.ru/podrabotka/tutaev/cleaner"
"нанять клинера в тутаеве";"https://dodelay.ru/podrabotka/tutaev/cleaner"
"найти клинера в тутаеве";"https://dodelay.ru/podrabotka/tutaev/cleaner"
"услуги клинера в тутаеве";"https://dodelay.ru/podrabotka/tutaev/cleaner"
"уборка частник в тутаеве";"https://dodelay.ru/podrabotka/tutaev/cleaner"
"уборка без посредников в тутаеве";"https://dodelay.ru/podrabotka/tutaev/cleaner"
"работа уборка в тутаеве";"https://dodelay.ru/podrabotka/tutaev/cleaner"
"подработка уборка в тутаеве";"https://dodelay.ru/podrabotka/tutaev/cleaner"
"требуется уборка в тутаеве";"https://dodelay.ru/podrabotka/tutaev/cleaner"
"вакансия уборка в тутаеве";"https://dodelay.ru/podrabotka/tutaev/cleaner"
"уборка в переславле-залесском";"https://dodelay.ru/podrabotka/pereslavl/cleaner"
"уборка переславль-залесский";"https://dodelay.ru/podrabotka/pereslavl/cleaner"
"клининг в переславле-залесском";"https://dodelay.ru/podrabotka/pereslavl/cleaner"
"клининг переславль-залесский";"https://dodelay.ru/podrabotka/pereslavl/cleaner"
"клининговые услуги в переславле-залесском";"https://dodelay.ru/podrabotka/pereslavl/cleaner"
"клининговые услуги переславль-залесский";"https://dodelay.ru/podrabotka/pereslavl/cleaner"
"клинер в переславле-залесском";"https://dodelay.ru/podrabotka/pereslavl/cleaner"
"клинер переславль-залесский";"https://dodelay.ru/podrabotka/pereslavl/cleaner"
"уборщица в переславле-залесском";"https://dodelay.ru/podrabotka/pereslavl/cleaner"
"уборщица переславль-залесский";"https://dodelay.ru/podrabotka/pereslavl/cleaner"
"генеральная уборка в переславле-залесском";"https://dodelay.ru/podrabotka/pereslavl/cleaner"
"генеральная уборка переславль-залесский";"https://dodelay.ru/podrabotka/pereslavl/cleaner"
"уборка квартир в переславле-залесском";"https://dodelay.ru/podrabotka/pereslavl/cleaner"
"уборка квартир переславль-залесский";"https://dodelay.ru/podrabotka/pereslavl/cleaner"
"клининговая компания в переславле-залесском";"https://dodelay.ru/podrabotka/pereslavl/cleaner"
"клининговая компания переславль-залесский";"https://dodelay.ru/podrabotka/pereslavl/cleaner"
"уборка после ремонта в переславле-залесском";"https://dodelay.ru/podrabotka/pereslavl/cleaner"
"уборка после ремонта переславль-залесский";"https://dodelay.ru/podrabotka/pereslavl/cleaner"
"уборка в переславле-залесском недорого";"https://dodelay.ru/podrabotka/pereslavl/cleaner"
"уборка в переславле-залесском цены";"https://dodelay.ru/podrabotka/pereslavl/cleaner"
"уборка в переславле-залесском на дом";"https://dodelay.ru/podrabotka/pereslavl/cleaner"
"вызвать клинера в переславле-залесском";"https://dodelay.ru/podrabotka/pereslavl/cleaner"
"нанять клинера в переславле-залесском";"https://dodelay.ru/podrabotka/pereslavl/cleaner"
"найти клинера в переславле-залесском";"https://dodelay.ru/podrabotka/pereslavl/cleaner"
"услуги клинера в переславле-залесском";"https://dodelay.ru/podrabotka/pereslavl/cleaner"
"уборка частник в переславле-залесском";"https://dodelay.ru/podrabotka/pereslavl/cleaner"
"уборка без посредников в переславле-залесском";"https://dodelay.ru/podrabotka/pereslavl/cleaner"
"работа уборка в переславле-залесском";"https://dodelay.ru/podrabotka/pereslavl/cleaner"
"подработка уборка в переславле-залесском";"https://dodelay.ru/podrabotka/pereslavl/cleaner"
"требуется уборка в переславле-залесском";"https://dodelay.ru/podrabotka/pereslavl/cleaner"
"вакансия уборка в переславле-залесском";"https://dodelay.ru/podrabotka/pereslavl/cleaner"
"уборка в угличе";"https://dodelay.ru/podrabotka/uglich/cleaner"
"уборка углич";"https://dodelay.ru/podrabotka/uglich/cleaner"
"клининг в угличе";"https://dodelay.ru/podrabotka/uglich/cleaner"
"клининг углич";"https://dodelay.ru/podrabotka/uglich/cleaner"
"клининговые услуги в угличе";"https://dodelay.ru/podrabotka/uglich/cleaner"
"клининговые услуги углич";"https://dodelay.ru/podrabotka/uglich/cleaner"
"клинер в угличе";"https://dodelay.ru/podrabotka/uglich/cleaner"
"клинер углич";"https://dodelay.ru/podrabotka/uglich/cleaner"
"уборщица в угличе";"https://dodelay.ru/podrabotka/uglich/cleaner"
"уборщица углич";"https://dodelay.ru/podrabotka/uglich/cleaner"
"генеральная уборка в угличе";"https://dodelay.ru/podrabotka/uglich/cleaner"
"генеральная уборка углич";"https://dodelay.ru/podrabotka/uglich/cleaner"
"уборка квартир в угличе";"https://dodelay.ru/podrabotka/uglich/cleaner"
"уборка квартир углич";"https://dodelay.ru/podrabotka/uglich/cleaner"
"клининговая компания в угличе";"https://dodelay.ru/podrabotka/uglich/cleaner"
"клининговая компания углич";"https://dodelay.ru/podrabotka/uglich/cleaner"
"уборка после ремонта в угличе";"https://dodelay.ru/podrabotka/uglich/cleaner"
"уборка после ремонта углич";"https://dodelay.ru/podrabotka/uglich/cleaner"
"уборка в угличе недорого";"https://dodelay.ru/podrabotka/uglich/cleaner"
"уборка в угличе цены";"https://dodelay.ru/podrabotka/uglich/cleaner"
"уборка в угличе на дом";"https://dodelay.ru/podrabotka/uglich/cleaner"
"вызвать клинера в угличе";"https://dodelay.ru/podrabotka/uglich/cleaner"
"нанять клинера в угличе";"https://dodelay.ru/podrabotka/uglich/cleaner"
"найти клинера в угличе";"https://dodelay.ru/podrabotka/uglich/cleaner"
"услуги клинера в угличе";"https://dodelay.ru/podrabotka/uglich/cleaner"
"уборка частник в угличе";"https://dodelay.ru/podrabotka/uglich/cleaner"
"уборка без посредников в угличе";"https://dodelay.ru/podrabotka/uglich/cleaner"
"работа уборка в угличе";"https://dodelay.ru/podrabotka/uglich/cleaner"
"подработка уборка в угличе";"https://dodelay.ru/podrabotka/uglich/cleaner"
"требуется уборка в угличе";"https://dodelay.ru/podrabotka/uglich/cleaner"
"вакансия уборка в угличе";"https://dodelay.ru/podrabotka/uglich/cleaner"
"уборка в ростове великом";"https://dodelay.ru/podrabotka/rostov/cleaner"
"уборка ростов великий";"https://dodelay.ru/podrabotka/rostov/cleaner"
"клининг в ростове великом";"https://dodelay.ru/podrabotka/rostov/cleaner"
"клининг ростов великий";"https://dodelay.ru/podrabotka/rostov/cleaner"
"клининговые услуги в ростове великом";"https://dodelay.ru/podrabotka/rostov/cleaner"
"клининговые услуги ростов великий";"https://dodelay.ru/podrabotka/rostov/cleaner"
"клинер в ростове великом";"https://dodelay.ru/podrabotka/rostov/cleaner"
"клинер ростов великий";"https://dodelay.ru/podrabotka/rostov/cleaner"
"уборщица в ростове великом";"https://dodelay.ru/podrabotka/rostov/cleaner"
"уборщица ростов великий";"https://dodelay.ru/podrabotka/rostov/cleaner"
"генеральная уборка в ростове великом";"https://dodelay.ru/podrabotka/rostov/cleaner"
"генеральная уборка ростов великий";"https://dodelay.ru/podrabotka/rostov/cleaner"
"уборка квартир в ростове великом";"https://dodelay.ru/podrabotka/rostov/cleaner"
"уборка квартир ростов великий";"https://dodelay.ru/podrabotka/rostov/cleaner"
"клининговая компания в ростове великом";"https://dodelay.ru/podrabotka/rostov/cleaner"
"клининговая компания ростов великий";"https://dodelay.ru/podrabotka/rostov/cleaner"
"уборка после ремонта в ростове великом";"https://dodelay.ru/podrabotka/rostov/cleaner"
"уборка после ремонта ростов великий";"https://dodelay.ru/podrabotka/rostov/cleaner"
"уборка в ростове великом недорого";"https://dodelay.ru/podrabotka/rostov/cleaner"
"уборка в ростове великом цены";"https://dodelay.ru/podrabotka/rostov/cleaner"
"уборка в ростове великом на дом";"https://dodelay.ru/podrabotka/rostov/cleaner"
"вызвать клинера в ростове великом";"https://dodelay.ru/podrabotka/rostov/cleaner"
"нанять клинера в ростове великом";"https://dodelay.ru/podrabotka/rostov/cleaner"
"найти клинера в ростове великом";"https://dodelay.ru/podrabotka/rostov/cleaner"
"услуги клинера в ростове великом";"https://dodelay.ru/podrabotka/rostov/cleaner"
"уборка частник в ростове великом";"https://dodelay.ru/podrabotka/rostov/cleaner"
"уборка без посредников в ростове великом";"https://dodelay.ru/podrabotka/rostov/cleaner"
"работа уборка в ростове великом";"https://dodelay.ru/podrabotka/rostov/cleaner"
"подработка уборка в ростове великом";"https://dodelay.ru/podrabotka/rostov/cleaner"
"требуется уборка в ростове великом";"https://dodelay.ru/podrabotka/rostov/cleaner"
"вакансия уборка в ростове великом";"https://dodelay.ru/podrabotka/rostov/cleaner"
"поддерживающая уборка";"https://dodelay.ru/podrabotka/yaroslavl/cleaner"
"сколько стоит поддерживающая уборка";"https://dodelay.ru/podrabotka/yaroslavl/cleaner"
"генеральная уборка";"https://dodelay.ru/podrabotka/yaroslavl/cleaner"
"сколько стоит генеральная уборка";"https://dodelay.ru/podrabotka/yaroslavl/cleaner"
"уборка после ремонта";"https://dodelay.ru/podrabotka/yaroslavl/cleaner"
"сколько стоит уборка после ремонта";"https://dodelay.ru/podrabotka/yaroslavl/cleaner"
"мытьё окон в ярославле";"https://dodelay.ru/podrabotka/yaroslavl/windowwash"
"мытьё окон ярославль";"https://dodelay.ru/podrabotka/yaroslavl/windowwash"
"мойка окон в ярославле";"https://dodelay.ru/podrabotka/yaroslavl/windowwash"
"мойка окон ярославль";"https://dodelay.ru/podrabotka/yaroslavl/windowwash"
"клининг окон в ярославле";"https://dodelay.ru/podrabotka/yaroslavl/windowwash"
"клининг окон ярославль";"https://dodelay.ru/podrabotka/yaroslavl/windowwash"
"помыть окна в ярославле";"https://dodelay.ru/podrabotka/yaroslavl/windowwash"
"помыть окна ярославль";"https://dodelay.ru/podrabotka/yaroslavl/windowwash"
"мойщик окон в ярославле";"https://dodelay.ru/podrabotka/yaroslavl/windowwash"
"мойщик окон ярославль";"https://dodelay.ru/podrabotka/yaroslavl/windowwash"
"мытьё окон в ярославле недорого";"https://dodelay.ru/podrabotka/yaroslavl/windowwash"
"мытьё окон в ярославле цены";"https://dodelay.ru/podrabotka/yaroslavl/windowwash"
"мытьё окон в ярославле на дом";"https://dodelay.ru/podrabotka/yaroslavl/windowwash"
"вызвать мойщика окон в ярославле";"https://dodelay.ru/podrabotka/yaroslavl/windowwash"
"нанять мойщика окон в ярославле";"https://dodelay.ru/podrabotka/yaroslavl/windowwash"
"найти мойщика окон в ярославле";"https://dodelay.ru/podrabotka/yaroslavl/windowwash"
"услуги мойщика окон в ярославле";"https://dodelay.ru/podrabotka/yaroslavl/windowwash"
"мытьё окон частник в ярославле";"https://dodelay.ru/podrabotka/yaroslavl/windowwash"
"мытьё окон без посредников в ярославле";"https://dodelay.ru/podrabotka/yaroslavl/windowwash"
"работа мытьё окон в ярославле";"https://dodelay.ru/podrabotka/yaroslavl/windowwash"
"подработка мытьё окон в ярославле";"https://dodelay.ru/podrabotka/yaroslavl/windowwash"
"требуется мытьё окон в ярославле";"https://dodelay.ru/podrabotka/yaroslavl/windowwash"
"вакансия мытьё окон в ярославле";"https://dodelay.ru/podrabotka/yaroslavl/windowwash"
"мытьё окон в рыбинске";"https://dodelay.ru/podrabotka/rybinsk/windowwash"
"мытьё окон рыбинск";"https://dodelay.ru/podrabotka/rybinsk/windowwash"
"мойка окон в рыбинске";"https://dodelay.ru/podrabotka/rybinsk/windowwash"
"мойка окон рыбинск";"https://dodelay.ru/podrabotka/rybinsk/windowwash"
"клининг окон в рыбинске";"https://dodelay.ru/podrabotka/rybinsk/windowwash"
"клининг окон рыбинск";"https://dodelay.ru/podrabotka/rybinsk/windowwash"
"помыть окна в рыбинске";"https://dodelay.ru/podrabotka/rybinsk/windowwash"
"помыть окна рыбинск";"https://dodelay.ru/podrabotka/rybinsk/windowwash"
"мойщик окон в рыбинске";"https://dodelay.ru/podrabotka/rybinsk/windowwash"
"мойщик окон рыбинск";"https://dodelay.ru/podrabotka/rybinsk/windowwash"
"мытьё окон в рыбинске недорого";"https://dodelay.ru/podrabotka/rybinsk/windowwash"
"мытьё окон в рыбинске цены";"https://dodelay.ru/podrabotka/rybinsk/windowwash"
"мытьё окон в рыбинске на дом";"https://dodelay.ru/podrabotka/rybinsk/windowwash"
"вызвать мойщика окон в рыбинске";"https://dodelay.ru/podrabotka/rybinsk/windowwash"
"нанять мойщика окон в рыбинске";"https://dodelay.ru/podrabotka/rybinsk/windowwash"
"найти мойщика окон в рыбинске";"https://dodelay.ru/podrabotka/rybinsk/windowwash"
"услуги мойщика окон в рыбинске";"https://dodelay.ru/podrabotka/rybinsk/windowwash"
"мытьё окон частник в рыбинске";"https://dodelay.ru/podrabotka/rybinsk/windowwash"
"мытьё окон без посредников в рыбинске";"https://dodelay.ru/podrabotka/rybinsk/windowwash"
"работа мытьё окон в рыбинске";"https://dodelay.ru/podrabotka/rybinsk/windowwash"
"подработка мытьё окон в рыбинске";"https://dodelay.ru/podrabotka/rybinsk/windowwash"
"требуется мытьё окон в рыбинске";"https://dodelay.ru/podrabotka/rybinsk/windowwash"
"вакансия мытьё окон в рыбинске";"https://dodelay.ru/podrabotka/rybinsk/windowwash"
"мытьё окон в тутаеве";"https://dodelay.ru/podrabotka/tutaev/windowwash"
"мытьё окон тутаев";"https://dodelay.ru/podrabotka/tutaev/windowwash"
"мойка окон в тутаеве";"https://dodelay.ru/podrabotka/tutaev/windowwash"
"мойка окон тутаев";"https://dodelay.ru/podrabotka/tutaev/windowwash"
"клининг окон в тутаеве";"https://dodelay.ru/podrabotka/tutaev/windowwash"
"клининг окон тутаев";"https://dodelay.ru/podrabotka/tutaev/windowwash"
"помыть окна в тутаеве";"https://dodelay.ru/podrabotka/tutaev/windowwash"
"помыть окна тутаев";"https://dodelay.ru/podrabotka/tutaev/windowwash"
"мойщик окон в тутаеве";"https://dodelay.ru/podrabotka/tutaev/windowwash"
"мойщик окон тутаев";"https://dodelay.ru/podrabotka/tutaev/windowwash"
"мытьё окон в тутаеве недорого";"https://dodelay.ru/podrabotka/tutaev/windowwash"
"мытьё окон в тутаеве цены";"https://dodelay.ru/podrabotka/tutaev/windowwash"
"мытьё окон в тутаеве на дом";"https://dodelay.ru/podrabotka/tutaev/windowwash"
"вызвать мойщика окон в тутаеве";"https://dodelay.ru/podrabotka/tutaev/windowwash"
"нанять мойщика окон в тутаеве";"https://dodelay.ru/podrabotka/tutaev/windowwash"
"найти мойщика окон в тутаеве";"https://dodelay.ru/podrabotka/tutaev/windowwash"
"услуги мойщика окон в тутаеве";"https://dodelay.ru/podrabotka/tutaev/windowwash"
"мытьё окон частник в тутаеве";"https://dodelay.ru/podrabotka/tutaev/windowwash"
"мытьё окон без посредников в тутаеве";"https://dodelay.ru/podrabotka/tutaev/windowwash"
"работа мытьё окон в тутаеве";"https://dodelay.ru/podrabotka/tutaev/windowwash"
"подработка мытьё окон в тутаеве";"https://dodelay.ru/podrabotka/tutaev/windowwash"
"требуется мытьё окон в тутаеве";"https://dodelay.ru/podrabotka/tutaev/windowwash"
"вакансия мытьё окон в тутаеве";"https://dodelay.ru/podrabotka/tutaev/windowwash"
"мытьё окон в переславле-залесском";"https://dodelay.ru/podrabotka/pereslavl/windowwash"
"мытьё окон переславль-залесский";"https://dodelay.ru/podrabotka/pereslavl/windowwash"
"мойка окон в переславле-залесском";"https://dodelay.ru/podrabotka/pereslavl/windowwash"
"мойка окон переславль-залесский";"https://dodelay.ru/podrabotka/pereslavl/windowwash"
"клининг окон в переславле-залесском";"https://dodelay.ru/podrabotka/pereslavl/windowwash"
"клининг окон переславль-залесский";"https://dodelay.ru/podrabotka/pereslavl/windowwash"
"помыть окна в переславле-залесском";"https://dodelay.ru/podrabotka/pereslavl/windowwash"
"помыть окна переславль-залесский";"https://dodelay.ru/podrabotka/pereslavl/windowwash"
"мойщик окон в переславле-залесском";"https://dodelay.ru/podrabotka/pereslavl/windowwash"
"мойщик окон переславль-залесский";"https://dodelay.ru/podrabotka/pereslavl/windowwash"
"мытьё окон в переславле-залесском недорого";"https://dodelay.ru/podrabotka/pereslavl/windowwash"
"мытьё окон в переславле-залесском цены";"https://dodelay.ru/podrabotka/pereslavl/windowwash"
"мытьё окон в переславле-залесском на дом";"https://dodelay.ru/podrabotka/pereslavl/windowwash"
"вызвать мойщика окон в переславле-залесском";"https://dodelay.ru/podrabotka/pereslavl/windowwash"
"нанять мойщика окон в переславле-залесском";"https://dodelay.ru/podrabotka/pereslavl/windowwash"
"найти мойщика окон в переславле-залесском";"https://dodelay.ru/podrabotka/pereslavl/windowwash"
"услуги мойщика окон в переславле-залесском";"https://dodelay.ru/podrabotka/pereslavl/windowwash"
"мытьё окон частник в переславле-залесском";"https://dodelay.ru/podrabotka/pereslavl/windowwash"
"мытьё окон без посредников в переславле-залесском";"https://dodelay.ru/podrabotka/pereslavl/windowwash"
"работа мытьё окон в переславле-залесском";"https://dodelay.ru/podrabotka/pereslavl/windowwash"
"подработка мытьё окон в переславле-залесском";"https://dodelay.ru/podrabotka/pereslavl/windowwash"
"требуется мытьё окон в переславле-залесском";"https://dodelay.ru/podrabotka/pereslavl/windowwash"
"вакансия мытьё окон в переславле-залесском";"https://dodelay.ru/podrabotka/pereslavl/windowwash"
"мытьё окон в угличе";"https://dodelay.ru/podrabotka/uglich/windowwash"
"мытьё окон углич";"https://dodelay.ru/podrabotka/uglich/windowwash"
"мойка окон в угличе";"https://dodelay.ru/podrabotka/uglich/windowwash"
"мойка окон углич";"https://dodelay.ru/podrabotka/uglich/windowwash"
"клининг окон в угличе";"https://dodelay.ru/podrabotka/uglich/windowwash"
"клининг окон углич";"https://dodelay.ru/podrabotka/uglich/windowwash"
"помыть окна в угличе";"https://dodelay.ru/podrabotka/uglich/windowwash"
"помыть окна углич";"https://dodelay.ru/podrabotka/uglich/windowwash"
"мойщик окон в угличе";"https://dodelay.ru/podrabotka/uglich/windowwash"
"мойщик окон углич";"https://dodelay.ru/podrabotka/uglich/windowwash"
"мытьё окон в угличе недорого";"https://dodelay.ru/podrabotka/uglich/windowwash"
"мытьё окон в угличе цены";"https://dodelay.ru/podrabotka/uglich/windowwash"
"мытьё окон в угличе на дом";"https://dodelay.ru/podrabotka/uglich/windowwash"
"вызвать мойщика окон в угличе";"https://dodelay.ru/podrabotka/uglich/windowwash"
"нанять мойщика окон в угличе";"https://dodelay.ru/podrabotka/uglich/windowwash"
"найти мойщика окон в угличе";"https://dodelay.ru/podrabotka/uglich/windowwash"
"услуги мойщика окон в угличе";"https://dodelay.ru/podrabotka/uglich/windowwash"
"мытьё окон частник в угличе";"https://dodelay.ru/podrabotka/uglich/windowwash"
"мытьё окон без посредников в угличе";"https://dodelay.ru/podrabotka/uglich/windowwash"
"работа мытьё окон в угличе";"https://dodelay.ru/podrabotka/uglich/windowwash"
"подработка мытьё окон в угличе";"https://dodelay.ru/podrabotka/uglich/windowwash"
"требуется мытьё окон в угличе";"https://dodelay.ru/podrabotka/uglich/windowwash"
"вакансия мытьё окон в угличе";"https://dodelay.ru/podrabotka/uglich/windowwash"
"мытьё окон в ростове великом";"https://dodelay.ru/podrabotka/rostov/windowwash"
"мытьё окон ростов великий";"https://dodelay.ru/podrabotka/rostov/windowwash"
"мойка окон в ростове великом";"https://dodelay.ru/podrabotka/rostov/windowwash"
"мойка окон ростов великий";"https://dodelay.ru/podrabotka/rostov/windowwash"
"клининг окон в ростове великом";"https://dodelay.ru/podrabotka/rostov/windowwash"
"клининг окон ростов великий";"https://dodelay.ru/podrabotka/rostov/windowwash"
"помыть окна в ростове великом";"https://dodelay.ru/podrabotka/rostov/windowwash"
"помыть окна ростов великий";"https://dodelay.ru/podrabotka/rostov/windowwash"
"мойщик окон в ростове великом";"https://dodelay.ru/podrabotka/rostov/windowwash"
"мойщик окон ростов великий";"https://dodelay.ru/podrabotka/rostov/windowwash"
"мытьё окон в ростове великом недорого";"https://dodelay.ru/podrabotka/rostov/windowwash"
"мытьё окон в ростове великом цены";"https://dodelay.ru/podrabotka/rostov/windowwash"
"мытьё окон в ростове великом на дом";"https://dodelay.ru/podrabotka/rostov/windowwash"
"вызвать мойщика окон в ростове великом";"https://dodelay.ru/podrabotka/rostov/windowwash"
"нанять мойщика окон в ростове великом";"https://dodelay.ru/podrabotka/rostov/windowwash"
"найти мойщика окон в ростове великом";"https://dodelay.ru/podrabotka/rostov/windowwash"
"услуги мойщика окон в ростове великом";"https://dodelay.ru/podrabotka/rostov/windowwash"
"мытьё окон частник в ростове великом";"https://dodelay.ru/podrabotka/rostov/windowwash"
"мытьё окон без посредников в ростове великом";"https://dodelay.ru/podrabotka/rostov/windowwash"
"работа мытьё окон в ростове великом";"https://dodelay.ru/podrabotka/rostov/windowwash"
"подработка мытьё окон в ростове великом";"https://dodelay.ru/podrabotka/rostov/windowwash"
"требуется мытьё окон в ростове великом";"https://dodelay.ru/podrabotka/rostov/windowwash"
"вакансия мытьё окон в ростове великом";"https://dodelay.ru/podrabotka/rostov/windowwash"
"мытьё окна";"https://dodelay.ru/podrabotka/yaroslavl/windowwash"
"сколько стоит мытьё окна";"https://dodelay.ru/podrabotka/yaroslavl/windowwash"
"балконный блок в ярославле";"https://dodelay.ru/podrabotka/yaroslavl/windowwash"
"балконный блок цена";"https://dodelay.ru/podrabotka/yaroslavl/windowwash"
"сколько стоит балконный блок";"https://dodelay.ru/podrabotka/yaroslavl/windowwash"
"остеклённый балкон в ярославле";"https://dodelay.ru/podrabotka/yaroslavl/windowwash"
"остеклённый балкон цена";"https://dodelay.ru/podrabotka/yaroslavl/windowwash"
"сколько стоит остеклённый балкон";"https://dodelay.ru/podrabotka/yaroslavl/windowwash"
"витрина";"https://dodelay.ru/podrabotka/yaroslavl/windowwash"
"сколько стоит витрина";"https://dodelay.ru/podrabotka/yaroslavl/windowwash"
"химчистка мебели в ярославле";"https://dodelay.ru/podrabotka/yaroslavl/drycleaning"
"химчистка мебели ярославль";"https://dodelay.ru/podrabotka/yaroslavl/drycleaning"
"химчистка дивана в ярославле";"https://dodelay.ru/podrabotka/yaroslavl/drycleaning"
"химчистка дивана ярославль";"https://dodelay.ru/podrabotka/yaroslavl/drycleaning"
"чистка мебели в ярославле";"https://dodelay.ru/podrabotka/yaroslavl/drycleaning"
"чистка мебели ярославль";"https://dodelay.ru/podrabotka/yaroslavl/drycleaning"
"химчистка ковров в ярославле";"https://dodelay.ru/podrabotka/yaroslavl/drycleaning"
"химчистка ковров ярославль";"https://dodelay.ru/podrabotka/yaroslavl/drycleaning"
"клининг мебели в ярославле";"https://dodelay.ru/podrabotka/yaroslavl/drycleaning"
"клининг мебели ярославль";"https://dodelay.ru/podrabotka/yaroslavl/drycleaning"
"химчистка мебели в ярославле недорого";"https://dodelay.ru/podrabotka/yaroslavl/drycleaning"
"химчистка мебели в ярославле цены";"https://dodelay.ru/podrabotka/yaroslavl/drycleaning"
"химчистка мебели в ярославле на дом";"https://dodelay.ru/podrabotka/yaroslavl/drycleaning"
"вызвать мастера по химчистке в ярославле";"https://dodelay.ru/podrabotka/yaroslavl/drycleaning"
"нанять мастера по химчистке в ярославле";"https://dodelay.ru/podrabotka/yaroslavl/drycleaning"
"найти мастера по химчистке в ярославле";"https://dodelay.ru/podrabotka/yaroslavl/drycleaning"
"услуги мастера по химчистке в ярославле";"https://dodelay.ru/podrabotka/yaroslavl/drycleaning"
"химчистка мебели частник в ярославле";"https://dodelay.ru/podrabotka/yaroslavl/drycleaning"
"химчистка мебели без посредников в ярославле";"https://dodelay.ru/podrabotka/yaroslavl/drycleaning"
"работа химчистка мебели в ярославле";"https://dodelay.ru/podrabotka/yaroslavl/drycleaning"
"подработка химчистка мебели в ярославле";"https://dodelay.ru/podrabotka/yaroslavl/drycleaning"
"требуется химчистка мебели в ярославле";"https://dodelay.ru/podrabotka/yaroslavl/drycleaning"
"вакансия химчистка мебели в ярославле";"https://dodelay.ru/podrabotka/yaroslavl/drycleaning"
"химчистка мебели в рыбинске";"https://dodelay.ru/podrabotka/rybinsk/drycleaning"
"химчистка мебели рыбинск";"https://dodelay.ru/podrabotka/rybinsk/drycleaning"
"химчистка дивана в рыбинске";"https://dodelay.ru/podrabotka/rybinsk/drycleaning"
"химчистка дивана рыбинск";"https://dodelay.ru/podrabotka/rybinsk/drycleaning"
"чистка мебели в рыбинске";"https://dodelay.ru/podrabotka/rybinsk/drycleaning"
"чистка мебели рыбинск";"https://dodelay.ru/podrabotka/rybinsk/drycleaning"
"химчистка ковров в рыбинске";"https://dodelay.ru/podrabotka/rybinsk/drycleaning"
"химчистка ковров рыбинск";"https://dodelay.ru/podrabotka/rybinsk/drycleaning"
"клининг мебели в рыбинске";"https://dodelay.ru/podrabotka/rybinsk/drycleaning"
"клининг мебели рыбинск";"https://dodelay.ru/podrabotka/rybinsk/drycleaning"
"химчистка мебели в рыбинске недорого";"https://dodelay.ru/podrabotka/rybinsk/drycleaning"
"химчистка мебели в рыбинске цены";"https://dodelay.ru/podrabotka/rybinsk/drycleaning"
"химчистка мебели в рыбинске на дом";"https://dodelay.ru/podrabotka/rybinsk/drycleaning"
"вызвать мастера по химчистке в рыбинске";"https://dodelay.ru/podrabotka/rybinsk/drycleaning"
"нанять мастера по химчистке в рыбинске";"https://dodelay.ru/podrabotka/rybinsk/drycleaning"
"найти мастера по химчистке в рыбинске";"https://dodelay.ru/podrabotka/rybinsk/drycleaning"
"услуги мастера по химчистке в рыбинске";"https://dodelay.ru/podrabotka/rybinsk/drycleaning"
"химчистка мебели частник в рыбинске";"https://dodelay.ru/podrabotka/rybinsk/drycleaning"
"химчистка мебели без посредников в рыбинске";"https://dodelay.ru/podrabotka/rybinsk/drycleaning"
"работа химчистка мебели в рыбинске";"https://dodelay.ru/podrabotka/rybinsk/drycleaning"
"подработка химчистка мебели в рыбинске";"https://dodelay.ru/podrabotka/rybinsk/drycleaning"
"требуется химчистка мебели в рыбинске";"https://dodelay.ru/podrabotka/rybinsk/drycleaning"
"вакансия химчистка мебели в рыбинске";"https://dodelay.ru/podrabotka/rybinsk/drycleaning"
"химчистка мебели в тутаеве";"https://dodelay.ru/podrabotka/tutaev/drycleaning"
"химчистка мебели тутаев";"https://dodelay.ru/podrabotka/tutaev/drycleaning"
"химчистка дивана в тутаеве";"https://dodelay.ru/podrabotka/tutaev/drycleaning"
"химчистка дивана тутаев";"https://dodelay.ru/podrabotka/tutaev/drycleaning"
"чистка мебели в тутаеве";"https://dodelay.ru/podrabotka/tutaev/drycleaning"
"чистка мебели тутаев";"https://dodelay.ru/podrabotka/tutaev/drycleaning"
"химчистка ковров в тутаеве";"https://dodelay.ru/podrabotka/tutaev/drycleaning"
"химчистка ковров тутаев";"https://dodelay.ru/podrabotka/tutaev/drycleaning"
"клининг мебели в тутаеве";"https://dodelay.ru/podrabotka/tutaev/drycleaning"
"клининг мебели тутаев";"https://dodelay.ru/podrabotka/tutaev/drycleaning"
"химчистка мебели в тутаеве недорого";"https://dodelay.ru/podrabotka/tutaev/drycleaning"
"химчистка мебели в тутаеве цены";"https://dodelay.ru/podrabotka/tutaev/drycleaning"
"химчистка мебели в тутаеве на дом";"https://dodelay.ru/podrabotka/tutaev/drycleaning"
"вызвать мастера по химчистке в тутаеве";"https://dodelay.ru/podrabotka/tutaev/drycleaning"
"нанять мастера по химчистке в тутаеве";"https://dodelay.ru/podrabotka/tutaev/drycleaning"
"найти мастера по химчистке в тутаеве";"https://dodelay.ru/podrabotka/tutaev/drycleaning"
"услуги мастера по химчистке в тутаеве";"https://dodelay.ru/podrabotka/tutaev/drycleaning"
"химчистка мебели частник в тутаеве";"https://dodelay.ru/podrabotka/tutaev/drycleaning"
"химчистка мебели без посредников в тутаеве";"https://dodelay.ru/podrabotka/tutaev/drycleaning"
"работа химчистка мебели в тутаеве";"https://dodelay.ru/podrabotka/tutaev/drycleaning"
"подработка химчистка мебели в тутаеве";"https://dodelay.ru/podrabotka/tutaev/drycleaning"
"требуется химчистка мебели в тутаеве";"https://dodelay.ru/podrabotka/tutaev/drycleaning"
"вакансия химчистка мебели в тутаеве";"https://dodelay.ru/podrabotka/tutaev/drycleaning"
"химчистка мебели в переславле-залесском";"https://dodelay.ru/podrabotka/pereslavl/drycleaning"
"химчистка мебели переславль-залесский";"https://dodelay.ru/podrabotka/pereslavl/drycleaning"
"химчистка дивана в переславле-залесском";"https://dodelay.ru/podrabotka/pereslavl/drycleaning"
"химчистка дивана переславль-залесский";"https://dodelay.ru/podrabotka/pereslavl/drycleaning"
"чистка мебели в переславле-залесском";"https://dodelay.ru/podrabotka/pereslavl/drycleaning"
"чистка мебели переславль-залесский";"https://dodelay.ru/podrabotka/pereslavl/drycleaning"
"химчистка ковров в переславле-залесском";"https://dodelay.ru/podrabotka/pereslavl/drycleaning"
"химчистка ковров переславль-залесский";"https://dodelay.ru/podrabotka/pereslavl/drycleaning"
"клининг мебели в переславле-залесском";"https://dodelay.ru/podrabotka/pereslavl/drycleaning"
"клининг мебели переславль-залесский";"https://dodelay.ru/podrabotka/pereslavl/drycleaning"
"химчистка мебели в переславле-залесском недорого";"https://dodelay.ru/podrabotka/pereslavl/drycleaning"
"химчистка мебели в переславле-залесском цены";"https://dodelay.ru/podrabotka/pereslavl/drycleaning"
"химчистка мебели в переславле-залесском на дом";"https://dodelay.ru/podrabotka/pereslavl/drycleaning"
"вызвать мастера по химчистке в переславле-залесском";"https://dodelay.ru/podrabotka/pereslavl/drycleaning"
"нанять мастера по химчистке в переславле-залесском";"https://dodelay.ru/podrabotka/pereslavl/drycleaning"
"найти мастера по химчистке в переславле-залесском";"https://dodelay.ru/podrabotka/pereslavl/drycleaning"
"услуги мастера по химчистке в переславле-залесском";"https://dodelay.ru/podrabotka/pereslavl/drycleaning"
"химчистка мебели частник в переславле-залесском";"https://dodelay.ru/podrabotka/pereslavl/drycleaning"
"химчистка мебели без посредников в переславле-залесском";"https://dodelay.ru/podrabotka/pereslavl/drycleaning"
"работа химчистка мебели в переславле-залесском";"https://dodelay.ru/podrabotka/pereslavl/drycleaning"
"подработка химчистка мебели в переславле-залесском";"https://dodelay.ru/podrabotka/pereslavl/drycleaning"
"требуется химчистка мебели в переславле-залесском";"https://dodelay.ru/podrabotka/pereslavl/drycleaning"
"вакансия химчистка мебели в переславле-залесском";"https://dodelay.ru/podrabotka/pereslavl/drycleaning"
"химчистка мебели в угличе";"https://dodelay.ru/podrabotka/uglich/drycleaning"
"химчистка мебели углич";"https://dodelay.ru/podrabotka/uglich/drycleaning"
"химчистка дивана в угличе";"https://dodelay.ru/podrabotka/uglich/drycleaning"
"химчистка дивана углич";"https://dodelay.ru/podrabotka/uglich/drycleaning"
"чистка мебели в угличе";"https://dodelay.ru/podrabotka/uglich/drycleaning"
"чистка мебели углич";"https://dodelay.ru/podrabotka/uglich/drycleaning"
"химчистка ковров в угличе";"https://dodelay.ru/podrabotka/uglich/drycleaning"
"химчистка ковров углич";"https://dodelay.ru/podrabotka/uglich/drycleaning"
"клининг мебели в угличе";"https://dodelay.ru/podrabotka/uglich/drycleaning"
"клининг мебели углич";"https://dodelay.ru/podrabotka/uglich/drycleaning"
"химчистка мебели в угличе недорого";"https://dodelay.ru/podrabotka/uglich/drycleaning"
"химчистка мебели в угличе цены";"https://dodelay.ru/podrabotka/uglich/drycleaning"
"химчистка мебели в угличе на дом";"https://dodelay.ru/podrabotka/uglich/drycleaning"
"вызвать мастера по химчистке в угличе";"https://dodelay.ru/podrabotka/uglich/drycleaning"
"нанять мастера по химчистке в угличе";"https://dodelay.ru/podrabotka/uglich/drycleaning"
"найти мастера по химчистке в угличе";"https://dodelay.ru/podrabotka/uglich/drycleaning"
"услуги мастера по химчистке в угличе";"https://dodelay.ru/podrabotka/uglich/drycleaning"
"химчистка мебели частник в угличе";"https://dodelay.ru/podrabotka/uglich/drycleaning"
"химчистка мебели без посредников в угличе";"https://dodelay.ru/podrabotka/uglich/drycleaning"
"работа химчистка мебели в угличе";"https://dodelay.ru/podrabotka/uglich/drycleaning"
"подработка химчистка мебели в угличе";"https://dodelay.ru/podrabotka/uglich/drycleaning"
"требуется химчистка мебели в угличе";"https://dodelay.ru/podrabotka/uglich/drycleaning"
"вакансия химчистка мебели в угличе";"https://dodelay.ru/podrabotka/uglich/drycleaning"
"химчистка мебели в ростове великом";"https://dodelay.ru/podrabotka/rostov/drycleaning"
"химчистка мебели ростов великий";"https://dodelay.ru/podrabotka/rostov/drycleaning"
"химчистка дивана в ростове великом";"https://dodelay.ru/podrabotka/rostov/drycleaning"
"химчистка дивана ростов великий";"https://dodelay.ru/podrabotka/rostov/drycleaning"
"чистка мебели в ростове великом";"https://dodelay.ru/podrabotka/rostov/drycleaning"
"чистка мебели ростов великий";"https://dodelay.ru/podrabotka/rostov/drycleaning"
"химчистка ковров в ростове великом";"https://dodelay.ru/podrabotka/rostov/drycleaning"
"химчистка ковров ростов великий";"https://dodelay.ru/podrabotka/rostov/drycleaning"
"клининг мебели в ростове великом";"https://dodelay.ru/podrabotka/rostov/drycleaning"
"клининг мебели ростов великий";"https://dodelay.ru/podrabotka/rostov/drycleaning"
"химчистка мебели в ростове великом недорого";"https://dodelay.ru/podrabotka/rostov/drycleaning"
"химчистка мебели в ростове великом цены";"https://dodelay.ru/podrabotka/rostov/drycleaning"
"химчистка мебели в ростове великом на дом";"https://dodelay.ru/podrabotka/rostov/drycleaning"
"вызвать мастера по химчистке в ростове великом";"https://dodelay.ru/podrabotka/rostov/drycleaning"
"нанять мастера по химчистке в ростове великом";"https://dodelay.ru/podrabotka/rostov/drycleaning"
"найти мастера по химчистке в ростове великом";"https://dodelay.ru/podrabotka/rostov/drycleaning"
"услуги мастера по химчистке в ростове великом";"https://dodelay.ru/podrabotka/rostov/drycleaning"
"химчистка мебели частник в ростове великом";"https://dodelay.ru/podrabotka/rostov/drycleaning"
"химчистка мебели без посредников в ростове великом";"https://dodelay.ru/podrabotka/rostov/drycleaning"
"работа химчистка мебели в ростове великом";"https://dodelay.ru/podrabotka/rostov/drycleaning"
"подработка химчистка мебели в ростове великом";"https://dodelay.ru/podrabotka/rostov/drycleaning"
"требуется химчистка мебели в ростове великом";"https://dodelay.ru/podrabotka/rostov/drycleaning"
"вакансия химчистка мебели в ростове великом";"https://dodelay.ru/podrabotka/rostov/drycleaning"
"кресло в ярославле";"https://dodelay.ru/podrabotka/yaroslavl/drycleaning"
"кресло цена";"https://dodelay.ru/podrabotka/yaroslavl/drycleaning"
"сколько стоит кресло";"https://dodelay.ru/podrabotka/yaroslavl/drycleaning"
"диван двухместный в ярославле";"https://dodelay.ru/podrabotka/yaroslavl/drycleaning"
"диван двухместный цена";"https://dodelay.ru/podrabotka/yaroslavl/drycleaning"
"сколько стоит диван двухместный";"https://dodelay.ru/podrabotka/yaroslavl/drycleaning"
"угловой диван в ярославле";"https://dodelay.ru/podrabotka/yaroslavl/drycleaning"
"угловой диван цена";"https://dodelay.ru/podrabotka/yaroslavl/drycleaning"
"сколько стоит угловой диван";"https://dodelay.ru/podrabotka/yaroslavl/drycleaning"
"ковёр";"https://dodelay.ru/podrabotka/yaroslavl/drycleaning"
"сколько стоит ковёр";"https://dodelay.ru/podrabotka/yaroslavl/drycleaning"
"дезинсекция в ярославле";"https://dodelay.ru/podrabotka/yaroslavl/pestcontrol"
"дезинсекция ярославль";"https://dodelay.ru/podrabotka/yaroslavl/pestcontrol"
"дезинфекция в ярославле";"https://dodelay.ru/podrabotka/yaroslavl/pestcontrol"
"дезинфекция ярославль";"https://dodelay.ru/podrabotka/yaroslavl/pestcontrol"
"травля насекомых в ярославле";"https://dodelay.ru/podrabotka/yaroslavl/pestcontrol"
"травля насекомых ярославль";"https://dodelay.ru/podrabotka/yaroslavl/pestcontrol"
"уничтожение клопов в ярославле";"https://dodelay.ru/podrabotka/yaroslavl/pestcontrol"
"уничтожение клопов ярославль";"https://dodelay.ru/podrabotka/yaroslavl/pestcontrol"
"санобработка в ярославле";"https://dodelay.ru/podrabotka/yaroslavl/pestcontrol"
"санобработка ярославль";"https://dodelay.ru/podrabotka/yaroslavl/pestcontrol"
"дератизация в ярославле";"https://dodelay.ru/podrabotka/yaroslavl/pestcontrol"
"дератизация ярославль";"https://dodelay.ru/podrabotka/yaroslavl/pestcontrol"
"дезинсекция в ярославле недорого";"https://dodelay.ru/podrabotka/yaroslavl/pestcontrol"
"дезинсекция в ярославле цены";"https://dodelay.ru/podrabotka/yaroslavl/pestcontrol"
"дезинсекция в ярославле на дом";"https://dodelay.ru/podrabotka/yaroslavl/pestcontrol"
"вызвать дезинсектора в ярославле";"https://dodelay.ru/podrabotka/yaroslavl/pestcontrol"
"нанять дезинсектора в ярославле";"https://dodelay.ru/podrabotka/yaroslavl/pestcontrol"
"найти дезинсектора в ярославле";"https://dodelay.ru/podrabotka/yaroslavl/pestcontrol"
"услуги дезинсектора в ярославле";"https://dodelay.ru/podrabotka/yaroslavl/pestcontrol"
"дезинсекция частник в ярославле";"https://dodelay.ru/podrabotka/yaroslavl/pestcontrol"
"дезинсекция без посредников в ярославле";"https://dodelay.ru/podrabotka/yaroslavl/pestcontrol"
"работа дезинсекция в ярославле";"https://dodelay.ru/podrabotka/yaroslavl/pestcontrol"
"подработка дезинсекция в ярославле";"https://dodelay.ru/podrabotka/yaroslavl/pestcontrol"
"требуется дезинсекция в ярославле";"https://dodelay.ru/podrabotka/yaroslavl/pestcontrol"
"вакансия дезинсекция в ярославле";"https://dodelay.ru/podrabotka/yaroslavl/pestcontrol"
"дезинсекция в рыбинске";"https://dodelay.ru/podrabotka/rybinsk/pestcontrol"
"дезинсекция рыбинск";"https://dodelay.ru/podrabotka/rybinsk/pestcontrol"
"дезинфекция в рыбинске";"https://dodelay.ru/podrabotka/rybinsk/pestcontrol"
"дезинфекция рыбинск";"https://dodelay.ru/podrabotka/rybinsk/pestcontrol"
"травля насекомых в рыбинске";"https://dodelay.ru/podrabotka/rybinsk/pestcontrol"
"травля насекомых рыбинск";"https://dodelay.ru/podrabotka/rybinsk/pestcontrol"
"уничтожение клопов в рыбинске";"https://dodelay.ru/podrabotka/rybinsk/pestcontrol"
"уничтожение клопов рыбинск";"https://dodelay.ru/podrabotka/rybinsk/pestcontrol"
"санобработка в рыбинске";"https://dodelay.ru/podrabotka/rybinsk/pestcontrol"
"санобработка рыбинск";"https://dodelay.ru/podrabotka/rybinsk/pestcontrol"
"дератизация в рыбинске";"https://dodelay.ru/podrabotka/rybinsk/pestcontrol"
"дератизация рыбинск";"https://dodelay.ru/podrabotka/rybinsk/pestcontrol"
"дезинсекция в рыбинске недорого";"https://dodelay.ru/podrabotka/rybinsk/pestcontrol"
"дезинсекция в рыбинске цены";"https://dodelay.ru/podrabotka/rybinsk/pestcontrol"
"дезинсекция в рыбинске на дом";"https://dodelay.ru/podrabotka/rybinsk/pestcontrol"
"вызвать дезинсектора в рыбинске";"https://dodelay.ru/podrabotka/rybinsk/pestcontrol"
"нанять дезинсектора в рыбинске";"https://dodelay.ru/podrabotka/rybinsk/pestcontrol"
"найти дезинсектора в рыбинске";"https://dodelay.ru/podrabotka/rybinsk/pestcontrol"
"услуги дезинсектора в рыбинске";"https://dodelay.ru/podrabotka/rybinsk/pestcontrol"
"дезинсекция частник в рыбинске";"https://dodelay.ru/podrabotka/rybinsk/pestcontrol"
"дезинсекция без посредников в рыбинске";"https://dodelay.ru/podrabotka/rybinsk/pestcontrol"
"работа дезинсекция в рыбинске";"https://dodelay.ru/podrabotka/rybinsk/pestcontrol"
"подработка дезинсекция в рыбинске";"https://dodelay.ru/podrabotka/rybinsk/pestcontrol"
"требуется дезинсекция в рыбинске";"https://dodelay.ru/podrabotka/rybinsk/pestcontrol"
"вакансия дезинсекция в рыбинске";"https://dodelay.ru/podrabotka/rybinsk/pestcontrol"
"дезинсекция в тутаеве";"https://dodelay.ru/podrabotka/tutaev/pestcontrol"
"дезинсекция тутаев";"https://dodelay.ru/podrabotka/tutaev/pestcontrol"
"дезинфекция в тутаеве";"https://dodelay.ru/podrabotka/tutaev/pestcontrol"
"дезинфекция тутаев";"https://dodelay.ru/podrabotka/tutaev/pestcontrol"
"травля насекомых в тутаеве";"https://dodelay.ru/podrabotka/tutaev/pestcontrol"
"травля насекомых тутаев";"https://dodelay.ru/podrabotka/tutaev/pestcontrol"
"уничтожение клопов в тутаеве";"https://dodelay.ru/podrabotka/tutaev/pestcontrol"
"уничтожение клопов тутаев";"https://dodelay.ru/podrabotka/tutaev/pestcontrol"
"санобработка в тутаеве";"https://dodelay.ru/podrabotka/tutaev/pestcontrol"
"санобработка тутаев";"https://dodelay.ru/podrabotka/tutaev/pestcontrol"
"дератизация в тутаеве";"https://dodelay.ru/podrabotka/tutaev/pestcontrol"
"дератизация тутаев";"https://dodelay.ru/podrabotka/tutaev/pestcontrol"
"дезинсекция в тутаеве недорого";"https://dodelay.ru/podrabotka/tutaev/pestcontrol"
"дезинсекция в тутаеве цены";"https://dodelay.ru/podrabotka/tutaev/pestcontrol"
"дезинсекция в тутаеве на дом";"https://dodelay.ru/podrabotka/tutaev/pestcontrol"
"вызвать дезинсектора в тутаеве";"https://dodelay.ru/podrabotka/tutaev/pestcontrol"
"нанять дезинсектора в тутаеве";"https://dodelay.ru/podrabotka/tutaev/pestcontrol"
"найти дезинсектора в тутаеве";"https://dodelay.ru/podrabotka/tutaev/pestcontrol"
"услуги дезинсектора в тутаеве";"https://dodelay.ru/podrabotka/tutaev/pestcontrol"
"дезинсекция частник в тутаеве";"https://dodelay.ru/podrabotka/tutaev/pestcontrol"
"дезинсекция без посредников в тутаеве";"https://dodelay.ru/podrabotka/tutaev/pestcontrol"
"работа дезинсекция в тутаеве";"https://dodelay.ru/podrabotka/tutaev/pestcontrol"
"подработка дезинсекция в тутаеве";"https://dodelay.ru/podrabotka/tutaev/pestcontrol"
"требуется дезинсекция в тутаеве";"https://dodelay.ru/podrabotka/tutaev/pestcontrol"
"вакансия дезинсекция в тутаеве";"https://dodelay.ru/podrabotka/tutaev/pestcontrol"
"дезинсекция в переславле-залесском";"https://dodelay.ru/podrabotka/pereslavl/pestcontrol"
"дезинсекция переславль-залесский";"https://dodelay.ru/podrabotka/pereslavl/pestcontrol"
"дезинфекция в переславле-залесском";"https://dodelay.ru/podrabotka/pereslavl/pestcontrol"
"дезинфекция переславль-залесский";"https://dodelay.ru/podrabotka/pereslavl/pestcontrol"
"травля насекомых в переславле-залесском";"https://dodelay.ru/podrabotka/pereslavl/pestcontrol"
"травля насекомых переславль-залесский";"https://dodelay.ru/podrabotka/pereslavl/pestcontrol"
"уничтожение клопов в переславле-залесском";"https://dodelay.ru/podrabotka/pereslavl/pestcontrol"
"уничтожение клопов переславль-залесский";"https://dodelay.ru/podrabotka/pereslavl/pestcontrol"
"санобработка в переславле-залесском";"https://dodelay.ru/podrabotka/pereslavl/pestcontrol"
"санобработка переславль-залесский";"https://dodelay.ru/podrabotka/pereslavl/pestcontrol"
"дератизация в переславле-залесском";"https://dodelay.ru/podrabotka/pereslavl/pestcontrol"
"дератизация переславль-залесский";"https://dodelay.ru/podrabotka/pereslavl/pestcontrol"
"дезинсекция в переславле-залесском недорого";"https://dodelay.ru/podrabotka/pereslavl/pestcontrol"
"дезинсекция в переславле-залесском цены";"https://dodelay.ru/podrabotka/pereslavl/pestcontrol"
"дезинсекция в переславле-залесском на дом";"https://dodelay.ru/podrabotka/pereslavl/pestcontrol"
"вызвать дезинсектора в переславле-залесском";"https://dodelay.ru/podrabotka/pereslavl/pestcontrol"
"нанять дезинсектора в переславле-залесском";"https://dodelay.ru/podrabotka/pereslavl/pestcontrol"
"найти дезинсектора в переславле-залесском";"https://dodelay.ru/podrabotka/pereslavl/pestcontrol"
"услуги дезинсектора в переславле-залесском";"https://dodelay.ru/podrabotka/pereslavl/pestcontrol"
"дезинсекция частник в переславле-залесском";"https://dodelay.ru/podrabotka/pereslavl/pestcontrol"
"дезинсекция без посредников в переславле-залесском";"https://dodelay.ru/podrabotka/pereslavl/pestcontrol"
"работа дезинсекция в переславле-залесском";"https://dodelay.ru/podrabotka/pereslavl/pestcontrol"
"подработка дезинсекция в переславле-залесском";"https://dodelay.ru/podrabotka/pereslavl/pestcontrol"
"требуется дезинсекция в переславле-залесском";"https://dodelay.ru/podrabotka/pereslavl/pestcontrol"
"вакансия дезинсекция в переславле-залесском";"https://dodelay.ru/podrabotka/pereslavl/pestcontrol"
"дезинсекция в угличе";"https://dodelay.ru/podrabotka/uglich/pestcontrol"
"дезинсекция углич";"https://dodelay.ru/podrabotka/uglich/pestcontrol"
"дезинфекция в угличе";"https://dodelay.ru/podrabotka/uglich/pestcontrol"
"дезинфекция углич";"https://dodelay.ru/podrabotka/uglich/pestcontrol"
"травля насекомых в угличе";"https://dodelay.ru/podrabotka/uglich/pestcontrol"
"травля насекомых углич";"https://dodelay.ru/podrabotka/uglich/pestcontrol"
"уничтожение клопов в угличе";"https://dodelay.ru/podrabotka/uglich/pestcontrol"
"уничтожение клопов углич";"https://dodelay.ru/podrabotka/uglich/pestcontrol"
"санобработка в угличе";"https://dodelay.ru/podrabotka/uglich/pestcontrol"
"санобработка углич";"https://dodelay.ru/podrabotka/uglich/pestcontrol"
"дератизация в угличе";"https://dodelay.ru/podrabotka/uglich/pestcontrol"
"дератизация углич";"https://dodelay.ru/podrabotka/uglich/pestcontrol"
"дезинсекция в угличе недорого";"https://dodelay.ru/podrabotka/uglich/pestcontrol"
"дезинсекция в угличе цены";"https://dodelay.ru/podrabotka/uglich/pestcontrol"
"дезинсекция в угличе на дом";"https://dodelay.ru/podrabotka/uglich/pestcontrol"
"вызвать дезинсектора в угличе";"https://dodelay.ru/podrabotka/uglich/pestcontrol"
"нанять дезинсектора в угличе";"https://dodelay.ru/podrabotka/uglich/pestcontrol"
"найти дезинсектора в угличе";"https://dodelay.ru/podrabotka/uglich/pestcontrol"
"услуги дезинсектора в угличе";"https://dodelay.ru/podrabotka/uglich/pestcontrol"
"дезинсекция частник в угличе";"https://dodelay.ru/podrabotka/uglich/pestcontrol"
"дезинсекция без посредников в угличе";"https://dodelay.ru/podrabotka/uglich/pestcontrol"
"работа дезинсекция в угличе";"https://dodelay.ru/podrabotka/uglich/pestcontrol"
"подработка дезинсекция в угличе";"https://dodelay.ru/podrabotka/uglich/pestcontrol"
"требуется дезинсекция в угличе";"https://dodelay.ru/podrabotka/uglich/pestcontrol"
"вакансия дезинсекция в угличе";"https://dodelay.ru/podrabotka/uglich/pestcontrol"
"дезинсекция в ростове великом";"https://dodelay.ru/podrabotka/rostov/pestcontrol"
"дезинсекция ростов великий";"https://dodelay.ru/podrabotka/rostov/pestcontrol"
"дезинфекция в ростове великом";"https://dodelay.ru/podrabotka/rostov/pestcontrol"
"дезинфекция ростов великий";"https://dodelay.ru/podrabotka/rostov/pestcontrol"
"травля насекомых в ростове великом";"https://dodelay.ru/podrabotka/rostov/pestcontrol"
"травля насекомых ростов великий";"https://dodelay.ru/podrabotka/rostov/pestcontrol"
"уничтожение клопов в ростове великом";"https://dodelay.ru/podrabotka/rostov/pestcontrol"
"уничтожение клопов ростов великий";"https://dodelay.ru/podrabotka/rostov/pestcontrol"
"санобработка в ростове великом";"https://dodelay.ru/podrabotka/rostov/pestcontrol"
"санобработка ростов великий";"https://dodelay.ru/podrabotka/rostov/pestcontrol"
"дератизация в ростове великом";"https://dodelay.ru/podrabotka/rostov/pestcontrol"
"дератизация ростов великий";"https://dodelay.ru/podrabotka/rostov/pestcontrol"
"дезинсекция в ростове великом недорого";"https://dodelay.ru/podrabotka/rostov/pestcontrol"
"дезинсекция в ростове великом цены";"https://dodelay.ru/podrabotka/rostov/pestcontrol"
"дезинсекция в ростове великом на дом";"https://dodelay.ru/podrabotka/rostov/pestcontrol"
"вызвать дезинсектора в ростове великом";"https://dodelay.ru/podrabotka/rostov/pestcontrol"
"нанять дезинсектора в ростове великом";"https://dodelay.ru/podrabotka/rostov/pestcontrol"
"найти дезинсектора в ростове великом";"https://dodelay.ru/podrabotka/rostov/pestcontrol"
"услуги дезинсектора в ростове великом";"https://dodelay.ru/podrabotka/rostov/pestcontrol"
"дезинсекция частник в ростове великом";"https://dodelay.ru/podrabotka/rostov/pestcontrol"
"дезинсекция без посредников в ростове великом";"https://dodelay.ru/podrabotka/rostov/pestcontrol"
"работа дезинсекция в ростове великом";"https://dodelay.ru/podrabotka/rostov/pestcontrol"
"подработка дезинсекция в ростове великом";"https://dodelay.ru/podrabotka/rostov/pestcontrol"
"требуется дезинсекция в ростове великом";"https://dodelay.ru/podrabotka/rostov/pestcontrol"
"вакансия дезинсекция в ростове великом";"https://dodelay.ru/podrabotka/rostov/pestcontrol"
"обработка однокомнатной квартиры в ярославле";"https://dodelay.ru/podrabotka/yaroslavl/pestcontrol"
"обработка однокомнатной квартиры цена";"https://dodelay.ru/podrabotka/yaroslavl/pestcontrol"
"сколько стоит обработка однокомнатной квартиры";"https://dodelay.ru/podrabotka/yaroslavl/pestcontrol"
"обработка двухкомнатной в ярославле";"https://dodelay.ru/podrabotka/yaroslavl/pestcontrol"
"обработка двухкомнатной цена";"https://dodelay.ru/podrabotka/yaroslavl/pestcontrol"
"сколько стоит обработка двухкомнатной";"https://dodelay.ru/podrabotka/yaroslavl/pestcontrol"
"обработка частного дома в ярославле";"https://dodelay.ru/podrabotka/yaroslavl/pestcontrol"
"обработка частного дома цена";"https://dodelay.ru/podrabotka/yaroslavl/pestcontrol"
"сколько стоит обработка частного дома";"https://dodelay.ru/podrabotka/yaroslavl/pestcontrol"
"обработка участка от клещей";"https://dodelay.ru/podrabotka/yaroslavl/pestcontrol"
"сколько стоит обработка участка от клещей";"https://dodelay.ru/podrabotka/yaroslavl/pestcontrol"
"помощь по хозяйству в ярославле";"https://dodelay.ru/podrabotka/yaroslavl/household"
"помощь по хозяйству ярославль";"https://dodelay.ru/podrabotka/yaroslavl/household"
"помощник по хозяйству в ярославле";"https://dodelay.ru/podrabotka/yaroslavl/household"
"помощник по хозяйству ярославль";"https://dodelay.ru/podrabotka/yaroslavl/household"
"помощь по дому в ярославле";"https://dodelay.ru/podrabotka/yaroslavl/household"
"помощь по дому ярославль";"https://dodelay.ru/podrabotka/yaroslavl/household"
"домработница в ярославле";"https://dodelay.ru/podrabotka/yaroslavl/household"
"домработница ярославль";"https://dodelay.ru/podrabotka/yaroslavl/household"
"приходящая помощница в ярославле";"https://dodelay.ru/podrabotka/yaroslavl/household"
"приходящая помощница ярославль";"https://dodelay.ru/podrabotka/yaroslavl/household"
"помощь по хозяйству в ярославле недорого";"https://dodelay.ru/podrabotka/yaroslavl/household"
"помощь по хозяйству в ярославле цены";"https://dodelay.ru/podrabotka/yaroslavl/household"
"помощь по хозяйству в ярославле на дом";"https://dodelay.ru/podrabotka/yaroslavl/household"
"вызвать помощника по хозяйству в ярославле";"https://dodelay.ru/podrabotka/yaroslavl/household"
"нанять помощника по хозяйству в ярославле";"https://dodelay.ru/podrabotka/yaroslavl/household"
"найти помощника по хозяйству в ярославле";"https://dodelay.ru/podrabotka/yaroslavl/household"
"услуги помощника по хозяйству в ярославле";"https://dodelay.ru/podrabotka/yaroslavl/household"
"помощь по хозяйству частник в ярославле";"https://dodelay.ru/podrabotka/yaroslavl/household"
"помощь по хозяйству без посредников в ярославле";"https://dodelay.ru/podrabotka/yaroslavl/household"
"работа помощь по хозяйству в ярославле";"https://dodelay.ru/podrabotka/yaroslavl/household"
"подработка помощь по хозяйству в ярославле";"https://dodelay.ru/podrabotka/yaroslavl/household"
"требуется помощь по хозяйству в ярославле";"https://dodelay.ru/podrabotka/yaroslavl/household"
"вакансия помощь по хозяйству в ярославле";"https://dodelay.ru/podrabotka/yaroslavl/household"
"помощь по хозяйству в рыбинске";"https://dodelay.ru/podrabotka/rybinsk/household"
"помощь по хозяйству рыбинск";"https://dodelay.ru/podrabotka/rybinsk/household"
"помощник по хозяйству в рыбинске";"https://dodelay.ru/podrabotka/rybinsk/household"
"помощник по хозяйству рыбинск";"https://dodelay.ru/podrabotka/rybinsk/household"
"помощь по дому в рыбинске";"https://dodelay.ru/podrabotka/rybinsk/household"
"помощь по дому рыбинск";"https://dodelay.ru/podrabotka/rybinsk/household"
"домработница в рыбинске";"https://dodelay.ru/podrabotka/rybinsk/household"
"домработница рыбинск";"https://dodelay.ru/podrabotka/rybinsk/household"
"приходящая помощница в рыбинске";"https://dodelay.ru/podrabotka/rybinsk/household"
"приходящая помощница рыбинск";"https://dodelay.ru/podrabotka/rybinsk/household"
"помощь по хозяйству в рыбинске недорого";"https://dodelay.ru/podrabotka/rybinsk/household"
"помощь по хозяйству в рыбинске цены";"https://dodelay.ru/podrabotka/rybinsk/household"
"помощь по хозяйству в рыбинске на дом";"https://dodelay.ru/podrabotka/rybinsk/household"
"вызвать помощника по хозяйству в рыбинске";"https://dodelay.ru/podrabotka/rybinsk/household"
"нанять помощника по хозяйству в рыбинске";"https://dodelay.ru/podrabotka/rybinsk/household"
"найти помощника по хозяйству в рыбинске";"https://dodelay.ru/podrabotka/rybinsk/household"
"услуги помощника по хозяйству в рыбинске";"https://dodelay.ru/podrabotka/rybinsk/household"
"помощь по хозяйству частник в рыбинске";"https://dodelay.ru/podrabotka/rybinsk/household"
"помощь по хозяйству без посредников в рыбинске";"https://dodelay.ru/podrabotka/rybinsk/household"
"работа помощь по хозяйству в рыбинске";"https://dodelay.ru/podrabotka/rybinsk/household"
"подработка помощь по хозяйству в рыбинске";"https://dodelay.ru/podrabotka/rybinsk/household"
"требуется помощь по хозяйству в рыбинске";"https://dodelay.ru/podrabotka/rybinsk/household"
"вакансия помощь по хозяйству в рыбинске";"https://dodelay.ru/podrabotka/rybinsk/household"
"помощь по хозяйству в тутаеве";"https://dodelay.ru/podrabotka/tutaev/household"
"помощь по хозяйству тутаев";"https://dodelay.ru/podrabotka/tutaev/household"
"помощник по хозяйству в тутаеве";"https://dodelay.ru/podrabotka/tutaev/household"
"помощник по хозяйству тутаев";"https://dodelay.ru/podrabotka/tutaev/household"
"помощь по дому в тутаеве";"https://dodelay.ru/podrabotka/tutaev/household"
"помощь по дому тутаев";"https://dodelay.ru/podrabotka/tutaev/household"
"домработница в тутаеве";"https://dodelay.ru/podrabotka/tutaev/household"
"домработница тутаев";"https://dodelay.ru/podrabotka/tutaev/household"
"приходящая помощница в тутаеве";"https://dodelay.ru/podrabotka/tutaev/household"
"приходящая помощница тутаев";"https://dodelay.ru/podrabotka/tutaev/household"
"помощь по хозяйству в тутаеве недорого";"https://dodelay.ru/podrabotka/tutaev/household"
"помощь по хозяйству в тутаеве цены";"https://dodelay.ru/podrabotka/tutaev/household"
"помощь по хозяйству в тутаеве на дом";"https://dodelay.ru/podrabotka/tutaev/household"
"вызвать помощника по хозяйству в тутаеве";"https://dodelay.ru/podrabotka/tutaev/household"
"нанять помощника по хозяйству в тутаеве";"https://dodelay.ru/podrabotka/tutaev/household"
"найти помощника по хозяйству в тутаеве";"https://dodelay.ru/podrabotka/tutaev/household"
"услуги помощника по хозяйству в тутаеве";"https://dodelay.ru/podrabotka/tutaev/household"
"помощь по хозяйству частник в тутаеве";"https://dodelay.ru/podrabotka/tutaev/household"
"помощь по хозяйству без посредников в тутаеве";"https://dodelay.ru/podrabotka/tutaev/household"
"работа помощь по хозяйству в тутаеве";"https://dodelay.ru/podrabotka/tutaev/household"
"подработка помощь по хозяйству в тутаеве";"https://dodelay.ru/podrabotka/tutaev/household"
"требуется помощь по хозяйству в тутаеве";"https://dodelay.ru/podrabotka/tutaev/household"
"вакансия помощь по хозяйству в тутаеве";"https://dodelay.ru/podrabotka/tutaev/household"
"помощь по хозяйству в переславле-залесском";"https://dodelay.ru/podrabotka/pereslavl/household"
"помощь по хозяйству переславль-залесский";"https://dodelay.ru/podrabotka/pereslavl/household"
"помощник по хозяйству в переславле-залесском";"https://dodelay.ru/podrabotka/pereslavl/household"
"помощник по хозяйству переславль-залесский";"https://dodelay.ru/podrabotka/pereslavl/household"
"помощь по дому в переславле-залесском";"https://dodelay.ru/podrabotka/pereslavl/household"
"помощь по дому переславль-залесский";"https://dodelay.ru/podrabotka/pereslavl/household"
"домработница в переславле-залесском";"https://dodelay.ru/podrabotka/pereslavl/household"
"домработница переславль-залесский";"https://dodelay.ru/podrabotka/pereslavl/household"
"приходящая помощница в переславле-залесском";"https://dodelay.ru/podrabotka/pereslavl/household"
"приходящая помощница переславль-залесский";"https://dodelay.ru/podrabotka/pereslavl/household"
"помощь по хозяйству в переславле-залесском недорого";"https://dodelay.ru/podrabotka/pereslavl/household"
"помощь по хозяйству в переславле-залесском цены";"https://dodelay.ru/podrabotka/pereslavl/household"
"помощь по хозяйству в переславле-залесском на дом";"https://dodelay.ru/podrabotka/pereslavl/household"
"вызвать помощника по хозяйству в переславле-залесском";"https://dodelay.ru/podrabotka/pereslavl/household"
"нанять помощника по хозяйству в переславле-залесском";"https://dodelay.ru/podrabotka/pereslavl/household"
"найти помощника по хозяйству в переславле-залесском";"https://dodelay.ru/podrabotka/pereslavl/household"
"услуги помощника по хозяйству в переславле-залесском";"https://dodelay.ru/podrabotka/pereslavl/household"
"помощь по хозяйству частник в переславле-залесском";"https://dodelay.ru/podrabotka/pereslavl/household"
"помощь по хозяйству без посредников в переславле-залесском";"https://dodelay.ru/podrabotka/pereslavl/household"
"работа помощь по хозяйству в переславле-залесском";"https://dodelay.ru/podrabotka/pereslavl/household"
"подработка помощь по хозяйству в переславле-залесском";"https://dodelay.ru/podrabotka/pereslavl/household"
"требуется помощь по хозяйству в переславле-залесском";"https://dodelay.ru/podrabotka/pereslavl/household"
"вакансия помощь по хозяйству в переславле-залесском";"https://dodelay.ru/podrabotka/pereslavl/household"
"помощь по хозяйству в угличе";"https://dodelay.ru/podrabotka/uglich/household"
"помощь по хозяйству углич";"https://dodelay.ru/podrabotka/uglich/household"
"помощник по хозяйству в угличе";"https://dodelay.ru/podrabotka/uglich/household"
"помощник по хозяйству углич";"https://dodelay.ru/podrabotka/uglich/household"
"помощь по дому в угличе";"https://dodelay.ru/podrabotka/uglich/household"
"помощь по дому углич";"https://dodelay.ru/podrabotka/uglich/household"
"домработница в угличе";"https://dodelay.ru/podrabotka/uglich/household"
"домработница углич";"https://dodelay.ru/podrabotka/uglich/household"
"приходящая помощница в угличе";"https://dodelay.ru/podrabotka/uglich/household"
"приходящая помощница углич";"https://dodelay.ru/podrabotka/uglich/household"
"помощь по хозяйству в угличе недорого";"https://dodelay.ru/podrabotka/uglich/household"
"помощь по хозяйству в угличе цены";"https://dodelay.ru/podrabotka/uglich/household"
"помощь по хозяйству в угличе на дом";"https://dodelay.ru/podrabotka/uglich/household"
"вызвать помощника по хозяйству в угличе";"https://dodelay.ru/podrabotka/uglich/household"
"нанять помощника по хозяйству в угличе";"https://dodelay.ru/podrabotka/uglich/household"
"найти помощника по хозяйству в угличе";"https://dodelay.ru/podrabotka/uglich/household"
"услуги помощника по хозяйству в угличе";"https://dodelay.ru/podrabotka/uglich/household"
"помощь по хозяйству частник в угличе";"https://dodelay.ru/podrabotka/uglich/household"
"помощь по хозяйству без посредников в угличе";"https://dodelay.ru/podrabotka/uglich/household"
"работа помощь по хозяйству в угличе";"https://dodelay.ru/podrabotka/uglich/household"
"подработка помощь по хозяйству в угличе";"https://dodelay.ru/podrabotka/uglich/household"
"требуется помощь по хозяйству в угличе";"https://dodelay.ru/podrabotka/uglich/household"
"вакансия помощь по хозяйству в угличе";"https://dodelay.ru/podrabotka/uglich/household"
"помощь по хозяйству в ростове великом";"https://dodelay.ru/podrabotka/rostov/household"
"помощь по хозяйству ростов великий";"https://dodelay.ru/podrabotka/rostov/household"
"помощник по хозяйству в ростове великом";"https://dodelay.ru/podrabotka/rostov/household"
"помощник по хозяйству ростов великий";"https://dodelay.ru/podrabotka/rostov/household"
"помощь по дому в ростове великом";"https://dodelay.ru/podrabotka/rostov/household"
"помощь по дому ростов великий";"https://dodelay.ru/podrabotka/rostov/household"
"домработница в ростове великом";"https://dodelay.ru/podrabotka/rostov/household"
"домработница ростов великий";"https://dodelay.ru/podrabotka/rostov/household"
"приходящая помощница в ростове великом";"https://dodelay.ru/podrabotka/rostov/household"
"приходящая помощница ростов великий";"https://dodelay.ru/podrabotka/rostov/household"
"помощь по хозяйству в ростове великом недорого";"https://dodelay.ru/podrabotka/rostov/household"
"помощь по хозяйству в ростове великом цены";"https://dodelay.ru/podrabotka/rostov/household"
"помощь по хозяйству в ростове великом на дом";"https://dodelay.ru/podrabotka/rostov/household"
"вызвать помощника по хозяйству в ростове великом";"https://dodelay.ru/podrabotka/rostov/household"
"нанять помощника по хозяйству в ростове великом";"https://dodelay.ru/podrabotka/rostov/household"
"найти помощника по хозяйству в ростове великом";"https://dodelay.ru/podrabotka/rostov/household"
"услуги помощника по хозяйству в ростове великом";"https://dodelay.ru/podrabotka/rostov/household"
"помощь по хозяйству частник в ростове великом";"https://dodelay.ru/podrabotka/rostov/household"
"помощь по хозяйству без посредников в ростове великом";"https://dodelay.ru/podrabotka/rostov/household"
"работа помощь по хозяйству в ростове великом";"https://dodelay.ru/podrabotka/rostov/household"
"подработка помощь по хозяйству в ростове великом";"https://dodelay.ru/podrabotka/rostov/household"
"требуется помощь по хозяйству в ростове великом";"https://dodelay.ru/podrabotka/rostov/household"
"вакансия помощь по хозяйству в ростове великом";"https://dodelay.ru/podrabotka/rostov/household"
"час работы помощника в ярославле";"https://dodelay.ru/podrabotka/yaroslavl/household"
"час работы помощника цена";"https://dodelay.ru/podrabotka/yaroslavl/household"
"сколько стоит час работы помощника";"https://dodelay.ru/podrabotka/yaroslavl/household"
"закупка продуктов и доставка в ярославле";"https://dodelay.ru/podrabotka/yaroslavl/household"
"закупка продуктов и доставка цена";"https://dodelay.ru/podrabotka/yaroslavl/household"
"сколько стоит закупка продуктов и доставка";"https://dodelay.ru/podrabotka/yaroslavl/household"
"сопровождение в поликлинику в ярославле";"https://dodelay.ru/podrabotka/yaroslavl/household"
"сопровождение в поликлинику цена";"https://dodelay.ru/podrabotka/yaroslavl/household"
"сколько стоит сопровождение в поликлинику";"https://dodelay.ru/podrabotka/yaroslavl/household"
"разовое поручение по городу в ярославле";"https://dodelay.ru/podrabotka/yaroslavl/household"
"разовое поручение по городу цена";"https://dodelay.ru/podrabotka/yaroslavl/household"
"сколько стоит разовое поручение по городу";"https://dodelay.ru/podrabotka/yaroslavl/household"
"присмотр за животными в ярославле";"https://dodelay.ru/podrabotka/yaroslavl/petcare"
"присмотр за животными ярославль";"https://dodelay.ru/podrabotka/yaroslavl/petcare"
"присмотр за животными в ярославле недорого";"https://dodelay.ru/podrabotka/yaroslavl/petcare"
"присмотр за животными в ярославле цены";"https://dodelay.ru/podrabotka/yaroslavl/petcare"
"присмотр за животными в ярославле на дом";"https://dodelay.ru/podrabotka/yaroslavl/petcare"
"вызвать помощника с животными в ярославле";"https://dodelay.ru/podrabotka/yaroslavl/petcare"
"нанять помощника с животными в ярославле";"https://dodelay.ru/podrabotka/yaroslavl/petcare"
"найти помощника с животными в ярославле";"https://dodelay.ru/podrabotka/yaroslavl/petcare"
"услуги помощника с животными в ярославле";"https://dodelay.ru/podrabotka/yaroslavl/petcare"
"присмотр за животными частник в ярославле";"https://dodelay.ru/podrabotka/yaroslavl/petcare"
"присмотр за животными без посредников в ярославле";"https://dodelay.ru/podrabotka/yaroslavl/petcare"
"работа присмотр за животными в ярославле";"https://dodelay.ru/podrabotka/yaroslavl/petcare"
"подработка присмотр за животными в ярославле";"https://dodelay.ru/podrabotka/yaroslavl/petcare"
"требуется присмотр за животными в ярославле";"https://dodelay.ru/podrabotka/yaroslavl/petcare"
"вакансия присмотр за животными в ярославле";"https://dodelay.ru/podrabotka/yaroslavl/petcare"
"присмотр за животными в рыбинске";"https://dodelay.ru/podrabotka/rybinsk/petcare"
"присмотр за животными рыбинск";"https://dodelay.ru/podrabotka/rybinsk/petcare"
"присмотр за животными в рыбинске недорого";"https://dodelay.ru/podrabotka/rybinsk/petcare"
"присмотр за животными в рыбинске цены";"https://dodelay.ru/podrabotka/rybinsk/petcare"
"присмотр за животными в рыбинске на дом";"https://dodelay.ru/podrabotka/rybinsk/petcare"
"вызвать помощника с животными в рыбинске";"https://dodelay.ru/podrabotka/rybinsk/petcare"
"нанять помощника с животными в рыбинске";"https://dodelay.ru/podrabotka/rybinsk/petcare"
"найти помощника с животными в рыбинске";"https://dodelay.ru/podrabotka/rybinsk/petcare"
"услуги помощника с животными в рыбинске";"https://dodelay.ru/podrabotka/rybinsk/petcare"
"присмотр за животными частник в рыбинске";"https://dodelay.ru/podrabotka/rybinsk/petcare"
"присмотр за животными без посредников в рыбинске";"https://dodelay.ru/podrabotka/rybinsk/petcare"
"работа присмотр за животными в рыбинске";"https://dodelay.ru/podrabotka/rybinsk/petcare"
"подработка присмотр за животными в рыбинске";"https://dodelay.ru/podrabotka/rybinsk/petcare"
"требуется присмотр за животными в рыбинске";"https://dodelay.ru/podrabotka/rybinsk/petcare"
"вакансия присмотр за животными в рыбинске";"https://dodelay.ru/podrabotka/rybinsk/petcare"
"присмотр за животными в тутаеве";"https://dodelay.ru/podrabotka/tutaev/petcare"
"присмотр за животными тутаев";"https://dodelay.ru/podrabotka/tutaev/petcare"
"присмотр за животными в тутаеве недорого";"https://dodelay.ru/podrabotka/tutaev/petcare"
"присмотр за животными в тутаеве цены";"https://dodelay.ru/podrabotka/tutaev/petcare"
"присмотр за животными в тутаеве на дом";"https://dodelay.ru/podrabotka/tutaev/petcare"
"вызвать помощника с животными в тутаеве";"https://dodelay.ru/podrabotka/tutaev/petcare"
"нанять помощника с животными в тутаеве";"https://dodelay.ru/podrabotka/tutaev/petcare"
"найти помощника с животными в тутаеве";"https://dodelay.ru/podrabotka/tutaev/petcare"
"услуги помощника с животными в тутаеве";"https://dodelay.ru/podrabotka/tutaev/petcare"
"присмотр за животными частник в тутаеве";"https://dodelay.ru/podrabotka/tutaev/petcare"
"присмотр за животными без посредников в тутаеве";"https://dodelay.ru/podrabotka/tutaev/petcare"
"работа присмотр за животными в тутаеве";"https://dodelay.ru/podrabotka/tutaev/petcare"
"подработка присмотр за животными в тутаеве";"https://dodelay.ru/podrabotka/tutaev/petcare"
"требуется присмотр за животными в тутаеве";"https://dodelay.ru/podrabotka/tutaev/petcare"
"вакансия присмотр за животными в тутаеве";"https://dodelay.ru/podrabotka/tutaev/petcare"
"присмотр за животными в переславле-залесском";"https://dodelay.ru/podrabotka/pereslavl/petcare"
"присмотр за животными переславль-залесский";"https://dodelay.ru/podrabotka/pereslavl/petcare"
"присмотр за животными в переславле-залесском недорого";"https://dodelay.ru/podrabotka/pereslavl/petcare"
"присмотр за животными в переславле-залесском цены";"https://dodelay.ru/podrabotka/pereslavl/petcare"
"присмотр за животными в переславле-залесском на дом";"https://dodelay.ru/podrabotka/pereslavl/petcare"
"вызвать помощника с животными в переславле-залесском";"https://dodelay.ru/podrabotka/pereslavl/petcare"
"нанять помощника с животными в переславле-залесском";"https://dodelay.ru/podrabotka/pereslavl/petcare"
"найти помощника с животными в переславле-залесском";"https://dodelay.ru/podrabotka/pereslavl/petcare"
"услуги помощника с животными в переславле-залесском";"https://dodelay.ru/podrabotka/pereslavl/petcare"
"присмотр за животными частник в переславле-залесском";"https://dodelay.ru/podrabotka/pereslavl/petcare"
"присмотр за животными без посредников в переславле-залесском";"https://dodelay.ru/podrabotka/pereslavl/petcare"
"работа присмотр за животными в переславле-залесском";"https://dodelay.ru/podrabotka/pereslavl/petcare"
"подработка присмотр за животными в переславле-залесском";"https://dodelay.ru/podrabotka/pereslavl/petcare"
"требуется присмотр за животными в переславле-залесском";"https://dodelay.ru/podrabotka/pereslavl/petcare"
"вакансия присмотр за животными в переславле-залесском";"https://dodelay.ru/podrabotka/pereslavl/petcare"
"присмотр за животными в угличе";"https://dodelay.ru/podrabotka/uglich/petcare"
"присмотр за животными углич";"https://dodelay.ru/podrabotka/uglich/petcare"
"присмотр за животными в угличе недорого";"https://dodelay.ru/podrabotka/uglich/petcare"
"присмотр за животными в угличе цены";"https://dodelay.ru/podrabotka/uglich/petcare"
"присмотр за животными в угличе на дом";"https://dodelay.ru/podrabotka/uglich/petcare"
"вызвать помощника с животными в угличе";"https://dodelay.ru/podrabotka/uglich/petcare"
"нанять помощника с животными в угличе";"https://dodelay.ru/podrabotka/uglich/petcare"
"найти помощника с животными в угличе";"https://dodelay.ru/podrabotka/uglich/petcare"
"услуги помощника с животными в угличе";"https://dodelay.ru/podrabotka/uglich/petcare"
"присмотр за животными частник в угличе";"https://dodelay.ru/podrabotka/uglich/petcare"
"присмотр за животными без посредников в угличе";"https://dodelay.ru/podrabotka/uglich/petcare"
"работа присмотр за животными в угличе";"https://dodelay.ru/podrabotka/uglich/petcare"
"подработка присмотр за животными в угличе";"https://dodelay.ru/podrabotka/uglich/petcare"
"требуется присмотр за животными в угличе";"https://dodelay.ru/podrabotka/uglich/petcare"
"вакансия присмотр за животными в угличе";"https://dodelay.ru/podrabotka/uglich/petcare"
"присмотр за животными в ростове великом";"https://dodelay.ru/podrabotka/rostov/petcare"
"присмотр за животными ростов великий";"https://dodelay.ru/podrabotka/rostov/petcare"
"присмотр за животными в ростове великом недорого";"https://dodelay.ru/podrabotka/rostov/petcare"
"присмотр за животными в ростове великом цены";"https://dodelay.ru/podrabotka/rostov/petcare"
"присмотр за животными в ростове великом на дом";"https://dodelay.ru/podrabotka/rostov/petcare"
"вызвать помощника с животными в ростове великом";"https://dodelay.ru/podrabotka/rostov/petcare"
"нанять помощника с животными в ростове великом";"https://dodelay.ru/podrabotka/rostov/petcare"
"найти помощника с животными в ростове великом";"https://dodelay.ru/podrabotka/rostov/petcare"
"услуги помощника с животными в ростове великом";"https://dodelay.ru/podrabotka/rostov/petcare"
"присмотр за животными частник в ростове великом";"https://dodelay.ru/podrabotka/rostov/petcare"
"присмотр за животными без посредников в ростове великом";"https://dodelay.ru/podrabotka/rostov/petcare"
"работа присмотр за животными в ростове великом";"https://dodelay.ru/podrabotka/rostov/petcare"
"подработка присмотр за животными в ростове великом";"https://dodelay.ru/podrabotka/rostov/petcare"
"требуется присмотр за животными в ростове великом";"https://dodelay.ru/podrabotka/rostov/petcare"
"вакансия присмотр за животными в ростове великом";"https://dodelay.ru/podrabotka/rostov/petcare"
"выгул собаки";"https://dodelay.ru/podrabotka/yaroslavl/petcare"
"сколько стоит выгул собаки";"https://dodelay.ru/podrabotka/yaroslavl/petcare"
"визит и кормление кота в ярославле";"https://dodelay.ru/podrabotka/yaroslavl/petcare"
"визит и кормление кота цена";"https://dodelay.ru/podrabotka/yaroslavl/petcare"
"сколько стоит визит и кормление кота";"https://dodelay.ru/podrabotka/yaroslavl/petcare"
"передержка";"https://dodelay.ru/podrabotka/yaroslavl/petcare"
"сколько стоит передержка";"https://dodelay.ru/podrabotka/yaroslavl/petcare"
"поездка к ветеринару в ярославле";"https://dodelay.ru/podrabotka/yaroslavl/petcare"
"поездка к ветеринару цена";"https://dodelay.ru/podrabotka/yaroslavl/petcare"
"сколько стоит поездка к ветеринару";"https://dodelay.ru/podrabotka/yaroslavl/petcare"
"садовые работы в ярославле";"https://dodelay.ru/podrabotka/yaroslavl/gardener"
"садовые работы ярославль";"https://dodelay.ru/podrabotka/yaroslavl/gardener"
"садовник в ярославле";"https://dodelay.ru/podrabotka/yaroslavl/gardener"
"садовник ярославль";"https://dodelay.ru/podrabotka/yaroslavl/gardener"
"ландшафтные работы в ярославле";"https://dodelay.ru/podrabotka/yaroslavl/gardener"
"ландшафтные работы ярославль";"https://dodelay.ru/podrabotka/yaroslavl/gardener"
"уход за участком в ярославле";"https://dodelay.ru/podrabotka/yaroslavl/gardener"
"уход за участком ярославль";"https://dodelay.ru/podrabotka/yaroslavl/gardener"
"покос травы в ярославле";"https://dodelay.ru/podrabotka/yaroslavl/gardener"
"покос травы ярославль";"https://dodelay.ru/podrabotka/yaroslavl/gardener"
"дачные работы в ярославле";"https://dodelay.ru/podrabotka/yaroslavl/gardener"
"дачные работы ярославль";"https://dodelay.ru/podrabotka/yaroslavl/gardener"
"садовые работы в ярославле недорого";"https://dodelay.ru/podrabotka/yaroslavl/gardener"
"садовые работы в ярославле цены";"https://dodelay.ru/podrabotka/yaroslavl/gardener"
"садовые работы в ярославле на дом";"https://dodelay.ru/podrabotka/yaroslavl/gardener"
"вызвать садовника в ярославле";"https://dodelay.ru/podrabotka/yaroslavl/gardener"
"нанять садовника в ярославле";"https://dodelay.ru/podrabotka/yaroslavl/gardener"
"найти садовника в ярославле";"https://dodelay.ru/podrabotka/yaroslavl/gardener"
"услуги садовника в ярославле";"https://dodelay.ru/podrabotka/yaroslavl/gardener"
"садовые работы частник в ярославле";"https://dodelay.ru/podrabotka/yaroslavl/gardener"
"садовые работы без посредников в ярославле";"https://dodelay.ru/podrabotka/yaroslavl/gardener"
"работа садовые работы в ярославле";"https://dodelay.ru/podrabotka/yaroslavl/gardener"
"подработка садовые работы в ярославле";"https://dodelay.ru/podrabotka/yaroslavl/gardener"
"требуется садовые работы в ярославле";"https://dodelay.ru/podrabotka/yaroslavl/gardener"
"вакансия садовые работы в ярославле";"https://dodelay.ru/podrabotka/yaroslavl/gardener"
"садовые работы в рыбинске";"https://dodelay.ru/podrabotka/rybinsk/gardener"
"садовые работы рыбинск";"https://dodelay.ru/podrabotka/rybinsk/gardener"
"садовник в рыбинске";"https://dodelay.ru/podrabotka/rybinsk/gardener"
"садовник рыбинск";"https://dodelay.ru/podrabotka/rybinsk/gardener"
"ландшафтные работы в рыбинске";"https://dodelay.ru/podrabotka/rybinsk/gardener"
"ландшафтные работы рыбинск";"https://dodelay.ru/podrabotka/rybinsk/gardener"
"уход за участком в рыбинске";"https://dodelay.ru/podrabotka/rybinsk/gardener"
"уход за участком рыбинск";"https://dodelay.ru/podrabotka/rybinsk/gardener"
"покос травы в рыбинске";"https://dodelay.ru/podrabotka/rybinsk/gardener"
"покос травы рыбинск";"https://dodelay.ru/podrabotka/rybinsk/gardener"
"дачные работы в рыбинске";"https://dodelay.ru/podrabotka/rybinsk/gardener"
"дачные работы рыбинск";"https://dodelay.ru/podrabotka/rybinsk/gardener"
"садовые работы в рыбинске недорого";"https://dodelay.ru/podrabotka/rybinsk/gardener"
"садовые работы в рыбинске цены";"https://dodelay.ru/podrabotka/rybinsk/gardener"
"садовые работы в рыбинске на дом";"https://dodelay.ru/podrabotka/rybinsk/gardener"
"вызвать садовника в рыбинске";"https://dodelay.ru/podrabotka/rybinsk/gardener"
"нанять садовника в рыбинске";"https://dodelay.ru/podrabotka/rybinsk/gardener"
"найти садовника в рыбинске";"https://dodelay.ru/podrabotka/rybinsk/gardener"
"услуги садовника в рыбинске";"https://dodelay.ru/podrabotka/rybinsk/gardener"
"садовые работы частник в рыбинске";"https://dodelay.ru/podrabotka/rybinsk/gardener"
"садовые работы без посредников в рыбинске";"https://dodelay.ru/podrabotka/rybinsk/gardener"
"работа садовые работы в рыбинске";"https://dodelay.ru/podrabotka/rybinsk/gardener"
"подработка садовые работы в рыбинске";"https://dodelay.ru/podrabotka/rybinsk/gardener"
"требуется садовые работы в рыбинске";"https://dodelay.ru/podrabotka/rybinsk/gardener"
"вакансия садовые работы в рыбинске";"https://dodelay.ru/podrabotka/rybinsk/gardener"
"садовые работы в тутаеве";"https://dodelay.ru/podrabotka/tutaev/gardener"
"садовые работы тутаев";"https://dodelay.ru/podrabotka/tutaev/gardener"
"садовник в тутаеве";"https://dodelay.ru/podrabotka/tutaev/gardener"
"садовник тутаев";"https://dodelay.ru/podrabotka/tutaev/gardener"
"ландшафтные работы в тутаеве";"https://dodelay.ru/podrabotka/tutaev/gardener"
"ландшафтные работы тутаев";"https://dodelay.ru/podrabotka/tutaev/gardener"
"уход за участком в тутаеве";"https://dodelay.ru/podrabotka/tutaev/gardener"
"уход за участком тутаев";"https://dodelay.ru/podrabotka/tutaev/gardener"
"покос травы в тутаеве";"https://dodelay.ru/podrabotka/tutaev/gardener"
"покос травы тутаев";"https://dodelay.ru/podrabotka/tutaev/gardener"
"дачные работы в тутаеве";"https://dodelay.ru/podrabotka/tutaev/gardener"
"дачные работы тутаев";"https://dodelay.ru/podrabotka/tutaev/gardener"
"садовые работы в тутаеве недорого";"https://dodelay.ru/podrabotka/tutaev/gardener"
"садовые работы в тутаеве цены";"https://dodelay.ru/podrabotka/tutaev/gardener"
"садовые работы в тутаеве на дом";"https://dodelay.ru/podrabotka/tutaev/gardener"
"вызвать садовника в тутаеве";"https://dodelay.ru/podrabotka/tutaev/gardener"
"нанять садовника в тутаеве";"https://dodelay.ru/podrabotka/tutaev/gardener"
"найти садовника в тутаеве";"https://dodelay.ru/podrabotka/tutaev/gardener"
"услуги садовника в тутаеве";"https://dodelay.ru/podrabotka/tutaev/gardener"
"садовые работы частник в тутаеве";"https://dodelay.ru/podrabotka/tutaev/gardener"
"садовые работы без посредников в тутаеве";"https://dodelay.ru/podrabotka/tutaev/gardener"
"работа садовые работы в тутаеве";"https://dodelay.ru/podrabotka/tutaev/gardener"
"подработка садовые работы в тутаеве";"https://dodelay.ru/podrabotka/tutaev/gardener"
"требуется садовые работы в тутаеве";"https://dodelay.ru/podrabotka/tutaev/gardener"
"вакансия садовые работы в тутаеве";"https://dodelay.ru/podrabotka/tutaev/gardener"
"садовые работы в переславле-залесском";"https://dodelay.ru/podrabotka/pereslavl/gardener"
"садовые работы переславль-залесский";"https://dodelay.ru/podrabotka/pereslavl/gardener"
"садовник в переславле-залесском";"https://dodelay.ru/podrabotka/pereslavl/gardener"
"садовник переславль-залесский";"https://dodelay.ru/podrabotka/pereslavl/gardener"
"ландшафтные работы в переславле-залесском";"https://dodelay.ru/podrabotka/pereslavl/gardener"
"ландшафтные работы переславль-залесский";"https://dodelay.ru/podrabotka/pereslavl/gardener"
"уход за участком в переславле-залесском";"https://dodelay.ru/podrabotka/pereslavl/gardener"
"уход за участком переславль-залесский";"https://dodelay.ru/podrabotka/pereslavl/gardener"
"покос травы в переславле-залесском";"https://dodelay.ru/podrabotka/pereslavl/gardener"
"покос травы переславль-залесский";"https://dodelay.ru/podrabotka/pereslavl/gardener"
"дачные работы в переславле-залесском";"https://dodelay.ru/podrabotka/pereslavl/gardener"
"дачные работы переславль-залесский";"https://dodelay.ru/podrabotka/pereslavl/gardener"
"садовые работы в переславле-залесском недорого";"https://dodelay.ru/podrabotka/pereslavl/gardener"
"садовые работы в переславле-залесском цены";"https://dodelay.ru/podrabotka/pereslavl/gardener"
"садовые работы в переславле-залесском на дом";"https://dodelay.ru/podrabotka/pereslavl/gardener"
"вызвать садовника в переславле-залесском";"https://dodelay.ru/podrabotka/pereslavl/gardener"
"нанять садовника в переславле-залесском";"https://dodelay.ru/podrabotka/pereslavl/gardener"
"найти садовника в переславле-залесском";"https://dodelay.ru/podrabotka/pereslavl/gardener"
"услуги садовника в переславле-залесском";"https://dodelay.ru/podrabotka/pereslavl/gardener"
"садовые работы частник в переславле-залесском";"https://dodelay.ru/podrabotka/pereslavl/gardener"
"садовые работы без посредников в переславле-залесском";"https://dodelay.ru/podrabotka/pereslavl/gardener"
"работа садовые работы в переславле-залесском";"https://dodelay.ru/podrabotka/pereslavl/gardener"
"подработка садовые работы в переславле-залесском";"https://dodelay.ru/podrabotka/pereslavl/gardener"
"требуется садовые работы в переславле-залесском";"https://dodelay.ru/podrabotka/pereslavl/gardener"
"вакансия садовые работы в переславле-залесском";"https://dodelay.ru/podrabotka/pereslavl/gardener"
"садовые работы в угличе";"https://dodelay.ru/podrabotka/uglich/gardener"
"садовые работы углич";"https://dodelay.ru/podrabotka/uglich/gardener"
"садовник в угличе";"https://dodelay.ru/podrabotka/uglich/gardener"
"садовник углич";"https://dodelay.ru/podrabotka/uglich/gardener"
"ландшафтные работы в угличе";"https://dodelay.ru/podrabotka/uglich/gardener"
"ландшафтные работы углич";"https://dodelay.ru/podrabotka/uglich/gardener"
"уход за участком в угличе";"https://dodelay.ru/podrabotka/uglich/gardener"
"уход за участком углич";"https://dodelay.ru/podrabotka/uglich/gardener"
"покос травы в угличе";"https://dodelay.ru/podrabotka/uglich/gardener"
"покос травы углич";"https://dodelay.ru/podrabotka/uglich/gardener"
"дачные работы в угличе";"https://dodelay.ru/podrabotka/uglich/gardener"
"дачные работы углич";"https://dodelay.ru/podrabotka/uglich/gardener"
"садовые работы в угличе недорого";"https://dodelay.ru/podrabotka/uglich/gardener"
"садовые работы в угличе цены";"https://dodelay.ru/podrabotka/uglich/gardener"
"садовые работы в угличе на дом";"https://dodelay.ru/podrabotka/uglich/gardener"
"вызвать садовника в угличе";"https://dodelay.ru/podrabotka/uglich/gardener"
"нанять садовника в угличе";"https://dodelay.ru/podrabotka/uglich/gardener"
"найти садовника в угличе";"https://dodelay.ru/podrabotka/uglich/gardener"
"услуги садовника в угличе";"https://dodelay.ru/podrabotka/uglich/gardener"
"садовые работы частник в угличе";"https://dodelay.ru/podrabotka/uglich/gardener"
"садовые работы без посредников в угличе";"https://dodelay.ru/podrabotka/uglich/gardener"
"работа садовые работы в угличе";"https://dodelay.ru/podrabotka/uglich/gardener"
"подработка садовые работы в угличе";"https://dodelay.ru/podrabotka/uglich/gardener"
"требуется садовые работы в угличе";"https://dodelay.ru/podrabotka/uglich/gardener"
"вакансия садовые работы в угличе";"https://dodelay.ru/podrabotka/uglich/gardener"
"садовые работы в ростове великом";"https://dodelay.ru/podrabotka/rostov/gardener"
"садовые работы ростов великий";"https://dodelay.ru/podrabotka/rostov/gardener"
"садовник в ростове великом";"https://dodelay.ru/podrabotka/rostov/gardener"
"садовник ростов великий";"https://dodelay.ru/podrabotka/rostov/gardener"
"ландшафтные работы в ростове великом";"https://dodelay.ru/podrabotka/rostov/gardener"
"ландшафтные работы ростов великий";"https://dodelay.ru/podrabotka/rostov/gardener"
"уход за участком в ростове великом";"https://dodelay.ru/podrabotka/rostov/gardener"
"уход за участком ростов великий";"https://dodelay.ru/podrabotka/rostov/gardener"
"покос травы в ростове великом";"https://dodelay.ru/podrabotka/rostov/gardener"
"покос травы ростов великий";"https://dodelay.ru/podrabotka/rostov/gardener"
"дачные работы в ростове великом";"https://dodelay.ru/podrabotka/rostov/gardener"
"дачные работы ростов великий";"https://dodelay.ru/podrabotka/rostov/gardener"
"садовые работы в ростове великом недорого";"https://dodelay.ru/podrabotka/rostov/gardener"
"садовые работы в ростове великом цены";"https://dodelay.ru/podrabotka/rostov/gardener"
"садовые работы в ростове великом на дом";"https://dodelay.ru/podrabotka/rostov/gardener"
"вызвать садовника в ростове великом";"https://dodelay.ru/podrabotka/rostov/gardener"
"нанять садовника в ростове великом";"https://dodelay.ru/podrabotka/rostov/gardener"
"найти садовника в ростове великом";"https://dodelay.ru/podrabotka/rostov/gardener"
"услуги садовника в ростове великом";"https://dodelay.ru/podrabotka/rostov/gardener"
"садовые работы частник в ростове великом";"https://dodelay.ru/podrabotka/rostov/gardener"
"садовые работы без посредников в ростове великом";"https://dodelay.ru/podrabotka/rostov/gardener"
"работа садовые работы в ростове великом";"https://dodelay.ru/podrabotka/rostov/gardener"
"подработка садовые работы в ростове великом";"https://dodelay.ru/podrabotka/rostov/gardener"
"требуется садовые работы в ростове великом";"https://dodelay.ru/podrabotka/rostov/gardener"
"вакансия садовые работы в ростове великом";"https://dodelay.ru/podrabotka/rostov/gardener"
"покос травы";"https://dodelay.ru/podrabotka/yaroslavl/gardener"
"сколько стоит покос травы";"https://dodelay.ru/podrabotka/yaroslavl/gardener"
"обрезка кустарника в ярославле";"https://dodelay.ru/podrabotka/yaroslavl/gardener"
"обрезка кустарника цена";"https://dodelay.ru/podrabotka/yaroslavl/gardener"
"сколько стоит обрезка кустарника";"https://dodelay.ru/podrabotka/yaroslavl/gardener"
"уборка листьев";"https://dodelay.ru/podrabotka/yaroslavl/gardener"
"сколько стоит уборка листьев";"https://dodelay.ru/podrabotka/yaroslavl/gardener"
"участок 8 соток";"https://dodelay.ru/podrabotka/yaroslavl/gardener"
"сколько стоит участок 8 соток";"https://dodelay.ru/podrabotka/yaroslavl/gardener"
"спил деревьев в ярославле";"https://dodelay.ru/podrabotka/yaroslavl/treecut"
"спил деревьев ярославль";"https://dodelay.ru/podrabotka/yaroslavl/treecut"
"спил деревьев в ярославле недорого";"https://dodelay.ru/podrabotka/yaroslavl/treecut"
"спил деревьев в ярославле цены";"https://dodelay.ru/podrabotka/yaroslavl/treecut"
"спил деревьев в ярославле на дом";"https://dodelay.ru/podrabotka/yaroslavl/treecut"
"вызвать арбориста в ярославле";"https://dodelay.ru/podrabotka/yaroslavl/treecut"
"нанять арбориста в ярославле";"https://dodelay.ru/podrabotka/yaroslavl/treecut"
"найти арбориста в ярославле";"https://dodelay.ru/podrabotka/yaroslavl/treecut"
"услуги арбориста в ярославле";"https://dodelay.ru/podrabotka/yaroslavl/treecut"
"спил деревьев частник в ярославле";"https://dodelay.ru/podrabotka/yaroslavl/treecut"
"спил деревьев без посредников в ярославле";"https://dodelay.ru/podrabotka/yaroslavl/treecut"
"работа спил деревьев в ярославле";"https://dodelay.ru/podrabotka/yaroslavl/treecut"
"подработка спил деревьев в ярославле";"https://dodelay.ru/podrabotka/yaroslavl/treecut"
"требуется спил деревьев в ярославле";"https://dodelay.ru/podrabotka/yaroslavl/treecut"
"вакансия спил деревьев в ярославле";"https://dodelay.ru/podrabotka/yaroslavl/treecut"
"спил деревьев в рыбинске";"https://dodelay.ru/podrabotka/rybinsk/treecut"
"спил деревьев рыбинск";"https://dodelay.ru/podrabotka/rybinsk/treecut"
"спил деревьев в рыбинске недорого";"https://dodelay.ru/podrabotka/rybinsk/treecut"
"спил деревьев в рыбинске цены";"https://dodelay.ru/podrabotka/rybinsk/treecut"
"спил деревьев в рыбинске на дом";"https://dodelay.ru/podrabotka/rybinsk/treecut"
"вызвать арбориста в рыбинске";"https://dodelay.ru/podrabotka/rybinsk/treecut"
"нанять арбориста в рыбинске";"https://dodelay.ru/podrabotka/rybinsk/treecut"
"найти арбориста в рыбинске";"https://dodelay.ru/podrabotka/rybinsk/treecut"
"услуги арбориста в рыбинске";"https://dodelay.ru/podrabotka/rybinsk/treecut"
"спил деревьев частник в рыбинске";"https://dodelay.ru/podrabotka/rybinsk/treecut"
"спил деревьев без посредников в рыбинске";"https://dodelay.ru/podrabotka/rybinsk/treecut"
"работа спил деревьев в рыбинске";"https://dodelay.ru/podrabotka/rybinsk/treecut"
"подработка спил деревьев в рыбинске";"https://dodelay.ru/podrabotka/rybinsk/treecut"
"требуется спил деревьев в рыбинске";"https://dodelay.ru/podrabotka/rybinsk/treecut"
"вакансия спил деревьев в рыбинске";"https://dodelay.ru/podrabotka/rybinsk/treecut"
"спил деревьев в тутаеве";"https://dodelay.ru/podrabotka/tutaev/treecut"
"спил деревьев тутаев";"https://dodelay.ru/podrabotka/tutaev/treecut"
"спил деревьев в тутаеве недорого";"https://dodelay.ru/podrabotka/tutaev/treecut"
"спил деревьев в тутаеве цены";"https://dodelay.ru/podrabotka/tutaev/treecut"
"спил деревьев в тутаеве на дом";"https://dodelay.ru/podrabotka/tutaev/treecut"
"вызвать арбориста в тутаеве";"https://dodelay.ru/podrabotka/tutaev/treecut"
"нанять арбориста в тутаеве";"https://dodelay.ru/podrabotka/tutaev/treecut"
"найти арбориста в тутаеве";"https://dodelay.ru/podrabotka/tutaev/treecut"
"услуги арбориста в тутаеве";"https://dodelay.ru/podrabotka/tutaev/treecut"
"спил деревьев частник в тутаеве";"https://dodelay.ru/podrabotka/tutaev/treecut"
"спил деревьев без посредников в тутаеве";"https://dodelay.ru/podrabotka/tutaev/treecut"
"работа спил деревьев в тутаеве";"https://dodelay.ru/podrabotka/tutaev/treecut"
"подработка спил деревьев в тутаеве";"https://dodelay.ru/podrabotka/tutaev/treecut"
"требуется спил деревьев в тутаеве";"https://dodelay.ru/podrabotka/tutaev/treecut"
"вакансия спил деревьев в тутаеве";"https://dodelay.ru/podrabotka/tutaev/treecut"
"спил деревьев в переславле-залесском";"https://dodelay.ru/podrabotka/pereslavl/treecut"
"спил деревьев переславль-залесский";"https://dodelay.ru/podrabotka/pereslavl/treecut"
"спил деревьев в переславле-залесском недорого";"https://dodelay.ru/podrabotka/pereslavl/treecut"
"спил деревьев в переславле-залесском цены";"https://dodelay.ru/podrabotka/pereslavl/treecut"
"спил деревьев в переславле-залесском на дом";"https://dodelay.ru/podrabotka/pereslavl/treecut"
"вызвать арбориста в переславле-залесском";"https://dodelay.ru/podrabotka/pereslavl/treecut"
"нанять арбориста в переславле-залесском";"https://dodelay.ru/podrabotka/pereslavl/treecut"
"найти арбориста в переславле-залесском";"https://dodelay.ru/podrabotka/pereslavl/treecut"
"услуги арбориста в переславле-залесском";"https://dodelay.ru/podrabotka/pereslavl/treecut"
"спил деревьев частник в переславле-залесском";"https://dodelay.ru/podrabotka/pereslavl/treecut"
"спил деревьев без посредников в переславле-залесском";"https://dodelay.ru/podrabotka/pereslavl/treecut"
"работа спил деревьев в переславле-залесском";"https://dodelay.ru/podrabotka/pereslavl/treecut"
"подработка спил деревьев в переславле-залесском";"https://dodelay.ru/podrabotka/pereslavl/treecut"
"требуется спил деревьев в переславле-залесском";"https://dodelay.ru/podrabotka/pereslavl/treecut"
"вакансия спил деревьев в переславле-залесском";"https://dodelay.ru/podrabotka/pereslavl/treecut"
"спил деревьев в угличе";"https://dodelay.ru/podrabotka/uglich/treecut"
"спил деревьев углич";"https://dodelay.ru/podrabotka/uglich/treecut"
"спил деревьев в угличе недорого";"https://dodelay.ru/podrabotka/uglich/treecut"
"спил деревьев в угличе цены";"https://dodelay.ru/podrabotka/uglich/treecut"
"спил деревьев в угличе на дом";"https://dodelay.ru/podrabotka/uglich/treecut"
"вызвать арбориста в угличе";"https://dodelay.ru/podrabotka/uglich/treecut"
"нанять арбориста в угличе";"https://dodelay.ru/podrabotka/uglich/treecut"
"найти арбориста в угличе";"https://dodelay.ru/podrabotka/uglich/treecut"
"услуги арбориста в угличе";"https://dodelay.ru/podrabotka/uglich/treecut"
"спил деревьев частник в угличе";"https://dodelay.ru/podrabotka/uglich/treecut"
"спил деревьев без посредников в угличе";"https://dodelay.ru/podrabotka/uglich/treecut"
"работа спил деревьев в угличе";"https://dodelay.ru/podrabotka/uglich/treecut"
"подработка спил деревьев в угличе";"https://dodelay.ru/podrabotka/uglich/treecut"
"требуется спил деревьев в угличе";"https://dodelay.ru/podrabotka/uglich/treecut"
"вакансия спил деревьев в угличе";"https://dodelay.ru/podrabotka/uglich/treecut"
"спил деревьев в ростове великом";"https://dodelay.ru/podrabotka/rostov/treecut"
"спил деревьев ростов великий";"https://dodelay.ru/podrabotka/rostov/treecut"
"спил деревьев в ростове великом недорого";"https://dodelay.ru/podrabotka/rostov/treecut"
"спил деревьев в ростове великом цены";"https://dodelay.ru/podrabotka/rostov/treecut"
"спил деревьев в ростове великом на дом";"https://dodelay.ru/podrabotka/rostov/treecut"
"вызвать арбориста в ростове великом";"https://dodelay.ru/podrabotka/rostov/treecut"
"нанять арбориста в ростове великом";"https://dodelay.ru/podrabotka/rostov/treecut"
"найти арбориста в ростове великом";"https://dodelay.ru/podrabotka/rostov/treecut"
"услуги арбориста в ростове великом";"https://dodelay.ru/podrabotka/rostov/treecut"
"спил деревьев частник в ростове великом";"https://dodelay.ru/podrabotka/rostov/treecut"
"спил деревьев без посредников в ростове великом";"https://dodelay.ru/podrabotka/rostov/treecut"
"работа спил деревьев в ростове великом";"https://dodelay.ru/podrabotka/rostov/treecut"
"подработка спил деревьев в ростове великом";"https://dodelay.ru/podrabotka/rostov/treecut"
"требуется спил деревьев в ростове великом";"https://dodelay.ru/podrabotka/rostov/treecut"
"вакансия спил деревьев в ростове великом";"https://dodelay.ru/podrabotka/rostov/treecut"
"спил дерева до 5 метров в ярославле";"https://dodelay.ru/podrabotka/yaroslavl/treecut"
"спил дерева до 5 метров цена";"https://dodelay.ru/podrabotka/yaroslavl/treecut"
"сколько стоит спил дерева до 5 метров";"https://dodelay.ru/podrabotka/yaroslavl/treecut"
"спил высокого дерева частями в ярославле";"https://dodelay.ru/podrabotka/yaroslavl/treecut"
"спил высокого дерева частями цена";"https://dodelay.ru/podrabotka/yaroslavl/treecut"
"сколько стоит спил высокого дерева частями";"https://dodelay.ru/podrabotka/yaroslavl/treecut"
"обрезка веток в ярославле";"https://dodelay.ru/podrabotka/yaroslavl/treecut"
"обрезка веток цена";"https://dodelay.ru/podrabotka/yaroslavl/treecut"
"сколько стоит обрезка веток";"https://dodelay.ru/podrabotka/yaroslavl/treecut"
"корчевание пня в ярославле";"https://dodelay.ru/podrabotka/yaroslavl/treecut"
"корчевание пня цена";"https://dodelay.ru/podrabotka/yaroslavl/treecut"
"сколько стоит корчевание пня";"https://dodelay.ru/podrabotka/yaroslavl/treecut"
"земляные работы в ярославле";"https://dodelay.ru/podrabotka/yaroslavl/digger"
"земляные работы ярославль";"https://dodelay.ru/podrabotka/yaroslavl/digger"
"земляные работы в ярославле недорого";"https://dodelay.ru/podrabotka/yaroslavl/digger"
"земляные работы в ярославле цены";"https://dodelay.ru/podrabotka/yaroslavl/digger"
"земляные работы в ярославле на дом";"https://dodelay.ru/podrabotka/yaroslavl/digger"
"вызвать землекопа в ярославле";"https://dodelay.ru/podrabotka/yaroslavl/digger"
"нанять землекопа в ярославле";"https://dodelay.ru/podrabotka/yaroslavl/digger"
"найти землекопа в ярославле";"https://dodelay.ru/podrabotka/yaroslavl/digger"
"услуги землекопа в ярославле";"https://dodelay.ru/podrabotka/yaroslavl/digger"
"земляные работы частник в ярославле";"https://dodelay.ru/podrabotka/yaroslavl/digger"
"земляные работы без посредников в ярославле";"https://dodelay.ru/podrabotka/yaroslavl/digger"
"работа земляные работы в ярославле";"https://dodelay.ru/podrabotka/yaroslavl/digger"
"подработка земляные работы в ярославле";"https://dodelay.ru/podrabotka/yaroslavl/digger"
"требуется земляные работы в ярославле";"https://dodelay.ru/podrabotka/yaroslavl/digger"
"вакансия земляные работы в ярославле";"https://dodelay.ru/podrabotka/yaroslavl/digger"
"земляные работы в рыбинске";"https://dodelay.ru/podrabotka/rybinsk/digger"
"земляные работы рыбинск";"https://dodelay.ru/podrabotka/rybinsk/digger"
"земляные работы в рыбинске недорого";"https://dodelay.ru/podrabotka/rybinsk/digger"
"земляные работы в рыбинске цены";"https://dodelay.ru/podrabotka/rybinsk/digger"
"земляные работы в рыбинске на дом";"https://dodelay.ru/podrabotka/rybinsk/digger"
"вызвать землекопа в рыбинске";"https://dodelay.ru/podrabotka/rybinsk/digger"
"нанять землекопа в рыбинске";"https://dodelay.ru/podrabotka/rybinsk/digger"
"найти землекопа в рыбинске";"https://dodelay.ru/podrabotka/rybinsk/digger"
"услуги землекопа в рыбинске";"https://dodelay.ru/podrabotka/rybinsk/digger"
"земляные работы частник в рыбинске";"https://dodelay.ru/podrabotka/rybinsk/digger"
"земляные работы без посредников в рыбинске";"https://dodelay.ru/podrabotka/rybinsk/digger"
"работа земляные работы в рыбинске";"https://dodelay.ru/podrabotka/rybinsk/digger"
"подработка земляные работы в рыбинске";"https://dodelay.ru/podrabotka/rybinsk/digger"
"требуется земляные работы в рыбинске";"https://dodelay.ru/podrabotka/rybinsk/digger"
"вакансия земляные работы в рыбинске";"https://dodelay.ru/podrabotka/rybinsk/digger"
"земляные работы в тутаеве";"https://dodelay.ru/podrabotka/tutaev/digger"
"земляные работы тутаев";"https://dodelay.ru/podrabotka/tutaev/digger"
"земляные работы в тутаеве недорого";"https://dodelay.ru/podrabotka/tutaev/digger"
"земляные работы в тутаеве цены";"https://dodelay.ru/podrabotka/tutaev/digger"
"земляные работы в тутаеве на дом";"https://dodelay.ru/podrabotka/tutaev/digger"
"вызвать землекопа в тутаеве";"https://dodelay.ru/podrabotka/tutaev/digger"
"нанять землекопа в тутаеве";"https://dodelay.ru/podrabotka/tutaev/digger"
"найти землекопа в тутаеве";"https://dodelay.ru/podrabotka/tutaev/digger"
"услуги землекопа в тутаеве";"https://dodelay.ru/podrabotka/tutaev/digger"
"земляные работы частник в тутаеве";"https://dodelay.ru/podrabotka/tutaev/digger"
"земляные работы без посредников в тутаеве";"https://dodelay.ru/podrabotka/tutaev/digger"
"работа земляные работы в тутаеве";"https://dodelay.ru/podrabotka/tutaev/digger"
"подработка земляные работы в тутаеве";"https://dodelay.ru/podrabotka/tutaev/digger"
"требуется земляные работы в тутаеве";"https://dodelay.ru/podrabotka/tutaev/digger"
"вакансия земляные работы в тутаеве";"https://dodelay.ru/podrabotka/tutaev/digger"
"земляные работы в переславле-залесском";"https://dodelay.ru/podrabotka/pereslavl/digger"
"земляные работы переславль-залесский";"https://dodelay.ru/podrabotka/pereslavl/digger"
"земляные работы в переславле-залесском недорого";"https://dodelay.ru/podrabotka/pereslavl/digger"
"земляные работы в переславле-залесском цены";"https://dodelay.ru/podrabotka/pereslavl/digger"
"земляные работы в переславле-залесском на дом";"https://dodelay.ru/podrabotka/pereslavl/digger"
"вызвать землекопа в переславле-залесском";"https://dodelay.ru/podrabotka/pereslavl/digger"
"нанять землекопа в переславле-залесском";"https://dodelay.ru/podrabotka/pereslavl/digger"
"найти землекопа в переславле-залесском";"https://dodelay.ru/podrabotka/pereslavl/digger"
"услуги землекопа в переславле-залесском";"https://dodelay.ru/podrabotka/pereslavl/digger"
"земляные работы частник в переславле-залесском";"https://dodelay.ru/podrabotka/pereslavl/digger"
"земляные работы без посредников в переславле-залесском";"https://dodelay.ru/podrabotka/pereslavl/digger"
"работа земляные работы в переславле-залесском";"https://dodelay.ru/podrabotka/pereslavl/digger"
"подработка земляные работы в переславле-залесском";"https://dodelay.ru/podrabotka/pereslavl/digger"
"требуется земляные работы в переславле-залесском";"https://dodelay.ru/podrabotka/pereslavl/digger"
"вакансия земляные работы в переславле-залесском";"https://dodelay.ru/podrabotka/pereslavl/digger"
"земляные работы в угличе";"https://dodelay.ru/podrabotka/uglich/digger"
"земляные работы углич";"https://dodelay.ru/podrabotka/uglich/digger"
"земляные работы в угличе недорого";"https://dodelay.ru/podrabotka/uglich/digger"
"земляные работы в угличе цены";"https://dodelay.ru/podrabotka/uglich/digger"
"земляные работы в угличе на дом";"https://dodelay.ru/podrabotka/uglich/digger"
"вызвать землекопа в угличе";"https://dodelay.ru/podrabotka/uglich/digger"
"нанять землекопа в угличе";"https://dodelay.ru/podrabotka/uglich/digger"
"найти землекопа в угличе";"https://dodelay.ru/podrabotka/uglich/digger"
"услуги землекопа в угличе";"https://dodelay.ru/podrabotka/uglich/digger"
"земляные работы частник в угличе";"https://dodelay.ru/podrabotka/uglich/digger"
"земляные работы без посредников в угличе";"https://dodelay.ru/podrabotka/uglich/digger"
"работа земляные работы в угличе";"https://dodelay.ru/podrabotka/uglich/digger"
"подработка земляные работы в угличе";"https://dodelay.ru/podrabotka/uglich/digger"
"требуется земляные работы в угличе";"https://dodelay.ru/podrabotka/uglich/digger"
"вакансия земляные работы в угличе";"https://dodelay.ru/podrabotka/uglich/digger"
"земляные работы в ростове великом";"https://dodelay.ru/podrabotka/rostov/digger"
"земляные работы ростов великий";"https://dodelay.ru/podrabotka/rostov/digger"
"земляные работы в ростове великом недорого";"https://dodelay.ru/podrabotka/rostov/digger"
"земляные работы в ростове великом цены";"https://dodelay.ru/podrabotka/rostov/digger"
"земляные работы в ростове великом на дом";"https://dodelay.ru/podrabotka/rostov/digger"
"вызвать землекопа в ростове великом";"https://dodelay.ru/podrabotka/rostov/digger"
"нанять землекопа в ростове великом";"https://dodelay.ru/podrabotka/rostov/digger"
"найти землекопа в ростове великом";"https://dodelay.ru/podrabotka/rostov/digger"
"услуги землекопа в ростове великом";"https://dodelay.ru/podrabotka/rostov/digger"
"земляные работы частник в ростове великом";"https://dodelay.ru/podrabotka/rostov/digger"
"земляные работы без посредников в ростове великом";"https://dodelay.ru/podrabotka/rostov/digger"
"работа земляные работы в ростове великом";"https://dodelay.ru/podrabotka/rostov/digger"
"подработка земляные работы в ростове великом";"https://dodelay.ru/podrabotka/rostov/digger"
"требуется земляные работы в ростове великом";"https://dodelay.ru/podrabotka/rostov/digger"
"вакансия земляные работы в ростове великом";"https://dodelay.ru/podrabotka/rostov/digger"
"траншея";"https://dodelay.ru/podrabotka/yaroslavl/digger"
"сколько стоит траншея";"https://dodelay.ru/podrabotka/yaroslavl/digger"
"яма под септик в ярославле";"https://dodelay.ru/podrabotka/yaroslavl/digger"
"яма под септик цена";"https://dodelay.ru/podrabotka/yaroslavl/digger"
"сколько стоит яма под септик";"https://dodelay.ru/podrabotka/yaroslavl/digger"
"копка вручную";"https://dodelay.ru/podrabotka/yaroslavl/digger"
"сколько стоит копка вручную";"https://dodelay.ru/podrabotka/yaroslavl/digger"
"планировка участка";"https://dodelay.ru/podrabotka/yaroslavl/digger"
"сколько стоит планировка участка";"https://dodelay.ru/podrabotka/yaroslavl/digger"
"заборы и ограждения в ярославле";"https://dodelay.ru/podrabotka/yaroslavl/fencing"
"заборы и ограждения ярославль";"https://dodelay.ru/podrabotka/yaroslavl/fencing"
"заборы и ограждения в ярославле недорого";"https://dodelay.ru/podrabotka/yaroslavl/fencing"
"заборы и ограждения в ярославле цены";"https://dodelay.ru/podrabotka/yaroslavl/fencing"
"заборы и ограждения в ярославле на дом";"https://dodelay.ru/podrabotka/yaroslavl/fencing"
"вызвать мастера по заборам в ярославле";"https://dodelay.ru/podrabotka/yaroslavl/fencing"
"нанять мастера по заборам в ярославле";"https://dodelay.ru/podrabotka/yaroslavl/fencing"
"найти мастера по заборам в ярославле";"https://dodelay.ru/podrabotka/yaroslavl/fencing"
"услуги мастера по заборам в ярославле";"https://dodelay.ru/podrabotka/yaroslavl/fencing"
"заборы и ограждения частник в ярославле";"https://dodelay.ru/podrabotka/yaroslavl/fencing"
"заборы и ограждения без посредников в ярославле";"https://dodelay.ru/podrabotka/yaroslavl/fencing"
"работа заборы и ограждения в ярославле";"https://dodelay.ru/podrabotka/yaroslavl/fencing"
"подработка заборы и ограждения в ярославле";"https://dodelay.ru/podrabotka/yaroslavl/fencing"
"требуется заборы и ограждения в ярославле";"https://dodelay.ru/podrabotka/yaroslavl/fencing"
"вакансия заборы и ограждения в ярославле";"https://dodelay.ru/podrabotka/yaroslavl/fencing"
"заборы и ограждения в рыбинске";"https://dodelay.ru/podrabotka/rybinsk/fencing"
"заборы и ограждения рыбинск";"https://dodelay.ru/podrabotka/rybinsk/fencing"
"заборы и ограждения в рыбинске недорого";"https://dodelay.ru/podrabotka/rybinsk/fencing"
"заборы и ограждения в рыбинске цены";"https://dodelay.ru/podrabotka/rybinsk/fencing"
"заборы и ограждения в рыбинске на дом";"https://dodelay.ru/podrabotka/rybinsk/fencing"
"вызвать мастера по заборам в рыбинске";"https://dodelay.ru/podrabotka/rybinsk/fencing"
"нанять мастера по заборам в рыбинске";"https://dodelay.ru/podrabotka/rybinsk/fencing"
"найти мастера по заборам в рыбинске";"https://dodelay.ru/podrabotka/rybinsk/fencing"
"услуги мастера по заборам в рыбинске";"https://dodelay.ru/podrabotka/rybinsk/fencing"
"заборы и ограждения частник в рыбинске";"https://dodelay.ru/podrabotka/rybinsk/fencing"
"заборы и ограждения без посредников в рыбинске";"https://dodelay.ru/podrabotka/rybinsk/fencing"
"работа заборы и ограждения в рыбинске";"https://dodelay.ru/podrabotka/rybinsk/fencing"
"подработка заборы и ограждения в рыбинске";"https://dodelay.ru/podrabotka/rybinsk/fencing"
"требуется заборы и ограждения в рыбинске";"https://dodelay.ru/podrabotka/rybinsk/fencing"
"вакансия заборы и ограждения в рыбинске";"https://dodelay.ru/podrabotka/rybinsk/fencing"
"заборы и ограждения в тутаеве";"https://dodelay.ru/podrabotka/tutaev/fencing"
"заборы и ограждения тутаев";"https://dodelay.ru/podrabotka/tutaev/fencing"
"заборы и ограждения в тутаеве недорого";"https://dodelay.ru/podrabotka/tutaev/fencing"
"заборы и ограждения в тутаеве цены";"https://dodelay.ru/podrabotka/tutaev/fencing"
"заборы и ограждения в тутаеве на дом";"https://dodelay.ru/podrabotka/tutaev/fencing"
"вызвать мастера по заборам в тутаеве";"https://dodelay.ru/podrabotka/tutaev/fencing"
"нанять мастера по заборам в тутаеве";"https://dodelay.ru/podrabotka/tutaev/fencing"
"найти мастера по заборам в тутаеве";"https://dodelay.ru/podrabotka/tutaev/fencing"
"услуги мастера по заборам в тутаеве";"https://dodelay.ru/podrabotka/tutaev/fencing"
"заборы и ограждения частник в тутаеве";"https://dodelay.ru/podrabotka/tutaev/fencing"
"заборы и ограждения без посредников в тутаеве";"https://dodelay.ru/podrabotka/tutaev/fencing"
"работа заборы и ограждения в тутаеве";"https://dodelay.ru/podrabotka/tutaev/fencing"
"подработка заборы и ограждения в тутаеве";"https://dodelay.ru/podrabotka/tutaev/fencing"
"требуется заборы и ограждения в тутаеве";"https://dodelay.ru/podrabotka/tutaev/fencing"
"вакансия заборы и ограждения в тутаеве";"https://dodelay.ru/podrabotka/tutaev/fencing"
"заборы и ограждения в переславле-залесском";"https://dodelay.ru/podrabotka/pereslavl/fencing"
"заборы и ограждения переславль-залесский";"https://dodelay.ru/podrabotka/pereslavl/fencing"
"заборы и ограждения в переславле-залесском недорого";"https://dodelay.ru/podrabotka/pereslavl/fencing"
"заборы и ограждения в переславле-залесском цены";"https://dodelay.ru/podrabotka/pereslavl/fencing"
"заборы и ограждения в переславле-залесском на дом";"https://dodelay.ru/podrabotka/pereslavl/fencing"
"вызвать мастера по заборам в переславле-залесском";"https://dodelay.ru/podrabotka/pereslavl/fencing"
"нанять мастера по заборам в переславле-залесском";"https://dodelay.ru/podrabotka/pereslavl/fencing"
"найти мастера по заборам в переславле-залесском";"https://dodelay.ru/podrabotka/pereslavl/fencing"
"услуги мастера по заборам в переславле-залесском";"https://dodelay.ru/podrabotka/pereslavl/fencing"
"заборы и ограждения частник в переславле-залесском";"https://dodelay.ru/podrabotka/pereslavl/fencing"
"заборы и ограждения без посредников в переславле-залесском";"https://dodelay.ru/podrabotka/pereslavl/fencing"
"работа заборы и ограждения в переславле-залесском";"https://dodelay.ru/podrabotka/pereslavl/fencing"
"подработка заборы и ограждения в переславле-залесском";"https://dodelay.ru/podrabotka/pereslavl/fencing"
"требуется заборы и ограждения в переславле-залесском";"https://dodelay.ru/podrabotka/pereslavl/fencing"
"вакансия заборы и ограждения в переславле-залесском";"https://dodelay.ru/podrabotka/pereslavl/fencing"
"заборы и ограждения в угличе";"https://dodelay.ru/podrabotka/uglich/fencing"
"заборы и ограждения углич";"https://dodelay.ru/podrabotka/uglich/fencing"
"заборы и ограждения в угличе недорого";"https://dodelay.ru/podrabotka/uglich/fencing"
"заборы и ограждения в угличе цены";"https://dodelay.ru/podrabotka/uglich/fencing"
"заборы и ограждения в угличе на дом";"https://dodelay.ru/podrabotka/uglich/fencing"
"вызвать мастера по заборам в угличе";"https://dodelay.ru/podrabotka/uglich/fencing"
"нанять мастера по заборам в угличе";"https://dodelay.ru/podrabotka/uglich/fencing"
"найти мастера по заборам в угличе";"https://dodelay.ru/podrabotka/uglich/fencing"
"услуги мастера по заборам в угличе";"https://dodelay.ru/podrabotka/uglich/fencing"
"заборы и ограждения частник в угличе";"https://dodelay.ru/podrabotka/uglich/fencing"
"заборы и ограждения без посредников в угличе";"https://dodelay.ru/podrabotka/uglich/fencing"
"работа заборы и ограждения в угличе";"https://dodelay.ru/podrabotka/uglich/fencing"
"подработка заборы и ограждения в угличе";"https://dodelay.ru/podrabotka/uglich/fencing"
"требуется заборы и ограждения в угличе";"https://dodelay.ru/podrabotka/uglich/fencing"
"вакансия заборы и ограждения в угличе";"https://dodelay.ru/podrabotka/uglich/fencing"
"заборы и ограждения в ростове великом";"https://dodelay.ru/podrabotka/rostov/fencing"
"заборы и ограждения ростов великий";"https://dodelay.ru/podrabotka/rostov/fencing"
"заборы и ограждения в ростове великом недорого";"https://dodelay.ru/podrabotka/rostov/fencing"
"заборы и ограждения в ростове великом цены";"https://dodelay.ru/podrabotka/rostov/fencing"
"заборы и ограждения в ростове великом на дом";"https://dodelay.ru/podrabotka/rostov/fencing"
"вызвать мастера по заборам в ростове великом";"https://dodelay.ru/podrabotka/rostov/fencing"
"нанять мастера по заборам в ростове великом";"https://dodelay.ru/podrabotka/rostov/fencing"
"найти мастера по заборам в ростове великом";"https://dodelay.ru/podrabotka/rostov/fencing"
"услуги мастера по заборам в ростове великом";"https://dodelay.ru/podrabotka/rostov/fencing"
"заборы и ограждения частник в ростове великом";"https://dodelay.ru/podrabotka/rostov/fencing"
"заборы и ограждения без посредников в ростове великом";"https://dodelay.ru/podrabotka/rostov/fencing"
"работа заборы и ограждения в ростове великом";"https://dodelay.ru/podrabotka/rostov/fencing"
"подработка заборы и ограждения в ростове великом";"https://dodelay.ru/podrabotka/rostov/fencing"
"требуется заборы и ограждения в ростове великом";"https://dodelay.ru/podrabotka/rostov/fencing"
"вакансия заборы и ограждения в ростове великом";"https://dodelay.ru/podrabotka/rostov/fencing"
"забор из профлиста";"https://dodelay.ru/podrabotka/yaroslavl/fencing"
"сколько стоит забор из профлиста";"https://dodelay.ru/podrabotka/yaroslavl/fencing"
"забор из сетки";"https://dodelay.ru/podrabotka/yaroslavl/fencing"
"сколько стоит забор из сетки";"https://dodelay.ru/podrabotka/yaroslavl/fencing"
"установка столба в ярославле";"https://dodelay.ru/podrabotka/yaroslavl/fencing"
"установка столба цена";"https://dodelay.ru/podrabotka/yaroslavl/fencing"
"сколько стоит установка столба";"https://dodelay.ru/podrabotka/yaroslavl/fencing"
"калитка с установкой в ярославле";"https://dodelay.ru/podrabotka/yaroslavl/fencing"
"калитка с установкой цена";"https://dodelay.ru/podrabotka/yaroslavl/fencing"
"сколько стоит калитка с установкой";"https://dodelay.ru/podrabotka/yaroslavl/fencing"
"бани и беседки в ярославле";"https://dodelay.ru/podrabotka/yaroslavl/bathhouse"
"бани и беседки ярославль";"https://dodelay.ru/podrabotka/yaroslavl/bathhouse"
"бани и беседки в ярославле недорого";"https://dodelay.ru/podrabotka/yaroslavl/bathhouse"
"бани и беседки в ярославле цены";"https://dodelay.ru/podrabotka/yaroslavl/bathhouse"
"бани и беседки в ярославле на дом";"https://dodelay.ru/podrabotka/yaroslavl/bathhouse"
"вызвать мастера по баням в ярославле";"https://dodelay.ru/podrabotka/yaroslavl/bathhouse"
"нанять мастера по баням в ярославле";"https://dodelay.ru/podrabotka/yaroslavl/bathhouse"
"найти мастера по баням в ярославле";"https://dodelay.ru/podrabotka/yaroslavl/bathhouse"
"услуги мастера по баням в ярославле";"https://dodelay.ru/podrabotka/yaroslavl/bathhouse"
"бани и беседки частник в ярославле";"https://dodelay.ru/podrabotka/yaroslavl/bathhouse"
"бани и беседки без посредников в ярославле";"https://dodelay.ru/podrabotka/yaroslavl/bathhouse"
"работа бани и беседки в ярославле";"https://dodelay.ru/podrabotka/yaroslavl/bathhouse"
"подработка бани и беседки в ярославле";"https://dodelay.ru/podrabotka/yaroslavl/bathhouse"
"требуется бани и беседки в ярославле";"https://dodelay.ru/podrabotka/yaroslavl/bathhouse"
"вакансия бани и беседки в ярославле";"https://dodelay.ru/podrabotka/yaroslavl/bathhouse"
"бани и беседки в рыбинске";"https://dodelay.ru/podrabotka/rybinsk/bathhouse"
"бани и беседки рыбинск";"https://dodelay.ru/podrabotka/rybinsk/bathhouse"
"бани и беседки в рыбинске недорого";"https://dodelay.ru/podrabotka/rybinsk/bathhouse"
"бани и беседки в рыбинске цены";"https://dodelay.ru/podrabotka/rybinsk/bathhouse"
"бани и беседки в рыбинске на дом";"https://dodelay.ru/podrabotka/rybinsk/bathhouse"
"вызвать мастера по баням в рыбинске";"https://dodelay.ru/podrabotka/rybinsk/bathhouse"
"нанять мастера по баням в рыбинске";"https://dodelay.ru/podrabotka/rybinsk/bathhouse"
"найти мастера по баням в рыбинске";"https://dodelay.ru/podrabotka/rybinsk/bathhouse"
"услуги мастера по баням в рыбинске";"https://dodelay.ru/podrabotka/rybinsk/bathhouse"
"бани и беседки частник в рыбинске";"https://dodelay.ru/podrabotka/rybinsk/bathhouse"
"бани и беседки без посредников в рыбинске";"https://dodelay.ru/podrabotka/rybinsk/bathhouse"
"работа бани и беседки в рыбинске";"https://dodelay.ru/podrabotka/rybinsk/bathhouse"
"подработка бани и беседки в рыбинске";"https://dodelay.ru/podrabotka/rybinsk/bathhouse"
"требуется бани и беседки в рыбинске";"https://dodelay.ru/podrabotka/rybinsk/bathhouse"
"вакансия бани и беседки в рыбинске";"https://dodelay.ru/podrabotka/rybinsk/bathhouse"
"бани и беседки в тутаеве";"https://dodelay.ru/podrabotka/tutaev/bathhouse"
"бани и беседки тутаев";"https://dodelay.ru/podrabotka/tutaev/bathhouse"
"бани и беседки в тутаеве недорого";"https://dodelay.ru/podrabotka/tutaev/bathhouse"
"бани и беседки в тутаеве цены";"https://dodelay.ru/podrabotka/tutaev/bathhouse"
"бани и беседки в тутаеве на дом";"https://dodelay.ru/podrabotka/tutaev/bathhouse"
"вызвать мастера по баням в тутаеве";"https://dodelay.ru/podrabotka/tutaev/bathhouse"
"нанять мастера по баням в тутаеве";"https://dodelay.ru/podrabotka/tutaev/bathhouse"
"найти мастера по баням в тутаеве";"https://dodelay.ru/podrabotka/tutaev/bathhouse"
"услуги мастера по баням в тутаеве";"https://dodelay.ru/podrabotka/tutaev/bathhouse"
"бани и беседки частник в тутаеве";"https://dodelay.ru/podrabotka/tutaev/bathhouse"
"бани и беседки без посредников в тутаеве";"https://dodelay.ru/podrabotka/tutaev/bathhouse"
"работа бани и беседки в тутаеве";"https://dodelay.ru/podrabotka/tutaev/bathhouse"
"подработка бани и беседки в тутаеве";"https://dodelay.ru/podrabotka/tutaev/bathhouse"
"требуется бани и беседки в тутаеве";"https://dodelay.ru/podrabotka/tutaev/bathhouse"
"вакансия бани и беседки в тутаеве";"https://dodelay.ru/podrabotka/tutaev/bathhouse"
"бани и беседки в переславле-залесском";"https://dodelay.ru/podrabotka/pereslavl/bathhouse"
"бани и беседки переславль-залесский";"https://dodelay.ru/podrabotka/pereslavl/bathhouse"
"бани и беседки в переславле-залесском недорого";"https://dodelay.ru/podrabotka/pereslavl/bathhouse"
"бани и беседки в переславле-залесском цены";"https://dodelay.ru/podrabotka/pereslavl/bathhouse"
"бани и беседки в переславле-залесском на дом";"https://dodelay.ru/podrabotka/pereslavl/bathhouse"
"вызвать мастера по баням в переславле-залесском";"https://dodelay.ru/podrabotka/pereslavl/bathhouse"
"нанять мастера по баням в переславле-залесском";"https://dodelay.ru/podrabotka/pereslavl/bathhouse"
"найти мастера по баням в переславле-залесском";"https://dodelay.ru/podrabotka/pereslavl/bathhouse"
"услуги мастера по баням в переславле-залесском";"https://dodelay.ru/podrabotka/pereslavl/bathhouse"
"бани и беседки частник в переславле-залесском";"https://dodelay.ru/podrabotka/pereslavl/bathhouse"
"бани и беседки без посредников в переславле-залесском";"https://dodelay.ru/podrabotka/pereslavl/bathhouse"
"работа бани и беседки в переславле-залесском";"https://dodelay.ru/podrabotka/pereslavl/bathhouse"
"подработка бани и беседки в переславле-залесском";"https://dodelay.ru/podrabotka/pereslavl/bathhouse"
"требуется бани и беседки в переславле-залесском";"https://dodelay.ru/podrabotka/pereslavl/bathhouse"
"вакансия бани и беседки в переславле-залесском";"https://dodelay.ru/podrabotka/pereslavl/bathhouse"
"бани и беседки в угличе";"https://dodelay.ru/podrabotka/uglich/bathhouse"
"бани и беседки углич";"https://dodelay.ru/podrabotka/uglich/bathhouse"
"бани и беседки в угличе недорого";"https://dodelay.ru/podrabotka/uglich/bathhouse"
"бани и беседки в угличе цены";"https://dodelay.ru/podrabotka/uglich/bathhouse"
"бани и беседки в угличе на дом";"https://dodelay.ru/podrabotka/uglich/bathhouse"
"вызвать мастера по баням в угличе";"https://dodelay.ru/podrabotka/uglich/bathhouse"
"нанять мастера по баням в угличе";"https://dodelay.ru/podrabotka/uglich/bathhouse"
"найти мастера по баням в угличе";"https://dodelay.ru/podrabotka/uglich/bathhouse"
"услуги мастера по баням в угличе";"https://dodelay.ru/podrabotka/uglich/bathhouse"
"бани и беседки частник в угличе";"https://dodelay.ru/podrabotka/uglich/bathhouse"
"бани и беседки без посредников в угличе";"https://dodelay.ru/podrabotka/uglich/bathhouse"
"работа бани и беседки в угличе";"https://dodelay.ru/podrabotka/uglich/bathhouse"
"подработка бани и беседки в угличе";"https://dodelay.ru/podrabotka/uglich/bathhouse"
"требуется бани и беседки в угличе";"https://dodelay.ru/podrabotka/uglich/bathhouse"
"вакансия бани и беседки в угличе";"https://dodelay.ru/podrabotka/uglich/bathhouse"
"бани и беседки в ростове великом";"https://dodelay.ru/podrabotka/rostov/bathhouse"
"бани и беседки ростов великий";"https://dodelay.ru/podrabotka/rostov/bathhouse"
"бани и беседки в ростове великом недорого";"https://dodelay.ru/podrabotka/rostov/bathhouse"
"бани и беседки в ростове великом цены";"https://dodelay.ru/podrabotka/rostov/bathhouse"
"бани и беседки в ростове великом на дом";"https://dodelay.ru/podrabotka/rostov/bathhouse"
"вызвать мастера по баням в ростове великом";"https://dodelay.ru/podrabotka/rostov/bathhouse"
"нанять мастера по баням в ростове великом";"https://dodelay.ru/podrabotka/rostov/bathhouse"
"найти мастера по баням в ростове великом";"https://dodelay.ru/podrabotka/rostov/bathhouse"
"услуги мастера по баням в ростове великом";"https://dodelay.ru/podrabotka/rostov/bathhouse"
"бани и беседки частник в ростове великом";"https://dodelay.ru/podrabotka/rostov/bathhouse"
"бани и беседки без посредников в ростове великом";"https://dodelay.ru/podrabotka/rostov/bathhouse"
"работа бани и беседки в ростове великом";"https://dodelay.ru/podrabotka/rostov/bathhouse"
"подработка бани и беседки в ростове великом";"https://dodelay.ru/podrabotka/rostov/bathhouse"
"требуется бани и беседки в ростове великом";"https://dodelay.ru/podrabotka/rostov/bathhouse"
"вакансия бани и беседки в ростове великом";"https://dodelay.ru/podrabotka/rostov/bathhouse"
"беседка 3×3 м в ярославле";"https://dodelay.ru/podrabotka/yaroslavl/bathhouse"
"беседка 3×3 м цена";"https://dodelay.ru/podrabotka/yaroslavl/bathhouse"
"сколько стоит беседка 3×3 м";"https://dodelay.ru/podrabotka/yaroslavl/bathhouse"
"обшивка парилки вагонкой";"https://dodelay.ru/podrabotka/yaroslavl/bathhouse"
"сколько стоит обшивка парилки вагонкой";"https://dodelay.ru/podrabotka/yaroslavl/bathhouse"
"ремонт полов в бане в ярославле";"https://dodelay.ru/podrabotka/yaroslavl/bathhouse"
"ремонт полов в бане цена";"https://dodelay.ru/podrabotka/yaroslavl/bathhouse"
"сколько стоит ремонт полов в бане";"https://dodelay.ru/podrabotka/yaroslavl/bathhouse"
"установка банной печи в ярославле";"https://dodelay.ru/podrabotka/yaroslavl/bathhouse"
"установка банной печи цена";"https://dodelay.ru/podrabotka/yaroslavl/bathhouse"
"сколько стоит установка банной печи";"https://dodelay.ru/podrabotka/yaroslavl/bathhouse"
"тротуарная плитка в ярославле";"https://dodelay.ru/podrabotka/yaroslavl/paving"
"тротуарная плитка ярославль";"https://dodelay.ru/podrabotka/yaroslavl/paving"
"тротуарная плитка в ярославле недорого";"https://dodelay.ru/podrabotka/yaroslavl/paving"
"тротуарная плитка в ярославле цены";"https://dodelay.ru/podrabotka/yaroslavl/paving"
"тротуарная плитка в ярославле на дом";"https://dodelay.ru/podrabotka/yaroslavl/paving"
"вызвать мастера по укладке плитки в ярославле";"https://dodelay.ru/podrabotka/yaroslavl/paving"
"нанять мастера по укладке плитки в ярославле";"https://dodelay.ru/podrabotka/yaroslavl/paving"
"найти мастера по укладке плитки в ярославле";"https://dodelay.ru/podrabotka/yaroslavl/paving"
"услуги мастера по укладке плитки в ярославле";"https://dodelay.ru/podrabotka/yaroslavl/paving"
"тротуарная плитка частник в ярославле";"https://dodelay.ru/podrabotka/yaroslavl/paving"
"тротуарная плитка без посредников в ярославле";"https://dodelay.ru/podrabotka/yaroslavl/paving"
"работа тротуарная плитка в ярославле";"https://dodelay.ru/podrabotka/yaroslavl/paving"
"подработка тротуарная плитка в ярославле";"https://dodelay.ru/podrabotka/yaroslavl/paving"
"требуется тротуарная плитка в ярославле";"https://dodelay.ru/podrabotka/yaroslavl/paving"
"вакансия тротуарная плитка в ярославле";"https://dodelay.ru/podrabotka/yaroslavl/paving"
"тротуарная плитка в рыбинске";"https://dodelay.ru/podrabotka/rybinsk/paving"
"тротуарная плитка рыбинск";"https://dodelay.ru/podrabotka/rybinsk/paving"
"тротуарная плитка в рыбинске недорого";"https://dodelay.ru/podrabotka/rybinsk/paving"
"тротуарная плитка в рыбинске цены";"https://dodelay.ru/podrabotka/rybinsk/paving"
"тротуарная плитка в рыбинске на дом";"https://dodelay.ru/podrabotka/rybinsk/paving"
"вызвать мастера по укладке плитки в рыбинске";"https://dodelay.ru/podrabotka/rybinsk/paving"
"нанять мастера по укладке плитки в рыбинске";"https://dodelay.ru/podrabotka/rybinsk/paving"
"найти мастера по укладке плитки в рыбинске";"https://dodelay.ru/podrabotka/rybinsk/paving"
"услуги мастера по укладке плитки в рыбинске";"https://dodelay.ru/podrabotka/rybinsk/paving"
"тротуарная плитка частник в рыбинске";"https://dodelay.ru/podrabotka/rybinsk/paving"
"тротуарная плитка без посредников в рыбинске";"https://dodelay.ru/podrabotka/rybinsk/paving"
"работа тротуарная плитка в рыбинске";"https://dodelay.ru/podrabotka/rybinsk/paving"
"подработка тротуарная плитка в рыбинске";"https://dodelay.ru/podrabotka/rybinsk/paving"
"требуется тротуарная плитка в рыбинске";"https://dodelay.ru/podrabotka/rybinsk/paving"
"вакансия тротуарная плитка в рыбинске";"https://dodelay.ru/podrabotka/rybinsk/paving"
"тротуарная плитка в тутаеве";"https://dodelay.ru/podrabotka/tutaev/paving"
"тротуарная плитка тутаев";"https://dodelay.ru/podrabotka/tutaev/paving"
"тротуарная плитка в тутаеве недорого";"https://dodelay.ru/podrabotka/tutaev/paving"
"тротуарная плитка в тутаеве цены";"https://dodelay.ru/podrabotka/tutaev/paving"
"тротуарная плитка в тутаеве на дом";"https://dodelay.ru/podrabotka/tutaev/paving"
"вызвать мастера по укладке плитки в тутаеве";"https://dodelay.ru/podrabotka/tutaev/paving"
"нанять мастера по укладке плитки в тутаеве";"https://dodelay.ru/podrabotka/tutaev/paving"
"найти мастера по укладке плитки в тутаеве";"https://dodelay.ru/podrabotka/tutaev/paving"
"услуги мастера по укладке плитки в тутаеве";"https://dodelay.ru/podrabotka/tutaev/paving"
"тротуарная плитка частник в тутаеве";"https://dodelay.ru/podrabotka/tutaev/paving"
"тротуарная плитка без посредников в тутаеве";"https://dodelay.ru/podrabotka/tutaev/paving"
"работа тротуарная плитка в тутаеве";"https://dodelay.ru/podrabotka/tutaev/paving"
"подработка тротуарная плитка в тутаеве";"https://dodelay.ru/podrabotka/tutaev/paving"
"требуется тротуарная плитка в тутаеве";"https://dodelay.ru/podrabotka/tutaev/paving"
"вакансия тротуарная плитка в тутаеве";"https://dodelay.ru/podrabotka/tutaev/paving"
"тротуарная плитка в переславле-залесском";"https://dodelay.ru/podrabotka/pereslavl/paving"
"тротуарная плитка переславль-залесский";"https://dodelay.ru/podrabotka/pereslavl/paving"
"тротуарная плитка в переславле-залесском недорого";"https://dodelay.ru/podrabotka/pereslavl/paving"
"тротуарная плитка в переславле-залесском цены";"https://dodelay.ru/podrabotka/pereslavl/paving"
"тротуарная плитка в переславле-залесском на дом";"https://dodelay.ru/podrabotka/pereslavl/paving"
"вызвать мастера по укладке плитки в переславле-залесском";"https://dodelay.ru/podrabotka/pereslavl/paving"
"нанять мастера по укладке плитки в переславле-залесском";"https://dodelay.ru/podrabotka/pereslavl/paving"
"найти мастера по укладке плитки в переславле-залесском";"https://dodelay.ru/podrabotka/pereslavl/paving"
"услуги мастера по укладке плитки в переславле-залесском";"https://dodelay.ru/podrabotka/pereslavl/paving"
"тротуарная плитка частник в переславле-залесском";"https://dodelay.ru/podrabotka/pereslavl/paving"
"тротуарная плитка без посредников в переславле-залесском";"https://dodelay.ru/podrabotka/pereslavl/paving"
"работа тротуарная плитка в переславле-залесском";"https://dodelay.ru/podrabotka/pereslavl/paving"
"подработка тротуарная плитка в переславле-залесском";"https://dodelay.ru/podrabotka/pereslavl/paving"
"требуется тротуарная плитка в переславле-залесском";"https://dodelay.ru/podrabotka/pereslavl/paving"
"вакансия тротуарная плитка в переславле-залесском";"https://dodelay.ru/podrabotka/pereslavl/paving"
"тротуарная плитка в угличе";"https://dodelay.ru/podrabotka/uglich/paving"
"тротуарная плитка углич";"https://dodelay.ru/podrabotka/uglich/paving"
"тротуарная плитка в угличе недорого";"https://dodelay.ru/podrabotka/uglich/paving"
"тротуарная плитка в угличе цены";"https://dodelay.ru/podrabotka/uglich/paving"
"тротуарная плитка в угличе на дом";"https://dodelay.ru/podrabotka/uglich/paving"
"вызвать мастера по укладке плитки в угличе";"https://dodelay.ru/podrabotka/uglich/paving"
"нанять мастера по укладке плитки в угличе";"https://dodelay.ru/podrabotka/uglich/paving"
"найти мастера по укладке плитки в угличе";"https://dodelay.ru/podrabotka/uglich/paving"
"услуги мастера по укладке плитки в угличе";"https://dodelay.ru/podrabotka/uglich/paving"
"тротуарная плитка частник в угличе";"https://dodelay.ru/podrabotka/uglich/paving"
"тротуарная плитка без посредников в угличе";"https://dodelay.ru/podrabotka/uglich/paving"
"работа тротуарная плитка в угличе";"https://dodelay.ru/podrabotka/uglich/paving"
"подработка тротуарная плитка в угличе";"https://dodelay.ru/podrabotka/uglich/paving"
"требуется тротуарная плитка в угличе";"https://dodelay.ru/podrabotka/uglich/paving"
"вакансия тротуарная плитка в угличе";"https://dodelay.ru/podrabotka/uglich/paving"
"тротуарная плитка в ростове великом";"https://dodelay.ru/podrabotka/rostov/paving"
"тротуарная плитка ростов великий";"https://dodelay.ru/podrabotka/rostov/paving"
"тротуарная плитка в ростове великом недорого";"https://dodelay.ru/podrabotka/rostov/paving"
"тротуарная плитка в ростове великом цены";"https://dodelay.ru/podrabotka/rostov/paving"
"тротуарная плитка в ростове великом на дом";"https://dodelay.ru/podrabotka/rostov/paving"
"вызвать мастера по укладке плитки в ростове великом";"https://dodelay.ru/podrabotka/rostov/paving"
"нанять мастера по укладке плитки в ростове великом";"https://dodelay.ru/podrabotka/rostov/paving"
"найти мастера по укладке плитки в ростове великом";"https://dodelay.ru/podrabotka/rostov/paving"
"услуги мастера по укладке плитки в ростове великом";"https://dodelay.ru/podrabotka/rostov/paving"
"тротуарная плитка частник в ростове великом";"https://dodelay.ru/podrabotka/rostov/paving"
"тротуарная плитка без посредников в ростове великом";"https://dodelay.ru/podrabotka/rostov/paving"
"работа тротуарная плитка в ростове великом";"https://dodelay.ru/podrabotka/rostov/paving"
"подработка тротуарная плитка в ростове великом";"https://dodelay.ru/podrabotka/rostov/paving"
"требуется тротуарная плитка в ростове великом";"https://dodelay.ru/podrabotka/rostov/paving"
"вакансия тротуарная плитка в ростове великом";"https://dodelay.ru/podrabotka/rostov/paving"
"укладка тротуарной плитки";"https://dodelay.ru/podrabotka/yaroslavl/paving"
"сколько стоит укладка тротуарной плитки";"https://dodelay.ru/podrabotka/yaroslavl/paving"
"подготовка основания";"https://dodelay.ru/podrabotka/yaroslavl/paving"
"сколько стоит подготовка основания";"https://dodelay.ru/podrabotka/yaroslavl/paving"
"установка бордюра";"https://dodelay.ru/podrabotka/yaroslavl/paving"
"сколько стоит установка бордюра";"https://dodelay.ru/podrabotka/yaroslavl/paving"
"тракторные работы в ярославле";"https://dodelay.ru/podrabotka/yaroslavl/tractor"
"тракторные работы ярославль";"https://dodelay.ru/podrabotka/yaroslavl/tractor"
"тракторные работы в ярославле недорого";"https://dodelay.ru/podrabotka/yaroslavl/tractor"
"тракторные работы в ярославле цены";"https://dodelay.ru/podrabotka/yaroslavl/tractor"
"тракторные работы в ярославле на дом";"https://dodelay.ru/podrabotka/yaroslavl/tractor"
"вызвать тракториста в ярославле";"https://dodelay.ru/podrabotka/yaroslavl/tractor"
"нанять тракториста в ярославле";"https://dodelay.ru/podrabotka/yaroslavl/tractor"
"найти тракториста в ярославле";"https://dodelay.ru/podrabotka/yaroslavl/tractor"
"услуги тракториста в ярославле";"https://dodelay.ru/podrabotka/yaroslavl/tractor"
"тракторные работы частник в ярославле";"https://dodelay.ru/podrabotka/yaroslavl/tractor"
"тракторные работы без посредников в ярославле";"https://dodelay.ru/podrabotka/yaroslavl/tractor"
"работа тракторные работы в ярославле";"https://dodelay.ru/podrabotka/yaroslavl/tractor"
"подработка тракторные работы в ярославле";"https://dodelay.ru/podrabotka/yaroslavl/tractor"
"требуется тракторные работы в ярославле";"https://dodelay.ru/podrabotka/yaroslavl/tractor"
"вакансия тракторные работы в ярославле";"https://dodelay.ru/podrabotka/yaroslavl/tractor"
"тракторные работы в рыбинске";"https://dodelay.ru/podrabotka/rybinsk/tractor"
"тракторные работы рыбинск";"https://dodelay.ru/podrabotka/rybinsk/tractor"
"тракторные работы в рыбинске недорого";"https://dodelay.ru/podrabotka/rybinsk/tractor"
"тракторные работы в рыбинске цены";"https://dodelay.ru/podrabotka/rybinsk/tractor"
"тракторные работы в рыбинске на дом";"https://dodelay.ru/podrabotka/rybinsk/tractor"
"вызвать тракториста в рыбинске";"https://dodelay.ru/podrabotka/rybinsk/tractor"
"нанять тракториста в рыбинске";"https://dodelay.ru/podrabotka/rybinsk/tractor"
"найти тракториста в рыбинске";"https://dodelay.ru/podrabotka/rybinsk/tractor"
"услуги тракториста в рыбинске";"https://dodelay.ru/podrabotka/rybinsk/tractor"
"тракторные работы частник в рыбинске";"https://dodelay.ru/podrabotka/rybinsk/tractor"
"тракторные работы без посредников в рыбинске";"https://dodelay.ru/podrabotka/rybinsk/tractor"
"работа тракторные работы в рыбинске";"https://dodelay.ru/podrabotka/rybinsk/tractor"
"подработка тракторные работы в рыбинске";"https://dodelay.ru/podrabotka/rybinsk/tractor"
"требуется тракторные работы в рыбинске";"https://dodelay.ru/podrabotka/rybinsk/tractor"
"вакансия тракторные работы в рыбинске";"https://dodelay.ru/podrabotka/rybinsk/tractor"
"тракторные работы в тутаеве";"https://dodelay.ru/podrabotka/tutaev/tractor"
"тракторные работы тутаев";"https://dodelay.ru/podrabotka/tutaev/tractor"
"тракторные работы в тутаеве недорого";"https://dodelay.ru/podrabotka/tutaev/tractor"
"тракторные работы в тутаеве цены";"https://dodelay.ru/podrabotka/tutaev/tractor"
"тракторные работы в тутаеве на дом";"https://dodelay.ru/podrabotka/tutaev/tractor"
"вызвать тракториста в тутаеве";"https://dodelay.ru/podrabotka/tutaev/tractor"
"нанять тракториста в тутаеве";"https://dodelay.ru/podrabotka/tutaev/tractor"
"найти тракториста в тутаеве";"https://dodelay.ru/podrabotka/tutaev/tractor"
"услуги тракториста в тутаеве";"https://dodelay.ru/podrabotka/tutaev/tractor"
"тракторные работы частник в тутаеве";"https://dodelay.ru/podrabotka/tutaev/tractor"
"тракторные работы без посредников в тутаеве";"https://dodelay.ru/podrabotka/tutaev/tractor"
"работа тракторные работы в тутаеве";"https://dodelay.ru/podrabotka/tutaev/tractor"
"подработка тракторные работы в тутаеве";"https://dodelay.ru/podrabotka/tutaev/tractor"
"требуется тракторные работы в тутаеве";"https://dodelay.ru/podrabotka/tutaev/tractor"
"вакансия тракторные работы в тутаеве";"https://dodelay.ru/podrabotka/tutaev/tractor"
"тракторные работы в переславле-залесском";"https://dodelay.ru/podrabotka/pereslavl/tractor"
"тракторные работы переславль-залесский";"https://dodelay.ru/podrabotka/pereslavl/tractor"
"тракторные работы в переславле-залесском недорого";"https://dodelay.ru/podrabotka/pereslavl/tractor"
"тракторные работы в переславле-залесском цены";"https://dodelay.ru/podrabotka/pereslavl/tractor"
"тракторные работы в переславле-залесском на дом";"https://dodelay.ru/podrabotka/pereslavl/tractor"
"вызвать тракториста в переславле-залесском";"https://dodelay.ru/podrabotka/pereslavl/tractor"
"нанять тракториста в переславле-залесском";"https://dodelay.ru/podrabotka/pereslavl/tractor"
"найти тракториста в переславле-залесском";"https://dodelay.ru/podrabotka/pereslavl/tractor"
"услуги тракториста в переславле-залесском";"https://dodelay.ru/podrabotka/pereslavl/tractor"
"тракторные работы частник в переславле-залесском";"https://dodelay.ru/podrabotka/pereslavl/tractor"
"тракторные работы без посредников в переславле-залесском";"https://dodelay.ru/podrabotka/pereslavl/tractor"
"работа тракторные работы в переславле-залесском";"https://dodelay.ru/podrabotka/pereslavl/tractor"
"подработка тракторные работы в переславле-залесском";"https://dodelay.ru/podrabotka/pereslavl/tractor"
"требуется тракторные работы в переславле-залесском";"https://dodelay.ru/podrabotka/pereslavl/tractor"
"вакансия тракторные работы в переславле-залесском";"https://dodelay.ru/podrabotka/pereslavl/tractor"
"тракторные работы в угличе";"https://dodelay.ru/podrabotka/uglich/tractor"
"тракторные работы углич";"https://dodelay.ru/podrabotka/uglich/tractor"
"тракторные работы в угличе недорого";"https://dodelay.ru/podrabotka/uglich/tractor"
"тракторные работы в угличе цены";"https://dodelay.ru/podrabotka/uglich/tractor"
"тракторные работы в угличе на дом";"https://dodelay.ru/podrabotka/uglich/tractor"
"вызвать тракториста в угличе";"https://dodelay.ru/podrabotka/uglich/tractor"
"нанять тракториста в угличе";"https://dodelay.ru/podrabotka/uglich/tractor"
"найти тракториста в угличе";"https://dodelay.ru/podrabotka/uglich/tractor"
"услуги тракториста в угличе";"https://dodelay.ru/podrabotka/uglich/tractor"
"тракторные работы частник в угличе";"https://dodelay.ru/podrabotka/uglich/tractor"
"тракторные работы без посредников в угличе";"https://dodelay.ru/podrabotka/uglich/tractor"
"работа тракторные работы в угличе";"https://dodelay.ru/podrabotka/uglich/tractor"
"подработка тракторные работы в угличе";"https://dodelay.ru/podrabotka/uglich/tractor"
"требуется тракторные работы в угличе";"https://dodelay.ru/podrabotka/uglich/tractor"
"вакансия тракторные работы в угличе";"https://dodelay.ru/podrabotka/uglich/tractor"
"тракторные работы в ростове великом";"https://dodelay.ru/podrabotka/rostov/tractor"
"тракторные работы ростов великий";"https://dodelay.ru/podrabotka/rostov/tractor"
"тракторные работы в ростове великом недорого";"https://dodelay.ru/podrabotka/rostov/tractor"
"тракторные работы в ростове великом цены";"https://dodelay.ru/podrabotka/rostov/tractor"
"тракторные работы в ростове великом на дом";"https://dodelay.ru/podrabotka/rostov/tractor"
"вызвать тракториста в ростове великом";"https://dodelay.ru/podrabotka/rostov/tractor"
"нанять тракториста в ростове великом";"https://dodelay.ru/podrabotka/rostov/tractor"
"найти тракториста в ростове великом";"https://dodelay.ru/podrabotka/rostov/tractor"
"услуги тракториста в ростове великом";"https://dodelay.ru/podrabotka/rostov/tractor"
"тракторные работы частник в ростове великом";"https://dodelay.ru/podrabotka/rostov/tractor"
"тракторные работы без посредников в ростове великом";"https://dodelay.ru/podrabotka/rostov/tractor"
"работа тракторные работы в ростове великом";"https://dodelay.ru/podrabotka/rostov/tractor"
"подработка тракторные работы в ростове великом";"https://dodelay.ru/podrabotka/rostov/tractor"
"требуется тракторные работы в ростове великом";"https://dodelay.ru/podrabotka/rostov/tractor"
"вакансия тракторные работы в ростове великом";"https://dodelay.ru/podrabotka/rostov/tractor"
"вспашка";"https://dodelay.ru/podrabotka/yaroslavl/tractor"
"сколько стоит вспашка";"https://dodelay.ru/podrabotka/yaroslavl/tractor"
"час работы экскаватора в ярославле";"https://dodelay.ru/podrabotka/yaroslavl/tractor"
"час работы экскаватора цена";"https://dodelay.ru/podrabotka/yaroslavl/tractor"
"сколько стоит час работы экскаватора";"https://dodelay.ru/podrabotka/yaroslavl/tractor"
"смена работы техники в ярославле";"https://dodelay.ru/podrabotka/yaroslavl/tractor"
"смена работы техники цена";"https://dodelay.ru/podrabotka/yaroslavl/tractor"
"сколько стоит смена работы техники";"https://dodelay.ru/podrabotka/yaroslavl/tractor"
"уборка снега в ярославле";"https://dodelay.ru/podrabotka/yaroslavl/snow"
"уборка снега ярославль";"https://dodelay.ru/podrabotka/yaroslavl/snow"
"чистка снега в ярославле";"https://dodelay.ru/podrabotka/yaroslavl/snow"
"чистка снега ярославль";"https://dodelay.ru/podrabotka/yaroslavl/snow"
"расчистка снега в ярославле";"https://dodelay.ru/podrabotka/yaroslavl/snow"
"расчистка снега ярославль";"https://dodelay.ru/podrabotka/yaroslavl/snow"
"уборка снега с крыши в ярославле";"https://dodelay.ru/podrabotka/yaroslavl/snow"
"уборка снега с крыши ярославль";"https://dodelay.ru/podrabotka/yaroslavl/snow"
"вывоз снега в ярославле";"https://dodelay.ru/podrabotka/yaroslavl/snow"
"вывоз снега ярославль";"https://dodelay.ru/podrabotka/yaroslavl/snow"
"уборка снега в ярославле недорого";"https://dodelay.ru/podrabotka/yaroslavl/snow"
"уборка снега в ярославле цены";"https://dodelay.ru/podrabotka/yaroslavl/snow"
"уборка снега в ярославле на дом";"https://dodelay.ru/podrabotka/yaroslavl/snow"
"вызвать мастера по уборке снега в ярославле";"https://dodelay.ru/podrabotka/yaroslavl/snow"
"нанять мастера по уборке снега в ярославле";"https://dodelay.ru/podrabotka/yaroslavl/snow"
"найти мастера по уборке снега в ярославле";"https://dodelay.ru/podrabotka/yaroslavl/snow"
"услуги мастера по уборке снега в ярославле";"https://dodelay.ru/podrabotka/yaroslavl/snow"
"уборка снега частник в ярославле";"https://dodelay.ru/podrabotka/yaroslavl/snow"
"уборка снега без посредников в ярославле";"https://dodelay.ru/podrabotka/yaroslavl/snow"
"работа уборка снега в ярославле";"https://dodelay.ru/podrabotka/yaroslavl/snow"
"подработка уборка снега в ярославле";"https://dodelay.ru/podrabotka/yaroslavl/snow"
"требуется уборка снега в ярославле";"https://dodelay.ru/podrabotka/yaroslavl/snow"
"вакансия уборка снега в ярославле";"https://dodelay.ru/podrabotka/yaroslavl/snow"
"уборка снега в рыбинске";"https://dodelay.ru/podrabotka/rybinsk/snow"
"уборка снега рыбинск";"https://dodelay.ru/podrabotka/rybinsk/snow"
"чистка снега в рыбинске";"https://dodelay.ru/podrabotka/rybinsk/snow"
"чистка снега рыбинск";"https://dodelay.ru/podrabotka/rybinsk/snow"
"расчистка снега в рыбинске";"https://dodelay.ru/podrabotka/rybinsk/snow"
"расчистка снега рыбинск";"https://dodelay.ru/podrabotka/rybinsk/snow"
"уборка снега с крыши в рыбинске";"https://dodelay.ru/podrabotka/rybinsk/snow"
"уборка снега с крыши рыбинск";"https://dodelay.ru/podrabotka/rybinsk/snow"
"вывоз снега в рыбинске";"https://dodelay.ru/podrabotka/rybinsk/snow"
"вывоз снега рыбинск";"https://dodelay.ru/podrabotka/rybinsk/snow"
"уборка снега в рыбинске недорого";"https://dodelay.ru/podrabotka/rybinsk/snow"
"уборка снега в рыбинске цены";"https://dodelay.ru/podrabotka/rybinsk/snow"
"уборка снега в рыбинске на дом";"https://dodelay.ru/podrabotka/rybinsk/snow"
"вызвать мастера по уборке снега в рыбинске";"https://dodelay.ru/podrabotka/rybinsk/snow"
"нанять мастера по уборке снега в рыбинске";"https://dodelay.ru/podrabotka/rybinsk/snow"
"найти мастера по уборке снега в рыбинске";"https://dodelay.ru/podrabotka/rybinsk/snow"
"услуги мастера по уборке снега в рыбинске";"https://dodelay.ru/podrabotka/rybinsk/snow"
"уборка снега частник в рыбинске";"https://dodelay.ru/podrabotka/rybinsk/snow"
"уборка снега без посредников в рыбинске";"https://dodelay.ru/podrabotka/rybinsk/snow"
"работа уборка снега в рыбинске";"https://dodelay.ru/podrabotka/rybinsk/snow"
"подработка уборка снега в рыбинске";"https://dodelay.ru/podrabotka/rybinsk/snow"
"требуется уборка снега в рыбинске";"https://dodelay.ru/podrabotka/rybinsk/snow"
"вакансия уборка снега в рыбинске";"https://dodelay.ru/podrabotka/rybinsk/snow"
"уборка снега в тутаеве";"https://dodelay.ru/podrabotka/tutaev/snow"
"уборка снега тутаев";"https://dodelay.ru/podrabotka/tutaev/snow"
"чистка снега в тутаеве";"https://dodelay.ru/podrabotka/tutaev/snow"
"чистка снега тутаев";"https://dodelay.ru/podrabotka/tutaev/snow"
"расчистка снега в тутаеве";"https://dodelay.ru/podrabotka/tutaev/snow"
"расчистка снега тутаев";"https://dodelay.ru/podrabotka/tutaev/snow"
"уборка снега с крыши в тутаеве";"https://dodelay.ru/podrabotka/tutaev/snow"
"уборка снега с крыши тутаев";"https://dodelay.ru/podrabotka/tutaev/snow"
"вывоз снега в тутаеве";"https://dodelay.ru/podrabotka/tutaev/snow"
"вывоз снега тутаев";"https://dodelay.ru/podrabotka/tutaev/snow"
"уборка снега в тутаеве недорого";"https://dodelay.ru/podrabotka/tutaev/snow"
"уборка снега в тутаеве цены";"https://dodelay.ru/podrabotka/tutaev/snow"
"уборка снега в тутаеве на дом";"https://dodelay.ru/podrabotka/tutaev/snow"
"вызвать мастера по уборке снега в тутаеве";"https://dodelay.ru/podrabotka/tutaev/snow"
"нанять мастера по уборке снега в тутаеве";"https://dodelay.ru/podrabotka/tutaev/snow"
"найти мастера по уборке снега в тутаеве";"https://dodelay.ru/podrabotka/tutaev/snow"
"услуги мастера по уборке снега в тутаеве";"https://dodelay.ru/podrabotka/tutaev/snow"
"уборка снега частник в тутаеве";"https://dodelay.ru/podrabotka/tutaev/snow"
"уборка снега без посредников в тутаеве";"https://dodelay.ru/podrabotka/tutaev/snow"
"работа уборка снега в тутаеве";"https://dodelay.ru/podrabotka/tutaev/snow"
"подработка уборка снега в тутаеве";"https://dodelay.ru/podrabotka/tutaev/snow"
"требуется уборка снега в тутаеве";"https://dodelay.ru/podrabotka/tutaev/snow"
"вакансия уборка снега в тутаеве";"https://dodelay.ru/podrabotka/tutaev/snow"
"уборка снега в переславле-залесском";"https://dodelay.ru/podrabotka/pereslavl/snow"
"уборка снега переславль-залесский";"https://dodelay.ru/podrabotka/pereslavl/snow"
"чистка снега в переславле-залесском";"https://dodelay.ru/podrabotka/pereslavl/snow"
"чистка снега переславль-залесский";"https://dodelay.ru/podrabotka/pereslavl/snow"
"расчистка снега в переславле-залесском";"https://dodelay.ru/podrabotka/pereslavl/snow"
"расчистка снега переславль-залесский";"https://dodelay.ru/podrabotka/pereslavl/snow"
"уборка снега с крыши в переславле-залесском";"https://dodelay.ru/podrabotka/pereslavl/snow"
"уборка снега с крыши переславль-залесский";"https://dodelay.ru/podrabotka/pereslavl/snow"
"вывоз снега в переславле-залесском";"https://dodelay.ru/podrabotka/pereslavl/snow"
"вывоз снега переславль-залесский";"https://dodelay.ru/podrabotka/pereslavl/snow"
"уборка снега в переславле-залесском недорого";"https://dodelay.ru/podrabotka/pereslavl/snow"
"уборка снега в переславле-залесском цены";"https://dodelay.ru/podrabotka/pereslavl/snow"
"уборка снега в переславле-залесском на дом";"https://dodelay.ru/podrabotka/pereslavl/snow"
"вызвать мастера по уборке снега в переславле-залесском";"https://dodelay.ru/podrabotka/pereslavl/snow"
"нанять мастера по уборке снега в переславле-залесском";"https://dodelay.ru/podrabotka/pereslavl/snow"
"найти мастера по уборке снега в переславле-залесском";"https://dodelay.ru/podrabotka/pereslavl/snow"
"услуги мастера по уборке снега в переславле-залесском";"https://dodelay.ru/podrabotka/pereslavl/snow"
"уборка снега частник в переславле-залесском";"https://dodelay.ru/podrabotka/pereslavl/snow"
"уборка снега без посредников в переславле-залесском";"https://dodelay.ru/podrabotka/pereslavl/snow"
"работа уборка снега в переславле-залесском";"https://dodelay.ru/podrabotka/pereslavl/snow"
"подработка уборка снега в переславле-залесском";"https://dodelay.ru/podrabotka/pereslavl/snow"
"требуется уборка снега в переславле-залесском";"https://dodelay.ru/podrabotka/pereslavl/snow"
"вакансия уборка снега в переславле-залесском";"https://dodelay.ru/podrabotka/pereslavl/snow"
"уборка снега в угличе";"https://dodelay.ru/podrabotka/uglich/snow"
"уборка снега углич";"https://dodelay.ru/podrabotka/uglich/snow"
"чистка снега в угличе";"https://dodelay.ru/podrabotka/uglich/snow"
"чистка снега углич";"https://dodelay.ru/podrabotka/uglich/snow"
"расчистка снега в угличе";"https://dodelay.ru/podrabotka/uglich/snow"
"расчистка снега углич";"https://dodelay.ru/podrabotka/uglich/snow"
"уборка снега с крыши в угличе";"https://dodelay.ru/podrabotka/uglich/snow"
"уборка снега с крыши углич";"https://dodelay.ru/podrabotka/uglich/snow"
"вывоз снега в угличе";"https://dodelay.ru/podrabotka/uglich/snow"
"вывоз снега углич";"https://dodelay.ru/podrabotka/uglich/snow"
"уборка снега в угличе недорого";"https://dodelay.ru/podrabotka/uglich/snow"
"уборка снега в угличе цены";"https://dodelay.ru/podrabotka/uglich/snow"
"уборка снега в угличе на дом";"https://dodelay.ru/podrabotka/uglich/snow"
"вызвать мастера по уборке снега в угличе";"https://dodelay.ru/podrabotka/uglich/snow"
"нанять мастера по уборке снега в угличе";"https://dodelay.ru/podrabotka/uglich/snow"
"найти мастера по уборке снега в угличе";"https://dodelay.ru/podrabotka/uglich/snow"
"услуги мастера по уборке снега в угличе";"https://dodelay.ru/podrabotka/uglich/snow"
"уборка снега частник в угличе";"https://dodelay.ru/podrabotka/uglich/snow"
"уборка снега без посредников в угличе";"https://dodelay.ru/podrabotka/uglich/snow"
"работа уборка снега в угличе";"https://dodelay.ru/podrabotka/uglich/snow"
"подработка уборка снега в угличе";"https://dodelay.ru/podrabotka/uglich/snow"
"требуется уборка снега в угличе";"https://dodelay.ru/podrabotka/uglich/snow"
"вакансия уборка снега в угличе";"https://dodelay.ru/podrabotka/uglich/snow"
"уборка снега в ростове великом";"https://dodelay.ru/podrabotka/rostov/snow"
"уборка снега ростов великий";"https://dodelay.ru/podrabotka/rostov/snow"
"чистка снега в ростове великом";"https://dodelay.ru/podrabotka/rostov/snow"
"чистка снега ростов великий";"https://dodelay.ru/podrabotka/rostov/snow"
"расчистка снега в ростове великом";"https://dodelay.ru/podrabotka/rostov/snow"
"расчистка снега ростов великий";"https://dodelay.ru/podrabotka/rostov/snow"
"уборка снега с крыши в ростове великом";"https://dodelay.ru/podrabotka/rostov/snow"
"уборка снега с крыши ростов великий";"https://dodelay.ru/podrabotka/rostov/snow"
"вывоз снега в ростове великом";"https://dodelay.ru/podrabotka/rostov/snow"
"вывоз снега ростов великий";"https://dodelay.ru/podrabotka/rostov/snow"
"уборка снега в ростове великом недорого";"https://dodelay.ru/podrabotka/rostov/snow"
"уборка снега в ростове великом цены";"https://dodelay.ru/podrabotka/rostov/snow"
"уборка снега в ростове великом на дом";"https://dodelay.ru/podrabotka/rostov/snow"
"вызвать мастера по уборке снега в ростове великом";"https://dodelay.ru/podrabotka/rostov/snow"
"нанять мастера по уборке снега в ростове великом";"https://dodelay.ru/podrabotka/rostov/snow"
"найти мастера по уборке снега в ростове великом";"https://dodelay.ru/podrabotka/rostov/snow"
"услуги мастера по уборке снега в ростове великом";"https://dodelay.ru/podrabotka/rostov/snow"
"уборка снега частник в ростове великом";"https://dodelay.ru/podrabotka/rostov/snow"
"уборка снега без посредников в ростове великом";"https://dodelay.ru/podrabotka/rostov/snow"
"работа уборка снега в ростове великом";"https://dodelay.ru/podrabotka/rostov/snow"
"подработка уборка снега в ростове великом";"https://dodelay.ru/podrabotka/rostov/snow"
"требуется уборка снега в ростове великом";"https://dodelay.ru/podrabotka/rostov/snow"
"вакансия уборка снега в ростове великом";"https://dodelay.ru/podrabotka/rostov/snow"
"уборка двора вручную";"https://dodelay.ru/podrabotka/yaroslavl/snow"
"сколько стоит уборка двора вручную";"https://dodelay.ru/podrabotka/yaroslavl/snow"
"чистка крыши от снега";"https://dodelay.ru/podrabotka/yaroslavl/snow"
"сколько стоит чистка крыши от снега";"https://dodelay.ru/podrabotka/yaroslavl/snow"
"расчистка проезда трактором в ярославле";"https://dodelay.ru/podrabotka/yaroslavl/snow"
"расчистка проезда трактором цена";"https://dodelay.ru/podrabotka/yaroslavl/snow"
"сколько стоит расчистка проезда трактором";"https://dodelay.ru/podrabotka/yaroslavl/snow"
"уборка участка";"https://dodelay.ru/podrabotka/yaroslavl/snow"
"сколько стоит уборка участка";"https://dodelay.ru/podrabotka/yaroslavl/snow"
"газель";"https://dodelay.ru/podrabotka/yaroslavl/cargo"
"грузоперевозки в ярославле";"https://dodelay.ru/podrabotka/yaroslavl/cargo"
"грузоперевозки ярославль";"https://dodelay.ru/podrabotka/yaroslavl/cargo"
"газель в ярославле";"https://dodelay.ru/podrabotka/yaroslavl/cargo"
"газель ярославль";"https://dodelay.ru/podrabotka/yaroslavl/cargo"
"перевозка вещей в ярославле";"https://dodelay.ru/podrabotka/yaroslavl/cargo"
"перевозка вещей ярославль";"https://dodelay.ru/podrabotka/yaroslavl/cargo"
"квартирный переезд в ярославле";"https://dodelay.ru/podrabotka/yaroslavl/cargo"
"квартирный переезд ярославль";"https://dodelay.ru/podrabotka/yaroslavl/cargo"
"грузовое такси в ярославле";"https://dodelay.ru/podrabotka/yaroslavl/cargo"
"грузовое такси ярославль";"https://dodelay.ru/podrabotka/yaroslavl/cargo"
"вызвать водителя с газелью в ярославле";"https://dodelay.ru/podrabotka/yaroslavl/cargo"
"нанять водителя с газелью в ярославле";"https://dodelay.ru/podrabotka/yaroslavl/cargo"
"найти водителя с газелью в ярославле";"https://dodelay.ru/podrabotka/yaroslavl/cargo"
"услуги водителя с газелью в ярославле";"https://dodelay.ru/podrabotka/yaroslavl/cargo"
"работа газель";"https://dodelay.ru/podrabotka/yaroslavl/cargo"
"подработка газель";"https://dodelay.ru/podrabotka/yaroslavl/cargo"
"требуется газель";"https://dodelay.ru/podrabotka/yaroslavl/cargo"
"вакансия газель";"https://dodelay.ru/podrabotka/yaroslavl/cargo"
"грузоперевозки в рыбинске";"https://dodelay.ru/podrabotka/rybinsk/cargo"
"грузоперевозки рыбинск";"https://dodelay.ru/podrabotka/rybinsk/cargo"
"газель в рыбинске";"https://dodelay.ru/podrabotka/rybinsk/cargo"
"газель рыбинск";"https://dodelay.ru/podrabotka/rybinsk/cargo"
"перевозка вещей в рыбинске";"https://dodelay.ru/podrabotka/rybinsk/cargo"
"перевозка вещей рыбинск";"https://dodelay.ru/podrabotka/rybinsk/cargo"
"квартирный переезд в рыбинске";"https://dodelay.ru/podrabotka/rybinsk/cargo"
"квартирный переезд рыбинск";"https://dodelay.ru/podrabotka/rybinsk/cargo"
"грузовое такси в рыбинске";"https://dodelay.ru/podrabotka/rybinsk/cargo"
"грузовое такси рыбинск";"https://dodelay.ru/podrabotka/rybinsk/cargo"
"вызвать водителя с газелью в рыбинске";"https://dodelay.ru/podrabotka/rybinsk/cargo"
"нанять водителя с газелью в рыбинске";"https://dodelay.ru/podrabotka/rybinsk/cargo"
"найти водителя с газелью в рыбинске";"https://dodelay.ru/podrabotka/rybinsk/cargo"
"услуги водителя с газелью в рыбинске";"https://dodelay.ru/podrabotka/rybinsk/cargo"
"грузоперевозки в тутаеве";"https://dodelay.ru/podrabotka/tutaev/cargo"
"грузоперевозки тутаев";"https://dodelay.ru/podrabotka/tutaev/cargo"
"газель в тутаеве";"https://dodelay.ru/podrabotka/tutaev/cargo"
"газель тутаев";"https://dodelay.ru/podrabotka/tutaev/cargo"
"перевозка вещей в тутаеве";"https://dodelay.ru/podrabotka/tutaev/cargo"
"перевозка вещей тутаев";"https://dodelay.ru/podrabotka/tutaev/cargo"
"квартирный переезд в тутаеве";"https://dodelay.ru/podrabotka/tutaev/cargo"
"квартирный переезд тутаев";"https://dodelay.ru/podrabotka/tutaev/cargo"
"грузовое такси в тутаеве";"https://dodelay.ru/podrabotka/tutaev/cargo"
"грузовое такси тутаев";"https://dodelay.ru/podrabotka/tutaev/cargo"
"вызвать водителя с газелью в тутаеве";"https://dodelay.ru/podrabotka/tutaev/cargo"
"нанять водителя с газелью в тутаеве";"https://dodelay.ru/podrabotka/tutaev/cargo"
"найти водителя с газелью в тутаеве";"https://dodelay.ru/podrabotka/tutaev/cargo"
"услуги водителя с газелью в тутаеве";"https://dodelay.ru/podrabotka/tutaev/cargo"
"грузоперевозки в переславле-залесском";"https://dodelay.ru/podrabotka/pereslavl/cargo"
"грузоперевозки переславль-залесский";"https://dodelay.ru/podrabotka/pereslavl/cargo"
"газель в переславле-залесском";"https://dodelay.ru/podrabotka/pereslavl/cargo"
"газель переславль-залесский";"https://dodelay.ru/podrabotka/pereslavl/cargo"
"перевозка вещей в переславле-залесском";"https://dodelay.ru/podrabotka/pereslavl/cargo"
"перевозка вещей переславль-залесский";"https://dodelay.ru/podrabotka/pereslavl/cargo"
"квартирный переезд в переславле-залесском";"https://dodelay.ru/podrabotka/pereslavl/cargo"
"квартирный переезд переславль-залесский";"https://dodelay.ru/podrabotka/pereslavl/cargo"
"грузовое такси в переславле-залесском";"https://dodelay.ru/podrabotka/pereslavl/cargo"
"грузовое такси переславль-залесский";"https://dodelay.ru/podrabotka/pereslavl/cargo"
"вызвать водителя с газелью в переславле-залесском";"https://dodelay.ru/podrabotka/pereslavl/cargo"
"нанять водителя с газелью в переславле-залесском";"https://dodelay.ru/podrabotka/pereslavl/cargo"
"найти водителя с газелью в переславле-залесском";"https://dodelay.ru/podrabotka/pereslavl/cargo"
"услуги водителя с газелью в переславле-залесском";"https://dodelay.ru/podrabotka/pereslavl/cargo"
"грузоперевозки в угличе";"https://dodelay.ru/podrabotka/uglich/cargo"
"грузоперевозки углич";"https://dodelay.ru/podrabotka/uglich/cargo"
"газель в угличе";"https://dodelay.ru/podrabotka/uglich/cargo"
"газель углич";"https://dodelay.ru/podrabotka/uglich/cargo"
"перевозка вещей в угличе";"https://dodelay.ru/podrabotka/uglich/cargo"
"перевозка вещей углич";"https://dodelay.ru/podrabotka/uglich/cargo"
"квартирный переезд в угличе";"https://dodelay.ru/podrabotka/uglich/cargo"
"квартирный переезд углич";"https://dodelay.ru/podrabotka/uglich/cargo"
"грузовое такси в угличе";"https://dodelay.ru/podrabotka/uglich/cargo"
"грузовое такси углич";"https://dodelay.ru/podrabotka/uglich/cargo"
"вызвать водителя с газелью в угличе";"https://dodelay.ru/podrabotka/uglich/cargo"
"нанять водителя с газелью в угличе";"https://dodelay.ru/podrabotka/uglich/cargo"
"найти водителя с газелью в угличе";"https://dodelay.ru/podrabotka/uglich/cargo"
"услуги водителя с газелью в угличе";"https://dodelay.ru/podrabotka/uglich/cargo"
"грузоперевозки в ростове великом";"https://dodelay.ru/podrabotka/rostov/cargo"
"грузоперевозки ростов великий";"https://dodelay.ru/podrabotka/rostov/cargo"
"газель в ростове великом";"https://dodelay.ru/podrabotka/rostov/cargo"
"газель ростов великий";"https://dodelay.ru/podrabotka/rostov/cargo"
"перевозка вещей в ростове великом";"https://dodelay.ru/podrabotka/rostov/cargo"
"перевозка вещей ростов великий";"https://dodelay.ru/podrabotka/rostov/cargo"
"квартирный переезд в ростове великом";"https://dodelay.ru/podrabotka/rostov/cargo"
"квартирный переезд ростов великий";"https://dodelay.ru/podrabotka/rostov/cargo"
"грузовое такси в ростове великом";"https://dodelay.ru/podrabotka/rostov/cargo"
"грузовое такси ростов великий";"https://dodelay.ru/podrabotka/rostov/cargo"
"вызвать водителя с газелью в ростове великом";"https://dodelay.ru/podrabotka/rostov/cargo"
"нанять водителя с газелью в ростове великом";"https://dodelay.ru/podrabotka/rostov/cargo"
"найти водителя с газелью в ростове великом";"https://dodelay.ru/podrabotka/rostov/cargo"
"услуги водителя с газелью в ростове великом";"https://dodelay.ru/podrabotka/rostov/cargo"
"газель по городу";"https://dodelay.ru/podrabotka/yaroslavl/cargo"
"сколько стоит газель по городу";"https://dodelay.ru/podrabotka/yaroslavl/cargo"
"подача машины в ярославле";"https://dodelay.ru/podrabotka/yaroslavl/cargo"
"подача машины цена";"https://dodelay.ru/podrabotka/yaroslavl/cargo"
"сколько стоит подача машины";"https://dodelay.ru/podrabotka/yaroslavl/cargo"
"межгород";"https://dodelay.ru/podrabotka/yaroslavl/cargo"
"сколько стоит межгород";"https://dodelay.ru/podrabotka/yaroslavl/cargo"
"переезд с грузчиками в ярославле";"https://dodelay.ru/podrabotka/yaroslavl/cargo"
"переезд с грузчиками цена";"https://dodelay.ru/podrabotka/yaroslavl/cargo"
"сколько стоит переезд с грузчиками";"https://dodelay.ru/podrabotka/yaroslavl/cargo"
"водитель с авто в ярославле";"https://dodelay.ru/podrabotka/yaroslavl/driver"
"водитель с авто ярославль";"https://dodelay.ru/podrabotka/yaroslavl/driver"
"личный водитель в ярославле";"https://dodelay.ru/podrabotka/yaroslavl/driver"
"личный водитель ярославль";"https://dodelay.ru/podrabotka/yaroslavl/driver"
"водитель со своим авто в ярославле";"https://dodelay.ru/podrabotka/yaroslavl/driver"
"водитель со своим авто ярославль";"https://dodelay.ru/podrabotka/yaroslavl/driver"
"трезвый водитель в ярославле";"https://dodelay.ru/podrabotka/yaroslavl/driver"
"трезвый водитель ярославль";"https://dodelay.ru/podrabotka/yaroslavl/driver"
"водитель с авто в ярославле недорого";"https://dodelay.ru/podrabotka/yaroslavl/driver"
"водитель с авто в ярославле цены";"https://dodelay.ru/podrabotka/yaroslavl/driver"
"водитель с авто в ярославле на дом";"https://dodelay.ru/podrabotka/yaroslavl/driver"
"вызвать водителя в ярославле";"https://dodelay.ru/podrabotka/yaroslavl/driver"
"нанять водителя в ярославле";"https://dodelay.ru/podrabotka/yaroslavl/driver"
"найти водителя в ярославле";"https://dodelay.ru/podrabotka/yaroslavl/driver"
"услуги водителя в ярославле";"https://dodelay.ru/podrabotka/yaroslavl/driver"
"водитель с авто частник в ярославле";"https://dodelay.ru/podrabotka/yaroslavl/driver"
"водитель с авто без посредников в ярославле";"https://dodelay.ru/podrabotka/yaroslavl/driver"
"работа водитель с авто в ярославле";"https://dodelay.ru/podrabotka/yaroslavl/driver"
"подработка водитель с авто в ярославле";"https://dodelay.ru/podrabotka/yaroslavl/driver"
"требуется водитель с авто в ярославле";"https://dodelay.ru/podrabotka/yaroslavl/driver"
"вакансия водитель с авто в ярославле";"https://dodelay.ru/podrabotka/yaroslavl/driver"
"водитель с авто в рыбинске";"https://dodelay.ru/podrabotka/rybinsk/driver"
"водитель с авто рыбинск";"https://dodelay.ru/podrabotka/rybinsk/driver"
"личный водитель в рыбинске";"https://dodelay.ru/podrabotka/rybinsk/driver"
"личный водитель рыбинск";"https://dodelay.ru/podrabotka/rybinsk/driver"
"водитель со своим авто в рыбинске";"https://dodelay.ru/podrabotka/rybinsk/driver"
"водитель со своим авто рыбинск";"https://dodelay.ru/podrabotka/rybinsk/driver"
"трезвый водитель в рыбинске";"https://dodelay.ru/podrabotka/rybinsk/driver"
"трезвый водитель рыбинск";"https://dodelay.ru/podrabotka/rybinsk/driver"
"водитель с авто в рыбинске недорого";"https://dodelay.ru/podrabotka/rybinsk/driver"
"водитель с авто в рыбинске цены";"https://dodelay.ru/podrabotka/rybinsk/driver"
"водитель с авто в рыбинске на дом";"https://dodelay.ru/podrabotka/rybinsk/driver"
"вызвать водителя в рыбинске";"https://dodelay.ru/podrabotka/rybinsk/driver"
"нанять водителя в рыбинске";"https://dodelay.ru/podrabotka/rybinsk/driver"
"найти водителя в рыбинске";"https://dodelay.ru/podrabotka/rybinsk/driver"
"услуги водителя в рыбинске";"https://dodelay.ru/podrabotka/rybinsk/driver"
"водитель с авто частник в рыбинске";"https://dodelay.ru/podrabotka/rybinsk/driver"
"водитель с авто без посредников в рыбинске";"https://dodelay.ru/podrabotka/rybinsk/driver"
"работа водитель с авто в рыбинске";"https://dodelay.ru/podrabotka/rybinsk/driver"
"подработка водитель с авто в рыбинске";"https://dodelay.ru/podrabotka/rybinsk/driver"
"требуется водитель с авто в рыбинске";"https://dodelay.ru/podrabotka/rybinsk/driver"
"вакансия водитель с авто в рыбинске";"https://dodelay.ru/podrabotka/rybinsk/driver"
"водитель с авто в тутаеве";"https://dodelay.ru/podrabotka/tutaev/driver"
"водитель с авто тутаев";"https://dodelay.ru/podrabotka/tutaev/driver"
"личный водитель в тутаеве";"https://dodelay.ru/podrabotka/tutaev/driver"
"личный водитель тутаев";"https://dodelay.ru/podrabotka/tutaev/driver"
"водитель со своим авто в тутаеве";"https://dodelay.ru/podrabotka/tutaev/driver"
"водитель со своим авто тутаев";"https://dodelay.ru/podrabotka/tutaev/driver"
"трезвый водитель в тутаеве";"https://dodelay.ru/podrabotka/tutaev/driver"
"трезвый водитель тутаев";"https://dodelay.ru/podrabotka/tutaev/driver"
"водитель с авто в тутаеве недорого";"https://dodelay.ru/podrabotka/tutaev/driver"
"водитель с авто в тутаеве цены";"https://dodelay.ru/podrabotka/tutaev/driver"
"водитель с авто в тутаеве на дом";"https://dodelay.ru/podrabotka/tutaev/driver"
"вызвать водителя в тутаеве";"https://dodelay.ru/podrabotka/tutaev/driver"
"нанять водителя в тутаеве";"https://dodelay.ru/podrabotka/tutaev/driver"
"найти водителя в тутаеве";"https://dodelay.ru/podrabotka/tutaev/driver"
"услуги водителя в тутаеве";"https://dodelay.ru/podrabotka/tutaev/driver"
"водитель с авто частник в тутаеве";"https://dodelay.ru/podrabotka/tutaev/driver"
"водитель с авто без посредников в тутаеве";"https://dodelay.ru/podrabotka/tutaev/driver"
"работа водитель с авто в тутаеве";"https://dodelay.ru/podrabotka/tutaev/driver"
"подработка водитель с авто в тутаеве";"https://dodelay.ru/podrabotka/tutaev/driver"
"требуется водитель с авто в тутаеве";"https://dodelay.ru/podrabotka/tutaev/driver"
"вакансия водитель с авто в тутаеве";"https://dodelay.ru/podrabotka/tutaev/driver"
"водитель с авто в переславле-залесском";"https://dodelay.ru/podrabotka/pereslavl/driver"
"водитель с авто переславль-залесский";"https://dodelay.ru/podrabotka/pereslavl/driver"
"личный водитель в переславле-залесском";"https://dodelay.ru/podrabotka/pereslavl/driver"
"личный водитель переславль-залесский";"https://dodelay.ru/podrabotka/pereslavl/driver"
"водитель со своим авто в переславле-залесском";"https://dodelay.ru/podrabotka/pereslavl/driver"
"водитель со своим авто переславль-залесский";"https://dodelay.ru/podrabotka/pereslavl/driver"
"трезвый водитель в переславле-залесском";"https://dodelay.ru/podrabotka/pereslavl/driver"
"трезвый водитель переславль-залесский";"https://dodelay.ru/podrabotka/pereslavl/driver"
"водитель с авто в переславле-залесском недорого";"https://dodelay.ru/podrabotka/pereslavl/driver"
"водитель с авто в переславле-залесском цены";"https://dodelay.ru/podrabotka/pereslavl/driver"
"водитель с авто в переславле-залесском на дом";"https://dodelay.ru/podrabotka/pereslavl/driver"
"вызвать водителя в переславле-залесском";"https://dodelay.ru/podrabotka/pereslavl/driver"
"нанять водителя в переславле-залесском";"https://dodelay.ru/podrabotka/pereslavl/driver"
"найти водителя в переславле-залесском";"https://dodelay.ru/podrabotka/pereslavl/driver"
"услуги водителя в переславле-залесском";"https://dodelay.ru/podrabotka/pereslavl/driver"
"водитель с авто частник в переславле-залесском";"https://dodelay.ru/podrabotka/pereslavl/driver"
"водитель с авто без посредников в переславле-залесском";"https://dodelay.ru/podrabotka/pereslavl/driver"
"работа водитель с авто в переславле-залесском";"https://dodelay.ru/podrabotka/pereslavl/driver"
"подработка водитель с авто в переславле-залесском";"https://dodelay.ru/podrabotka/pereslavl/driver"
"требуется водитель с авто в переславле-залесском";"https://dodelay.ru/podrabotka/pereslavl/driver"
"вакансия водитель с авто в переславле-залесском";"https://dodelay.ru/podrabotka/pereslavl/driver"
"водитель с авто в угличе";"https://dodelay.ru/podrabotka/uglich/driver"
"водитель с авто углич";"https://dodelay.ru/podrabotka/uglich/driver"
"личный водитель в угличе";"https://dodelay.ru/podrabotka/uglich/driver"
"личный водитель углич";"https://dodelay.ru/podrabotka/uglich/driver"
"водитель со своим авто в угличе";"https://dodelay.ru/podrabotka/uglich/driver"
"водитель со своим авто углич";"https://dodelay.ru/podrabotka/uglich/driver"
"трезвый водитель в угличе";"https://dodelay.ru/podrabotka/uglich/driver"
"трезвый водитель углич";"https://dodelay.ru/podrabotka/uglich/driver"
"водитель с авто в угличе недорого";"https://dodelay.ru/podrabotka/uglich/driver"
"водитель с авто в угличе цены";"https://dodelay.ru/podrabotka/uglich/driver"
"водитель с авто в угличе на дом";"https://dodelay.ru/podrabotka/uglich/driver"
"вызвать водителя в угличе";"https://dodelay.ru/podrabotka/uglich/driver"
"нанять водителя в угличе";"https://dodelay.ru/podrabotka/uglich/driver"
"найти водителя в угличе";"https://dodelay.ru/podrabotka/uglich/driver"
"услуги водителя в угличе";"https://dodelay.ru/podrabotka/uglich/driver"
"водитель с авто частник в угличе";"https://dodelay.ru/podrabotka/uglich/driver"
"водитель с авто без посредников в угличе";"https://dodelay.ru/podrabotka/uglich/driver"
"работа водитель с авто в угличе";"https://dodelay.ru/podrabotka/uglich/driver"
"подработка водитель с авто в угличе";"https://dodelay.ru/podrabotka/uglich/driver"
"требуется водитель с авто в угличе";"https://dodelay.ru/podrabotka/uglich/driver"
"вакансия водитель с авто в угличе";"https://dodelay.ru/podrabotka/uglich/driver"
"водитель с авто в ростове великом";"https://dodelay.ru/podrabotka/rostov/driver"
"водитель с авто ростов великий";"https://dodelay.ru/podrabotka/rostov/driver"
"личный водитель в ростове великом";"https://dodelay.ru/podrabotka/rostov/driver"
"личный водитель ростов великий";"https://dodelay.ru/podrabotka/rostov/driver"
"водитель со своим авто в ростове великом";"https://dodelay.ru/podrabotka/rostov/driver"
"водитель со своим авто ростов великий";"https://dodelay.ru/podrabotka/rostov/driver"
"трезвый водитель в ростове великом";"https://dodelay.ru/podrabotka/rostov/driver"
"трезвый водитель ростов великий";"https://dodelay.ru/podrabotka/rostov/driver"
"водитель с авто в ростове великом недорого";"https://dodelay.ru/podrabotka/rostov/driver"
"водитель с авто в ростове великом цены";"https://dodelay.ru/podrabotka/rostov/driver"
"водитель с авто в ростове великом на дом";"https://dodelay.ru/podrabotka/rostov/driver"
"вызвать водителя в ростове великом";"https://dodelay.ru/podrabotka/rostov/driver"
"нанять водителя в ростове великом";"https://dodelay.ru/podrabotka/rostov/driver"
"найти водителя в ростове великом";"https://dodelay.ru/podrabotka/rostov/driver"
"услуги водителя в ростове великом";"https://dodelay.ru/podrabotka/rostov/driver"
"водитель с авто частник в ростове великом";"https://dodelay.ru/podrabotka/rostov/driver"
"водитель с авто без посредников в ростове великом";"https://dodelay.ru/podrabotka/rostov/driver"
"работа водитель с авто в ростове великом";"https://dodelay.ru/podrabotka/rostov/driver"
"подработка водитель с авто в ростове великом";"https://dodelay.ru/podrabotka/rostov/driver"
"требуется водитель с авто в ростове великом";"https://dodelay.ru/podrabotka/rostov/driver"
"вакансия водитель с авто в ростове великом";"https://dodelay.ru/podrabotka/rostov/driver"
"час работы с автомобилем в ярославле";"https://dodelay.ru/podrabotka/yaroslavl/driver"
"час работы с автомобилем цена";"https://dodelay.ru/podrabotka/yaroslavl/driver"
"сколько стоит час работы с автомобилем";"https://dodelay.ru/podrabotka/yaroslavl/driver"
"поездка по городу в ярославле";"https://dodelay.ru/podrabotka/yaroslavl/driver"
"поездка по городу цена";"https://dodelay.ru/podrabotka/yaroslavl/driver"
"сколько стоит поездка по городу";"https://dodelay.ru/podrabotka/yaroslavl/driver"
"встретить на вокзале в ярославле";"https://dodelay.ru/podrabotka/yaroslavl/driver"
"встретить на вокзале цена";"https://dodelay.ru/podrabotka/yaroslavl/driver"
"сколько стоит встретить на вокзале";"https://dodelay.ru/podrabotka/yaroslavl/driver"
"вывоз мусора в ярославле";"https://dodelay.ru/podrabotka/yaroslavl/wasteremoval"
"вывоз мусора ярославль";"https://dodelay.ru/podrabotka/yaroslavl/wasteremoval"
"вывоз хлама в ярославле";"https://dodelay.ru/podrabotka/yaroslavl/wasteremoval"
"вывоз хлама ярославль";"https://dodelay.ru/podrabotka/yaroslavl/wasteremoval"
"утилизация мебели в ярославле";"https://dodelay.ru/podrabotka/yaroslavl/wasteremoval"
"утилизация мебели ярославль";"https://dodelay.ru/podrabotka/yaroslavl/wasteremoval"
"вывоз строительного мусора в ярославле";"https://dodelay.ru/podrabotka/yaroslavl/wasteremoval"
"вывоз строительного мусора ярославль";"https://dodelay.ru/podrabotka/yaroslavl/wasteremoval"
"вывоз мусора в ярославле недорого";"https://dodelay.ru/podrabotka/yaroslavl/wasteremoval"
"вывоз мусора в ярославле цены";"https://dodelay.ru/podrabotka/yaroslavl/wasteremoval"
"вывоз мусора в ярославле на дом";"https://dodelay.ru/podrabotka/yaroslavl/wasteremoval"
"вызвать мастера по вывозу мусора в ярославле";"https://dodelay.ru/podrabotka/yaroslavl/wasteremoval"
"нанять мастера по вывозу мусора в ярославле";"https://dodelay.ru/podrabotka/yaroslavl/wasteremoval"
"найти мастера по вывозу мусора в ярославле";"https://dodelay.ru/podrabotka/yaroslavl/wasteremoval"
"услуги мастера по вывозу мусора в ярославле";"https://dodelay.ru/podrabotka/yaroslavl/wasteremoval"
"вывоз мусора частник в ярославле";"https://dodelay.ru/podrabotka/yaroslavl/wasteremoval"
"вывоз мусора без посредников в ярославле";"https://dodelay.ru/podrabotka/yaroslavl/wasteremoval"
"работа вывоз мусора в ярославле";"https://dodelay.ru/podrabotka/yaroslavl/wasteremoval"
"подработка вывоз мусора в ярославле";"https://dodelay.ru/podrabotka/yaroslavl/wasteremoval"
"требуется вывоз мусора в ярославле";"https://dodelay.ru/podrabotka/yaroslavl/wasteremoval"
"вакансия вывоз мусора в ярославле";"https://dodelay.ru/podrabotka/yaroslavl/wasteremoval"
"вывоз мусора в рыбинске";"https://dodelay.ru/podrabotka/rybinsk/wasteremoval"
"вывоз мусора рыбинск";"https://dodelay.ru/podrabotka/rybinsk/wasteremoval"
"вывоз хлама в рыбинске";"https://dodelay.ru/podrabotka/rybinsk/wasteremoval"
"вывоз хлама рыбинск";"https://dodelay.ru/podrabotka/rybinsk/wasteremoval"
"утилизация мебели в рыбинске";"https://dodelay.ru/podrabotka/rybinsk/wasteremoval"
"утилизация мебели рыбинск";"https://dodelay.ru/podrabotka/rybinsk/wasteremoval"
"вывоз строительного мусора в рыбинске";"https://dodelay.ru/podrabotka/rybinsk/wasteremoval"
"вывоз строительного мусора рыбинск";"https://dodelay.ru/podrabotka/rybinsk/wasteremoval"
"вывоз мусора в рыбинске недорого";"https://dodelay.ru/podrabotka/rybinsk/wasteremoval"
"вывоз мусора в рыбинске цены";"https://dodelay.ru/podrabotka/rybinsk/wasteremoval"
"вывоз мусора в рыбинске на дом";"https://dodelay.ru/podrabotka/rybinsk/wasteremoval"
"вызвать мастера по вывозу мусора в рыбинске";"https://dodelay.ru/podrabotka/rybinsk/wasteremoval"
"нанять мастера по вывозу мусора в рыбинске";"https://dodelay.ru/podrabotka/rybinsk/wasteremoval"
"найти мастера по вывозу мусора в рыбинске";"https://dodelay.ru/podrabotka/rybinsk/wasteremoval"
"услуги мастера по вывозу мусора в рыбинске";"https://dodelay.ru/podrabotka/rybinsk/wasteremoval"
"вывоз мусора частник в рыбинске";"https://dodelay.ru/podrabotka/rybinsk/wasteremoval"
"вывоз мусора без посредников в рыбинске";"https://dodelay.ru/podrabotka/rybinsk/wasteremoval"
"работа вывоз мусора в рыбинске";"https://dodelay.ru/podrabotka/rybinsk/wasteremoval"
"подработка вывоз мусора в рыбинске";"https://dodelay.ru/podrabotka/rybinsk/wasteremoval"
"требуется вывоз мусора в рыбинске";"https://dodelay.ru/podrabotka/rybinsk/wasteremoval"
"вакансия вывоз мусора в рыбинске";"https://dodelay.ru/podrabotka/rybinsk/wasteremoval"
"вывоз мусора в тутаеве";"https://dodelay.ru/podrabotka/tutaev/wasteremoval"
"вывоз мусора тутаев";"https://dodelay.ru/podrabotka/tutaev/wasteremoval"
"вывоз хлама в тутаеве";"https://dodelay.ru/podrabotka/tutaev/wasteremoval"
"вывоз хлама тутаев";"https://dodelay.ru/podrabotka/tutaev/wasteremoval"
"утилизация мебели в тутаеве";"https://dodelay.ru/podrabotka/tutaev/wasteremoval"
"утилизация мебели тутаев";"https://dodelay.ru/podrabotka/tutaev/wasteremoval"
"вывоз строительного мусора в тутаеве";"https://dodelay.ru/podrabotka/tutaev/wasteremoval"
"вывоз строительного мусора тутаев";"https://dodelay.ru/podrabotka/tutaev/wasteremoval"
"вывоз мусора в тутаеве недорого";"https://dodelay.ru/podrabotka/tutaev/wasteremoval"
"вывоз мусора в тутаеве цены";"https://dodelay.ru/podrabotka/tutaev/wasteremoval"
"вывоз мусора в тутаеве на дом";"https://dodelay.ru/podrabotka/tutaev/wasteremoval"
"вызвать мастера по вывозу мусора в тутаеве";"https://dodelay.ru/podrabotka/tutaev/wasteremoval"
"нанять мастера по вывозу мусора в тутаеве";"https://dodelay.ru/podrabotka/tutaev/wasteremoval"
"найти мастера по вывозу мусора в тутаеве";"https://dodelay.ru/podrabotka/tutaev/wasteremoval"
"услуги мастера по вывозу мусора в тутаеве";"https://dodelay.ru/podrabotka/tutaev/wasteremoval"
"вывоз мусора частник в тутаеве";"https://dodelay.ru/podrabotka/tutaev/wasteremoval"
"вывоз мусора без посредников в тутаеве";"https://dodelay.ru/podrabotka/tutaev/wasteremoval"
"работа вывоз мусора в тутаеве";"https://dodelay.ru/podrabotka/tutaev/wasteremoval"
"подработка вывоз мусора в тутаеве";"https://dodelay.ru/podrabotka/tutaev/wasteremoval"
"требуется вывоз мусора в тутаеве";"https://dodelay.ru/podrabotka/tutaev/wasteremoval"
"вакансия вывоз мусора в тутаеве";"https://dodelay.ru/podrabotka/tutaev/wasteremoval"
"вывоз мусора в переславле-залесском";"https://dodelay.ru/podrabotka/pereslavl/wasteremoval"
"вывоз мусора переславль-залесский";"https://dodelay.ru/podrabotka/pereslavl/wasteremoval"
"вывоз хлама в переславле-залесском";"https://dodelay.ru/podrabotka/pereslavl/wasteremoval"
"вывоз хлама переславль-залесский";"https://dodelay.ru/podrabotka/pereslavl/wasteremoval"
"утилизация мебели в переславле-залесском";"https://dodelay.ru/podrabotka/pereslavl/wasteremoval"
"утилизация мебели переславль-залесский";"https://dodelay.ru/podrabotka/pereslavl/wasteremoval"
"вывоз строительного мусора в переславле-залесском";"https://dodelay.ru/podrabotka/pereslavl/wasteremoval"
"вывоз строительного мусора переславль-залесский";"https://dodelay.ru/podrabotka/pereslavl/wasteremoval"
"вывоз мусора в переславле-залесском недорого";"https://dodelay.ru/podrabotka/pereslavl/wasteremoval"
"вывоз мусора в переславле-залесском цены";"https://dodelay.ru/podrabotka/pereslavl/wasteremoval"
"вывоз мусора в переславле-залесском на дом";"https://dodelay.ru/podrabotka/pereslavl/wasteremoval"
"вызвать мастера по вывозу мусора в переславле-залесском";"https://dodelay.ru/podrabotka/pereslavl/wasteremoval"
"нанять мастера по вывозу мусора в переславле-залесском";"https://dodelay.ru/podrabotka/pereslavl/wasteremoval"
"найти мастера по вывозу мусора в переславле-залесском";"https://dodelay.ru/podrabotka/pereslavl/wasteremoval"
"услуги мастера по вывозу мусора в переславле-залесском";"https://dodelay.ru/podrabotka/pereslavl/wasteremoval"
"вывоз мусора частник в переславле-залесском";"https://dodelay.ru/podrabotka/pereslavl/wasteremoval"
"вывоз мусора без посредников в переславле-залесском";"https://dodelay.ru/podrabotka/pereslavl/wasteremoval"
"работа вывоз мусора в переславле-залесском";"https://dodelay.ru/podrabotka/pereslavl/wasteremoval"
"подработка вывоз мусора в переславле-залесском";"https://dodelay.ru/podrabotka/pereslavl/wasteremoval"
"требуется вывоз мусора в переславле-залесском";"https://dodelay.ru/podrabotka/pereslavl/wasteremoval"
"вакансия вывоз мусора в переславле-залесском";"https://dodelay.ru/podrabotka/pereslavl/wasteremoval"
"вывоз мусора в угличе";"https://dodelay.ru/podrabotka/uglich/wasteremoval"
"вывоз мусора углич";"https://dodelay.ru/podrabotka/uglich/wasteremoval"
"вывоз хлама в угличе";"https://dodelay.ru/podrabotka/uglich/wasteremoval"
"вывоз хлама углич";"https://dodelay.ru/podrabotka/uglich/wasteremoval"
"утилизация мебели в угличе";"https://dodelay.ru/podrabotka/uglich/wasteremoval"
"утилизация мебели углич";"https://dodelay.ru/podrabotka/uglich/wasteremoval"
"вывоз строительного мусора в угличе";"https://dodelay.ru/podrabotka/uglich/wasteremoval"
"вывоз строительного мусора углич";"https://dodelay.ru/podrabotka/uglich/wasteremoval"
"вывоз мусора в угличе недорого";"https://dodelay.ru/podrabotka/uglich/wasteremoval"
"вывоз мусора в угличе цены";"https://dodelay.ru/podrabotka/uglich/wasteremoval"
"вывоз мусора в угличе на дом";"https://dodelay.ru/podrabotka/uglich/wasteremoval"
"вызвать мастера по вывозу мусора в угличе";"https://dodelay.ru/podrabotka/uglich/wasteremoval"
"нанять мастера по вывозу мусора в угличе";"https://dodelay.ru/podrabotka/uglich/wasteremoval"
"найти мастера по вывозу мусора в угличе";"https://dodelay.ru/podrabotka/uglich/wasteremoval"
"услуги мастера по вывозу мусора в угличе";"https://dodelay.ru/podrabotka/uglich/wasteremoval"
"вывоз мусора частник в угличе";"https://dodelay.ru/podrabotka/uglich/wasteremoval"
"вывоз мусора без посредников в угличе";"https://dodelay.ru/podrabotka/uglich/wasteremoval"
"работа вывоз мусора в угличе";"https://dodelay.ru/podrabotka/uglich/wasteremoval"
"подработка вывоз мусора в угличе";"https://dodelay.ru/podrabotka/uglich/wasteremoval"
"требуется вывоз мусора в угличе";"https://dodelay.ru/podrabotka/uglich/wasteremoval"
"вакансия вывоз мусора в угличе";"https://dodelay.ru/podrabotka/uglich/wasteremoval"
"вывоз мусора в ростове великом";"https://dodelay.ru/podrabotka/rostov/wasteremoval"
"вывоз мусора ростов великий";"https://dodelay.ru/podrabotka/rostov/wasteremoval"
"вывоз хлама в ростове великом";"https://dodelay.ru/podrabotka/rostov/wasteremoval"
"вывоз хлама ростов великий";"https://dodelay.ru/podrabotka/rostov/wasteremoval"
"утилизация мебели в ростове великом";"https://dodelay.ru/podrabotka/rostov/wasteremoval"
"утилизация мебели ростов великий";"https://dodelay.ru/podrabotka/rostov/wasteremoval"
"вывоз строительного мусора в ростове великом";"https://dodelay.ru/podrabotka/rostov/wasteremoval"
"вывоз строительного мусора ростов великий";"https://dodelay.ru/podrabotka/rostov/wasteremoval"
"вывоз мусора в ростове великом недорого";"https://dodelay.ru/podrabotka/rostov/wasteremoval"
"вывоз мусора в ростове великом цены";"https://dodelay.ru/podrabotka/rostov/wasteremoval"
"вывоз мусора в ростове великом на дом";"https://dodelay.ru/podrabotka/rostov/wasteremoval"
"вызвать мастера по вывозу мусора в ростове великом";"https://dodelay.ru/podrabotka/rostov/wasteremoval"
"нанять мастера по вывозу мусора в ростове великом";"https://dodelay.ru/podrabotka/rostov/wasteremoval"
"найти мастера по вывозу мусора в ростове великом";"https://dodelay.ru/podrabotka/rostov/wasteremoval"
"услуги мастера по вывозу мусора в ростове великом";"https://dodelay.ru/podrabotka/rostov/wasteremoval"
"вывоз мусора частник в ростове великом";"https://dodelay.ru/podrabotka/rostov/wasteremoval"
"вывоз мусора без посредников в ростове великом";"https://dodelay.ru/podrabotka/rostov/wasteremoval"
"работа вывоз мусора в ростове великом";"https://dodelay.ru/podrabotka/rostov/wasteremoval"
"подработка вывоз мусора в ростове великом";"https://dodelay.ru/podrabotka/rostov/wasteremoval"
"требуется вывоз мусора в ростове великом";"https://dodelay.ru/podrabotka/rostov/wasteremoval"
"вакансия вывоз мусора в ростове великом";"https://dodelay.ru/podrabotka/rostov/wasteremoval"
"газель мусора с погрузкой в ярославле";"https://dodelay.ru/podrabotka/yaroslavl/wasteremoval"
"газель мусора с погрузкой цена";"https://dodelay.ru/podrabotka/yaroslavl/wasteremoval"
"сколько стоит газель мусора с погрузкой";"https://dodelay.ru/podrabotka/yaroslavl/wasteremoval"
"вывоз старой мебели в ярославле";"https://dodelay.ru/podrabotka/yaroslavl/wasteremoval"
"вывоз старой мебели цена";"https://dodelay.ru/podrabotka/yaroslavl/wasteremoval"
"сколько стоит вывоз старой мебели";"https://dodelay.ru/podrabotka/yaroslavl/wasteremoval"
"мешок строительного мусора в ярославле";"https://dodelay.ru/podrabotka/yaroslavl/wasteremoval"
"мешок строительного мусора цена";"https://dodelay.ru/podrabotka/yaroslavl/wasteremoval"
"сколько стоит мешок строительного мусора";"https://dodelay.ru/podrabotka/yaroslavl/wasteremoval"
"контейнер 8 м³ в ярославле";"https://dodelay.ru/podrabotka/yaroslavl/wasteremoval"
"контейнер 8 м³ цена";"https://dodelay.ru/podrabotka/yaroslavl/wasteremoval"
"сколько стоит контейнер 8 м³";"https://dodelay.ru/podrabotka/yaroslavl/wasteremoval"
"курьер в ярославле";"https://dodelay.ru/podrabotka/yaroslavl/courier"
"курьер ярославль";"https://dodelay.ru/podrabotka/yaroslavl/courier"
"доставка в ярославле";"https://dodelay.ru/podrabotka/yaroslavl/courier"
"доставка ярославль";"https://dodelay.ru/podrabotka/yaroslavl/courier"
"курьерская доставка в ярославле";"https://dodelay.ru/podrabotka/yaroslavl/courier"
"курьерская доставка ярославль";"https://dodelay.ru/podrabotka/yaroslavl/courier"
"пеший курьер в ярославле";"https://dodelay.ru/podrabotka/yaroslavl/courier"
"пеший курьер ярославль";"https://dodelay.ru/podrabotka/yaroslavl/courier"
"курьер на авто в ярославле";"https://dodelay.ru/podrabotka/yaroslavl/courier"
"курьер на авто ярославль";"https://dodelay.ru/podrabotka/yaroslavl/courier"
"курьер в ярославле недорого";"https://dodelay.ru/podrabotka/yaroslavl/courier"
"курьер в ярославле цены";"https://dodelay.ru/podrabotka/yaroslavl/courier"
"курьер в ярославле на дом";"https://dodelay.ru/podrabotka/yaroslavl/courier"
"вызвать курьера в ярославле";"https://dodelay.ru/podrabotka/yaroslavl/courier"
"нанять курьера в ярославле";"https://dodelay.ru/podrabotka/yaroslavl/courier"
"найти курьера в ярославле";"https://dodelay.ru/podrabotka/yaroslavl/courier"
"услуги курьера в ярославле";"https://dodelay.ru/podrabotka/yaroslavl/courier"
"курьер частник в ярославле";"https://dodelay.ru/podrabotka/yaroslavl/courier"
"курьер без посредников в ярославле";"https://dodelay.ru/podrabotka/yaroslavl/courier"
"работа курьер в ярославле";"https://dodelay.ru/podrabotka/yaroslavl/courier"
"подработка курьер в ярославле";"https://dodelay.ru/podrabotka/yaroslavl/courier"
"требуется курьер в ярославле";"https://dodelay.ru/podrabotka/yaroslavl/courier"
"вакансия курьер в ярославле";"https://dodelay.ru/podrabotka/yaroslavl/courier"
"курьер в рыбинске";"https://dodelay.ru/podrabotka/rybinsk/courier"
"курьер рыбинск";"https://dodelay.ru/podrabotka/rybinsk/courier"
"доставка в рыбинске";"https://dodelay.ru/podrabotka/rybinsk/courier"
"доставка рыбинск";"https://dodelay.ru/podrabotka/rybinsk/courier"
"курьерская доставка в рыбинске";"https://dodelay.ru/podrabotka/rybinsk/courier"
"курьерская доставка рыбинск";"https://dodelay.ru/podrabotka/rybinsk/courier"
"пеший курьер в рыбинске";"https://dodelay.ru/podrabotka/rybinsk/courier"
"пеший курьер рыбинск";"https://dodelay.ru/podrabotka/rybinsk/courier"
"курьер на авто в рыбинске";"https://dodelay.ru/podrabotka/rybinsk/courier"
"курьер на авто рыбинск";"https://dodelay.ru/podrabotka/rybinsk/courier"
"курьер в рыбинске недорого";"https://dodelay.ru/podrabotka/rybinsk/courier"
"курьер в рыбинске цены";"https://dodelay.ru/podrabotka/rybinsk/courier"
"курьер в рыбинске на дом";"https://dodelay.ru/podrabotka/rybinsk/courier"
"вызвать курьера в рыбинске";"https://dodelay.ru/podrabotka/rybinsk/courier"
"нанять курьера в рыбинске";"https://dodelay.ru/podrabotka/rybinsk/courier"
"найти курьера в рыбинске";"https://dodelay.ru/podrabotka/rybinsk/courier"
"услуги курьера в рыбинске";"https://dodelay.ru/podrabotka/rybinsk/courier"
"курьер частник в рыбинске";"https://dodelay.ru/podrabotka/rybinsk/courier"
"курьер без посредников в рыбинске";"https://dodelay.ru/podrabotka/rybinsk/courier"
"работа курьер в рыбинске";"https://dodelay.ru/podrabotka/rybinsk/courier"
"подработка курьер в рыбинске";"https://dodelay.ru/podrabotka/rybinsk/courier"
"требуется курьер в рыбинске";"https://dodelay.ru/podrabotka/rybinsk/courier"
"вакансия курьер в рыбинске";"https://dodelay.ru/podrabotka/rybinsk/courier"
"курьер в тутаеве";"https://dodelay.ru/podrabotka/tutaev/courier"
"курьер тутаев";"https://dodelay.ru/podrabotka/tutaev/courier"
"доставка в тутаеве";"https://dodelay.ru/podrabotka/tutaev/courier"
"доставка тутаев";"https://dodelay.ru/podrabotka/tutaev/courier"
"курьерская доставка в тутаеве";"https://dodelay.ru/podrabotka/tutaev/courier"
"курьерская доставка тутаев";"https://dodelay.ru/podrabotka/tutaev/courier"
"пеший курьер в тутаеве";"https://dodelay.ru/podrabotka/tutaev/courier"
"пеший курьер тутаев";"https://dodelay.ru/podrabotka/tutaev/courier"
"курьер на авто в тутаеве";"https://dodelay.ru/podrabotka/tutaev/courier"
"курьер на авто тутаев";"https://dodelay.ru/podrabotka/tutaev/courier"
"курьер в тутаеве недорого";"https://dodelay.ru/podrabotka/tutaev/courier"
"курьер в тутаеве цены";"https://dodelay.ru/podrabotka/tutaev/courier"
"курьер в тутаеве на дом";"https://dodelay.ru/podrabotka/tutaev/courier"
"вызвать курьера в тутаеве";"https://dodelay.ru/podrabotka/tutaev/courier"
"нанять курьера в тутаеве";"https://dodelay.ru/podrabotka/tutaev/courier"
"найти курьера в тутаеве";"https://dodelay.ru/podrabotka/tutaev/courier"
"услуги курьера в тутаеве";"https://dodelay.ru/podrabotka/tutaev/courier"
"курьер частник в тутаеве";"https://dodelay.ru/podrabotka/tutaev/courier"
"курьер без посредников в тутаеве";"https://dodelay.ru/podrabotka/tutaev/courier"
"работа курьер в тутаеве";"https://dodelay.ru/podrabotka/tutaev/courier"
"подработка курьер в тутаеве";"https://dodelay.ru/podrabotka/tutaev/courier"
"требуется курьер в тутаеве";"https://dodelay.ru/podrabotka/tutaev/courier"
"вакансия курьер в тутаеве";"https://dodelay.ru/podrabotka/tutaev/courier"
"курьер в переславле-залесском";"https://dodelay.ru/podrabotka/pereslavl/courier"
"курьер переславль-залесский";"https://dodelay.ru/podrabotka/pereslavl/courier"
"доставка в переславле-залесском";"https://dodelay.ru/podrabotka/pereslavl/courier"
"доставка переславль-залесский";"https://dodelay.ru/podrabotka/pereslavl/courier"
"курьерская доставка в переславле-залесском";"https://dodelay.ru/podrabotka/pereslavl/courier"
"курьерская доставка переславль-залесский";"https://dodelay.ru/podrabotka/pereslavl/courier"
"пеший курьер в переславле-залесском";"https://dodelay.ru/podrabotka/pereslavl/courier"
"пеший курьер переславль-залесский";"https://dodelay.ru/podrabotka/pereslavl/courier"
"курьер на авто в переславле-залесском";"https://dodelay.ru/podrabotka/pereslavl/courier"
"курьер на авто переславль-залесский";"https://dodelay.ru/podrabotka/pereslavl/courier"
"курьер в переславле-залесском недорого";"https://dodelay.ru/podrabotka/pereslavl/courier"
"курьер в переславле-залесском цены";"https://dodelay.ru/podrabotka/pereslavl/courier"
"курьер в переславле-залесском на дом";"https://dodelay.ru/podrabotka/pereslavl/courier"
"вызвать курьера в переславле-залесском";"https://dodelay.ru/podrabotka/pereslavl/courier"
"нанять курьера в переславле-залесском";"https://dodelay.ru/podrabotka/pereslavl/courier"
"найти курьера в переславле-залесском";"https://dodelay.ru/podrabotka/pereslavl/courier"
"услуги курьера в переславле-залесском";"https://dodelay.ru/podrabotka/pereslavl/courier"
"курьер частник в переславле-залесском";"https://dodelay.ru/podrabotka/pereslavl/courier"
"курьер без посредников в переславле-залесском";"https://dodelay.ru/podrabotka/pereslavl/courier"
"работа курьер в переславле-залесском";"https://dodelay.ru/podrabotka/pereslavl/courier"
"подработка курьер в переславле-залесском";"https://dodelay.ru/podrabotka/pereslavl/courier"
"требуется курьер в переславле-залесском";"https://dodelay.ru/podrabotka/pereslavl/courier"
"вакансия курьер в переславле-залесском";"https://dodelay.ru/podrabotka/pereslavl/courier"
"курьер в угличе";"https://dodelay.ru/podrabotka/uglich/courier"
"курьер углич";"https://dodelay.ru/podrabotka/uglich/courier"
"доставка в угличе";"https://dodelay.ru/podrabotka/uglich/courier"
"доставка углич";"https://dodelay.ru/podrabotka/uglich/courier"
"курьерская доставка в угличе";"https://dodelay.ru/podrabotka/uglich/courier"
"курьерская доставка углич";"https://dodelay.ru/podrabotka/uglich/courier"
"пеший курьер в угличе";"https://dodelay.ru/podrabotka/uglich/courier"
"пеший курьер углич";"https://dodelay.ru/podrabotka/uglich/courier"
"курьер на авто в угличе";"https://dodelay.ru/podrabotka/uglich/courier"
"курьер на авто углич";"https://dodelay.ru/podrabotka/uglich/courier"
"курьер в угличе недорого";"https://dodelay.ru/podrabotka/uglich/courier"
"курьер в угличе цены";"https://dodelay.ru/podrabotka/uglich/courier"
"курьер в угличе на дом";"https://dodelay.ru/podrabotka/uglich/courier"
"вызвать курьера в угличе";"https://dodelay.ru/podrabotka/uglich/courier"
"нанять курьера в угличе";"https://dodelay.ru/podrabotka/uglich/courier"
"найти курьера в угличе";"https://dodelay.ru/podrabotka/uglich/courier"
"услуги курьера в угличе";"https://dodelay.ru/podrabotka/uglich/courier"
"курьер частник в угличе";"https://dodelay.ru/podrabotka/uglich/courier"
"курьер без посредников в угличе";"https://dodelay.ru/podrabotka/uglich/courier"
"работа курьер в угличе";"https://dodelay.ru/podrabotka/uglich/courier"
"подработка курьер в угличе";"https://dodelay.ru/podrabotka/uglich/courier"
"требуется курьер в угличе";"https://dodelay.ru/podrabotka/uglich/courier"
"вакансия курьер в угличе";"https://dodelay.ru/podrabotka/uglich/courier"
"курьер в ростове великом";"https://dodelay.ru/podrabotka/rostov/courier"
"курьер ростов великий";"https://dodelay.ru/podrabotka/rostov/courier"
"доставка в ростове великом";"https://dodelay.ru/podrabotka/rostov/courier"
"доставка ростов великий";"https://dodelay.ru/podrabotka/rostov/courier"
"курьерская доставка в ростове великом";"https://dodelay.ru/podrabotka/rostov/courier"
"курьерская доставка ростов великий";"https://dodelay.ru/podrabotka/rostov/courier"
"пеший курьер в ростове великом";"https://dodelay.ru/podrabotka/rostov/courier"
"пеший курьер ростов великий";"https://dodelay.ru/podrabotka/rostov/courier"
"курьер на авто в ростове великом";"https://dodelay.ru/podrabotka/rostov/courier"
"курьер на авто ростов великий";"https://dodelay.ru/podrabotka/rostov/courier"
"курьер в ростове великом недорого";"https://dodelay.ru/podrabotka/rostov/courier"
"курьер в ростове великом цены";"https://dodelay.ru/podrabotka/rostov/courier"
"курьер в ростове великом на дом";"https://dodelay.ru/podrabotka/rostov/courier"
"вызвать курьера в ростове великом";"https://dodelay.ru/podrabotka/rostov/courier"
"нанять курьера в ростове великом";"https://dodelay.ru/podrabotka/rostov/courier"
"найти курьера в ростове великом";"https://dodelay.ru/podrabotka/rostov/courier"
"услуги курьера в ростове великом";"https://dodelay.ru/podrabotka/rostov/courier"
"курьер частник в ростове великом";"https://dodelay.ru/podrabotka/rostov/courier"
"курьер без посредников в ростове великом";"https://dodelay.ru/podrabotka/rostov/courier"
"работа курьер в ростове великом";"https://dodelay.ru/podrabotka/rostov/courier"
"подработка курьер в ростове великом";"https://dodelay.ru/podrabotka/rostov/courier"
"требуется курьер в ростове великом";"https://dodelay.ru/podrabotka/rostov/courier"
"вакансия курьер в ростове великом";"https://dodelay.ru/podrabotka/rostov/courier"
"доставка по городу в ярославле";"https://dodelay.ru/podrabotka/yaroslavl/courier"
"доставка по городу цена";"https://dodelay.ru/podrabotka/yaroslavl/courier"
"сколько стоит доставка по городу";"https://dodelay.ru/podrabotka/yaroslavl/courier"
"срочная доставка в ярославле";"https://dodelay.ru/podrabotka/yaroslavl/courier"
"срочная доставка цена";"https://dodelay.ru/podrabotka/yaroslavl/courier"
"сколько стоит срочная доставка";"https://dodelay.ru/podrabotka/yaroslavl/courier"
"забрать и передать документы в ярославле";"https://dodelay.ru/podrabotka/yaroslavl/courier"
"забрать и передать документы цена";"https://dodelay.ru/podrabotka/yaroslavl/courier"
"сколько стоит забрать и передать документы";"https://dodelay.ru/podrabotka/yaroslavl/courier"
"несколько адресов";"https://dodelay.ru/podrabotka/yaroslavl/courier"
"сколько стоит несколько адресов";"https://dodelay.ru/podrabotka/yaroslavl/courier"
"автомастер в ярославле";"https://dodelay.ru/podrabotka/yaroslavl/automaster"
"автомастер ярославль";"https://dodelay.ru/podrabotka/yaroslavl/automaster"
"автомастер в ярославле недорого";"https://dodelay.ru/podrabotka/yaroslavl/automaster"
"автомастер в ярославле цены";"https://dodelay.ru/podrabotka/yaroslavl/automaster"
"автомастер в ярославле на дом";"https://dodelay.ru/podrabotka/yaroslavl/automaster"
"вызвать автомастера в ярославле";"https://dodelay.ru/podrabotka/yaroslavl/automaster"
"нанять автомастера в ярославле";"https://dodelay.ru/podrabotka/yaroslavl/automaster"
"найти автомастера в ярославле";"https://dodelay.ru/podrabotka/yaroslavl/automaster"
"услуги автомастера в ярославле";"https://dodelay.ru/podrabotka/yaroslavl/automaster"
"автомастер частник в ярославле";"https://dodelay.ru/podrabotka/yaroslavl/automaster"
"автомастер без посредников в ярославле";"https://dodelay.ru/podrabotka/yaroslavl/automaster"
"работа автомастер в ярославле";"https://dodelay.ru/podrabotka/yaroslavl/automaster"
"подработка автомастер в ярославле";"https://dodelay.ru/podrabotka/yaroslavl/automaster"
"требуется автомастер в ярославле";"https://dodelay.ru/podrabotka/yaroslavl/automaster"
"вакансия автомастер в ярославле";"https://dodelay.ru/podrabotka/yaroslavl/automaster"
"автомастер в рыбинске";"https://dodelay.ru/podrabotka/rybinsk/automaster"
"автомастер рыбинск";"https://dodelay.ru/podrabotka/rybinsk/automaster"
"автомастер в рыбинске недорого";"https://dodelay.ru/podrabotka/rybinsk/automaster"
"автомастер в рыбинске цены";"https://dodelay.ru/podrabotka/rybinsk/automaster"
"автомастер в рыбинске на дом";"https://dodelay.ru/podrabotka/rybinsk/automaster"
"вызвать автомастера в рыбинске";"https://dodelay.ru/podrabotka/rybinsk/automaster"
"нанять автомастера в рыбинске";"https://dodelay.ru/podrabotka/rybinsk/automaster"
"найти автомастера в рыбинске";"https://dodelay.ru/podrabotka/rybinsk/automaster"
"услуги автомастера в рыбинске";"https://dodelay.ru/podrabotka/rybinsk/automaster"
"автомастер частник в рыбинске";"https://dodelay.ru/podrabotka/rybinsk/automaster"
"автомастер без посредников в рыбинске";"https://dodelay.ru/podrabotka/rybinsk/automaster"
"работа автомастер в рыбинске";"https://dodelay.ru/podrabotka/rybinsk/automaster"
"подработка автомастер в рыбинске";"https://dodelay.ru/podrabotka/rybinsk/automaster"
"требуется автомастер в рыбинске";"https://dodelay.ru/podrabotka/rybinsk/automaster"
"вакансия автомастер в рыбинске";"https://dodelay.ru/podrabotka/rybinsk/automaster"
"автомастер в тутаеве";"https://dodelay.ru/podrabotka/tutaev/automaster"
"автомастер тутаев";"https://dodelay.ru/podrabotka/tutaev/automaster"
"автомастер в тутаеве недорого";"https://dodelay.ru/podrabotka/tutaev/automaster"
"автомастер в тутаеве цены";"https://dodelay.ru/podrabotka/tutaev/automaster"
"автомастер в тутаеве на дом";"https://dodelay.ru/podrabotka/tutaev/automaster"
"вызвать автомастера в тутаеве";"https://dodelay.ru/podrabotka/tutaev/automaster"
"нанять автомастера в тутаеве";"https://dodelay.ru/podrabotka/tutaev/automaster"
"найти автомастера в тутаеве";"https://dodelay.ru/podrabotka/tutaev/automaster"
"услуги автомастера в тутаеве";"https://dodelay.ru/podrabotka/tutaev/automaster"
"автомастер частник в тутаеве";"https://dodelay.ru/podrabotka/tutaev/automaster"
"автомастер без посредников в тутаеве";"https://dodelay.ru/podrabotka/tutaev/automaster"
"работа автомастер в тутаеве";"https://dodelay.ru/podrabotka/tutaev/automaster"
"подработка автомастер в тутаеве";"https://dodelay.ru/podrabotka/tutaev/automaster"
"требуется автомастер в тутаеве";"https://dodelay.ru/podrabotka/tutaev/automaster"
"вакансия автомастер в тутаеве";"https://dodelay.ru/podrabotka/tutaev/automaster"
"автомастер в переславле-залесском";"https://dodelay.ru/podrabotka/pereslavl/automaster"
"автомастер переславль-залесский";"https://dodelay.ru/podrabotka/pereslavl/automaster"
"автомастер в переславле-залесском недорого";"https://dodelay.ru/podrabotka/pereslavl/automaster"
"автомастер в переславле-залесском цены";"https://dodelay.ru/podrabotka/pereslavl/automaster"
"автомастер в переславле-залесском на дом";"https://dodelay.ru/podrabotka/pereslavl/automaster"
"вызвать автомастера в переславле-залесском";"https://dodelay.ru/podrabotka/pereslavl/automaster"
"нанять автомастера в переславле-залесском";"https://dodelay.ru/podrabotka/pereslavl/automaster"
"найти автомастера в переславле-залесском";"https://dodelay.ru/podrabotka/pereslavl/automaster"
"услуги автомастера в переславле-залесском";"https://dodelay.ru/podrabotka/pereslavl/automaster"
"автомастер частник в переславле-залесском";"https://dodelay.ru/podrabotka/pereslavl/automaster"
"автомастер без посредников в переславле-залесском";"https://dodelay.ru/podrabotka/pereslavl/automaster"
"работа автомастер в переславле-залесском";"https://dodelay.ru/podrabotka/pereslavl/automaster"
"подработка автомастер в переславле-залесском";"https://dodelay.ru/podrabotka/pereslavl/automaster"
"требуется автомастер в переславле-залесском";"https://dodelay.ru/podrabotka/pereslavl/automaster"
"вакансия автомастер в переславле-залесском";"https://dodelay.ru/podrabotka/pereslavl/automaster"
"автомастер в угличе";"https://dodelay.ru/podrabotka/uglich/automaster"
"автомастер углич";"https://dodelay.ru/podrabotka/uglich/automaster"
"автомастер в угличе недорого";"https://dodelay.ru/podrabotka/uglich/automaster"
"автомастер в угличе цены";"https://dodelay.ru/podrabotka/uglich/automaster"
"автомастер в угличе на дом";"https://dodelay.ru/podrabotka/uglich/automaster"
"вызвать автомастера в угличе";"https://dodelay.ru/podrabotka/uglich/automaster"
"нанять автомастера в угличе";"https://dodelay.ru/podrabotka/uglich/automaster"
"найти автомастера в угличе";"https://dodelay.ru/podrabotka/uglich/automaster"
"услуги автомастера в угличе";"https://dodelay.ru/podrabotka/uglich/automaster"
"автомастер частник в угличе";"https://dodelay.ru/podrabotka/uglich/automaster"
"автомастер без посредников в угличе";"https://dodelay.ru/podrabotka/uglich/automaster"
"работа автомастер в угличе";"https://dodelay.ru/podrabotka/uglich/automaster"
"подработка автомастер в угличе";"https://dodelay.ru/podrabotka/uglich/automaster"
"требуется автомастер в угличе";"https://dodelay.ru/podrabotka/uglich/automaster"
"вакансия автомастер в угличе";"https://dodelay.ru/podrabotka/uglich/automaster"
"автомастер в ростове великом";"https://dodelay.ru/podrabotka/rostov/automaster"
"автомастер ростов великий";"https://dodelay.ru/podrabotka/rostov/automaster"
"автомастер в ростове великом недорого";"https://dodelay.ru/podrabotka/rostov/automaster"
"автомастер в ростове великом цены";"https://dodelay.ru/podrabotka/rostov/automaster"
"автомастер в ростове великом на дом";"https://dodelay.ru/podrabotka/rostov/automaster"
"вызвать автомастера в ростове великом";"https://dodelay.ru/podrabotka/rostov/automaster"
"нанять автомастера в ростове великом";"https://dodelay.ru/podrabotka/rostov/automaster"
"найти автомастера в ростове великом";"https://dodelay.ru/podrabotka/rostov/automaster"
"услуги автомастера в ростове великом";"https://dodelay.ru/podrabotka/rostov/automaster"
"автомастер частник в ростове великом";"https://dodelay.ru/podrabotka/rostov/automaster"
"автомастер без посредников в ростове великом";"https://dodelay.ru/podrabotka/rostov/automaster"
"работа автомастер в ростове великом";"https://dodelay.ru/podrabotka/rostov/automaster"
"подработка автомастер в ростове великом";"https://dodelay.ru/podrabotka/rostov/automaster"
"требуется автомастер в ростове великом";"https://dodelay.ru/podrabotka/rostov/automaster"
"вакансия автомастер в ростове великом";"https://dodelay.ru/podrabotka/rostov/automaster"
"замена масла в ярославле";"https://dodelay.ru/podrabotka/yaroslavl/automaster"
"замена масла цена";"https://dodelay.ru/podrabotka/yaroslavl/automaster"
"сколько стоит замена масла";"https://dodelay.ru/podrabotka/yaroslavl/automaster"
"шиномонтаж";"https://dodelay.ru/podrabotka/yaroslavl/automaster"
"сколько стоит шиномонтаж";"https://dodelay.ru/podrabotka/yaroslavl/automaster"
"выездная диагностика в ярославле";"https://dodelay.ru/podrabotka/yaroslavl/automaster"
"выездная диагностика цена";"https://dodelay.ru/podrabotka/yaroslavl/automaster"
"сколько стоит выездная диагностика";"https://dodelay.ru/podrabotka/yaroslavl/automaster"
"прикурить или запуск двигателя в ярославле";"https://dodelay.ru/podrabotka/yaroslavl/automaster"
"прикурить или запуск двигателя цена";"https://dodelay.ru/podrabotka/yaroslavl/automaster"
"сколько стоит прикурить или запуск двигателя";"https://dodelay.ru/podrabotka/yaroslavl/automaster"
"разнорабочий в ярославле";"https://dodelay.ru/podrabotka/yaroslavl/other"
"разнорабочий ярославль";"https://dodelay.ru/podrabotka/yaroslavl/other"
"подсобный рабочий в ярославле";"https://dodelay.ru/podrabotka/yaroslavl/other"
"подсобный рабочий ярославль";"https://dodelay.ru/podrabotka/yaroslavl/other"
"рабочий на день в ярославле";"https://dodelay.ru/podrabotka/yaroslavl/other"
"рабочий на день ярославль";"https://dodelay.ru/podrabotka/yaroslavl/other"
"временный рабочий в ярославле";"https://dodelay.ru/podrabotka/yaroslavl/other"
"временный рабочий ярославль";"https://dodelay.ru/podrabotka/yaroslavl/other"
"рабочие руки в ярославле";"https://dodelay.ru/podrabotka/yaroslavl/other"
"рабочие руки ярославль";"https://dodelay.ru/podrabotka/yaroslavl/other"
"разнорабочий в ярославле недорого";"https://dodelay.ru/podrabotka/yaroslavl/other"
"разнорабочий в ярославле цены";"https://dodelay.ru/podrabotka/yaroslavl/other"
"разнорабочий в ярославле на дом";"https://dodelay.ru/podrabotka/yaroslavl/other"
"вызвать разнорабочего в ярославле";"https://dodelay.ru/podrabotka/yaroslavl/other"
"нанять разнорабочего в ярославле";"https://dodelay.ru/podrabotka/yaroslavl/other"
"найти разнорабочего в ярославле";"https://dodelay.ru/podrabotka/yaroslavl/other"
"услуги разнорабочего в ярославле";"https://dodelay.ru/podrabotka/yaroslavl/other"
"разнорабочий частник в ярославле";"https://dodelay.ru/podrabotka/yaroslavl/other"
"разнорабочий без посредников в ярославле";"https://dodelay.ru/podrabotka/yaroslavl/other"
"работа разнорабочий в ярославле";"https://dodelay.ru/podrabotka/yaroslavl/other"
"подработка разнорабочий в ярославле";"https://dodelay.ru/podrabotka/yaroslavl/other"
"требуется разнорабочий в ярославле";"https://dodelay.ru/podrabotka/yaroslavl/other"
"вакансия разнорабочий в ярославле";"https://dodelay.ru/podrabotka/yaroslavl/other"
"разнорабочий в рыбинске";"https://dodelay.ru/podrabotka/rybinsk/other"
"разнорабочий рыбинск";"https://dodelay.ru/podrabotka/rybinsk/other"
"подсобный рабочий в рыбинске";"https://dodelay.ru/podrabotka/rybinsk/other"
"подсобный рабочий рыбинск";"https://dodelay.ru/podrabotka/rybinsk/other"
"рабочий на день в рыбинске";"https://dodelay.ru/podrabotka/rybinsk/other"
"рабочий на день рыбинск";"https://dodelay.ru/podrabotka/rybinsk/other"
"временный рабочий в рыбинске";"https://dodelay.ru/podrabotka/rybinsk/other"
"временный рабочий рыбинск";"https://dodelay.ru/podrabotka/rybinsk/other"
"рабочие руки в рыбинске";"https://dodelay.ru/podrabotka/rybinsk/other"
"рабочие руки рыбинск";"https://dodelay.ru/podrabotka/rybinsk/other"
"разнорабочий в рыбинске недорого";"https://dodelay.ru/podrabotka/rybinsk/other"
"разнорабочий в рыбинске цены";"https://dodelay.ru/podrabotka/rybinsk/other"
"разнорабочий в рыбинске на дом";"https://dodelay.ru/podrabotka/rybinsk/other"
"вызвать разнорабочего в рыбинске";"https://dodelay.ru/podrabotka/rybinsk/other"
"нанять разнорабочего в рыбинске";"https://dodelay.ru/podrabotka/rybinsk/other"
"найти разнорабочего в рыбинске";"https://dodelay.ru/podrabotka/rybinsk/other"
"услуги разнорабочего в рыбинске";"https://dodelay.ru/podrabotka/rybinsk/other"
"разнорабочий частник в рыбинске";"https://dodelay.ru/podrabotka/rybinsk/other"
"разнорабочий без посредников в рыбинске";"https://dodelay.ru/podrabotka/rybinsk/other"
"работа разнорабочий в рыбинске";"https://dodelay.ru/podrabotka/rybinsk/other"
"подработка разнорабочий в рыбинске";"https://dodelay.ru/podrabotka/rybinsk/other"
"требуется разнорабочий в рыбинске";"https://dodelay.ru/podrabotka/rybinsk/other"
"вакансия разнорабочий в рыбинске";"https://dodelay.ru/podrabotka/rybinsk/other"
"разнорабочий в тутаеве";"https://dodelay.ru/podrabotka/tutaev/other"
"разнорабочий тутаев";"https://dodelay.ru/podrabotka/tutaev/other"
"подсобный рабочий в тутаеве";"https://dodelay.ru/podrabotka/tutaev/other"
"подсобный рабочий тутаев";"https://dodelay.ru/podrabotka/tutaev/other"
"рабочий на день в тутаеве";"https://dodelay.ru/podrabotka/tutaev/other"
"рабочий на день тутаев";"https://dodelay.ru/podrabotka/tutaev/other"
"временный рабочий в тутаеве";"https://dodelay.ru/podrabotka/tutaev/other"
"временный рабочий тутаев";"https://dodelay.ru/podrabotka/tutaev/other"
"рабочие руки в тутаеве";"https://dodelay.ru/podrabotka/tutaev/other"
"рабочие руки тутаев";"https://dodelay.ru/podrabotka/tutaev/other"
"разнорабочий в тутаеве недорого";"https://dodelay.ru/podrabotka/tutaev/other"
"разнорабочий в тутаеве цены";"https://dodelay.ru/podrabotka/tutaev/other"
"разнорабочий в тутаеве на дом";"https://dodelay.ru/podrabotka/tutaev/other"
"вызвать разнорабочего в тутаеве";"https://dodelay.ru/podrabotka/tutaev/other"
"нанять разнорабочего в тутаеве";"https://dodelay.ru/podrabotka/tutaev/other"
"найти разнорабочего в тутаеве";"https://dodelay.ru/podrabotka/tutaev/other"
"услуги разнорабочего в тутаеве";"https://dodelay.ru/podrabotka/tutaev/other"
"разнорабочий частник в тутаеве";"https://dodelay.ru/podrabotka/tutaev/other"
"разнорабочий без посредников в тутаеве";"https://dodelay.ru/podrabotka/tutaev/other"
"работа разнорабочий в тутаеве";"https://dodelay.ru/podrabotka/tutaev/other"
"подработка разнорабочий в тутаеве";"https://dodelay.ru/podrabotka/tutaev/other"
"требуется разнорабочий в тутаеве";"https://dodelay.ru/podrabotka/tutaev/other"
"вакансия разнорабочий в тутаеве";"https://dodelay.ru/podrabotka/tutaev/other"
"разнорабочий в переславле-залесском";"https://dodelay.ru/podrabotka/pereslavl/other"
"разнорабочий переславль-залесский";"https://dodelay.ru/podrabotka/pereslavl/other"
"подсобный рабочий в переславле-залесском";"https://dodelay.ru/podrabotka/pereslavl/other"
"подсобный рабочий переславль-залесский";"https://dodelay.ru/podrabotka/pereslavl/other"
"рабочий на день в переславле-залесском";"https://dodelay.ru/podrabotka/pereslavl/other"
"рабочий на день переславль-залесский";"https://dodelay.ru/podrabotka/pereslavl/other"
"временный рабочий в переславле-залесском";"https://dodelay.ru/podrabotka/pereslavl/other"
"временный рабочий переславль-залесский";"https://dodelay.ru/podrabotka/pereslavl/other"
"рабочие руки в переславле-залесском";"https://dodelay.ru/podrabotka/pereslavl/other"
"рабочие руки переславль-залесский";"https://dodelay.ru/podrabotka/pereslavl/other"
"разнорабочий в переславле-залесском недорого";"https://dodelay.ru/podrabotka/pereslavl/other"
"разнорабочий в переславле-залесском цены";"https://dodelay.ru/podrabotka/pereslavl/other"
"разнорабочий в переславле-залесском на дом";"https://dodelay.ru/podrabotka/pereslavl/other"
"вызвать разнорабочего в переславле-залесском";"https://dodelay.ru/podrabotka/pereslavl/other"
"нанять разнорабочего в переславле-залесском";"https://dodelay.ru/podrabotka/pereslavl/other"
"найти разнорабочего в переславле-залесском";"https://dodelay.ru/podrabotka/pereslavl/other"
"услуги разнорабочего в переславле-залесском";"https://dodelay.ru/podrabotka/pereslavl/other"
"разнорабочий частник в переславле-залесском";"https://dodelay.ru/podrabotka/pereslavl/other"
"разнорабочий без посредников в переславле-залесском";"https://dodelay.ru/podrabotka/pereslavl/other"
"работа разнорабочий в переславле-залесском";"https://dodelay.ru/podrabotka/pereslavl/other"
"подработка разнорабочий в переславле-залесском";"https://dodelay.ru/podrabotka/pereslavl/other"
"требуется разнорабочий в переславле-залесском";"https://dodelay.ru/podrabotka/pereslavl/other"
"вакансия разнорабочий в переславле-залесском";"https://dodelay.ru/podrabotka/pereslavl/other"
"разнорабочий в угличе";"https://dodelay.ru/podrabotka/uglich/other"
"разнорабочий углич";"https://dodelay.ru/podrabotka/uglich/other"
"подсобный рабочий в угличе";"https://dodelay.ru/podrabotka/uglich/other"
"подсобный рабочий углич";"https://dodelay.ru/podrabotka/uglich/other"
"рабочий на день в угличе";"https://dodelay.ru/podrabotka/uglich/other"
"рабочий на день углич";"https://dodelay.ru/podrabotka/uglich/other"
"временный рабочий в угличе";"https://dodelay.ru/podrabotka/uglich/other"
"временный рабочий углич";"https://dodelay.ru/podrabotka/uglich/other"
"рабочие руки в угличе";"https://dodelay.ru/podrabotka/uglich/other"
"рабочие руки углич";"https://dodelay.ru/podrabotka/uglich/other"
"разнорабочий в угличе недорого";"https://dodelay.ru/podrabotka/uglich/other"
"разнорабочий в угличе цены";"https://dodelay.ru/podrabotka/uglich/other"
"разнорабочий в угличе на дом";"https://dodelay.ru/podrabotka/uglich/other"
"вызвать разнорабочего в угличе";"https://dodelay.ru/podrabotka/uglich/other"
"нанять разнорабочего в угличе";"https://dodelay.ru/podrabotka/uglich/other"
"найти разнорабочего в угличе";"https://dodelay.ru/podrabotka/uglich/other"
"услуги разнорабочего в угличе";"https://dodelay.ru/podrabotka/uglich/other"
"разнорабочий частник в угличе";"https://dodelay.ru/podrabotka/uglich/other"
"разнорабочий без посредников в угличе";"https://dodelay.ru/podrabotka/uglich/other"
"работа разнорабочий в угличе";"https://dodelay.ru/podrabotka/uglich/other"
"подработка разнорабочий в угличе";"https://dodelay.ru/podrabotka/uglich/other"
"требуется разнорабочий в угличе";"https://dodelay.ru/podrabotka/uglich/other"
"вакансия разнорабочий в угличе";"https://dodelay.ru/podrabotka/uglich/other"
"разнорабочий в ростове великом";"https://dodelay.ru/podrabotka/rostov/other"
"разнорабочий ростов великий";"https://dodelay.ru/podrabotka/rostov/other"
"подсобный рабочий в ростове великом";"https://dodelay.ru/podrabotka/rostov/other"
"подсобный рабочий ростов великий";"https://dodelay.ru/podrabotka/rostov/other"
"рабочий на день в ростове великом";"https://dodelay.ru/podrabotka/rostov/other"
"рабочий на день ростов великий";"https://dodelay.ru/podrabotka/rostov/other"
"временный рабочий в ростове великом";"https://dodelay.ru/podrabotka/rostov/other"
"временный рабочий ростов великий";"https://dodelay.ru/podrabotka/rostov/other"
"рабочие руки в ростове великом";"https://dodelay.ru/podrabotka/rostov/other"
"рабочие руки ростов великий";"https://dodelay.ru/podrabotka/rostov/other"
"разнорабочий в ростове великом недорого";"https://dodelay.ru/podrabotka/rostov/other"
"разнорабочий в ростове великом цены";"https://dodelay.ru/podrabotka/rostov/other"
"разнорабочий в ростове великом на дом";"https://dodelay.ru/podrabotka/rostov/other"
"вызвать разнорабочего в ростове великом";"https://dodelay.ru/podrabotka/rostov/other"
"нанять разнорабочего в ростове великом";"https://dodelay.ru/podrabotka/rostov/other"
"найти разнорабочего в ростове великом";"https://dodelay.ru/podrabotka/rostov/other"
"услуги разнорабочего в ростове великом";"https://dodelay.ru/podrabotka/rostov/other"
"разнорабочий частник в ростове великом";"https://dodelay.ru/podrabotka/rostov/other"
"разнорабочий без посредников в ростове великом";"https://dodelay.ru/podrabotka/rostov/other"
"работа разнорабочий в ростове великом";"https://dodelay.ru/podrabotka/rostov/other"
"подработка разнорабочий в ростове великом";"https://dodelay.ru/podrabotka/rostov/other"
"требуется разнорабочий в ростове великом";"https://dodelay.ru/podrabotka/rostov/other"
"вакансия разнорабочий в ростове великом";"https://dodelay.ru/podrabotka/rostov/other"
"час работы в ярославле";"https://dodelay.ru/podrabotka/yaroslavl/other"
"час работы цена";"https://dodelay.ru/podrabotka/yaroslavl/other"
"сколько стоит час работы";"https://dodelay.ru/podrabotka/yaroslavl/other"
"смена 8 часов в ярославле";"https://dodelay.ru/podrabotka/yaroslavl/other"
"смена 8 часов цена";"https://dodelay.ru/podrabotka/yaroslavl/other"
"сколько стоит смена 8 часов";"https://dodelay.ru/podrabotka/yaroslavl/other"
"подсобные работы на стройке в ярославле";"https://dodelay.ru/podrabotka/yaroslavl/other"
"подсобные работы на стройке цена";"https://dodelay.ru/podrabotka/yaroslavl/other"
"сколько стоит подсобные работы на стройке";"https://dodelay.ru/podrabotka/yaroslavl/other"
"уборка территории в ярославле";"https://dodelay.ru/podrabotka/yaroslavl/other"
"уборка территории цена";"https://dodelay.ru/podrabotka/yaroslavl/other"
"сколько стоит уборка территории";"https://dodelay.ru/podrabotka/yaroslavl/other"
"подработка в кировском районе";"https://dodelay.ru/podrabotka/yaroslavl/rayon/kirovsky"
"шабашка в кировском районе";"https://dodelay.ru/podrabotka/yaroslavl/rayon/kirovsky"
"работа в кировском районе ярославль";"https://dodelay.ru/podrabotka/yaroslavl/rayon/kirovsky"
"мастер в кировском районе";"https://dodelay.ru/podrabotka/yaroslavl/rayon/kirovsky"
"вызвать мастера в кировском районе";"https://dodelay.ru/podrabotka/yaroslavl/rayon/kirovsky"
"подработка центр ярославль";"https://dodelay.ru/podrabotka/yaroslavl/rayon/kirovsky"
"мастер центр ярославль";"https://dodelay.ru/podrabotka/yaroslavl/rayon/kirovsky"
"подработка центр";"https://dodelay.ru/podrabotka/yaroslavl/rayon/kirovsky"
"подработка волжская набережная ярославль";"https://dodelay.ru/podrabotka/yaroslavl/rayon/kirovsky"
"мастер волжская набережная ярославль";"https://dodelay.ru/podrabotka/yaroslavl/rayon/kirovsky"
"подработка волжская набережная";"https://dodelay.ru/podrabotka/yaroslavl/rayon/kirovsky"
"подработка стрелка ярославль";"https://dodelay.ru/podrabotka/yaroslavl/rayon/kirovsky"
"мастер стрелка ярославль";"https://dodelay.ru/podrabotka/yaroslavl/rayon/kirovsky"
"подработка стрелка";"https://dodelay.ru/podrabotka/yaroslavl/rayon/kirovsky"
"подработка богоявленская площадь ярославль";"https://dodelay.ru/podrabotka/yaroslavl/rayon/kirovsky"
"мастер богоявленская площадь ярославль";"https://dodelay.ru/podrabotka/yaroslavl/rayon/kirovsky"
"подработка богоявленская площадь";"https://dodelay.ru/podrabotka/yaroslavl/rayon/kirovsky"
"подработка улица кирова ярославль";"https://dodelay.ru/podrabotka/yaroslavl/rayon/kirovsky"
"мастер улица кирова ярославль";"https://dodelay.ru/podrabotka/yaroslavl/rayon/kirovsky"
"подработка улица кирова";"https://dodelay.ru/podrabotka/yaroslavl/rayon/kirovsky"
"подработка красная площадь ярославль";"https://dodelay.ru/podrabotka/yaroslavl/rayon/kirovsky"
"мастер красная площадь ярославль";"https://dodelay.ru/podrabotka/yaroslavl/rayon/kirovsky"
"подработка красная площадь";"https://dodelay.ru/podrabotka/yaroslavl/rayon/kirovsky"
"муж на час в кировском районе";"https://dodelay.ru/podrabotka/yaroslavl/rayon/kirovsky"
"электрик в кировском районе";"https://dodelay.ru/podrabotka/yaroslavl/rayon/kirovsky"
"грузчик в кировском районе";"https://dodelay.ru/podrabotka/yaroslavl/rayon/kirovsky"
"уборка в кировском районе";"https://dodelay.ru/podrabotka/yaroslavl/rayon/kirovsky"
"сборка мебели в кировском районе";"https://dodelay.ru/podrabotka/yaroslavl/rayon/kirovsky"
"подработка в ленинском районе";"https://dodelay.ru/podrabotka/yaroslavl/rayon/leninsky"
"шабашка в ленинском районе";"https://dodelay.ru/podrabotka/yaroslavl/rayon/leninsky"
"работа в ленинском районе ярославль";"https://dodelay.ru/podrabotka/yaroslavl/rayon/leninsky"
"мастер в ленинском районе";"https://dodelay.ru/podrabotka/yaroslavl/rayon/leninsky"
"вызвать мастера в ленинском районе";"https://dodelay.ru/podrabotka/yaroslavl/rayon/leninsky"
"подработка пятёрка ярославль";"https://dodelay.ru/podrabotka/yaroslavl/rayon/leninsky"
"мастер пятёрка ярославль";"https://dodelay.ru/podrabotka/yaroslavl/rayon/leninsky"
"подработка пятёрка";"https://dodelay.ru/podrabotka/yaroslavl/rayon/leninsky"
"подработка красный перевал ярославль";"https://dodelay.ru/podrabotka/yaroslavl/rayon/leninsky"
"мастер красный перевал ярославль";"https://dodelay.ru/podrabotka/yaroslavl/rayon/leninsky"
"подработка красный перевал";"https://dodelay.ru/podrabotka/yaroslavl/rayon/leninsky"
"подработка улица свободы ярославль";"https://dodelay.ru/podrabotka/yaroslavl/rayon/leninsky"
"мастер улица свободы ярославль";"https://dodelay.ru/podrabotka/yaroslavl/rayon/leninsky"
"подработка улица свободы";"https://dodelay.ru/podrabotka/yaroslavl/rayon/leninsky"
"подработка московский проспект ярославль";"https://dodelay.ru/podrabotka/yaroslavl/rayon/leninsky"
"мастер московский проспект ярославль";"https://dodelay.ru/podrabotka/yaroslavl/rayon/leninsky"
"подработка московский проспект";"https://dodelay.ru/podrabotka/yaroslavl/rayon/leninsky"
"подработка район вокзала ярославль";"https://dodelay.ru/podrabotka/yaroslavl/rayon/leninsky"
"мастер район вокзала ярославль";"https://dodelay.ru/podrabotka/yaroslavl/rayon/leninsky"
"подработка район вокзала";"https://dodelay.ru/podrabotka/yaroslavl/rayon/leninsky"
"грузчик в ленинском районе";"https://dodelay.ru/podrabotka/yaroslavl/rayon/leninsky"
"уборка в ленинском районе";"https://dodelay.ru/podrabotka/yaroslavl/rayon/leninsky"
"сборка мебели в ленинском районе";"https://dodelay.ru/podrabotka/yaroslavl/rayon/leninsky"
"муж на час в ленинском районе";"https://dodelay.ru/podrabotka/yaroslavl/rayon/leninsky"
"курьер в ленинском районе";"https://dodelay.ru/podrabotka/yaroslavl/rayon/leninsky"
"подработка в дзержинском районе";"https://dodelay.ru/podrabotka/yaroslavl/rayon/dzerzhinsky"
"шабашка в дзержинском районе";"https://dodelay.ru/podrabotka/yaroslavl/rayon/dzerzhinsky"
"работа в дзержинском районе ярославль";"https://dodelay.ru/podrabotka/yaroslavl/rayon/dzerzhinsky"
"мастер в дзержинском районе";"https://dodelay.ru/podrabotka/yaroslavl/rayon/dzerzhinsky"
"вызвать мастера в дзержинском районе";"https://dodelay.ru/podrabotka/yaroslavl/rayon/dzerzhinsky"
"подработка брагино ярославль";"https://dodelay.ru/podrabotka/yaroslavl/rayon/dzerzhinsky"
"мастер брагино ярославль";"https://dodelay.ru/podrabotka/yaroslavl/rayon/dzerzhinsky"
"подработка брагино";"https://dodelay.ru/podrabotka/yaroslavl/rayon/dzerzhinsky"
"подработка норское ярославль";"https://dodelay.ru/podrabotka/yaroslavl/rayon/dzerzhinsky"
"мастер норское ярославль";"https://dodelay.ru/podrabotka/yaroslavl/rayon/dzerzhinsky"
"подработка норское";"https://dodelay.ru/podrabotka/yaroslavl/rayon/dzerzhinsky"
"подработка пятовский ярославль";"https://dodelay.ru/podrabotka/yaroslavl/rayon/dzerzhinsky"
"мастер пятовский ярославль";"https://dodelay.ru/podrabotka/yaroslavl/rayon/dzerzhinsky"
"подработка пятовский";"https://dodelay.ru/podrabotka/yaroslavl/rayon/dzerzhinsky"
"подработка улица труфанова ярославль";"https://dodelay.ru/podrabotka/yaroslavl/rayon/dzerzhinsky"
"мастер улица труфанова ярославль";"https://dodelay.ru/podrabotka/yaroslavl/rayon/dzerzhinsky"
"подработка улица труфанова";"https://dodelay.ru/podrabotka/yaroslavl/rayon/dzerzhinsky"
"подработка ленинградский проспект ярославль";"https://dodelay.ru/podrabotka/yaroslavl/rayon/dzerzhinsky"
"мастер ленинградский проспект ярославль";"https://dodelay.ru/podrabotka/yaroslavl/rayon/dzerzhinsky"
"подработка ленинградский проспект";"https://dodelay.ru/podrabotka/yaroslavl/rayon/dzerzhinsky"
"грузчик в дзержинском районе";"https://dodelay.ru/podrabotka/yaroslavl/rayon/dzerzhinsky"
"сборка мебели в дзержинском районе";"https://dodelay.ru/podrabotka/yaroslavl/rayon/dzerzhinsky"
"уборка в дзержинском районе";"https://dodelay.ru/podrabotka/yaroslavl/rayon/dzerzhinsky"
"муж на час в дзержинском районе";"https://dodelay.ru/podrabotka/yaroslavl/rayon/dzerzhinsky"
"сантехник в дзержинском районе";"https://dodelay.ru/podrabotka/yaroslavl/rayon/dzerzhinsky"
"подработка в заволжском районе";"https://dodelay.ru/podrabotka/yaroslavl/rayon/zavolzhsky"
"шабашка в заволжском районе";"https://dodelay.ru/podrabotka/yaroslavl/rayon/zavolzhsky"
"работа в заволжском районе ярославль";"https://dodelay.ru/podrabotka/yaroslavl/rayon/zavolzhsky"
"мастер в заволжском районе";"https://dodelay.ru/podrabotka/yaroslavl/rayon/zavolzhsky"
"вызвать мастера в заволжском районе";"https://dodelay.ru/podrabotka/yaroslavl/rayon/zavolzhsky"
"подработка тверицы ярославль";"https://dodelay.ru/podrabotka/yaroslavl/rayon/zavolzhsky"
"мастер тверицы ярославль";"https://dodelay.ru/podrabotka/yaroslavl/rayon/zavolzhsky"
"подработка тверицы";"https://dodelay.ru/podrabotka/yaroslavl/rayon/zavolzhsky"
"подработка резинотехника ярославль";"https://dodelay.ru/podrabotka/yaroslavl/rayon/zavolzhsky"
"мастер резинотехника ярославль";"https://dodelay.ru/podrabotka/yaroslavl/rayon/zavolzhsky"
"подработка резинотехника";"https://dodelay.ru/podrabotka/yaroslavl/rayon/zavolzhsky"
"подработка липовая гора ярославль";"https://dodelay.ru/podrabotka/yaroslavl/rayon/zavolzhsky"
"мастер липовая гора ярославль";"https://dodelay.ru/podrabotka/yaroslavl/rayon/zavolzhsky"
"подработка липовая гора";"https://dodelay.ru/podrabotka/yaroslavl/rayon/zavolzhsky"
"подработка куйбышева ярославль";"https://dodelay.ru/podrabotka/yaroslavl/rayon/zavolzhsky"
"мастер куйбышева ярославль";"https://dodelay.ru/podrabotka/yaroslavl/rayon/zavolzhsky"
"подработка куйбышева";"https://dodelay.ru/podrabotka/yaroslavl/rayon/zavolzhsky"
"подработка урочь ярославль";"https://dodelay.ru/podrabotka/yaroslavl/rayon/zavolzhsky"
"мастер урочь ярославль";"https://dodelay.ru/podrabotka/yaroslavl/rayon/zavolzhsky"
"подработка урочь";"https://dodelay.ru/podrabotka/yaroslavl/rayon/zavolzhsky"
"садовые работы в заволжском районе";"https://dodelay.ru/podrabotka/yaroslavl/rayon/zavolzhsky"
"муж на час в заволжском районе";"https://dodelay.ru/podrabotka/yaroslavl/rayon/zavolzhsky"
"разнорабочий в заволжском районе";"https://dodelay.ru/podrabotka/yaroslavl/rayon/zavolzhsky"
"заборы и ограждения в заволжском районе";"https://dodelay.ru/podrabotka/yaroslavl/rayon/zavolzhsky"
"сварщик в заволжском районе";"https://dodelay.ru/podrabotka/yaroslavl/rayon/zavolzhsky"
"подработка в красноперекопском районе";"https://dodelay.ru/podrabotka/yaroslavl/rayon/krasnoperekopsky"
"шабашка в красноперекопском районе";"https://dodelay.ru/podrabotka/yaroslavl/rayon/krasnoperekopsky"
"работа в красноперекопском районе ярославль";"https://dodelay.ru/podrabotka/yaroslavl/rayon/krasnoperekopsky"
"мастер в красноперекопском районе";"https://dodelay.ru/podrabotka/yaroslavl/rayon/krasnoperekopsky"
"вызвать мастера в красноперекопском районе";"https://dodelay.ru/podrabotka/yaroslavl/rayon/krasnoperekopsky"
"подработка красный перекоп ярославль";"https://dodelay.ru/podrabotka/yaroslavl/rayon/krasnoperekopsky"
"мастер красный перекоп ярославль";"https://dodelay.ru/podrabotka/yaroslavl/rayon/krasnoperekopsky"
"подработка красный перекоп";"https://dodelay.ru/podrabotka/yaroslavl/rayon/krasnoperekopsky"
"подработка суздалка ярославль";"https://dodelay.ru/podrabotka/yaroslavl/rayon/krasnoperekopsky"
"мастер суздалка ярославль";"https://dodelay.ru/podrabotka/yaroslavl/rayon/krasnoperekopsky"
"подработка суздалка";"https://dodelay.ru/podrabotka/yaroslavl/rayon/krasnoperekopsky"
"подработка нефтестрой ярославль";"https://dodelay.ru/podrabotka/yaroslavl/rayon/krasnoperekopsky"
"мастер нефтестрой ярославль";"https://dodelay.ru/podrabotka/yaroslavl/rayon/krasnoperekopsky"
"подработка нефтестрой";"https://dodelay.ru/podrabotka/yaroslavl/rayon/krasnoperekopsky"
"подработка тормозное шоссе ярославль";"https://dodelay.ru/podrabotka/yaroslavl/rayon/krasnoperekopsky"
"мастер тормозное шоссе ярославль";"https://dodelay.ru/podrabotka/yaroslavl/rayon/krasnoperekopsky"
"подработка тормозное шоссе";"https://dodelay.ru/podrabotka/yaroslavl/rayon/krasnoperekopsky"
"подработка дядьково ярославль";"https://dodelay.ru/podrabotka/yaroslavl/rayon/krasnoperekopsky"
"мастер дядьково ярославль";"https://dodelay.ru/podrabotka/yaroslavl/rayon/krasnoperekopsky"
"подработка дядьково";"https://dodelay.ru/podrabotka/yaroslavl/rayon/krasnoperekopsky"
"сантехник в красноперекопском районе";"https://dodelay.ru/podrabotka/yaroslavl/rayon/krasnoperekopsky"
"электрик в красноперекопском районе";"https://dodelay.ru/podrabotka/yaroslavl/rayon/krasnoperekopsky"
"муж на час в красноперекопском районе";"https://dodelay.ru/podrabotka/yaroslavl/rayon/krasnoperekopsky"
"установка окон в красноперекопском районе";"https://dodelay.ru/podrabotka/yaroslavl/rayon/krasnoperekopsky"
"установка дверей в красноперекопском районе";"https://dodelay.ru/podrabotka/yaroslavl/rayon/krasnoperekopsky"
"подработка в фрунзенском районе";"https://dodelay.ru/podrabotka/yaroslavl/rayon/frunzensky"
"шабашка в фрунзенском районе";"https://dodelay.ru/podrabotka/yaroslavl/rayon/frunzensky"
"работа в фрунзенском районе ярославль";"https://dodelay.ru/podrabotka/yaroslavl/rayon/frunzensky"
"мастер в фрунзенском районе";"https://dodelay.ru/podrabotka/yaroslavl/rayon/frunzensky"
"вызвать мастера в фрунзенском районе";"https://dodelay.ru/podrabotka/yaroslavl/rayon/frunzensky"
"подработка суздальское шоссе ярославль";"https://dodelay.ru/podrabotka/yaroslavl/rayon/frunzensky"
"мастер суздальское шоссе ярославль";"https://dodelay.ru/podrabotka/yaroslavl/rayon/frunzensky"
"подработка суздальское шоссе";"https://dodelay.ru/podrabotka/yaroslavl/rayon/frunzensky"
"подработка сокол ярославль";"https://dodelay.ru/podrabotka/yaroslavl/rayon/frunzensky"
"мастер сокол ярославль";"https://dodelay.ru/podrabotka/yaroslavl/rayon/frunzensky"
"подработка сокол";"https://dodelay.ru/podrabotka/yaroslavl/rayon/frunzensky"
"подработка пашуково ярославль";"https://dodelay.ru/podrabotka/yaroslavl/rayon/frunzensky"
"мастер пашуково ярославль";"https://dodelay.ru/podrabotka/yaroslavl/rayon/frunzensky"
"подработка пашуково";"https://dodelay.ru/podrabotka/yaroslavl/rayon/frunzensky"
"подработка 2-я портовая ярославль";"https://dodelay.ru/podrabotka/yaroslavl/rayon/frunzensky"
"мастер 2-я портовая ярославль";"https://dodelay.ru/podrabotka/yaroslavl/rayon/frunzensky"
"подработка 2-я портовая";"https://dodelay.ru/podrabotka/yaroslavl/rayon/frunzensky"
"сборка мебели в фрунзенском районе";"https://dodelay.ru/podrabotka/yaroslavl/rayon/frunzensky"
"муж на час в фрунзенском районе";"https://dodelay.ru/podrabotka/yaroslavl/rayon/frunzensky"
"уборка в фрунзенском районе";"https://dodelay.ru/podrabotka/yaroslavl/rayon/frunzensky"
"грузчик в фрунзенском районе";"https://dodelay.ru/podrabotka/yaroslavl/rayon/frunzensky"
"электрик в фрунзенском районе";"https://dodelay.ru/podrabotka/yaroslavl/rayon/frunzensky"
"доделай";"https://dodelay.ru/"
"доделай ру";"https://dodelay.ru/"
"dodelay";"https://dodelay.ru/"
"dodelay ru";"https://dodelay.ru/"
"доделай ярославль";"https://dodelay.ru/"
"доделай сайт";"https://dodelay.ru/"
"доделай подработка";"https://dodelay.ru/"
"сайт доделай ру";"https://dodelay.ru/"
"сервис подработки ярославская область";"https://dodelay.ru/"
"подработка ярославская область";"https://dodelay.ru/"
"шабашка ярославская область";"https://dodelay.ru/"
"найти работу на день ярославль";"https://dodelay.ru/"
"сайт для поиска подработки";"https://dodelay.ru/"
"приложение для подработки";"https://dodelay.ru/"
"подработка без оформления";"https://dodelay.ru/"
"подработка за наличные";"https://dodelay.ru/"